subject,block,competitionCondition,optionChosen,bidMade,overallRT,chosenAttsBed,chosenAttsBath,chosenAttsSqft,chosenAttsLot,chosenAttsYear,chosenAttsPrice,bedProp,extProp,intProp,bathProp,sqftProp,priceProp,extDetail,livDetail,bedDetail,bathDetail,outDetail,kitDetail,priceDetail,nBedDetail,nBathDetail,sqftDetail,lotDetail,yearDetail
1,1,1,45,8331400.12923277,26.5217222999781,4,4,3087,0.25,2020,1070000,0.00171232876712329,0.0450913242009132,0.0473744292237443,0.00627853881278539,0.00114155251141553,0.00742009132420091,0.00399543378995434,0.0256849315068493,0.011986301369863,0,0.00285388127853881,0.0228310502283105,0.000570776255707763,0,0.0045662100456621,0.00114155251141553,0,0
2,1,1,54,6044413.33134554,60.8464667999651,6,7,5015,0.48,1999,1650000,0.003409388932599,0.124311565696302,0.0836611591922371,0.011014948859166,0.012326252294781,0.127983215316024,0.01049042748492,0.003409388932599,0.012588512981904,0.020718594282717,0.015211119853134,0.012326252294781,0.034618410700236,0.000262260687123,0.00262260687123,0.000262260687123,0,0
3,1,1,53,774813.111850363,28.124681300018,5,4,3632,1.09,1990,788000,0.0210924824229313,0.104921579232017,0.0876149269875608,0.00162249864791779,0.075716603569497,0.0162249864791779,0,0.010275824770146,0.010275824770146,0,0.0216333153055706,0.0232558139534884,0,0.000540832882639265,0.0129799891833423,0,0,0
4,1,1,56,11717024.0802631,12.1463167998008,5,5,5006,2.73,2009,1100000,0.0393700787401575,0.142857142857143,0.0404949381327334,0.00112485939257593,0.0269966254218223,0.0371203599550056,0,0,0,0,0,0.0191226096737908,0,0,0,0,0,0
5,1,0,47,630000,129.8666601,3,2,2509,2.48,1994,595000,0.0116878220434837,0.0786728666582883,0.0481337187382179,0.00904863642076159,0.0271459092622848,0.0191026768882745,0.0136986301369863,0.0134472791252985,0.0115621465376398,0.0143270076662059,0.0252607766746261,0.0541661430187257,0.0119391730551715,0.0139499811486741,0.0116878220434837,0.00842025889154204,0.011310795525952,0.00389594068116124
6,1,0,61,150892.431642608,105.061079599996,3,2,1568,0.45,1990,95000,0.0143762559901067,0.0247333436388932,0.0316895965373319,0.0259700108208378,0.0088112536713557,0.0255062606276086,0.00386458494357706,0.0052558355232648,0.00556500231875097,0.00185500077291699,0.0301437625599011,0.0273612614005256,0.0219508424795177,0.00633791930746638,0.0163858401607667,0.014994589581079,0.00216416756840315,0.00061833359097233
7,1,0,53,836917.851946496,90.1293963999924,5,4,3632,1.09,1990,788000,0.00448833034111311,0.0788150807899461,0.0540394973070018,0.00430879712746858,0.00718132854578097,0.0245960502692998,0.0448833034111311,0.0382405745062837,0.0258527827648115,0.0204667863554758,0.0490125673249551,0.0326750448833034,0.0272890484739677,0.0141831238779174,0.0100538599640934,0.000897666068222621,0.000179533213644524,0
8,1,1,66,779740.657630886,164.2122349001,4,3,2497,0.2,2019,809500,0.00599760095961615,0.0576769292283087,0.0266893242702919,0.00609756097560976,0.00709716113554578,0.0162934826069572,0.0466813274690124,0.0464814074370252,0.0256897241103559,0.0318872451019592,0.0619752099160336,0.0694722111155538,0.00299880047980808,0.00289884046381447,0.00629748100759696,0.0114954018392643,0.00309876049580168,0.00719712115153938
10,1,1,2,740615.596705517,112.1002466,3,4,2974,28,1998,780000,0.0058055152394775,0.0467343976777939,0.0426705370101597,0.00624092888243832,0.0142235123367199,0.0156748911465893,0.0477503628447025,0.0253991291727141,0.0341074020319303,0.0174165457184325,0.0555878084179971,0.0333817126269956,0.00725689404934688,0.000870827285921626,0.00246734397677794,0.00406386066763425,0.0011611030478955,0
11,1,0,2,880663.294098974,155.3844151,3,4,2974,28,1998,780000,0.0143308746048472,0.0496311907270811,0.0284510010537408,0.0146469968387777,0.023709167544784,0.0150684931506849,0.0220231822971549,0.0120126448893572,0.0182297154899895,0.0123287671232877,0.0308746048472076,0.0326659641728135,0.0184404636459431,0.00674394099051633,0.00136986301369863,0.00231822971548999,0.00337197049525817,0
12,1,0,14,180223.643897798,53.6294424999942,3,2,1404,1,1986,165000,0.013905325443787,0.177218934911243,0.110650887573965,0.014792899408284,0.0156804733727811,0.0677514792899408,0.0186390532544379,0,0.00769230769230769,0.0195266272189349,0.00650887573964497,0.0313609467455621,0.035207100591716,0.00266272189349112,0.00532544378698225,0.00443786982248521,0.00236686390532544,0.00325443786982249
13,1,1,63,180602.956960379,124.421492599999,3,2,1412,0.14,2008,174900,0.00301402175337439,0.0203118857292622,0.015070108766872,0.00353819944961342,0.0167736862796488,0.00746953217140611,0.0433757043637793,0.0524177696239025,0.0407548158825842,0.0436377932118988,0.0559559690735159,0.0606735683396671,0.00275193290525488,0.00196566636089634,0.00694535447516708,0.0225396409382781,0.00694535447516708,0.00615908793080854
14,1,0,63,214079.075548618,62.411974,3,2,1412,0.14,2008,174900,0.0514461223445099,0.070130534937292,0.0865113898131559,0.041208088047095,0.0353212183260814,0.0417199897619657,0.0122856411568979,0.0204760685948298,0.00921423086767341,0.0140772971589455,0.0455592526234963,0.0248272331712311,0.00639877143588431,0.00665472229331968,0.0107499360122856,0.0214998720245713,0.00307141028922447,0.00230355771691835
16,1,0,63,185323.427469237,209.067804999999,3,2,1412,0.14,2008,174900,0.0066074097380634,0.0086525603712735,0.0171478014630693,0.00479823802406985,0.00432628018563675,0.00951781640840085,0.0201368677731456,0.0252497443561708,0.0285534492252025,0.0187996538975851,0.0327224101313616,0.0350035396837882,0.0287894281444191,0.0103830724455282,0.0118776056005663,0.0182490364194132,0.013608117674821,0.0139227562337764
17,1,1,77,210881.425611642,118.6031831,3,2,1504,5.35,2005,219000,0.00329625051503914,0.011399533031177,0.0182667216041753,0.000274687542919929,0.00123609394313968,0.00178546902897954,0.0166185963466557,0.0458728196676281,0.0399670374948496,0.0363960994368905,0.0438126630957286,0.0689465732729021,0.00645515725861832,0.0127729707457767,0.0173053152039555,0.00645515725861832,0.00343359428649911,0.00370828182941904
18,1,1,12,94381.5799904119,184.5432268,2,1,888,1.21,2018,95000,0.0176140912730184,0.0600480384307446,0.0576461168935148,0.00845120540877146,0.0196601725825105,0.0403878658482341,0.0226848145182813,0.0201049728671826,0.0306022595854461,0.00382528244818077,0.020994573436527,0.0320256204963971,0.0178809714438217,0.00827328529490259,0.00222400142336091,0.00996352637665688,0.00978560626278801,0.00124544079708211
19,1,1,59,245441.289546487,12.7805298999883,3,2,1128,0.52,1910,225000,0.0075512405609493,0.0647249190938511,0.0841423948220065,0.00107874865156419,0.0442286947141316,0.0647249190938511,0,0,0,0,0,0,0.00862998921251348,0,0.0248112189859763,0.0215749730312837,0,0
20,1,0,59,237131.236200651,98.5097742000071,3,2,1128,0.52,1910,225000,0.012526784242624,0.0463161364760178,0.0377451788363277,0.018790176363936,0.0224163507499588,0.0281852645459041,0.00395582660293391,0.000329652216911159,0.00527443547057854,0.0148343497610021,0.0275259601120818,0.0339541783418493,0.0280204384374485,0.00725234877204549,0.00725234877204549,0.00494478325366738,0.00214273940992253,0.00659304433822317
21,1,1,77,270679.292396364,121.557995599986,3,2,1504,5.35,2005,219000,0.0589970501474926,0.211584875301689,0.14923572003218,0.0383480825958702,0.0698578707428265,0.0674443550549745,0.00616787342451059,0.0026816840976133,0.0107267363904532,0.0128720836685438,0.0130061678734245,0.0159560203807991,0.00201126307320998,0.0112630732099759,0,0.00375435773665862,0.00174309466344865,0
22,1,1,77,230902.459773467,31.8731891999996,3,2,1504,5.35,2005,219000,0.0520984081041968,0.055475156777617,0.0337674867342016,0.0583695127834057,0.0221900627110468,0.0241196333815726,0.00916546068499759,0.00964785335262904,0,0.0130246020260492,0.00675349734684033,0.0178485287023637,0.0120598166907863,0.00241196333815726,0.0130246020260492,0.00820067534973468,0.000482392667631452,0.00192957067052581
23,1,1,61,101387.311034037,21.316123800003,3,2,1568,0.45,1990,95000,0.0409722222222222,0.0520833333333333,0.0715277777777778,0.0229166666666667,0.0506944444444444,0.0791666666666667,0,0.0145833333333333,0.01875,0.0277777777777778,0.0354166666666667,0.0361111111111111,0.00833333333333333,0.0180555555555556,0.0104166666666667,0.00763888888888889,0,0
24,1,0,41,628398.93946889,306.611258899997,3,3,2171,0.2,2005,569500,0.0175561419570251,0.0316656793580699,0.0168021972104044,0.0109860520221875,0.0211104529053799,0.0173945823684636,0.0233722871452421,0.0255264149927298,0.015832839679035,0.0352199903064247,0.0456136571705531,0.0666164036835586,0.00888577737088696,0.00457752167591147,0.00403898971403953,0.0144865097743551,0.00823953901664064,0.00500834724540901
25,1,0,61,114214.386126809,70.2021212999825,3,2,1568,0.45,1990,95000,0.0178285714285714,0.0765714285714286,0.0736,0.0139428571428571,0.00274285714285714,0.000685714285714286,0.0285714285714286,0.0265142857142857,0.0219428571428571,0.00777142857142857,0.0214857142857143,0.0155428571428571,0.0105142857142857,0.0123428571428571,0.0150857142857143,0.0102857142857143,0.0016,0
26,1,0,77,240663.721659877,88.9140335000002,3,2,1504,5.35,2005,219000,0.0280254777070064,0.0254777070063694,0.0112829845313922,0.0292993630573248,0.043130118289354,0.0367606915377616,0.0141947224749773,0.0105550500454959,0.0141947224749773,0.01073703366697,0.0181983621474067,0.0238398544131028,0.0211101000909918,0.00291173794358508,0.0094631483166515,0.0089171974522293,0.0083712465878071,0.00782529572338489
27,1,0,63,185129.156861645,139.397448099917,3,2,1412,0.14,2008,174900,0.00645539906103286,0.0173708920187793,0.0127934272300469,0.00269953051643192,0.00974178403755869,0.0105633802816901,0.00234741784037559,0.023943661971831,0.00715962441314554,0.026056338028169,0.0733568075117371,0.0255868544600939,0.00504694835680751,0.013849765258216,0.0131455399061033,0.0133802816901408,0.0106807511737089,0.00446009389671361
28,1,0,68,777995.480517646,83.8204573999392,4,3,2656,5,2020,695000,0.0198343924513769,0.0265742345465049,0.0377431157327171,0.0258039668784903,0.0462160600808781,0.0452532254958598,0.00500673984209513,0.00847294434816099,0.0132871172732525,0.00731754284613903,0.0404390525707683,0.0379356826497208,0.0271519352975159,0.00962834585018294,0.0136722511072598,0.0196418255343732,0.0398613518197574,0.0117465819372232
29,1,0,37,368412.914306112,218.933372900006,4,3,2555,0.62,1989,329500,0.00811602915758623,0.0325392650484707,0.00931840384759901,0.000150296836251597,0.00247989779815135,0.00541068610505749,0.0962651236191478,0.0371984669722702,0.0301345156684452,0.0290072893965582,0.0732697076726535,0.0513263695799203,0.0316374840309612,0.00999473961073119,0.00172841361689336,0.0047343503419253,0.00556098294130909,0.00413316299691891
30,1,0,61,106374.516697067,86.1307135000001,3,2,1568,0.45,1990,95000,0.00731570061902082,0.0739073344588257,0.0300131307447008,0.00075032826861752,0.00712811855186644,0.00862877508910148,0.0228850121928344,0.0127555805664978,0.0273869818045395,0.0157568936409679,0.0300131307447008,0.0425811292440443,0.0146314012380416,0.00300131307447008,0.00862877508910148,0.00694053648471206,0.0018758206715438,0.00131307447008066
31,1,0,77,230346.519492584,48.160243,3,2,1504,5.35,2005,219000,0.00557011795543906,0.116644823066841,0.102228047182176,0.00622542595019659,0.0081913499344692,0.00196592398427261,0.0258846657929227,0.0190039318479685,0,0.00655307994757536,0.0199868938401048,0.0144167758846658,0.0153997378768021,0,0.00131061598951507,0.00131061598951507,0.00294888597640891,0.00229357798165138
32,1,0,61,105959.540684468,182.430082400009,3,2,1568,0.45,1990,95000,0.0120568652150441,0.0159258592765881,0.012686701457621,0.00737808169875832,0.0130466078819507,0.0187151340651431,0.0189850638833903,0.0199748065502969,0.0297822566132805,0.0289724671585388,0.044718373222962,0.0327514846140004,0.0374302681302861,0.0125967248515386,0.00719812848659349,0.0129566312758683,0.00332913442504949,0.0024293683642253
33,1,0,3,935038.270532703,215.782840799991,5,3,3356,0.47,2020,874000,0.0208222103577149,0.091526199374571,0.0504156814888262,0.00617801845778354,0.0176187933796049,0.0275341316451834,0.00655937762184425,0.0110594157577607,0.0179238807108535,0.0066356494546564,0.0232629090077035,0.0163984440546106,0.00442376630310426,0.00228815498436427,0.0025169704828007,0.00183052398749142,0.00167798032186713,0.00030508733124857
34,1,0,47,727435.412109268,93.9698740000022,3,2,2509,2.48,1994,595000,0.00258486989488196,0.0113734275374806,0.00551438910908151,0,0.000172324659658797,0.000516973978976391,0.051869722557298,0.062898500775461,0.0463553334482164,0.0284335688437015,0.0480785800448044,0.0963294847492676,0.0273996208857488,0.010167154919869,0.00361881785283474,0.00516973978976392,0.00809925900396347,0
1,2,1,6,287787.54643148,46.3358104999643,3,2,1560,0.26,2000,307000,0.0159755268524813,0.097212780421482,0.166553365057784,0.0363698164513936,0.0526852481305235,0.061862678450034,0,0.00713800135961931,0.00237933378653977,0.00815771583956492,0.0125764785859959,0.0183548606390211,0.00679809653297077,0,0.000339904826648538,0.00373895309313392,0.00373895309313392,0.00135961930659415
2,2,1,27,961082.313638145,109.105957400054,3,3,2809,1.53,1996,949000,0.00253315452242587,0.0786767992847564,0.0785277901952019,0.00506630904485174,0.0105796453583669,0.0353151542244077,0.0354641633139622,0.0376992996572791,0.0298018179108926,0.0317389360751006,0.0987930263746088,0.0195201907316346,0.00849351810460438,0.00312919088064372,0.00104306362688124,0.00342720905975264,0.00417225450752496,0.000596036358217851
3,2,1,37,327335.670880651,57.0271448001731,4,3,2555,0.62,1989,329500,0.0401673640167364,0.0362622036262204,0.0382147838214784,0.0284518828451883,0.0529986052998605,0.0744769874476987,0,0.000278940027894003,0.0094839609483961,0.0094839609483961,0.0426778242677824,0.0451882845188285,0.00167364016736402,0,0.0320781032078103,0.0133891213389121,0.0301255230125523,0.00306834030683403
4,2,0,27,1121996.13691456,14.572636900004,3,3,2809,1.53,1996,949000,0.0579150579150579,0.0656370656370656,0.0656370656370656,0.0212355212355212,0.0424710424710425,0.146718146718147,0,0,0,0,0,0.00579150579150579,0,0,0,0,0,0
5,2,1,73,485358.102909249,44.9585313999996,4,2,1884,0.23,2021,490000,0.0538461538461538,0.210839160839161,0.149300699300699,0.00629370629370629,0.0300699300699301,0.0286713286713287,0.00629370629370629,0.00629370629370629,0.0111888111888112,0.00664335664335664,0.0237762237762238,0.0293706293706294,0.0241258741258741,0,0.0041958041958042,0,0,0
6,2,1,73,500469.946116923,142.053173199994,4,2,1884,0.23,2021,490000,0.00920916311730171,0.0263612294232762,0.0314262691377921,0.010590537584897,0.00978473581213307,0.0218717624035916,0.00437435248071831,0.00920916311730171,0.0142742028318177,0.0156555772994129,0.0432830666513181,0.0389087141705997,0.00920916311730171,0.00610107056521239,0.0064464141821112,0.011856797513526,0.00713710141590883,0.00713710141590883
7,2,0,18,352676.264860415,260.608716799994,3,2,1387,1.08,2005,334500,0.00328988991522207,0.0304314817158041,0.0355561179299,0.00392256105276477,0.0027837530051879,0.00392256105276477,0.0347969125648488,0.0337213716310262,0.0454257876755662,0.0269517904593192,0.0545362520561812,0.0457421232443376,0.0253068455017082,0.0121472858408199,0.0130330254333797,0.0060103758066557,0.0120207516133114,0.00227761609515374
8,2,0,59,250561.518896227,131.794457399985,3,2,1128,0.52,1910,225000,0.0134111511238048,0.0782317148888613,0.0562523283248479,0.00471873835837576,0.00732646218800447,0.0125419098472619,0.0223519185396747,0.0104308953185148,0.00658139823668198,0.0185024214578418,0.0384949708183286,0.0293058487520179,0.00645722091146157,0.00235936917918788,0.00235936917918788,0.00881659009064945,0.00360114243139203,0.00447038370793493
10,2,1,70,269275.08529513,51.2979175,2,2,1200,0.54,1999,249900,0.00339506172839506,0.0555555555555556,0.037962962962963,0.00864197530864198,0.012037037037037,0.0345679012345679,0.0493827160493827,0.0228395061728395,0.0188271604938272,0.0148148148148148,0.0117283950617284,0.0401234567901235,0.0138888888888889,0.0108024691358025,0.0314814814814815,0.00185185185185185,0.000617283950617284,0
11,2,0,77,260417.509178555,89.4185339999999,3,2,1504,5.35,2005,219000,0.0164586724543317,0.0888044854404051,0.0723458129860734,0.0280340025321035,0.0139265689998191,0.0491951528305299,0.0291191897268946,0.0204376921685657,0.046301320311087,0.0253210345451257,0.0376198227527582,0.0529933080122988,0.0168204015192621,0.00162778079218665,0.0021703743895822,0.00307469705190812,0.00687285223367698,0.00687285223367698
12,2,1,67,530534.965860044,111.682964499996,3,3,2045,0.2,2021,524900,0.0381534876947721,0.250473277996214,0.123780399009757,0.00931993592544051,0.0749963594000291,0.102956167176351,0.00407747196738022,0.0036405999708752,0.00800931993592544,0.00859181593126547,0.0297072957623416,0.0129605358963157,0.00597058395223533,0.00393184796854522,0.00713557594291539,0.0072811999417504,0.0072811999417504,0
13,2,1,71,710932.025665023,29.6933206000103,4,3,2759,0.4,2013,699000,0.00257334019557386,0.0777148739063304,0.0766855378281009,0.00566134843026248,0.0334534225424601,0.0473494595985589,0.0257334019557386,0.0216160576428204,0.00874935666495111,0.0257334019557386,0.0329387545033453,0.0416881111682964,0.000514668039114771,0,0.0288214101904272,0.00874935666495111,0,0
14,2,0,10,738020.070901595,46.6254223999999,4,3,3777,0.4,1974,689000,0.0361486486486487,0.0631756756756757,0.0858108108108108,0.0310810810810811,0.0327702702702703,0.0280405405405405,0.0168918918918919,0.0334459459459459,0.0155405405405405,0.00675675675675676,0.0239864864864865,0.0297297297297297,0.0135135135135135,0.000337837837837838,0.0097972972972973,0.0101351351351351,0.00506756756756757,0.00641891891891892
16,2,1,67,522170.474661399,80.7307799000409,3,3,2045,0.2,2021,524900,0.00978434504792332,0.0453274760383387,0.0333466453674121,0.00818690095846645,0.00978434504792332,0.016573482428115,0.038538338658147,0.0309504792332268,0.0205670926517572,0.0289536741214058,0.0555111821086262,0.0381389776357828,0.018370607028754,0.000199680511182109,0.00519169329073482,0.00798722044728434,0.0203674121405751,0.016573482428115
17,2,1,19,581983.118401068,37.1398819000024,4,3,2381,0.36,1997,599000,0.00836470096194061,0.168130489335006,0.123797574236721,0.0175658720200753,0.0342952739439565,0.0347135089920535,0,0.0200752823086575,0.0200752823086575,0.0322040987034714,0.0330405687996654,0.0539523212045169,0.000418235048097031,0,0,0.00794646591384358,0.00501882057716437,0
18,2,1,47,537869.25771739,23.8230089999997,3,2,2509,2.48,1994,595000,0.00565326633165829,0.0935929648241206,0.0590452261306533,0.0050251256281407,0.0125628140703518,0.00628140703517588,0.0144472361809045,0.0125628140703518,0.00314070351758794,0.0144472361809045,0.0238693467336683,0.0364321608040201,0.0169597989949749,0.010678391959799,0.000628140703517588,0.0345477386934673,0.0169597989949749,0.00188442211055276
19,2,0,58,621057.526261684,24.802854900001,4,4,3584,17.41,1974,575000,0.0121212121212121,0.115757575757576,0.192727272727273,0.02,0.00666666666666667,0.0181818181818182,0,0,0,0,0,0.00121212121212121,0.00424242424242424,0,0.0151515151515152,0,0,0
20,2,0,41,606663.658544727,254.567401799985,3,3,2171,0.2,2005,569500,0.00472675472675473,0.0218207718207718,0.0235690235690236,0.00751100751100751,0.00543900543900544,0.00582750582750583,0.0268065268065268,0.0378140378140378,0.0394327894327894,0.0303677803677804,0.0653975653975654,0.0547785547785548,0.0387205387205387,0.0115255115255115,0.00634550634550635,0.0102952602952603,0.00492100492100492,0.0124967624967625
21,2,1,80,730249.512189436,112.033167499991,4,3,2258,26,1985,639000,0.00667828106852497,0.0434088269454123,0.0333914053426249,0.00304878048780488,0.0039198606271777,0.0105981416957027,0.0184378629500581,0.045150987224158,0.0577816492450639,0.0201800232288037,0.0528455284552846,0.0463124274099884,0.00479094076655052,0.00203252032520325,0.0039198606271777,0.00464576074332172,0.00217770034843206,0
22,2,0,19,703333.223742979,31.2149886999978,4,3,2381,0.36,1997,599000,0.0511056511056511,0.131203931203931,0.0732186732186732,0.028992628992629,0.0294840294840295,0.0614250614250614,0.00786240786240786,0.0113022113022113,0.0113022113022113,0.0176904176904177,0.000982800982800983,0.0363636363636364,0.00737100737100737,0.000491400491400491,0.00540540540540541,0.00737100737100737,0,0
23,2,1,58,580903.006535253,35.4004954999982,4,4,3584,17.41,1974,575000,0.0428696412948381,0.150043744531933,0.106299212598425,0.015748031496063,0.047244094488189,0.0822397200349956,0,0.00699912510936133,0.0179352580927384,0,0.00699912510936133,0.0253718285214348,0.00656167979002625,0.000874890638670166,0.00656167979002625,0.0161854768153981,0.00656167979002625,0.0126859142607174
24,2,1,78,481327.443319753,58.5115308999957,4,2,2100,0.67,2022,474900,0.00544365813826892,0.0310288513881328,0.0106151333696244,0.00707675557974959,0.00898203592814371,0.0122482308111051,0.0318454001088732,0.0288513881328253,0.0288513881328253,0.0541643984757757,0.126020685900925,0.0571584104518236,0.0266739248775177,0.0106151333696244,0.0130647795318454,0.0187806205770278,0.00762112139357648,0.00462710941752858
25,2,0,48,740587.606371747,21.5745125999965,5,4,4064,1.6,1952,649000,0.0446428571428571,0.168269230769231,0.203983516483516,0.0377747252747253,0.0370879120879121,0.0157967032967033,0.0123626373626374,0,0.0151098901098901,0.00412087912087912,0,0.010989010989011,0,0,0.00549450549450549,0,0,0
26,2,0,33,740270.429409732,59.8530099999998,3,2,1728,0.26,1998,695000,0.0346297282898242,0.0652637187000533,0.0591369206180075,0.0354288758657432,0.054075652637187,0.0641981885988279,0.0255727224294086,0.00852424080980288,0.0106553010122536,0.00719232818327118,0.025839104954715,0.0218433670751199,0.00825785828449654,0.0026638252530634,0.00772509323388386,0.00958977091102824,0.00559403303143314,0.00692594565796484
27,2,0,19,675344.53381633,346.55877740006,4,3,2381,0.36,1997,599000,0.000382116927779901,0.00367787542988154,0.00630492930836836,0.000859763087504776,0.000668704623614826,4.77646159724876e-05,0.00745128009170806,0.0173863202139855,0.00702139854795567,0.0216851356515094,0.0396923958731372,0.0377818112342377,0.0019105846388995,0.00644822315628582,0.0124188001528468,0.0128486816965992,0.0092185708826901,0.00821551394726786
28,2,0,34,436158.987942186,7.16729959996883,3,3,2262,5.53,1995,369000,0.0423728813559322,0.0271186440677966,0.0372881355932203,0.0305084745762712,0.00169491525423729,0.0338983050847458,0,0,0,0,0.0644067796610169,0.0525423728813559,0.0610169491525424,0,0.0186440677966102,0,0.0271186440677966,0.00169491525423729
29,2,0,44,898941.908901877,259.733910199953,4,3,2780,0.24,2016,784999,0.00272911906575273,0.0156765676567657,0.000126935770500127,0,0,0,0.0656257933485656,0.0318608783955319,0.078002030972328,0.0368748413302869,0.0621985275450622,0.0715283066768215,0.0225310992637725,0.00913937547600914,0.00107895404925108,0.00653719218075654,0.00679106372175679,0.00412541254125413
30,2,1,19,614785.917023251,16.9603079,4,3,2381,0.36,1997,599000,0.0110262934690416,0.128074639525021,0,0.0101781170483461,0.00424088210347752,0.00169635284139101,0,0.0110262934690416,0.00678541136556404,0.0127226463104326,0.0288379983036472,0.0152671755725191,0.0610687022900763,0,0.0178117048346056,0.00339270568278202,0,0
31,2,0,75,668373.13148935,20.7840332,5,4,3834,10,2007,625000,0.0603693181818182,0.120738636363636,0.115767045454545,0.0120738636363636,0.0632102272727273,0.0447443181818182,0.00142045454545455,0.00639204545454545,0.0113636363636364,0.00497159090909091,0.00426136363636364,0.0149147727272727,0.00213068181818182,0,0.000710227272727273,0,0,0
32,2,1,76,660678.013446667,49.8729618999932,2,2,3259,2,2010,650000,0.0164817749603803,0.112202852614897,0.101109350237718,0.00316957210776545,0.010459587955626,0.01743264659271,0.0206022187004754,0.00602218700475436,0.00412044374009509,0.0301109350237718,0.108399366085578,0.0152139461172742,0.0167987321711569,0.00538827258320127,0.000950871632329636,0.0098256735340729,0.00316957210776545,0
33,2,1,70,265909.740043383,101.545225400012,2,2,1200,0.54,1999,249900,0.0286033876637904,0.225311601150527,0.12751677852349,0.0103867050175775,0.0254074784276127,0.0556088207094919,0.004154682007031,0.00751038670501758,0.0135826142537552,0.00575263662511985,0.0190156599552573,0.00671140939597315,0.00447427293064877,0.00303611377436881,0.000798977309044423,0,0,0
34,2,0,53,1051673.17561858,30.3589853000012,5,4,3632,1.09,1990,788000,0.00403429147755925,0.059505799293999,0.0131114473020676,0.000504286434694907,0.00201714573877963,0.0136157337367625,0.0660615229450328,0.0600100857286939,0.0312657589510842,0.0489157841654059,0.0786686838124055,0.108421583459405,0.016137165910237,0.0252143217347453,0.0136157337367625,0,0,0
1,3,1,14,151332.373522196,141.892665999942,3,2,1404,1,1986,165000,0.00380184331797235,0.0506912442396313,0.0534562211981567,0.00806451612903226,0.0043778801843318,0.00898617511520737,0.0213133640552995,0.0456221198156682,0.0213133640552995,0.0223502304147465,0.0315668202764977,0.025,0.00587557603686636,0.0043778801843318,0.00806451612903226,0.00506912442396313,0,0
2,3,1,77,220850.745130001,75.1320788001176,3,2,1504,5.35,2005,219000,0.0040676514664954,0.132305716120745,0.101905373581674,0.0154142581888247,0.0149860843502462,0.0306144294583601,0.00556625990152002,0.0124170413187754,0.0130593020766431,0.00963391136801541,0.0141297366730893,0.0164846927852708,0.0074930421751231,0.00128452151573539,0.00685078141725541,0.00685078141725541,0.00214086919289231,0
3,3,0,72,978911.835785751,51.6831964999437,3,2,1612,0.81,1980,930000,0.0150122549019608,0.029718137254902,0.029718137254902,0.0079656862745098,0.0189950980392157,0.0441176470588235,0.00306372549019608,0.00551470588235294,0.0287990196078431,0.0248161764705882,0.0254289215686275,0.0594362745098039,0,0,0.0278799019607843,0.0113357843137255,0.0101102941176471,0.0122549019607843
4,3,0,75,817255.150029711,10.459699800238,5,4,3834,10,2007,625000,0.0177664974619289,0.00380710659898477,0.187817258883249,0.00126903553299492,0.0723350253807107,0.00634517766497462,0,0,0,0,0.104060913705584,0.00126903553299492,0,0,0.0114213197969543,0,0,0
5,3,0,6,323412.815188754,204.407174199994,3,2,1560,0.26,2000,307000,0.023882277259569,0.128578321003538,0.082100353811515,0.0182534577034416,0.0281440977806369,0.0328079768414281,0.0214699260212287,0.0152782245094886,0.0597458990028948,0.00474429076873593,0.0265358636217433,0.0480862013509167,0.0135895786426504,0.00595046638790608,0.000562881955612737,0.00458346735284657,0.000964940495336121,0.00160823415889353
6,3,0,70,270479.979909192,22.1059899999964,2,2,1200,0.54,1999,249900,0.0229419703103914,0.0823211875843455,0.0769230769230769,0.0229419703103914,0.0195681511470985,0.0553306342780027,0.0087719298245614,0,0,0.0087719298245614,0.0107962213225371,0.0148448043184885,0.0087719298245614,0,0.0128205128205128,0.0182186234817814,0.0148448043184885,0
7,3,0,77,249604.361615491,132.748000799998,3,2,1504,5.35,2005,219000,0.00578248031496063,0.00738188976377953,0.00295275590551181,0,0.00123031496062992,0.00565944881889764,0.0645915354330709,0.0414616141732283,0.046875,0.0330954724409449,0.0510580708661417,0.0634842519685039,0.015255905511811,0.0200541338582677,0.0218996062992126,0.0104576771653543,0.0100885826771654,0.00479822834645669
8,3,1,71,678960.226057547,79.4498916999437,4,3,2759,0.4,2013,699000,0.012380759082606,0.113659427643597,0.0704282524863,0.00548000811853055,0.0170489141465395,0.0253704079561599,0.0221229957377715,0.0399837629389081,0.0156281713009945,0.0580474934036939,0.0533793383397605,0.0444489547391922,0.00142074284554496,0.000608889790947838,0.00162370610919424,0.00994519991881469,0.00304444895473919,0.00750964075502334
10,3,0,13,526632.22300103,90.4867728000008,3,4,2922,0.45,2002,500000,0.0137672090112641,0.112462006079027,0.104952619345611,0.00321830860003576,0.0203826211335598,0.0168067226890756,0.0116216699445736,0.00965492580010728,0.029143572322546,0.0123368496334704,0.0164491328446272,0.0307527266225639,0.0112640801001252,0.00393348828893259,0.00268192383336313,0.000178794922224209,0.000178794922224209,0
11,3,1,51,450809.707738357,154.0214391,6,4,3642,2,2006,500000,0.00286989795918367,0.0381590136054422,0.0204081632653061,0.00425170068027211,0.00116921768707483,0.0077593537414966,0.0622874149659864,0.0391156462585034,0.0487882653061225,0.0279549319727891,0.0887542517006803,0.0799319727891157,0.0151998299319728,0.00233843537414966,0.00584608843537415,0.00276360544217687,0.0133928571428571,0.00201955782312925
12,3,1,45,1391174.69369461,88.6833459000045,4,4,3087,0.25,2020,1070000,0.047584320875114,0.121239744758432,0.133272561531449,0.0280765724703737,0.0185961713764813,0.143117593436645,0.00401093892433911,0.00638103919781222,0.000182315405651778,0.018049225159526,0.0202370100273473,0.0138559708295351,0.0490428441203282,0.00218778486782133,0.00218778486782133,0.00638103919781222,0.000182315405651778,0
13,3,1,8,3695480.70977284,122.279112000004,4,5,3359,1.83,2008,3499000,0.00426496068239371,0.0477142476342796,0.0238571238171398,0.000266560042649607,0.000533120085299214,0.00253232040517126,0.0602425696388111,0.0510462481673997,0.0618419298947088,0.0659736105557777,0.0541116886578702,0.077302412368386,0.0038651206184193,0.00333200053312009,0.0129281620685059,0.0227908836465414,0.00239904038384646,0
14,3,1,29,2644173.33410382,46.4713156,3,4,5500,1.08,2019,2160000,0.0230430362588953,0.0657404269739072,0.0484581497797357,0.0155879362927821,0.0382921043713995,0.0152490681125042,0.0301592680447306,0.0138935953913927,0.0342256862080651,0.0216875635377838,0.0532023043036259,0.063368349711962,0.0247373771602846,0.013215859030837,0.00101660454083362,0.00440528634361234,0.00169434090138936,0
16,3,1,29,2007898.01979063,98.63804229995,3,4,5500,1.08,2019,2160000,0.015288508959395,0.0549071181982574,0.0373171132664804,0.0116718724313661,0.011836265000822,0.0179187900706888,0.0437284234752589,0.0670721683379911,0.0243301002794674,0.0345224395857307,0.0603320729903008,0.0682229163241821,0.0335360841689956,0.0105211244451751,0.00345224395857307,0.0111786947229985,0.00739766562551373,0.00263028111129377
17,3,0,8,4050710.43863592,119.985186100006,4,5,3359,1.83,2008,3499000,0.00190114068441065,0.0228136882129278,0.0324551873981532,0.00692558392178164,0.00135795763172189,0.00556762629005975,0.0271591526344378,0.0317762085822922,0.0293318848451928,0.0291960890820206,0.0328625746876697,0.0446768060836502,0.0137153720803911,0.000814774579033134,0.0115426398696361,0.00434546442151005,0.00516023900054318,0.00285171102661597
18,3,0,60,3864680.98953353,123.880258099991,6,7,10150,1.53,1994,3600000,0.00526385050664561,0.00579023555731017,0.0113172785892881,0.0013159626266614,0.00381629161731807,0.00105277010132912,0.0226345571785761,0.0188182655612581,0.0146071851559416,0.00736939070930386,0.0238189235425714,0.0451375180944861,0.0311883142518752,0.00789577575996842,0.00460586919331491,0.00447427293064877,0,0
19,3,0,11,1376466.05499802,37.8745862000069,3,3,1822,1.83,2007,1125000,0.0180772391125719,0.0936729663105998,0.163516844700082,0.00493015612161052,0.00986031224322103,0.0201314708299096,0,0,0,0,0,0.000821692686935086,0.0102711585866886,0,0.000821692686935086,0.00780608052588332,0.00493015612161052,0
20,3,1,29,2101478.48311725,233.038475900015,3,4,5500,1.08,2019,2160000,0.00353431823001343,0.0368982823213402,0.00812893192903089,0.00233265003180886,0.00883579557503358,0.00579628189722203,0.0839754011451191,0.0479253551989821,0.0419877005725596,0.0392309323531491,0.0513889870643953,0.109422492401216,0.0212059093800806,0.011309818336043,0.00530147734502015,0.00940128649183572,0.00452392733441719,0.00176715911500672
21,3,0,15,10776943.8714547,49.3753773000208,9,11,5625,0.34,2021,7350000,0.05024,0.14496,0.09344,0.00704,0.0352,0.05664,0.01632,0.01536,0.02976,0.01824,0.06912,0.05152,0.00896,0.0032,0,0.0016,0,0
22,3,1,57,1109669.21431173,29.0821603000004,5,7,3370,0.5,1990,1085000,0.0498426023084995,0.165792235047219,0.0828961175236096,0.0241343126967471,0.0110178384050367,0.0325288562434418,0.0199370409233998,0.0199370409233998,0.00734522560335782,0.00891920251836306,0.0146904512067156,0.0099685204616999,0.0131164742917104,0.00419727177334732,0.00734522560335782,0.00157397691500525,0.000524658971668416,0.00419727177334732
23,3,1,25,3011610.05128044,85.2883854000102,4,4,2100,0.3,2022,2899000,0.0106020446800454,0.0798939795531995,0.0867095797046573,0.0198788337750852,0.0248012116622491,0.0709958349110185,0.0145778114350625,0.0134418780764862,0.0323741007194245,0.029155622870125,0.026694433926543,0.0725104127224536,0.00814085573646346,0.00378644452858766,0.00492237788716395,0.0066262779250284,0.00283983339644074,0.00340780007572889
24,3,0,18,366146.075035131,83.5611359000031,3,2,1387,1.08,2005,334500,0.00830436461954422,0.0171881035148706,0.00154499806875241,0.00212437234453457,0.0059868675164156,0.00270374662031672,0.0316724604094245,0.0308999613750483,0.0475086906141367,0.0341830822711472,0.0778292777134029,0.130359212050985,0.0171881035148706,0.00579374275782155,0.00231749710312862,0.0166087292390884,0.00714561606797991,0.00733874082657397
25,3,1,46,9647550.06832935,34.0045850999886,8,9,13602,3.59,2003,7750000,0.0213345438039038,0.28234226055379,0.161597821152973,0.0158874262369496,0.0208806173399909,0.0195188379482524,0.0158874262369496,0.0108942351339083,0,0.0131638674534725,0.0222423967317295,0.011802088061734,0.00907852927825692,0.000907852927825692,0.00363141171130277,0.000453926463912846,0,0
26,3,0,25,3346295.26051565,49.2754055999994,4,4,2100,0.3,2022,2899000,0.0192492781520693,0.103946102021174,0.09720885466795,0.0500481231953802,0.0352903432787937,0.0590311196663458,0,0.0083413538658967,0.00160410651267244,0.0121912094963106,0.0205325633622073,0.00577478344562079,0.0381777350016041,0.000320821302534488,0.000320821302534488,0.00320821302534488,0.0163618864292589,0.00256657042027591
27,3,1,46,9020872.57166804,348.369550000061,8,9,13602,3.59,2003,7750000,0.00200601805416249,0.00143287003868749,0.000143287003868749,0.000573148015474996,0,0.00138510770406457,0.00148063237331041,9.55246692458327e-05,0.000191049338491665,0.000573148015474996,0.0149496107369728,0.00597029182786455,0.00281797774275207,0.00214930505803124,0.00706882552419162,0.00821512155514162,0.00625686583560204,0.00114629603094999
28,3,0,2,834604.651680807,20.7347265999997,3,4,2974,28,1998,780000,0.0718861209964413,0.0142348754448399,0.0775800711743772,0.0711743772241993,0.0199288256227758,0.0128113879003559,0.0327402135231317,0.0206405693950178,0.0249110320284698,0.0277580071174377,0.0512455516014235,0.0384341637010676,0.00925266903914591,0.0234875444839858,0.0156583629893238,0.0185053380782918,0.0355871886120996,0.0113879003558719
29,3,1,77,235613.773581847,113.763620499987,3,2,1504,5.35,2005,219000,0.00028604118993135,0.0327517162471396,0.00657894736842105,0.000715102974828375,0.00471967963386728,0.00243135011441648,0.0443363844393593,0.0284610983981693,0.0655034324942792,0.0317505720823799,0.0916762013729977,0.0863844393592677,0.0107265446224256,0.00657894736842105,0.00128718535469108,0.00443363844393593,0.00371853546910755,0.00143020594965675
30,3,0,15,11509841.3760072,12.5577459,9,11,5625,0.34,2021,7350000,0.00437158469945355,0.155191256830601,0.0284153005464481,0.00109289617486339,0.0087431693989071,0.00327868852459016,0,0,0,0,0,0.0327868852459016,0.0229508196721311,0.014207650273224,0.0306010928961749,0,0,0
31,3,0,56,1880108.54791298,36.8502246,5,5,5006,2.73,2009,1100000,0.0164348925410872,0.0252844500632111,0.0168563000421408,0.0067425200168563,0.00632111251580278,0.00969237252423093,0.0303413400758533,0.021913190054783,0.0193847450484619,0.0353982300884956,0.0855457227138643,0.0539401601348504,0.0311841550779604,0.0273914875684787,0.00632111251580278,0.0139064475347661,0.000421407501053519,0
32,3,0,60,3836521.59320904,194.279864200013,6,7,10150,1.53,1994,3600000,0.0241840013529511,0.0919161170302723,0.0519194994080839,0.0111618467782851,0.0207170640960595,0.0290038897344833,0.0518349399627938,0.0509047860646034,0.0364451209200068,0.034753932014206,0.0750042279722645,0.0419414848638593,0.00862506341958397,0.00727211229494334,0.0122611195670556,0.0156434973786572,0.00422797226450194,0.00262134280399121
33,3,0,41,601859.958894687,96.9657414000103,3,3,2171,0.2,2005,569500,0.0158783219120842,0.162794584656527,0.0972756142403477,0.0142069196055491,0.0195554069864616,0.0372722714357346,0.0372722714357346,0.0426207588166472,0.0437907404312218,0.0202239679090757,0.0374394116663881,0.0474678255055992,0.0018385425371887,0.00150426207588166,0.00417850576633796,0.0036770850743774,0.00434564599699148,0.00100284138392111
34,3,0,26,5142193.05733206,46.4310331000015,9,7,3400,0.34,1960,3599000,0,0.0305291723202171,0.0332428765264586,0,0.00271370420624152,0.00305291723202171,0.0373134328358209,0.0525780189959294,0.0654681139755767,0.0586838534599729,0.0664857530529172,0.10685210312076,0.00542740841248304,0.0115332428765265,0.00033921302578019,0.00101763907734057,0.00848032564450475,0
1,4,0,4,545517.367769296,107.050676399842,5,3,3077,0.27,2020,478000,0.00182121718014873,0.0400667779632721,0.0377902564880862,0.00485657914706329,0.00516011534375474,0.00743663681894066,0.0212475337684019,0.0349066626195174,0.0103202306875095,0.0027318257702231,0.013355592654424,0.0135073607527698,0.0106237668842009,0.00607072393382911,0.00758840491728639,0.00258005767187737,0.00197298527849446,0
2,4,1,3,963082.148053504,114.032075199997,5,3,3356,0.47,2020,874000,0.00528043385186242,0.0650777793634937,0.0543741972313401,0.00285428856857428,0.00470957613814757,0.0111317254174397,0.0138432995575853,0.0174111602683031,0.0164121592693021,0.0125588697017268,0.0596546310832025,0.0312544598258884,0.00627943485086342,0.00485229056657628,0.00842015127729413,0.00570857713714857,0.00313971742543171,0.000428143285286142
3,4,0,76,685248.825943516,73.0739178000949,2,2,3259,2,2010,650000,0.00307895315592699,0.0138552892016714,0.0235319991202991,0.0169342423575984,0.016054541455905,0.0189135693864086,0.000659775676270068,0.0178139432592918,0.00527820541016055,0.0624587640202331,0.0793930063778315,0.136573564987904,0,0.00417857928304377,0.022872223444029,0.0233120738948757,0.0054981306355839,0.00373872883219705
4,4,1,19,802437.712058852,12.9247745000757,4,3,2381,0.36,1997,599000,0.0395299145299145,0.094017094017094,0.159188034188034,0.0138888888888889,0.00213675213675214,0.00320512820512821,0,0,0,0,0.0341880341880342,0.0662393162393162,0,0,0,0,0,0
5,4,0,74,540542.499988976,106.964204100004,4,2,2335,0.8,1925,495000,0.0363111516256457,0.0858401701610453,0.0706472196900638,0.00592525068368277,0.0303859009419629,0.0282588878760255,0.0133697964144637,0.0110908538438165,0.0297781829231237,0.0183834700698876,0.0183834700698876,0.0572774232756001,0.0192950470981465,0.00790033424491036,0.0130659374050441,0.00151929504709815,0.00303859009419629,0.00167122455180796
6,4,1,23,400854.790545098,27.7033585999889,3,2,936,0.38,1973,425000,0.0252747252747253,0.0785714285714286,0.0862637362637363,0.0258241758241758,0.0335164835164835,0.0368131868131868,0,0,0.0137362637362637,0,0.0840659340659341,0.0357142857142857,0.0247252747252747,0,0.0274725274725275,0.0131868131868132,0.0115384615384615,0.0131868131868132
7,4,1,24,861450.717850906,207.725128699996,6,5,3250,28.27,2014,845000,0.00150411652944902,0.0296073464217859,0.0223242558581381,0.00142495250158328,0.00364154528182394,0.00720392653578214,0.0413236225459151,0.0525649145028499,0.052248258391387,0.0263616212792907,0.092384420519316,0.0747308423052565,0.0224825839138695,0.00973717542748575,0.0197910069664345,0.0151203293223559,0.0175744141861938,0.0113996200126662
8,4,0,66,939870.663498423,77.0734421000816,4,3,2497,0.2,2019,809500,0.00753926701570681,0.0881675392670157,0.0494240837696335,0.0050261780104712,0.00732984293193717,0.0180104712041885,0.0140314136125654,0.00628272251308901,0.021151832460733,0.0117277486910995,0.0379057591623037,0.0224083769633508,0.00335078534031414,0.00691099476439791,0.0056544502617801,0.0110994764397906,0.00209424083769634,0.0037696335078534
11,4,0,65,776339.442060648,74.8236695999999,3,3,2495,1.78,2015,700000,0.0141843971631206,0.0820975714592736,0.0696324951644101,0.028153879217709,0.0141843971631206,0.0238555770470664,0.0253599828067913,0.0189125295508274,0.00924134966688158,0.0191274446593596,0.0700623253814743,0.0472813238770686,0.0266494734579841,0.000644745325596389,0.0135396518375242,0.0193423597678917,0.0255748979153234,0.0113905007522029
12,4,1,79,381195.743663711,160.414845199994,3,2,1682,0.13,2016,387000,0.0467633244843782,0.214519093322442,0.261384521135389,0.0124566060853584,0.0750459464978558,0.0690218501123137,0.00224627322850725,0.00285889319991832,0.00888298958546049,0.00265468654278129,0.00816826628548091,0.00755564631406984,0.00122523994282214,0.00122523994282214,0.000102103328568511,0.000204206657137023,0,0
13,4,0,42,300431.450119834,136.544083700006,4,2,1694,0.25,1958,275000,0.00275152530206963,0.0227299916257926,0.0173465725565259,0.00406747218566814,0.00251226223232444,0.00705826055748295,0.0449814571120947,0.0484507716233999,0.0288311999042948,0.0406747218566814,0.0445029309726044,0.0785979184112932,0.00334968297643259,0.00191410455796148,0.0104079435339155,0.0294293575786577,0.00801531283646369,0.00693862902261036
14,4,0,79,411811.029009143,35.7395851,3,2,1682,0.13,2016,387000,0.00433651344319167,0.00997398091934085,0.0125758889852559,0.00607111882046834,0.0147441457068517,0,0.0229835212489159,0.01040763226366,0.0845620121422376,0.0390286209887251,0.0464006938421509,0.0507372072853426,0.0143104943625325,0.0216825672159584,0.0117085862966175,0.002601908065915,0.000433651344319167,0
16,4,1,42,259786.706387363,189.70526909997,4,2,1694,0.25,1958,275000,0.00190443213296399,0.00718490304709141,0.0100415512465374,0.0019909972299169,0,0.00285664819944598,0.0320290858725762,0.0498614958448753,0.077648891966759,0.0336738227146814,0.0600761772853186,0.0884695290858726,0.0144563711911357,0.0138504155124654,0.0107340720221607,0.0169667590027701,0.013244459833795,0.0128116343490305
17,4,1,79,374945.437499707,17.1984426999989,3,2,1682,0.13,2016,387000,0.0117351215423303,0.0838222967309304,0.0955574182732607,0.00251466890192791,0.00502933780385583,0.0234702430846605,0,0.030176026823135,0.0335289186923722,0.0352053646269908,0.0561609388097234,0.0637049455155071,0.0142497904442582,0,0,0.0360435875943001,0.0284995808885163,0
18,4,0,55,339936.478830297,266.907390100008,3,2,1367,0.35,1988,254900,0.0100098863074642,0.0617894216510134,0.0383712308452793,0.00129757785467128,0.00364557587740979,0.00284231339594661,0.0224913494809689,0.0191547207118141,0.0349728126544736,0.00358378645575877,0.0173010380622837,0.0558576371725161,0.0179189322787939,0.00179189322787939,0.000865051903114187,0.00123578843302027,0.000123578843302027,0
19,4,1,38,295585.302279228,92.1256005000032,3,2,1743,4.43,1985,292000,0.013879128601546,0.0428671820098384,0.0718552354181307,0.011243851018974,0.013879128601546,0.00755446240337316,0.0288123682361209,0.0293394237526353,0.0028109627547435,0.0191496837666901,0.0469079409697822,0.0244202389318342,0.00404075895994378,0.0028109627547435,0.00702740688685875,0.00790583274771609,0.00597329585382994,0.0028109627547435
20,4,0,18,355815.053854003,190.078602699999,3,2,1387,1.08,2005,334500,0.0330914117850354,0.0722308622775186,0.0423362709521341,0.0127872818386038,0.0153792984275099,0.0097632624848799,0.0359426300328322,0.0154656989804735,0.054345947814066,0.018921721099015,0.0282529808190772,0.0775012960082945,0.0100224641437705,0.0185761188871609,0.00561603594263003,0.0203041299464317,0.0113184724382236,0.00673924313115604
21,4,0,34,426958.447653439,157.634093599976,3,3,2262,5.53,1995,369000,0.00509038022023686,0.038229794307085,0.0238936214419281,0.00166216496987326,0.0029087886972782,0.000103885310617079,0.0403075005194266,0.0371909412009142,0.0416580095574486,0.0370870558902971,0.0570330355287762,0.0729274880531893,0.00457095366715147,0.00810305422813214,0.00425929773530023,0.00311655931851236,0.000519426553085394,0
22,4,0,34,401526.782924827,60.3740824999986,3,3,2262,5.53,1995,369000,0.0369783412572636,0.107237189646064,0.0427892234548336,0.00422609614368727,0.0176967776016904,0.0192815636555732,0.00554675118858954,0.00871632329635499,0.0258848388800845,0.0103011093502377,0.0309033280507132,0.0528262017960909,0.0258848388800845,0.000264131008980454,0.00607501320655045,0.00369783412572636,0,0.00369783412572636
23,4,1,55,256208.098623326,119.286182399999,3,2,1367,0.35,1988,254900,0.0767340251228837,0.131895139268159,0.160431458219552,0.0413708356089569,0.0569361004915347,0.0823320589841617,0.00750955761878755,0.0165210267613326,0.0121518296013108,0.0110595303113053,0.014609503003823,0.0150191152375751,0.00354997269251775,0.000546149645002731,0.0031403604587657,0.000682687056253413,0.00204806116876024,0.00245767340251229
24,4,0,6,349286.610550242,79.9039212999924,3,2,1560,0.26,2000,307000,0.00665590964098427,0.00584913271480436,0.00141185962081484,0.00221863654699476,0.00322710770471964,0.00463896732553449,0.0336829366680113,0.027228721258572,0.0300524405002017,0.0528438886647842,0.0578862444534086,0.0839048003227108,0.0104881000403388,0.0036304961678096,0.0018152480839048,0.00645421540943929,0.00423557886244453,0.00887454618797902
25,4,0,52,380666.763794451,17.3224231000058,7,4,2710,0.34,1953,330000,0.0457951706910908,0.169858451290591,0.139883430474604,0.00999167360532889,0.0149875104079933,0.070774354704413,0,0.000832639467110741,0,0.0216486261448793,0.0158201498751041,0.00166527893422148,0.0141548709408826,0,0.000832639467110741,0,0.0116569525395504,0
26,4,1,18,357685.196134012,120.8912337,3,2,1387,1.08,2005,334500,0.0190309083547037,0.0701849102442975,0.0365771359157781,0.0203806181670941,0.028208935078958,0.0758536914563369,0.016061546767445,0.0128222432177082,0.0334728033472803,0.0234849507355918,0.0307733837224997,0.0251046025104603,0.0318531515724119,0.00458901336212714,0.012147388311513,0.00742340396814685,0.0110676204616008,0.00971791064921042
27,4,0,36,377647.966101299,316.564290800015,4,3,1835,0.97,1978,348000,0.000104706559865976,0.00607298047222658,0.00267001727658238,0,0.000680592639128841,0,0.000104706559865976,0.00308884351604628,0.00340296319564421,0.00879535102874195,0.0228260300507827,0.0228260300507827,0.000261766399664939,0.00366472959530915,0.000732945919061829,0.00408355583477305,0.0056018009528297,0.00204177791738652
28,4,0,35,3974724.93257544,111.554549099994,3,3,2663,199.04,2003,1793000,0.0103513631724741,0.0211401078874471,0.0065607231374836,0.0024784954074938,0,0,0.0303251202799242,0.0349905233999125,0.0363026680274092,0.0523399912523691,0.118238810322204,0.0469456188948826,0.0307625018224231,0.0134130339699665,0.0129756524274676,0.0287213879574282,0.0619623851873451,0.0102055693249745
29,4,1,48,664531.44174614,379.731888699927,5,4,4064,1.6,1952,649000,0.000784006272050176,0.00466048172829827,0.00235201881615053,0,0,0.00017422361601115,0.126573457032101,0.0570146783396489,0.0728690273966636,0.0459514787229409,0.124569885447972,0.0939936408380156,0.0077093950084934,0.00466048172829827,0.00230846291214774,0.00235201881615053,0.0119778736007666,0.00126312121608084
30,4,0,34,401040.454343275,45.8167824000001,3,3,2262,5.53,1995,369000,0.0195741758241758,0.202266483516484,0.0305631868131868,0.012706043956044,0.00858516483516483,0.0240384615384615,0.0144230769230769,0.0209478021978022,0.00377747252747253,0.00343406593406593,0.0446428571428571,0.00686813186813187,0.000686813186813187,0,0.0103021978021978,0,0.00824175824175824,0
31,4,0,37,349002.913172492,39.7123006,4,3,2555,0.62,1989,329500,0.0235756385068762,0.0722986247544204,0.0860510805500982,0.00510805500982318,0.018860510805501,0.00353634577603143,0.0432220039292731,0.0715127701375246,0.0294695481335953,0.0396856581532416,0.056188605108055,0.0455795677799607,0,0,0,0,0,0
32,4,0,38,308272.500137178,225.913931799994,3,2,1743,4.43,1985,292000,0.0119481276409733,0.0590120938365147,0.0320559522074894,0.00779542474136675,0.0127495264461606,0.0183593180824712,0.0297246102287629,0.0181407547719656,0.0512166690951479,0.0356986740492496,0.0652047209675069,0.0514352324056535,0.00968964009908203,0.00349701296808976,0.00400699402593618,0.0110738743989509,0.00356986740492496,0.00247705085239691
33,4,0,26,4500766.46301644,77.5566770000005,9,7,3400,0.34,1960,3599000,0.0323853020552211,0.150301017230641,0.093419140543907,0.0190990242889765,0.024704172721611,0.106290222129956,0.0172306414780984,0.0178534357483911,0.0110026987751713,0.0103799045048786,0.0296865268839527,0.00954951214448827,0.00602034461282956,0.00311397135146357,0.000207598090097571,0.000622794270292713,0.00705833506331742,0
34,4,0,63,191106.357854106,93.5468828000012,3,2,1412,0.14,2008,174900,0.00588540765102995,0.053834169984421,0.0529686688592695,0,0.00605850787606024,0.0195603254284231,0.0427557555824823,0.0405054526570885,0.0320235416306041,0.0188679245283019,0.0507183659338757,0.0649125843863597,0.00917431192660551,0.0107322139518781,0.00121170157521205,0.00415440540072702,0.00484680630084819,0.00311580405054527
1,5,1,59,210141.788404754,22.2397642000578,3,2,1128,0.52,1910,225000,0.0200534759358289,0.0454545454545455,0.088903743315508,0.0969251336898396,0.0307486631016043,0.0414438502673797,0,0.0113636363636364,0,0,0.0127005347593583,0.00868983957219251,0.00267379679144385,0,0.00267379679144385,0.00601604278074866,0.00401069518716578,0
2,5,0,57,3581558.70944553,64.0189618000295,5,7,3370,0.5,1990,1085000,0.0491885143570537,0.162047440699126,0.227715355805243,0.0374531835205993,0.0294631710362047,0.0252184769038702,0.0114856429463171,0.0114856429463171,0.00898876404494382,0,0.0237203495630462,0.0129837702871411,0.00823970037453184,0.000249687890137328,0.0017478152309613,0,0,0
3,5,1,29,1986130.72062431,51.9786272000056,3,4,5500,1.08,2019,2160000,0.0137153306918622,0.0664431575739104,0.10667479427004,0.0316976531545261,0.0435842730874733,0.0637000914355379,0.000304785126485827,0.00457177689728741,0.00640048765620238,0.0216397439804938,0.0286498018896678,0.0444986284669308,0.00182871075891497,0.000304785126485827,0.0228588844864371,0.00761962816214569,0.00792441328863151,0.00640048765620238
4,5,0,59,297968.541274781,25.8101895996369,3,2,1128,0.52,1910,225000,0.0345433255269321,0.0468384074941452,0.00585480093676815,0.00995316159250586,0.00468384074941452,0.0286885245901639,0.00585480093676815,0.000585480093676815,0,0.000585480093676815,0.0117096018735363,0.0216627634660422,0,0.00526932084309133,0,0,0,0
5,5,1,65,701540.769635631,83.3896130000066,3,3,2495,1.78,2015,700000,0.0667569659442724,0.282701238390093,0.130417956656347,0.0123839009287926,0.0421826625386997,0.0563080495356037,0.00386996904024768,0.014125386996904,0.00948142414860681,0.00386996904024768,0.00696594427244582,0.0429566563467492,0.0106424148606811,0.011609907120743,0.00793343653250774,0.00251547987616099,0,0
6,5,0,13,585842.496362547,19.0097760999925,3,4,2922,0.45,2002,500000,0.0215384615384615,0.0953846153846154,0.153076923076923,0.0330769230769231,0.0169230769230769,0.0715384615384616,0,0,0,0,0,0,0.0123076923076923,0.0123076923076923,0.00923076923076923,0.00615384615384615,0,0
7,5,0,30,521046.452957111,79.489682200001,4,4,2820,1.84,1962,495000,0.0204785077047851,0.0444038929440389,0.0269667477696675,0.0172343876723439,0.00669099756690998,0.0190592051905921,0.0352798053527981,0.0302108678021087,0.0170316301703163,0.0210867802108678,0.0460259529602595,0.0255474452554745,0.0097323600973236,0.0064882400648824,0.0239253852392539,0.0170316301703163,0.0164233576642336,0.00364963503649635
8,5,1,60,4200632.86224434,164.338018900016,6,7,10150,1.53,1994,3600000,0.00851447460683161,0.0486827606931784,0.0349594310327557,0.00480817389562256,0.00400681157968547,0.00440749273765401,0.0391665831914254,0.0409696484022839,0.0568967244315336,0.0263447861364319,0.0686166483021136,0.0423720324551738,0.00621055794851247,0.00751277171191025,0.0090153260542923,0.0199338876089352,0.00510868476409897,0.00250425723730342
11,5,0,60,4698095.4649964,97.0247111999997,6,7,10150,1.53,1994,3600000,0.0131974607417307,0.0397594386902773,0.0397594386902773,0.00735048446374875,0.00217173404610758,0.00350818576678917,0.0459405278984297,0.0282325425993986,0.0299031072502506,0.0317407283661878,0.0531239558970932,0.0314066154360174,0.0616438356164384,0.00751754092883395,0.00851987971934514,0.0105245573003675,0.021049114600735,0.0110257266956231
12,5,0,30,553919.001652462,149.719819999998,4,4,2820,1.84,1962,495000,0.00677595628415301,0.0628415300546448,0.0508196721311475,0.00502732240437158,0.00950819672131148,0.0120218579234973,0.0227322404371585,0.0181420765027322,0.0397814207650273,0.0311475409836066,0.0536612021857924,0.0284153005464481,0.0217486338797814,0.0191256830601093,0.00950819672131148,0.00546448087431694,0.00885245901639344,0.00218579234972678
13,5,0,74,519875.599455214,30.3580815000023,4,2,2335,0.8,1925,495000,0.0171370967741935,0.0882056451612903,0.063508064516129,0,0.00907258064516129,0.0226814516129032,0.0176411290322581,0.0131048387096774,0.0131048387096774,0.0201612903225806,0.0393145161290323,0.015625,0.00705645161290323,0.0030241935483871,0.0252016129032258,0.00554435483870968,0.0191532258064516,0.0272177419354839
14,5,0,17,513852.041484799,31.1393760999999,4,5,3369,0.66,1933,450000,0.00495294700346706,0.0445765230312036,0.00445765230312036,0.00693412580485389,0,0.0148588410104012,0.0688459633481922,0.025260029717682,0.0272412085190688,0.0277365032194156,0.0698365527488856,0.0430906389301634,0.0217929668152551,0.000990589400693413,0.000990589400693413,0.0079247152055473,0,0
16,5,1,17,435147.990555579,63.6326701999642,4,5,3369,0.66,1933,450000,0.0216026124089425,0.08942476764632,0.0620447123838232,0.0153227832202964,0.0306455664405928,0.0258728962572218,0.0555136900276312,0.0321527254458679,0.0188394875659382,0.0248681235870384,0.117809595579,0.0391861341371515,0.00828937452901281,0.0110524993720171,0.0138156242150214,0.0145692037176589,0.00828937452901281,0.00854056769655865
17,5,1,23,415346.601701772,18.2344274999923,3,2,936,0.38,1973,425000,0,0.0836653386454183,0.0932270916334661,0.00717131474103586,0.000796812749003984,0.0294820717131474,0,0.0143426294820717,0.0302788844621514,0.050199203187251,0.0565737051792829,0.0430278884462151,0.0167330677290837,0,0,0.000796812749003984,0.0103585657370518,0
18,5,0,74,536529.230871869,41.2375341000006,4,2,2335,0.8,1925,495000,0.000379506641366224,0.0250474383301708,0.022011385199241,0.000379506641366224,0.00683111954459203,0.0079696394686907,0.0417457305502846,0.0277039848197343,0.00759013282732448,0.00607210626185958,0.0337760910815939,0.035673624288425,0.018595825426945,0.00569259962049336,0.00455407969639469,0.00303605313092979,0,0
19,5,0,30,524370.715803196,53.7590925999975,4,4,2820,1.84,1962,495000,0.00177043375627029,0.160814399527884,0.216583062850398,0.00796695190321629,0.00295072292711714,0.000885216878135143,0.004131012097964,0.0224254942460903,0,0,0,0.006196518146946,0.014458542342874,0.00501622897609914,0.00590144585423429,0,0,0
20,5,1,78,460042.625013944,249.167659899977,4,2,2100,0.67,2022,474900,0.00489385622644005,0.0208319555584948,0.0214271542887375,0.00019839957674757,0.00277759407446597,0.00251306130546922,0.0578665432180411,0.0498644269558892,0.11751868262681,0.0645459956352093,0.0900734078433966,0.0646121288274585,0.0162026321010515,0.024733813901197,0.00271146088221678,0.00786984987765359,0.00998611202962767,0.00469545664969248
21,5,0,74,520835.018357111,65.1603733999946,4,2,2335,0.8,1925,495000,0.00834765529094034,0.0623618954087896,0.0488583353793273,0.00368278909894427,0.00540142401178492,0,0.00319175055241836,0.00736557819788853,0.0763564939847778,0.0108028480235698,0.0630984532285784,0.0982077093051805,0.000491038546525902,0.00810213601767739,0,0,0,0
22,5,1,30,509617.886250777,32.2061856,4,4,2820,1.84,1962,495000,0.017208413001912,0.136711281070746,0.0540152963671128,0.00573613766730402,0.0487571701720841,0.0339388145315488,0.0167304015296367,0.0239005736137667,0.0473231357552581,0.0262906309751434,0.0411089866156788,0.0779158699808795,0.000478011472275335,0.00621414913957935,0.0162523900573614,0.000956022944550669,0,0
23,5,1,78,475267.909793745,79.3671261999989,4,2,2100,0.67,2022,474900,0.0156376929325751,0.0499593826157596,0.0381803411860276,0.00995125913891145,0.00304630381803412,0.0276198212835093,0.0418359057676686,0.0463038180341186,0.0469130787977254,0.0505686433793664,0.0489439480097482,0.0430544272948822,0.00264012997562957,0.00324939073923639,0.0109666937449228,0.0115759545085297,0.00223395613322502,0.00142160844841592
24,5,0,41,621117.518700353,144.830476400006,3,3,2171,0.2,2005,569500,0.00383877159309021,0.0115163147792706,0.00541944224906853,0.00316134131195664,0.000451620187422378,0.00112905046855594,0.0177260923563283,0.0283391667607542,0.0368070452749238,0.0675172180196455,0.061533250536299,0.0862594557976742,0.0142260359038049,0.00327424635881224,0.00383877159309021,0.00688720785819126,0.00237100598396748,0.00158067065597832
25,5,1,78,555014.222397347,20.0976804000093,4,2,2100,0.67,2022,474900,0.00585223116313094,0.175566934893928,0.169714703730797,0.0153621068032187,0.0475493782004389,0.0131675201170446,0.0197512801755669,0,0.0117044623262619,0.0248719824433065,0.00292611558156547,0.0168251645940015,0.0102414045354792,0,0,0,0,0
26,5,1,17,462959.69853611,53.5772373999998,4,5,3369,0.66,1933,450000,0.0260509177027827,0.115452930728242,0.108644168146832,0.0402605091770278,0.0544701006512729,0.0562462995855536,0.0136175251628182,0.0029603315571344,0.00710479573712256,0.0168738898756661,0.0284191829484902,0.014801657785672,0.00858496151568976,0.0029603315571344,0.00177619893428064,0.010065127294257,0.0136175251628182,0.00976909413854352
27,5,1,23,455411.108416968,95.8437669000123,3,2,936,0.38,1973,425000,0,0.00221880867042157,0.00392558457074586,0.000682710360129715,0.00136542072025943,0.000341355180064858,0,0,0,0,0.00443761734084315,0.00324287421061615,0.000682710360129715,0.000341355180064858,0.001194743130227,0.00102406554019457,0.000512032770097286,0.000512032770097286
28,5,1,30,505622.126340237,91.2703319999855,4,4,2820,1.84,1962,495000,0.0109909590498139,0.00549547952490693,0.00655912072327602,0.00319092359510725,0.00106364119836908,0.00549547952490693,0.0455592979968091,0.0558411629143769,0.0804821840099273,0.0402410920049637,0.0983868108491402,0.110795958163446,0.00549547952490693,0.00425456479347633,0.0111682325828754,0.019677362169828,0.037581989009041,0
29,5,1,53,795140.312805706,156.745151199983,5,4,3632,1.09,1990,788000,0.0014625992478061,0.00658169661512745,0.000940242373589636,0.000835770998746344,0,0,0.100188048474718,0.0619515252820727,0.0644588382783117,0.0299832845800251,0.11199331383201,0.063832010029252,0.0074174676138738,0.0135812787296281,0.00125365649811952,0.0118052653572921,0.0180735478478897,0.00491015461763477
30,5,1,74,527034.810766984,16.2336220999999,4,2,2335,0.8,1925,495000,0.00704845814977974,0.0519823788546255,0.0114537444933921,0.0185022026431718,0,0.0176211453744493,0.00176211453744493,0,0,0.0140969162995595,0.0229074889867841,0.0211453744493392,0.0052863436123348,0,0.0167400881057269,0,0.00176211453744493,0.00440528634361234
31,5,0,30,529061.44753754,45.9586979000001,4,4,2820,1.84,1962,495000,0.00890106128038343,0.0397124272509415,0.0174597740499829,0,0.00136939404313591,0.0143786374529271,0.0123245463882232,0.0540910647038685,0.0280725778842862,0.0383430332078055,0.0492981855528928,0.0434782608695652,0.0147209859637111,0.00171174255391989,0.00376583361862376,0,0.000342348510783978,0
32,5,0,4,503765.98491393,379.375500900001,5,3,3077,0.27,2020,478000,0.00619033087754479,0.0257639827368237,0.0176991150442478,0.00292078992109508,0.00449016958019094,0.00802127381315663,0.0487379571908104,0.0534025022886787,0.052922969615066,0.0502201490910676,0.130171323946118,0.0548411003095165,0.0060595492392868,0.00466454509786826,0.00209250621212782,0.011508784166703,0.00510048389206155,0.003836261388901
33,5,1,70,250575.46201945,76.0493924000039,2,2,1200,0.54,1999,249900,0.0418870319441506,0.329172836894436,0.159509202453988,0.0260207319653057,0.0283477892955363,0.0478104506029194,0,0,0,0,0.00486566532684578,0.00761582398984557,0.00613496932515337,0.000634651999153797,0.000634651999153797,0.000423101332769198,0,0
34,5,0,37,367221.113295643,131.775985200002,4,3,2555,0.62,1989,329500,0.00272513315991577,0.0113960113960114,0.0148643626904496,0.00012386968908708,0.00421156942896073,0.00483091787439614,0.0515297906602254,0.050786572525703,0.066270283661588,0.0313390313390313,0.0355506007679921,0.0701102440232875,0.00520252694165738,0.00730831165613774,0.00817539947974731,0.00470704818530905,0,0
1,6,1,46,7453427.29909012,48.1623352000024,8,9,13602,3.59,2003,7750000,0.00753604193971166,0.196592398427261,0.274246395806029,0.0386631716906946,0.00622542595019659,0.0255570117955439,0,0,0,0,0.00327653997378768,0.00851900393184797,0.0235910878112713,0.000327653997378768,0.00229357798165138,0.00393184796854522,0.000327653997378768,0.000655307994757536
2,6,1,70,225927.087045134,36.5101957998704,2,2,1200,0.54,1999,249900,0.0242243943901402,0.128771780705482,0.175945601359966,0.0365490862728432,0.0174245643858904,0.0531236719082023,0,0,0.00424989375265618,0,0,0.00764980875478113,0.00594985125371866,0,0.000849978750531237,0,0,0
3,6,1,30,497937.981970302,75.7167706000619,4,4,2820,1.84,1962,495000,0.00573613766730402,0.0382409177820268,0.0427023581899299,0.00191204588910134,0.00552368812407053,0.058636073932441,0.0163586148289781,0.00913533035903973,0.0310176333120884,0.0201827066071808,0.0605481198215424,0.0781814319099214,0.00892288081580625,0.00318674314850223,0.0106224771616741,0.0116847248778415,0.0108349267049076,0.00509878903760357
4,6,1,66,1198198.25929004,11.5834247996099,4,3,2497,0.2,2019,809500,0,0.0560747663551402,0.106308411214953,0,0,0,0,0,0,0,0.0350467289719626,0.022196261682243,0,0,0,0,0,0
5,6,1,79,401629.302756479,36.5304295999958,3,2,1682,0.13,2016,387000,0.0191245218869528,0.106247343816405,0.225669358266043,0.0118997025074373,0.0382490437739057,0.050148746281343,0.0229494262643434,0.0127496812579686,0,0.00849978750531237,0.0169995750106247,0.028899277518062,0.0229494262643434,0.0093497662558436,0.000424989375265618,0.0161495962600935,0.000849978750531237,0
6,6,1,47,551266.64887314,30.3916566999978,3,2,2509,2.48,1994,595000,0.0302267002518892,0.162216624685139,0.100251889168766,0.03727959697733,0.0035264483627204,0.0151133501259446,0,0.00806045340050378,0.00856423173803527,0.0297229219143577,0.0392947103274559,0.0191435768261965,0.0100755667506297,0,0.018639798488665,0.018639798488665,0.0272040302267003,0
8,6,1,18,310283.53148325,129.245652499842,3,2,1387,1.08,2005,334500,0.00909435392194013,0.061639509915372,0.0607553366174056,0.00290514083617532,0.0135152204117721,0.00795755968169761,0.0213464696223317,0.0317039282556524,0.0306934444865479,0.0195781230263989,0.0699760010104838,0.0295566502463054,0.00884173297966401,0.00833649109511178,0.00783124921055956,0.00669445497031704,0.0122521157003916,0.0114942528735632
11,6,0,69,390159.819930721,196.1271854,3,2,1666,0.23,2016,359900,0.00837731423305688,0.0339281226438804,0.0154142581888247,0.00636675881712323,0.00586411996313982,0.0108067353606434,0.0484208762670688,0.0263885398341292,0.0466616402781268,0.0243779844181955,0.0809248554913295,0.0514367093909693,0.00603166624780095,0.0064505319594538,0.00586411996313982,0.00804222166373461,0.0146602999078495,0.00762335595208176
12,6,0,29,3511120.28412095,111.424493300001,3,4,5500,1.08,2019,2160000,0.0548824989052693,0.192526638446942,0.121150197051525,0.013428696540651,0.0991096190337177,0.259378192964531,0,0.0027733177638301,0,0.0027733177638301,0.000145964092833163,0.0103634505911546,0.00977959421982192,0,0,0,0,0
13,6,1,8,3682458.66512705,39.1704139000067,4,5,3359,1.83,2008,3499000,0.00796178343949045,0.0489649681528662,0.0199044585987261,0.00437898089171975,0.0429936305732484,0.0278662420382166,0.035828025477707,0.0199044585987261,0.0346337579617834,0.035031847133758,0.0210987261146497,0.0847929936305732,0.00398089171974522,0.000796178343949045,0.0151273885350318,0.0306528662420382,0.0151273885350318,0.00437898089171975
14,6,0,15,8216471.18328906,21.03625,9,11,5625,0.34,2021,7350000,0.0372452565003514,0.0857343640196767,0.0892480674631061,0.0435699226985242,0.0238931834153197,0.0590302178496135,0.00702740688685875,0.0133520730850316,0.0147575544624034,0.022487702037948,0.016865776528461,0.00351370344342937,0.061841180604357,0,0.0210822206605762,0.0133520730850316,0.0147575544624034,0.0295151089248067
16,6,0,11,1206917.53563377,172.664550599991,3,3,1822,1.83,2007,1125000,0.010733282674772,0.0300151975683891,0.0194718844984802,0.00474924012158055,0.0069338905775076,0.0112082066869301,0.0221314589665653,0.0231762917933131,0.0407484802431611,0.0349544072948328,0.0625,0.0516717325227964,0.0265007598784195,0.00237462006079027,0.00873860182370821,0.00845364741641337,0.00940349544072948,0.00702887537993921
17,6,0,45,1164984.95041705,42.9335185999953,4,4,3087,0.25,2020,1070000,0,0.0390796201607012,0.0372534696859021,0.00365230094959825,0,0.000365230094959825,0.0241051862673484,0.0522279035792549,0.0295836376917458,0.0113221329437546,0.0555149744338934,0.0346968590211833,0.0398100803506209,0.00766983199415632,0.00766983199415632,0.0014609203798393,0.00328707085463842,0.0058436815193572
18,6,0,25,3636502.76335731,22.236121199996,4,4,2100,0.3,2022,2899000,0.0140468227424749,0.163879598662207,0.141137123745819,0.0120401337792642,0.0321070234113712,0.0234113712374582,0,0.00535117056856187,0,0.00133779264214047,0.0334448160535117,0.0234113712374582,0.00267558528428094,0,0.00668896321070234,0,0,0
19,6,1,9,10010964.0599826,26.4663650000002,7,9,5623,0.27,1895,9975000,0.0165714285714286,0.165714285714286,0.263428571428571,0.00457142857142857,0.0348571428571429,0.00171428571428571,0,0,0,0,0,0,0.00742857142857143,0,0.00228571428571429,0,0,0
20,6,1,29,2053429.73174245,115.641085699986,3,4,5500,1.08,2019,2160000,0.0190033783783784,0.0896677927927928,0.0688344594594595,0.000703828828828829,0.0123873873873874,0.0135135135135135,0.0409628378378378,0.0136542792792793,0.0484234234234234,0.0380067567567568,0.0387105855855856,0.0974099099099099,0.0244932432432432,0.00661599099099099,0.00281531531531532,0.0163288288288288,0.00267454954954955,0.000140765765765766
21,6,1,26,5412880.48703764,62.4409404999751,9,7,3400,0.34,1960,3599000,0.00434782608695652,0.0352941176470588,0.0312020460358056,0.0010230179028133,0.0010230179028133,0.00946291560102302,0.051150895140665,0.0230179028132992,0.0281329923273657,0.0255754475703325,0.0524296675191816,0.0209718670076726,0.00230179028132992,0.0179028132992327,0.0010230179028133,0.000255754475703325,0,0
22,6,0,54,2035721.94709828,46.628632800006,6,7,5015,0.48,1999,1650000,0.0699324324324324,0.155743243243243,0.0266891891891892,0.0185810810810811,0.022972972972973,0.0202702702702703,0.0665540540540541,0.0263513513513514,0.0152027027027027,0.0253378378378378,0.0287162162162162,0.0408783783783784,0.00371621621621622,0.010472972972973,0.00810810810810811,0.00574324324324324,0.00405405405405405,0.00135135135135135
23,6,1,26,3704067.37941309,68.2286836999992,9,7,3400,0.34,1960,3599000,0,0.000469814423302795,0,0,0.000469814423302795,0.0300681230913789,0.0310077519379845,0.0256048860700023,0.0213765562602772,0.0507399577167019,0.118158327460653,0.0514446793516561,0.0136246182757811,0.000939628846605591,0.00869156683110171,0.00892647404275311,0.0103359173126615,0
24,6,0,78,513453.104872566,55.1501660999784,4,2,2100,0.67,2022,474900,0.00777649769585253,0.0607718894009217,0.0449308755760369,0.000864055299539171,0.0146889400921659,0.0230414746543779,0.00720046082949309,0.0175691244239631,0.0146889400921659,0.0184331797235023,0.0236175115207373,0.065668202764977,0.0178571428571429,0.00604838709677419,0.0118087557603687,0.0141129032258065,0.00547235023041475,0.00201612903225806
25,6,0,8,4787052.55531999,53.8402370999975,4,5,3359,1.83,2008,3499000,0.00354191263282172,0.132231404958678,0.108028335301063,0.0109208972845336,0.012396694214876,0.0363046044864227,0.0224321133412042,0.0236127508854782,0.0442739079102715,0.0141676505312869,0.0174144037780401,0.025383707201889,0.0156434474616293,0,0.00590318772136954,0.000295159386068477,0,0
26,6,0,29,2664263.71365074,65.9642219000007,3,4,5500,1.08,2019,2160000,0.0191980558930741,0.120777642770352,0.0639125151883354,0.0345078979343864,0.0213851761846902,0.0682867557715674,0.000243013365735115,0.0157958687727825,0.0233292831105711,0.016767922235723,0.0179829890643985,0.0199270959902795,0.0184690157958688,0.000486026731470231,0.00291616038882139,0.00194410692588092,0.00170109356014581,0.00364520048602673
27,6,0,15,8007243.94238712,196.488497999962,9,11,5625,0.34,2021,7350000,0.0019311502938707,0.00806045340050378,0.00814441645675903,0.000587741393786734,0.000251889168765743,8.39630562552477e-05,0.00520570948782536,0.00436607892527288,0.00386230058774139,0.00436607892527288,0.0122586062132662,0.0129303106633081,0.00159529806884971,0.00235096557514694,0.00579345088161209,0.000503778337531486,0.0017632241813602,0.00235096557514694
28,6,0,35,3641106.10467,88.7455557000358,3,3,2663,199.04,2003,1793000,0.00510111131353616,0.0158498815813445,0.00364365093824012,0.00163964292220805,0.00965567498633631,0.00236837310985608,0.0592093277464019,0.0562944069958098,0.0411732556021133,0.0559300419019858,0.160320641282565,0.0408088905082893,0.0271451994898889,0.0094734924394243,0.00601202404809619,0.0249590089269448,0.032610675897249,0.00564765895427218
29,6,1,46,7886717.05106709,216.994146400015,8,9,13602,3.59,2003,7750000,0.000606612071580224,0.0037913254473764,0.00235062177737337,0,0,0.000151653017895056,0.124052168638156,0.0708219593569912,0.0925083409159842,0.0478465271458902,0.114043069457082,0.0625568698817106,0.0086442220200182,0.00227479526842584,0.000606612071580224,0.00720351835001517,0.0105398847437064,0.00136487716105551
30,6,1,26,4367554.60455226,24.0789130000001,9,7,3400,0.34,1960,3599000,0.00062266500622665,0.0566625155666252,0.0130759651307597,0,0,0.024906600249066,0,0,0,0,0.0087173100871731,0.0193026151930262,0.00311332503113325,0.00684931506849315,0.0958904109589041,0,0.00062266500622665,0.0217932752179328
31,6,1,15,7936973.60660514,30.9879316,9,11,5625,0.34,2021,7350000,0.0128712871287129,0.0257425742574257,0.0173267326732673,0.0118811881188119,0.0316831683168317,0.00495049504950495,0.0782178217821782,0.0311881188118812,0.0232673267326733,0.0569306930693069,0.0757425742574257,0.0935643564356436,0.0168316831683168,0.0103960396039604,0.00099009900990099,0.00148514851485149,0.00099009900990099,0.00495049504950495
32,6,0,60,4017007.91353718,37.6487592000049,6,7,10150,1.53,1994,3600000,0.0173482032218092,0.22759190417183,0.120198265179678,0.0144568360181743,0.0148698884758364,0.0227178851714168,0,0.0132176786451879,0.0214787277984304,0,0.0177612556794713,0.0152829409334986,0.030152829409335,0.000413052457662123,0.00371747211895911,0.00289136720363486,0.00289136720363486,0.00123915737298637
33,6,1,60,4578805.84830256,67.1493858000031,6,7,10150,1.53,1994,3600000,0.0510496183206107,0.28530534351145,0.085162213740458,0.0114503816793893,0.0419847328244275,0.0524809160305343,0.00954198473282443,0.0221851145038168,0.0472328244274809,0.0169370229007634,0.0271946564885496,0.0150286259541985,0.00739503816793893,0.000715648854961832,0.00286259541984733,0.000238549618320611,0.000715648854961832,0
34,6,0,60,4103117.38774541,67.8020030999905,6,7,10150,1.53,1994,3600000,0.0118147448015123,0.324196597353497,0.203213610586011,0.00378071833648393,0.0186672967863894,0.0500945179584121,0.00543478260869565,0,0.00519848771266541,0.00968809073724008,0.0101606805293006,0.0290642722117202,0.00472589792060491,0,0.000472589792060492,0.00189035916824197,0.00212665406427221,0.000236294896030246
1,7,1,30,481443.979001202,19.9238515999168,4,4,2820,1.84,1962,495000,0.0162122328666175,0.0478997789240973,0.114222549742078,0.0309506263817244,0.0272660280029477,0.0125276344878408,0.0228445099484156,0.00368459837877671,0,0.0221075902726603,0.0442151805453206,0.0368459837877671,0.0125276344878408,0,0.00884303610906411,0,0,0
2,7,0,60,8400049.93027738,74.1225944000762,6,7,10150,1.53,1994,3600000,0.016048579483843,0.0941227499457818,0.0954239861201475,0.0314465408805031,0.017132942962481,0.0175666883539362,0.000433745391455216,0.0175666883539362,0.0305790500975927,0.0383864671437866,0.0249403600086749,0.0195185426154847,0.0125786163522013,0.000650618087182824,0.00238559965300369,0.00412058121882455,0.0028193450444589,0.000433745391455216
3,7,1,63,177400.632536134,43.7534193000756,3,2,1412,0.14,2008,174900,0.0573888091822095,0.0577474892395983,0.107604017216643,0.024390243902439,0.00681492109038737,0.0100430416068867,0.0078909612625538,0.00717360114777618,0.00143472022955524,0,0.0164992826398852,0.0129124820659971,0.0147058823529412,0.00466284074605452,0.0258249641319943,0.0269010043041607,0.0111190817790531,0.0078909612625538
4,7,0,11,11898164.9705191,15.4673506999388,3,3,1822,1.83,2007,1125000,0.0477064220183486,0.148623853211009,0.0862385321100917,0.0055045871559633,0.0036697247706422,0.0412844036697248,0,0,0,0,0,0.0192660550458716,0,0,0,0,0,0
6,7,1,27,901378.953805182,24.4992723000032,3,3,2809,1.53,1996,949000,0.0159607120933088,0.12645794966237,0.0951503990178023,0.0349907918968692,0.0214855739717618,0.00122774708410068,0,0,0,0,0.0282381829343155,0.0208717004297115,0.0190300798035605,0,0.0276243093922652,0.0135052179251074,0.00920810313075507,0.00122774708410068
8,7,1,46,7855455.17098787,161.746336600045,8,9,13602,3.59,2003,7750000,0,0.0237394744851375,0.0160292178147509,0.00101450745662981,0.00152176118494471,0.00273917013290048,0.0461600892766562,0.036522268438673,0.0361164654560211,0.0322613371208278,0.0707111697270975,0.0600588414324845,0.00689865070508268,0.00831896114436441,0.00902911636400528,0.0148118088667952,0.00517398802881201,0.00821751039870143
11,7,1,46,7258154.17936285,64.5417892000005,8,9,13602,3.59,2003,7750000,0.00569871159563925,0.11595639246779,0.0604558969276511,0.0136273538156591,0.00569871159563925,0.0317145688800793,0.0495540138751239,0.0146184340931615,0.0136273538156591,0.0386521308225966,0.089197224975223,0.0423686818632309,0.0416253716551041,0.000247770069375619,0.00718533201189296,0.000991080277502478,0.00693756194251734,0
12,7,1,69,360000,50.5958765999967,3,2,1666,0.23,2016,359900,0.0165728580362727,0.138836772983114,0.157598499061914,0.0222013758599124,0.074108818011257,0.108818011257036,0.00437773608505316,0.00500312695434647,0.00437773608505316,0.0103189493433396,0,0.00969355847404628,0.0459662288930582,0,0,0,0.00125078173858662,0.00375234521575985
13,7,0,69,384656.300654835,48.8026600000012,3,2,1666,0.23,2016,359900,0.013264315755419,0.131025558071821,0.0333225493367842,0.000970559689420899,0.0174700744095762,0.0161759948236817,0.0109996764801035,0.0190876738919444,0.029116790682627,0.0239404723390489,0.025558071821417,0.0333225493367842,0.00258815917178907,0,0.0148819152377871,0.0168230346166289,0.00841151730831446,0.0058233581365254
14,7,1,55,289999.35368083,66.0721804999999,3,2,1367,0.35,1988,254900,0.00121124031007752,0.0171996124031008,0.0191375968992248,0.0133236434108527,0.0062984496124031,0.00508720930232558,0.0268895348837209,0.0353682170542636,0.0508720930232558,0.0191375968992248,0.0792151162790698,0.0532945736434109,0.00775193798449612,0.00872093023255814,0.0138081395348837,0.00363372093023256,0.00436046511627907,0
16,7,1,18,333180.509560096,80.3518929000129,3,2,1387,1.08,2005,334500,0.00421179302045728,0.0278780585639791,0.0296831127156037,0.00160449257922182,0.00200561572402728,0.00842358604091456,0.0389089450461292,0.0519454472523065,0.0591656638588047,0.0453269153630164,0.0681909346169274,0.0748094665062174,0.00922583233052547,0.00541516245487365,0.0100280786201364,0.0172482952266346,0.00260730044123546,0.000200561572402728
17,7,1,69,350463.10833334,35.2633423000079,3,2,1666,0.23,2016,359900,0.000877963125548727,0.0342405618964004,0.0553116769095698,0.00746268656716418,0.00614574187884109,0.0188762071992976,0.0114135206321334,0.0114135206321334,0.00614574187884109,0.0250219490781387,0.0346795434591747,0.0715539947322213,0.02414398595259,0,0.0171202809482002,0.0105355575065847,0,0
18,7,0,69,385836.764160978,170.4976302,3,2,1666,0.23,2016,359900,9.62093515489706e-05,0.0152972868962863,0.00153934962478353,0,0.000192418703097941,9.62093515489706e-05,0.0356936694246681,0.0334808543390418,0.0682124302482201,0.00721570136617279,0.0383875312680393,0.0597460073119107,0.0165480084664229,0.00529151433519338,0.00173176832788147,0.000962093515489706,0.000288628054646912,0
19,7,0,34,390791.17478914,22.2131245000055,3,3,2262,5.53,1995,369000,0.0240963855421687,0.149933065595716,0.180053547523427,0.0234270414993307,0.0187416331994645,0.0421686746987952,0,0.00803212851405622,0.0207496653279786,0,0.0133868808567604,0,0.00803212851405622,0,0.00267737617135207,0,0,0
20,7,0,20,370170.866224774,255.976181300008,3,4,1604,2,2008,339700,0.0086284610431423,0.0640695428203477,0.0314230521571153,0.00148100450740502,0.00779137153895686,0.006052801030264,0.0404378622021893,0.0437862202189311,0.0864777849323889,0.0171281390856407,0.0369607211848036,0.0688989053444945,0.0401159047005795,0.0114616870573084,0.00482936252414681,0.00676110753380554,0.00579523502897617,0.00276883451384417
21,7,0,36,403243.645570887,91.8914790999843,4,3,1835,0.97,1978,348000,0.0114476928495949,0.0427967594223318,0.0336386051426559,0.00440295878830574,0.00563578724903135,0.00493131384290243,0.0065163790066925,0.0181401902078197,0.0255371609721733,0.0047551954913702,0.029940119760479,0.0376893272278971,0.00193730186685453,0.00510743219443466,0.000704473406128919,0.00017611835153223,0,0
22,7,0,55,303054.993693605,54.7107074000014,3,2,1367,0.35,1988,254900,0.0502031340684852,0.0969239698200813,0.0351131746952989,0.00232153221125943,0.042658154381892,0.0217643644805572,0.0391758560650029,0.0185722576900754,0.0191526407428903,0.0185722576900754,0.024376088218224,0.0342426001160766,0.000290191526407429,0.0107370864770749,0.0130586186883343,0.012188044109112,0,0
23,7,1,42,270159.819930721,168.255895599999,4,2,1694,0.25,1958,275000,0.0155046318868844,0.0231106777181862,0.0263286201852755,0.0052657240370551,0.00536323744514871,0.009068746952706,0.0206728425158459,0.0414431984397855,0.0400780107264749,0.0377376889322282,0.0657240370550951,0.0505119453924915,0.00204778156996587,0.0068259385665529,0.00360799609946368,0.0124817162359824,0.00419307654802535,0.00273037542662116
24,7,1,44,803489.365423086,43.0088717000035,4,3,2780,0.24,2016,784999,0.017499088589136,0.033904484141451,0.033175355450237,0.001822821728035,0.013853445133066,0.025154939846883,0.049580751002552,0.0535909588042289,0.028800583302953,0.030623405030988,0.045935107546482,0.0958804228946409,0.016769959897922,0.02916514764856,0.001458257382428,0.002916514764856,0.00765585125774699,0
25,7,1,18,395308.053107166,18.6283024000004,3,2,1387,1.08,2005,334500,0.00156985871271586,0.086342229199372,0.135007849293564,0.0133437990580848,0.00706436420722135,0.0313971742543171,0,0,0,0.00706436420722135,0.0172684458398744,0.000784929356357928,0.032182103610675,0,0.00941915227629513,0,0,0
26,7,0,79,408811.031381913,112.5858043,3,2,1682,0.13,2016,387000,0.0124439299667197,0.0474605701056287,0.0609173780928954,0.0125886268267979,0.027637100274924,0.0179424106496889,0.0143249891477355,0.0289393720156273,0.0208363478512516,0.0487628418463319,0.0515120821878165,0.0360295181594559,0.0079583273042975,0.00448560266242223,0.0079583273042975,0.0112863550860946,0.00347272464187527,0.00506439010273477
27,7,1,36,343201.723450319,195.031699400046,4,3,1835,0.97,1978,348000,0,0.00220451076818721,0.00381549940647787,0.000423944378497541,0.000254366627098525,8.47888756995082e-05,0.00466338816347295,0.0130574868577243,0.00271324402238426,0.00771578768865525,0.0207732745463795,0.0317958283873156,0.0010174665083941,0.00500254366627099,0.00195014414108869,0.00898762082414787,0.00373071053077836,0.00127183313549262
28,7,1,14,217424.441152085,147.217659000074,3,2,1404,1,1986,165000,0.0148888888888889,0.0124444444444444,0.00388888888888889,0.00722222222222222,0.00722222222222222,0.00588888888888889,0.0823333333333333,0.082,0.0596666666666667,0.0575555555555556,0.064,0.092,0.0121111111111111,0.0186666666666667,0.0137777777777778,0.0295555555555556,0.0293333333333333,0.0238888888888889
29,7,0,17,480564.796617406,272.953172400012,4,5,3369,0.66,1933,450000,0.0017525835498882,0.00604339155133861,0.00126911222578111,0.00114824439475434,0.000664773070647247,0.000604339155133861,0.0908926089321327,0.0441771922402852,0.0488910376503294,0.0377107632803529,0.124372998126549,0.0840635764791201,0.0344473318426301,0.00598295763582523,0.00350516709977639,0.00701033419955279,0.0141415362301324,0.00145041397232127
30,7,0,34,418774.087211317,14.2560913,3,3,2262,5.53,1995,369000,0.000984251968503937,0.0757874015748032,0.0118110236220472,0.00492125984251968,0.00295275590551181,0.0236220472440945,0,0.0275590551181102,0.0196850393700787,0.0177165354330709,0.00393700787401575,0.0807086614173228,0.00295275590551181,0,0.00492125984251968,0,0.00393700787401575,0
31,7,0,5,322325.555634881,35.3595769,4,2,2297,0.72,1920,299990,0.00876040297853701,0.0385457731055629,0.0267192290845379,0.0127025843188787,0.0109505037231713,0.00350416119141481,0.0267192290845379,0.0442400350416119,0.0757774857643452,0.0613228208497591,0.070521243977223,0.112571178274201,0.00963644327639071,0.00613228208497591,0.00963644327639071,0.00394218134034166,0.00131406044678055,0.00350416119141481
32,7,1,34,401426.076307289,34.0828619000094,3,3,2262,5.53,1995,369000,0.0176710466696874,0.0792931581332125,0.0847304032623471,0.00226551880380607,0.0208427729950159,0.0312641594925238,0.0271862256456729,0.0434979610330766,0.0140462165835976,0.0330765745355686,0.0326234707748074,0.0493883099229724,0.00815586769370186,0.00543724512913457,0,0.00679655641141822,0.0249207068418668,0.00498414136837336
33,7,1,27,949313.513796671,40.947937799996,3,3,2809,1.53,1996,949000,0.0179457808323788,0.111492936235204,0.0691103474608629,0.0152730049637266,0.0106911034746086,0.0286368843069874,0.00801832760595647,0.00725467735777014,0.0355097365406644,0.0183276059564719,0.0523100420007636,0.0389461626575029,0.0099274532264223,0,0.00229095074455899,0.0103092783505155,0.00190912562046583,0
34,7,0,66,860959.909430474,125.816777300002,4,3,2497,0.2,2019,809500,0.0103694102397926,0.129876863253402,0.0811406351263772,0.00298120544394038,0.0182760855476345,0.0282566429034349,0.0187945560596241,0.0141283214517174,0.0186649384316267,0.01049902786779,0.0287751134154245,0.0360337005832793,0.0116655865197667,0.0050550874918989,0.00453661697990927,0.00246273493195075,0.00194426441996111,0.00103694102397926
1,8,1,57,11586436.8065539,33.6255254000425,5,7,3370,0.5,1990,1085000,0.0100963744837081,0.157870582836163,0.235429095915558,0.0458926112895824,0.0357962368058743,0.0399265718219367,0,0,0,0,0.00321248279027077,0.00229463056447912,0.000458926112895824,0,0.00275355667737494,0.00642496558054153,0,0
2,8,0,65,769653.365511729,142.841864399845,3,3,2495,1.78,2015,700000,0.0114495076711701,0.0312571559422945,0.0366384245477444,0.0228990153423403,0.00629722921914358,0.0144263796656744,0.00125944584382872,0.0257613922601328,0.0190061827341424,0.00228990153423403,0.0278223036409434,0.0312571559422945,0.012250973208152,0.00183192122738722,0.000572475383558507,0.000457980306846806,0.00263338676436913,0.000114495076711701
3,8,0,15,7995434.12270052,42.1710648001172,9,11,5625,0.34,2021,7350000,0.0326894502228826,0.12295690936107,0.12667161961367,0.0282317979197623,0.0319465081723626,0.12035661218425,0,0.0104011887072808,0.00594353640416048,0.00817236255572065,0.00854383358098068,0.0222882615156018,0,0,0.013001485884101,0.00668647845468053,0.00148588410104012,0
4,8,1,74,584753.595800331,14.7403824999928,4,2,2335,0.8,1925,495000,0.00384615384615385,0.0759615384615385,0.0461538461538462,0.0980769230769231,0.0288461538461538,0.00192307692307692,0,0,0,0,0,0.00961538461538462,0,0,0,0,0,0
6,8,0,11,1504169.36836225,22.1768404999893,3,3,1822,1.83,2007,1125000,0.0664429530201342,0.124161073825503,0.0322147651006711,0.0322147651006711,0.0214765100671141,0.0785234899328859,0,0.0134228187919463,0.012751677852349,0,0.0322147651006711,0.0161073825503356,0.0275167785234899,0,0.00201342281879195,0.00134228187919463,0.00805369127516779,0
8,8,1,78,438922.931849549,404.84405529988,4,2,2100,0.67,2022,474900,0.00373486558588139,0.0371024009850195,0.0187153704083727,0.00242150625897804,0.00574594705520213,0.0072234762979684,0.012600041042479,0.0119433613790273,0.00779807100348861,0.0171557562076749,0.01912579519803,0.0160476092756002,0.00151857172173199,0.000820849579314591,0.00775702852452288,0.00344756823312128,0.00385799302277858,0.00192899651138929
11,8,1,17,421910.103261731,203.3657012,4,5,3369,0.66,1933,450000,0.000646673672298117,0.0127718050278878,0.00396087624282596,0.00202085522593161,0.00088917629940991,0.00088917629940991,0.0740441354781343,0.0270794600274836,0.0455904938970172,0.0263519521461483,0.0953035324549349,0.0613531646592838,0.0298278231347506,0.00517338937838493,0.00573922884164578,0.00210168943496888,0.00573922884164578,0.00379920782475143
12,8,1,4,479689.147279266,49.0751210000017,5,3,3077,0.27,2020,478000,0.0444158352108143,0.103315094946894,0.132281943997425,0.0209205020920502,0.0733826842613453,0.0846475700032185,0,0,0,0,0,0.000643707756678468,0.0473125201158674,0,0.0019311232700354,0,0,0
13,8,0,74,539944.203728584,39.9915590000019,4,2,2335,0.8,1925,495000,0.000390472471690746,0.0585708707536119,0.0269426005466615,0.00351425224521671,0,0.00117141741507224,0.050761421319797,0.0304568527918782,0.0163998438110113,0.0124951190941039,0.0452948067161265,0.0324092151503319,0,0.0152284263959391,0.0265521280749707,0.0413900819992191,0.0304568527918782,0.00741897696212417
14,8,0,78,503683.806947163,34.9031762999999,4,2,2100,0.67,2022,474900,0.0186170212765957,0.0545212765957447,0.0527482269503546,0.0172872340425532,0.0390070921985816,0.0429964539007092,0.0341312056737589,0.023936170212766,0.0261524822695035,0.0168439716312057,0.0341312056737589,0.0270390070921986,0.0110815602836879,0.0075354609929078,0.00310283687943262,0.00443262411347518,0,0
18,8,0,4,503151.319669743,26.9604242000059,5,3,3077,0.27,2020,478000,0.00561797752808989,0.049438202247191,0.0241573033707865,0.0151685393258427,0.0280898876404494,0.0134831460674157,0.00842696629213483,0.0179775280898876,0.00112359550561798,0.00842696629213483,0.0292134831460674,0.0337078651685393,0.0174157303370787,0.00449438202247191,0,0,0,0
19,8,0,78,501205.387706162,129.884932999994,4,2,2100,0.67,2022,474900,0.0153285588641789,0.0606860158311346,0.0376931775348662,0.0189722326925493,0.008543786907903,0.00829249905767056,0.0268877999748712,0.0144490513883654,0.00502575700464883,0.00376931775348662,0.0157054906395276,0.0147003392385978,0.0300288981027767,0.000628219625581103,0.0165849981153411,0.00226159065209197,0.0103028018595301,0.0125643925116221
20,8,1,78,470030.019858315,201.633181699988,4,2,2100,0.67,2022,474900,0.00252710524170539,0.0359501100513573,0.00888562810793185,0.000163039047851961,0.00366837857666911,0.00529876905518872,0.0728784543898264,0.0749164424879759,0.0876334882204288,0.0461400505421048,0.0917094644167278,0.0942365696584332,0.0160593462134181,0.0211135566968289,0.000815195239259803,0.0211950762207549,0.0169560609766039,0.0127170457324529
21,8,1,4,531233.733512913,34.1594979999936,5,3,3077,0.27,2020,478000,0.0117593848937133,0.116236996834012,0.0800542740841248,0.0348258706467662,0.052464947987336,0.0117593848937133,0.0266847580280416,0.0226142017186793,0.0370872908186341,0.0221619176843057,0.033921302578019,0.0606060606060606,0.00407055630936228,0.00814111261872456,0,0.00633197648123021,0,0
22,8,0,4,511037.333438385,57.7988419999965,5,3,3077,0.27,2020,478000,0.0126686863123107,0.106306802533737,0.0798678050123933,0.000550812448361333,0.000550812448361333,0.0121178738639493,0.0385568713852933,0.0275406224180666,0.04544202698981,0.023134122831176,0.0415863398512806,0.112916551914073,0.000275406224180667,0.000275406224180667,0.00550812448361333,0.00137703112090333,0,0
23,8,0,17,552241.085941117,79.7125983999867,4,5,3369,0.66,1933,450000,0.00303336703741153,0.0230535894843276,0.00647118301314459,0.00141557128412538,0.00161779575328615,0.00242669362992922,0.00222446916076845,0.0127401415571284,0.0230535894843276,0.0137512639029323,0.0351870576339737,0.0250758341759353,0.00121334681496461,0.00283114256825076,0.00849342770475228,0.0256825075834176,0.00202224469160768,0.00283114256825076
24,8,0,14,180865.967727625,136.202971599996,3,2,1404,1,1986,165000,0.0107926609905264,0.0259023863772635,0.0296198584962226,0.00179877683175441,0.0153495622976376,0.0283007554862693,0.0479673821801175,0.0165487468521405,0.0259023863772635,0.0305792061398249,0.065715313586761,0.0737498501019307,0.0125914378222808,0.0139105408322341,0.00347763520805852,0.00611584122796498,0.00227845065355558,0.00143902146540353
25,8,0,78,510612.17718571,10.7507908999978,4,2,2100,0.67,2022,474900,0,0.125465838509317,0.132919254658385,0.00745341614906832,0.00248447204968944,0.0062111801242236,0.0372670807453416,0,0.0124223602484472,0.0198757763975155,0.0186335403726708,0,0.0136645962732919,0,0,0,0,0
26,8,0,78,503496.682641777,120.875437500001,4,2,2100,0.67,2022,474900,0.0110735989196489,0.0352464550979068,0.0426738690074274,0.0167454422687373,0.0325455773126266,0.0299797434166104,0.024713031735314,0.0272788656313302,0.00823767724510466,0.00918298446995273,0.0398379473328832,0.0222822417285618,0.012694125590817,0.00310600945307225,0.00594193112761648,0.0141796083727211,0.00148548278190412,0.00229574611748818
27,8,1,74,480490.267949584,86.1778430999257,4,2,2335,0.8,1925,495000,0.00357008643367155,0.0101465614430665,0.0124013528748591,0.000375798571965427,0,0.000375798571965427,0,0,0.000375798571965427,0.00300638857572341,0.0355129650507328,0.0328823750469748,0.000375798571965427,0.00507328072153326,0.0124013528748591,0.0135287485907554,0.00450958286358512,0.00206689214580985
28,8,1,14,199256.139387179,47.177927199984,3,2,1404,1,1986,165000,0.0578401872283517,0.191574724172518,0.170845870946172,0.0631895687061184,0.0320962888665998,0.0795720494817787,0,0.00969575392845202,0,0,0,0.00100300902708124,0.00534938147776663,0,0.00401203610832497,0.00100300902708124,0,0
29,8,1,77,220566.142112301,122.729566399939,3,2,1504,5.35,2005,219000,0.00225793598087395,0.0166024704476026,0.00584406959755612,0.00358613361668216,0.00146101739938903,0,0.0630893877008899,0.0579094169212379,0.0780980209855226,0.0374551733297915,0.0900517997077965,0.0672068003718953,0.0213839819365122,0.010359941559304,0.00305485456235888,0.00159383716296985,0.00292203479877806,0
30,8,1,4,495276.545099456,11.1611743999999,5,3,3077,0.27,2020,478000,0.00962695547533093,0.133574007220217,0.0421179302045728,0,0.0216606498194946,0.0373044524669073,0,0,0,0,0,0.00120336943441637,0.00120336943441637,0,0.00481347773766546,0.0252707581227437,0.022864019253911,0
31,8,0,30,520415.730486908,72.5197087,4,4,2820,1.84,1962,495000,0.00376856572821991,0.0133008202172467,0.0146309022389714,0.0055420084238528,0.00509864774994458,0.00266016404344935,0.0520948791842164,0.0567501662602527,0.0529816005320328,0.0461095100864553,0.0806916426512968,0.0627355353580137,0.0117490578585679,0,0.0073154511194857,0.00110840168477056,0,0
32,8,1,64,410717.504979124,53.3776071999891,4,2,2336,0.4,1983,410000,0.0083184789067142,0.0546642899584076,0.054367201426025,0.00089126559714795,0.00445632798573975,0.0136660724896019,0.0326797385620915,0.0202020202020202,0.0264408793820559,0.0285204991087344,0.060308972073678,0.0350564468211527,0.0065359477124183,0.0041592394533571,0.0133689839572193,0.00920974450386215,0.0112893642305407,0.005941770647653
33,8,0,76,720992.166816492,139.533894299995,2,2,3259,2,2010,650000,0.0129991802318773,0.152242651364328,0.0832650193231057,0.00644103525002928,0.00808057149549127,0.0159269235273451,0.0234219463637428,0.0281063356364914,0.0822110317367373,0.0141702775500644,0.0399344185501815,0.0405199672092751,0.0091345590818597,0.000117109731818714,0.000234219463637428,0.000468438927274857,0.000585548659093571,0.00175664597728071
34,8,0,73,525941.352434939,163.634798300001,4,2,1884,0.23,2021,490000,0.00410574804726617,0.0476667334267975,0.0268375726016423,0.000700981373923493,0.000600841177648708,0.00821149609453235,0.0468656118565992,0.0333466853595033,0.102843981574204,0.0152213098337673,0.0263368716202684,0.0884237933106349,0.0119166833566994,0.0161225716002403,0.000200280392549569,0.00230322451432005,0.00100140196274785,0.000400560785099139
1,9,0,29,3664253.61266048,50.2890298999846,3,4,5500,1.08,2019,2160000,0.0232704402515723,0.167295597484277,0.181446540880503,0.0625786163522013,0.0540880503144654,0.0257861635220126,0.00660377358490566,0.0166666666666667,0.0308176100628931,0.0106918238993711,0.0185534591194969,0.020440251572327,0.00251572327044025,0,0,0.00125786163522013,0.00314465408805031,0
2,9,0,6,372197.123359736,176.145192499971,3,2,1560,0.26,2000,307000,0.00568340631696636,0.0412745737445262,0.034845802664679,0.00512438274480574,0.00717413584272803,0.0120190068014535,0.0204043603838629,0.0285102021801919,0.038386285288363,0.0138824187086555,0.0239448430075468,0.0371750675486816,0.00689462405664772,0.00102487654896115,0.00372682381440417,0.00149072952576167,0.0020497530979223,0
3,9,0,30,524902.006656877,150.52001759992,4,4,2820,1.84,1962,495000,0.0117416829745597,0.0223961730811046,0.0347901717764731,0.00804522722330941,0.00793650793650794,0.0197869101978691,0.0106544901065449,0.0176125244618395,0.0169602087410307,0.0143509458577952,0.0515329419439008,0.0388127853881279,0.00184822787562514,0.00130463144161774,0.0142422265709937,0.015220700152207,0.00739291150250054,0.0060882800608828
4,9,1,58,816502.938162536,17.0310456999578,4,4,3584,17.41,1974,575000,0.00338696020321761,0.0880609652836579,0.0999153259949195,0.0558848433530906,0.0499576629974598,0.00762066045723963,0,0,0,0,0,0.056731583403895,0,0,0,0,0,0
6,9,1,20,355871.579469392,140.190191400005,3,4,1604,2,2008,339700,0.00992063492063492,0.0277777777777778,0.0260270774976657,0.0103874883286648,0.0105042016806723,0.0143557422969188,0.01937441643324,0.0184407096171802,0.0376984126984127,0.0271942110177404,0.0408496732026144,0.0500700280112045,0.0184407096171802,0.00676937441643324,0.0182072829131653,0.0100373482726424,0.00630252100840336,0.00443510737628385
8,9,1,4,467314.763025783,144.398578499909,5,3,3077,0.27,2020,478000,0.00597220627081658,0.0445618467899391,0.039049041001493,0.00367520385896405,0.00826920868266912,0.00470885494429769,0.00356035373837143,0.0017227518088894,0,0.00505340530607557,0.0145859653152636,0.00792465832089124,0.0017227518088894,0.00631675663259446,0.00413460434133456,0.0128632135063742,0.00470885494429769,0.00470885494429769
11,9,0,17,480507.79683134,164.2943067,4,5,3369,0.66,1933,450000,0.0027930174563591,0.0199501246882793,0.0086783042394015,0.00159600997506234,0,0.00199501246882793,0.0706234413965087,0.0590523690773067,0.0378054862842893,0.0258354114713217,0.0837905236907731,0.0638403990024938,0.0194513715710723,0.0086783042394015,0.0148628428927681,0.00658354114713217,0.005785536159601,9.97506234413965e-05
12,9,1,66,812667.712784891,92.5352366000006,4,3,2497,0.2,2019,809500,0.0384817211824383,0.164596816512157,0.128214098303306,0.00699667657862515,0.0313101276893476,0.0360328843799195,0.00227391988805317,0.0150428546440441,0.0269372048277068,0.0257127864264474,0.0363827182088508,0.0283365401434319,0.00839601189435018,0.00472275669057198,0.00157425223019066,0.00559734126290012,0,0.000524750743396887
13,9,1,50,1078360.96981615,14.449500799994,5,6,5862,1.8,2013,960595,0.00875486381322957,0.0496108949416342,0.0418287937743191,0.00680933852140078,0.00194552529182879,0.0340466926070039,0.0194552529182879,0.0680933852140078,0.0642023346303502,0.0505836575875486,0.0389105058365759,0.0301556420233463,0,0,0.0126459143968872,0.0116731517509728,0,0
14,9,1,3,866078.265349749,44.2374668,5,3,3356,0.47,2020,874000,0.0138445154419595,0.0418885339013135,0.053248136315229,0.0259140930067448,0.0120695775647852,0.0298189563365282,0.00780972665956692,0.0117145899893504,0.0486332978345758,0,0.0209442669506567,0.0756123535676251,0.00567980120695776,0.00851970181043664,0.00674476393326234,0.0159744408945687,0.00461483848065318,0.00390486332978346
18,9,1,2,824600.450173198,40.5144814000087,3,4,2974,28,1998,780000,0.0146548399537216,0.313536444273043,0.119166988044736,0.0131122252217509,0.021210952564597,0.0389510219822599,0,0.000771307365985345,0.00231392209795604,0,0.0347088314693405,0.0339375241033552,0.000771307365985345,0.00308522946394138,0.000771307365985345,0.0042421905129194,0.0042421905129194,0
19,9,1,65,711173.900454076,81.483539599998,3,3,2495,1.78,2015,700000,0.034639746634996,0.250395882818686,0.172011084718923,0.0192003167062549,0.0229612034837688,0.0376088677751386,0,0,0,0,0,0,0,0,0,0,0,0
20,9,1,65,699542.781187584,117.525722699997,3,3,2495,1.78,2015,700000,0.0101150062352778,0.0310378273520854,0.0184287099903007,0.000138561729250381,0.00360260496050991,0.00623527781626715,0.0410142718581128,0.0397672162948594,0.0892337536372454,0.0307607038935846,0.106138284605792,0.158098933074685,0.0103921296937786,0.0300678952473327,0.000138561729250381,0.00706664819176943,0.0123319939032839,0.00637383954551753
21,9,0,3,919765.742061068,29.5435033999966,5,3,3356,0.47,2020,874000,0.0268872802481903,0.0853154084798345,0.0708376421923475,0.0175801447776629,0.0279214064115822,0.0211995863495346,0.0356773526370217,0.0248190279214064,0.0641158221302999,0.0480868665977249,0.094105480868666,0.0522233712512927,0.00723888314374354,0.00206825232678387,0,0,0,0
22,9,1,3,983147.319661341,13.6096480999986,5,3,3356,0.47,2020,874000,0.016359918200409,0.138036809815951,0.0235173824130879,0,0.0235173824130879,0.00920245398773006,0,0.0408997955010225,0.0224948875255624,0.0132924335378323,0.0521472392638037,0.0603271983640082,0,0.0255623721881391,0.00715746421267894,0,0,0
23,9,1,27,950329.478455088,30.5630687000084,3,3,2809,1.53,1996,949000,0.00751503006012024,0.0896793587174349,0.0465931863727455,0.0115230460921844,0.0255511022044088,0.0135270541082164,0.0185370741482966,0.0250501002004008,0.0240480961923848,0.0566132264529058,0.0551102204408818,0.0260521042084168,0.00350701402805611,0.00601202404809619,0.00250501002004008,0.0105210420841683,0.00450901803607214,0.0100200400801603
24,9,1,45,1212365.11724083,49.0598708000034,4,4,3087,0.25,2020,1070000,0.00740502253702511,0.0553766902768834,0.0228589826142949,0.00708306503541533,0.00386349001931745,0.0502253702511269,0.0193174500965873,0.0193174500965873,0.034771410173857,0.0160978750804894,0.0244687701223439,0.057630392788152,0.0338055376690277,0.00354153251770766,0.000643915003219575,0,0.000643915003219575,0.0025756600128783
25,9,1,3,968991.227253303,13.1778107999999,5,3,3356,0.47,2020,874000,0.00210748155953635,0.0885142255005269,0.0453108535300316,0,0,0.0284510010537408,0,0.0210748155953635,0.0147523709167545,0,0.0316122233930453,0.00210748155953635,0.035827186512118,0,0,0.00316122233930453,0,0
26,9,0,65,747993.224585518,114.5575889,3,3,2495,1.78,2015,700000,0.0115565701241261,0.0496504494221715,0.0529319446426024,0.0265373091739192,0.0164074761021544,0.0340990155514339,0.00941646454558425,0.0122699386503067,0.0186902553859324,0.0269653302896276,0.0370951633613925,0.0438008275074904,0.0111285490084177,0.004565558567556,0.00713368526180625,0.0174061920388072,0.006848337851334,0.0005706948209445
27,9,1,53,762959.69853611,71.9285743000219,5,4,3632,1.09,1990,788000,0.00044873233116446,0,0.00044873233116446,0,0.00291676015256899,0.00044873233116446,0,0,0,0,0.00179492932465784,0.00201929549024007,0.000897464662328921,0,0,0.00112183082791115,0,0.00381422481489791
28,9,0,24,977390.449924446,61.6533658000408,6,5,3250,28.27,2014,845000,0.0170895908855515,0.0214914552045572,0.0100983946141895,0.00517866390471258,0.00517866390471258,0.00284826514759192,0.0396167788710513,0.069135163127913,0.0339202485758674,0.0310719834282755,0.0836354220611082,0.0383221128948731,0.0240807871569135,0.0103573278094252,0.0176074572760228,0.0225271879854997,0.0432418436043501,0.00517866390471258
29,9,1,74,499560.937861661,146.228181399987,4,2,2335,0.8,1925,495000,0.00111856823266219,0.0203579418344519,0.00425055928411633,0,0,0.000111856823266219,0.0890380313199105,0.0479865771812081,0.0681208053691275,0.0331096196868009,0.173489932885906,0.0684563758389262,0.00894854586129754,0.00749440715883669,0.0023489932885906,0.0121923937360179,0.0162192393736018,0
30,9,0,50,1031525.89325517,11.5186116,5,6,5862,1.8,2013,960595,0.0528169014084507,0.0633802816901408,0.0187793427230047,0.0164319248826291,0,0.0129107981220657,0,0.0234741784037559,0,0,0.039906103286385,0.0434272300469484,0,0,0.0105633802816901,0.0164319248826291,0,0
31,9,1,27,985169.779885064,32.3159168,3,3,2809,1.53,1996,949000,0.01713469776297,0.115659209900048,0.0785340314136126,0.00713945740123751,0.0161827701094717,0.00666349357448834,0.0138029509757258,0.025702046644455,0.025702046644455,0.0233222275107092,0.0685387910518801,0.02855782960495,0.02284626368396,0.00523560209424084,0.00475963826749167,0,0,0
32,9,1,72,921839.878754894,26.0346870999929,3,2,1612,0.81,1980,930000,0.00870069605568445,0.0939675174013921,0.04292343387471,0.000580046403712297,0.0139211136890951,0.0179814385150812,0.0197215777262181,0.0220417633410673,0.0342227378190255,0.118329466357309,0.0388631090487239,0.0504640371229698,0.0243619489559165,0.00870069605568445,0.00406032482598608,0.0179814385150812,0.00116009280742459,0.000580046403712297
33,9,0,30,525489.341043369,98.4974573000072,4,4,2820,1.84,1962,495000,0.00181069958847737,0.0245267489711934,0.017119341563786,0,0.00213991769547325,0.000987654320987654,0.0669958847736626,0.077201646090535,0.0553086419753086,0.0195884773662551,0.0747325102880658,0.051522633744856,0.011522633744856,0.00329218106995885,0.0042798353909465,0.000823045267489712,0,0
34,9,0,17,486188.044493541,80.7406729000068,4,5,3369,0.66,1933,450000,0.0171690956278698,0.347574366140946,0.156118985825514,0.00758634457975644,0.0199640646835696,0.0109802355759633,0.0135755639848273,0.0181672988620483,0.00818526652026353,0.0171690956278698,0.0347374725494111,0.0397284887203035,0.00319425034937113,0.00339389099620683,0.000399281293671391,0.000598921940507087,0.0047913755240567,0
1,10,0,17,474579.221204434,31.9235308999196,4,5,3369,0.66,1933,450000,0.0442733397497594,0.15832531280077,0.192974013474495,0.0717035611164581,0.0615976900866217,0.0384985563041386,0,0,0,0,0,0,0.00962463907603465,0,0,0,0,0
3,10,0,47,653848.615284812,25.7861868999898,3,2,2509,2.48,1994,595000,0.0193095377413692,0.0942071386775892,0.0392042129900527,0.00351082504388531,0.0362785254534816,0.129315389116442,0.0193095377413692,0.00117027501462844,0.023990637799883,0,0.0117027501462844,0.023990637799883,0,0,0.00175541252194266,0.00819192510239906,0.00175541252194266,0.00292568753657109
6,10,0,11,1522243.61186117,22.7862782000011,3,3,1822,1.83,2007,1125000,0.0320890635232482,0.0635232481990832,0.102815979043877,0.0275049115913556,0.00327439423706614,0.0399476096922069,0,0,0,0,0.0275049115913556,0.00982318271119843,0.0242305173542895,0,0,0.00523903077930583,0.0176817288801572,0.00523903077930583
8,10,0,9,11018170.2746244,74.835739800008,7,9,5623,0.27,1895,9975000,0.0109866436880655,0.0753985351141749,0.042654028436019,0.002585092632486,0.0140025850926325,0.013356311934511,0.011632916846187,0.0028005170185265,0.004739336492891,0.011632916846187,0.035329599310642,0.0269280482550625,0.0002154243860405,0.003446790176648,0.015079707022835,0.001292546316243,0,0
11,10,0,46,8402890.95947254,118.095336099999,8,9,13602,3.59,2003,7750000,0.00524065646117777,0.0227554820024824,0.00951592883740174,0.0100675768859468,0.00344780030340643,0.00496483243690525,0.0554406288787753,0.0478554682112812,0.059026341194318,0.0359950351675631,0.0839884153909806,0.0765411667356227,0.0132395531650807,0.00827472072817542,0.00799889670390291,0.00565439249758654,0.00413736036408771,0.00124120810922631
13,10,0,51,670206.358192766,55.0361840999976,6,4,3642,2,2006,500000,0,0.0438672438672439,0.015007215007215,0.00144300144300144,0.000288600288600289,0.00115440115440115,0.0277056277056277,0.0352092352092352,0.0242424242424242,0.0542568542568543,0.0505050505050505,0.0793650793650794,0.000865800865800866,0.00404040404040404,0.0176046176046176,0.0176046176046176,0.00115440115440115,0.000865800865800866
14,10,0,51,541032.111987116,62.4896885999999,6,4,3642,2,2006,500000,0.00485685071574642,0.0191717791411043,0.0406441717791411,0.0143149284253579,0.010480572597137,0.0291411042944785,0.0212167689161554,0.0286298568507157,0.0273517382413088,0.015081799591002,0.0534253578732106,0.0559815950920245,0.00715746421267894,0,0.000511247443762781,0.00332310838445808,0.00460122699386503,0.00357873210633947
18,10,0,67,551500.087179809,38.3636230999982,3,3,2045,0.2,2021,524900,0.00487012987012987,0.30275974025974,0.144074675324675,0.00446428571428571,0.00405844155844156,0.0154220779220779,0,0,0,0,0.0413961038961039,0.0507305194805195,0.00689935064935065,0,0,0,0,0
19,10,0,41,602886.202670643,98.5088609000086,3,3,2171,0.2,2005,569500,0,0,0,0,0,0,0,0,0,0,0,0,0,0,0,0,0,0
21,10,1,33,771077.073525306,25.8330321000249,3,2,1728,0.26,1998,695000,0.0292226767971946,0.239625949736996,0.158386908240795,0.00818234950321449,0.105786090005845,0.037989479836353,0,0.00584453535943892,0,0,0.00935125657510228,0.0496785505552309,0.00467562828755114,0.00116890707188778,0,0,0,0
22,10,1,71,757429.680030465,22.2295737000022,4,3,2759,0.4,2013,699000,0.0508361204013378,0.123076923076923,0.0354515050167224,0.020066889632107,0.0193979933110368,0.0454849498327759,0.0240802675585284,0.0127090301003344,0.0381270903010033,0.0374581939799331,0.00668896321070234,0.0301003344481605,0.000668896321070234,0,0.000668896321070234,0.00735785953177258,0,0
23,10,0,33,756915.557561473,19.2949863999966,3,2,1728,0.26,1998,695000,0.0447308567096285,0.0416982562547384,0.0409401061410159,0.0280515542077331,0.0303260045489007,0.0250189537528431,0,0,0,0.0280515542077331,0.0409401061410159,0.0128885519332828,0.00833965125094769,0.00151630022744503,0.0197119029567854,0.000758150113722517,0.00682335102350265,0
24,10,1,29,2302310.77142662,88.696355299995,3,4,5500,1.08,2019,2160000,0.0162231133795115,0.039008384979949,0.030623405030988,0.00510390083849799,0.00674444039372949,0.016040831206708,0.0842143638352169,0.0674444039372949,0.0656215822092599,0.0311702515493985,0.0590594239883339,0.0895005468465184,0.026977761574918,0.00783813343055049,0.0023696682464455,0.001822821728035,0.00619759387531899,0
25,10,1,76,743519.351115922,13.2290949000162,2,2,3259,2,2010,650000,0.00842992623814542,0.130663856691254,0.110642781875659,0.00526870389884088,0.00421496311907271,0.00316122233930453,0,0.0147523709167545,0,0.0158061116965227,0.0189673340358272,0.0284510010537408,0.0516332982086407,0,0.00105374077976818,0.0147523709167545,0,0
26,10,0,67,553319.236051164,129.3800466,3,3,2045,0.2,2021,524900,0.00910470409711684,0.0208649468892261,0.0509610520991401,0.0111279716742539,0.0173242286292362,0.0214972180070814,0.0123925139099646,0.0198533131006576,0.0155538694992413,0.033889731917046,0.058295397066262,0.0658826504805261,0.0140364188163885,0.00518462316641376,0.0117602427921093,0.0140364188163885,0.0110015174506829,0.00998988366211431
27,10,0,13,577729.610323206,186.210417900002,3,4,2922,0.45,2002,500000,0,0.000353606789250354,0,0,0,0,0,0,0,0,0.00521570014144272,0.00822135785007072,0.00114922206506365,0,0.00053041018387553,0.00114922206506365,0.000884016973125884,0.000176803394625177
28,10,0,75,659457.702188358,112.29300960002,5,4,3834,10,2007,625000,0.0124655747209741,0.0315987824322366,0.0166690824757211,0.00463835338454849,0.0028989708653428,0.00376866212494564,0.0458037396724163,0.0389911581388607,0.0597187998260617,0.0640672561240759,0.0955210900130454,0.0689955065951587,0.0150746484997826,0.014494854326714,0.00550804464415133,0.0214523844035367,0.0282649659370923,0.00188433106247282
29,10,0,56,2021573.79083667,213.049880699953,5,5,5006,2.73,2009,1100000,0.00108174934322361,0.0107402256220059,0.00216349868644723,7.72678102302581e-05,0.000695410292072323,0,0.0618142481842065,0.0466697573790759,0.0511512903724308,0.0221758615360841,0.117292535929532,0.0550146808839437,0.0106629578117756,0.00517694328542729,0.000772678102302581,0.00749497759233503,0.00695410292072323,0.000618142481842065
30,10,0,47,669721.290645982,46.2778203,3,2,2509,2.48,1994,595000,0,0.0541368743615935,0.0160027238678924,0.000340483486550902,0.00612870275791624,0.0112359550561798,0.0129383724889343,0,0.00919305413687436,0,0,0.0125978890023834,0.00408580183861083,0.000680966973101805,0.0204290091930541,0.00783112019067075,0.00204290091930541,0
31,10,0,19,632530.337436416,43.2463756,4,3,2381,0.36,1997,599000,0.000725426187885383,0.0431628581791803,0.0221254987305042,0.00326441784548422,0.00362713093942691,0.00652883569096844,0.0533188248095756,0.0576713819368879,0.0279289082335872,0.0598476605005441,0.117881755531375,0.0660137830975698,0.00362713093942691,0.0228509249183896,0.00870511425462459,0.00217627856365615,0,0
32,10,1,58,577999.84732775,38.5689445999888,4,4,3584,17.41,1974,575000,0.0634087237479806,0.198707592891761,0.112277867528271,0.00686591276252019,0.00444264943457189,0.0920840064620355,0.0117124394184168,0.00484652665589661,0.0173667205169628,0.00807754442649435,0.0169628432956381,0.00767366720516963,0.00121163166397415,0.00444264943457189,0.000403877221324717,0.015751211631664,0.00323101777059774,0.000807754442649435
33,10,0,74,539986.127980289,39.1947416999901,4,2,2335,0.8,1925,495000,0.00437549721559268,0.129276054097056,0.0676213206046142,0.00437549721559268,0.007557677008751,0,0.0155131264916468,0.0310262529832936,0.0994431185361973,0.0103420843277645,0.0513126491646778,0.0485282418456643,0.00715990453460621,0.000397772474144789,0.000795544948289578,0.000795544948289578,0,0
34,10,0,41,609754.754973335,223.6310008,3,3,2171,0.2,2005,569500,0.000809537827494849,0.0426847218133647,0.0203120400353253,7.35943479540771e-05,0.0016190756549897,0.00139829261112747,0.0643950544598175,0.0474683544303797,0.0721960553429497,0.0225198704739476,0.0370179570209008,0.0487930526935531,0.0051516043567854,0.00456284957315278,0.00125110391521931,0.00588754783632617,0.00382690609361201,0
1,11,0,9,10824051.6486545,52.9333925000392,7,9,5623,0.27,1895,9975000,0.0152740341419587,0.105720275531596,0.120395327942498,0.0362383947289608,0.039832285115304,0.0512129380053908,0.0140760706798443,0.0107816711590297,0.0251572327044025,0.0673854447439353,0.0703803533992213,0.0452231206948188,0.00449236298292902,0.000299490865528601,0.0131775980832585,0.00569032644504343,0.000598981731057203,0
3,11,1,63,167453.380573103,31.2611076000612,3,2,1412,0.14,2008,174900,0.0279823269513991,0.0873834069710358,0.117820324005891,0.0490918016691213,0.0510554737358861,0.105547373588611,0,0,0,0,0.0117820324005891,0.0171821305841924,0.00638193421698576,0,0.0274914089347079,0.00343642611683849,0.000490918016691213,0
6,11,0,38,312699.542587053,188.853214799994,3,2,1743,4.43,1985,292000,0.0168842471714534,0.0327241079199304,0.0248912097476066,0.00704960835509138,0.0072236727589208,0.0363794604003481,0.0121845082680592,0.0295909486510009,0.0382941688424717,0.0273281114012184,0.0754569190600522,0.0687554395126197,0.00835509138381201,0.00522193211488251,0.0138381201044386,0.00522193211488251,0.00574412532637076,0.00391644908616188
14,11,0,3,928118.116558577,32.1650191000001,5,3,3356,0.47,2020,874000,0.0286806883365201,0.0377629063097514,0.0602294455066922,0.0119502868068834,0.000478011472275335,0.0215105162523901,0,0,0.0573613766730402,0.000478011472275335,0.0678776290630975,0.0841300191204589,0.0310707456978968,0.0286806883365201,0.012906309751434,0.0325047801147228,0.0176864244741874,0.00717017208413002
18,11,1,53,787915.825097172,47.0393326999911,5,4,3632,1.09,1990,788000,0.0201005025125628,0.375544388609715,0.190284757118928,0.00435510887772194,0.0177554438860972,0.0174204355108878,0,0,0,0,0.00301507537688442,0.0348408710217755,0.0016750418760469,0,0,0,0,0
19,11,1,53,801837.931845922,32.8133704000065,5,4,3632,1.09,1990,788000,0,0,0,0,0,0,0,0,0,0,0,0,0,0,0,0,0,0
21,11,0,27,1140364.12110974,11.2082695999998,3,3,2809,1.53,1996,949000,0.00119904076738609,0.15947242206235,0.115107913669065,0.00359712230215827,0.0575539568345324,0.0167865707434053,0,0,0.0683453237410072,0,0.0335731414868106,0.127098321342926,0.00119904076738609,0.0119904076738609,0.00479616306954436,0,0,0
22,11,0,66,913257.585709827,22.0104873000018,4,3,2497,0.2,2019,809500,0.0560053981106613,0.167341430499325,0.0398110661268556,0.00404858299595142,0.0330634278002699,0.0175438596491228,0,0.0249662618083671,0.0107962213225371,0,0.0303643724696356,0.000674763832658569,0.000674763832658569,0.000674763832658569,0.000674763832658569,0.00202429149797571,0.00742240215924426,0.00539811066126856
23,11,0,27,1087773.79452881,46.9264934999956,3,3,2809,1.53,1996,949000,0.0486903962390866,0.120214909335124,0.0822699798522498,0.0658159838817999,0.0396239086635326,0.0685023505708529,0.0120886501007388,0.00805910006715917,0.00402955003357958,0.0211551376762928,0.0154466084620551,0.0366017461383479,0.00369375419744795,0,0.0137676292813969,0.00302216252518469,0,0
24,11,0,14,191729.209558108,44.8915558000153,3,2,1404,1,1986,165000,0.00525210084033613,0.0374649859943978,0.0276610644257703,0,0.00280112044817927,0.0112044817927171,0.00490196078431373,0,0.0115546218487395,0.0108543417366947,0.0273109243697479,0.0878851540616246,0.0311624649859944,0.0189075630252101,0.0112044817927171,0.00525210084033613,0.007703081232493,0.00140056022408964
25,11,1,27,1005934.29628739,10.59930240002,3,3,2809,1.53,1996,949000,0.01143583227446,0.0571791613722999,0.0825921219822109,0.00254129606099111,0.00381194409148666,0.0139771283354511,0,0,0,0,0.00381194409148666,0.0228716645489199,0.048284625158831,0,0.00254129606099111,0,0,0
26,11,0,3,880302.801172935,117.820318999999,5,3,3356,0.47,2020,874000,0.0131433314886552,0.0626729385722192,0.0805201992252352,0.0207526286662977,0.0159103486441616,0.0210293303818484,0.018262313226342,0.027393469839513,0.0268400664084117,0.0250415052573326,0.125622578859989,0.0289153292750415,0.0110680686220255,0.00318206972883232,0.00179856115107914,0.0107913669064748,0.00788599889319314,0.00332042058660764
27,11,0,3,941437.572664684,52.1953795000445,5,3,3356,0.47,2020,874000,0,0,0,0,0,0,0,0,0,0,0,0.000609013398294762,0,0.00213154689403167,0.00152253349573691,0.00730816077953715,0.000304506699147381,0.00182704019488429
28,11,1,30,505664.147446645,51.3747266000137,4,4,2820,1.84,1962,495000,0.0342064714946071,0.0277349768875193,0.00955315870570108,0.0252696456086287,0.0107858243451464,0.0215716486902928,0.050231124807396,0.0197226502311248,0.014175654853621,0.0406779661016949,0.109707241910632,0.0431432973805855,0.0240369799691834,0.0175654853620955,0.0178736517719569,0.038828967642527,0.0600924499229584,0.00893682588597843
29,11,0,55,268201.097172708,239.027197499992,3,2,1367,0.35,1988,254900,0.00337721414294576,0.0188159073678407,0.00827072851333655,0.000551381900889103,0.00234337307877869,0,0.0696808877248604,0.0591357088703563,0.0616169274243573,0.0338410641670687,0.103108415466262,0.0778137707629747,0.0136467020470053,0.0119236336067269,0.00289475497966779,0.0113722517058378,0.0144048521607278,0.00206768212833414
30,11,0,66,913582.204645466,19.6689597999998,4,3,2497,0.2,2019,809500,0,0.0938897168405365,0.0014903129657228,0.0029806259314456,0,0.00447093889716841,0,0,0.026080476900149,0,0.0163934426229508,0.0521609538002981,0,0,0.0342771982116244,0.00968703427719821,0,0.000745156482861401
31,11,1,24,861821.018273925,16.9446585999999,6,5,3250,28.27,2014,845000,0.0254668930390492,0.144312393887946,0.0449915110356537,0.0127334465195246,0.0195246179966044,0.0101867572156197,0,0.0186757215619694,0.0220713073005093,0.0178268251273345,0.0687606112054329,0.0178268251273345,0.0118845500848896,0,0.0067911714770798,0,0,0
32,11,1,50,954200.68236104,32.0848999000009,5,6,5862,1.8,2013,960595,0.00670819357930043,0.116435074269286,0.0747484427407762,0.00862482031624341,0.0162913272640153,0.0445615716339243,0.020603737422137,0.0129372304743651,0.0177287973167226,0.0114997604216579,0.0340201245807379,0.050790608528989,0.0258744609487302,0.0105414470531864,0.00479156684235745,0.00910397700047916,0.00479156684235745,0.00095831336847149
33,11,0,55,287517.037105394,67.5691100999975,3,2,1367,0.35,1988,254900,0.0203888098624941,0.155049786628734,0.0855855855855856,0.00829777145566619,0.010194404931247,0.0312944523470839,0.0208629682313893,0.0244191559981034,0.0346135609293504,0.0116168800379327,0.0419630156472262,0.0334281650071124,0.00711237553342817,0,0.000711237553342817,0,0,0
34,11,1,18,330426.323275779,119.176316099998,3,2,1387,1.08,2005,334500,0.00109349371241115,0.0403225806451613,0.023236741388737,0,0.0047840349917988,0.00109349371241115,0.0604155276107162,0.0723072717331875,0.0720338983050847,0.0326681246582832,0.0667031164570804,0.0676599234554401,0.0113449972662657,0.00341716785128486,0.00382722799343904,0.00218698742482231,0.000136686714051394,0.00177692728266812
1,12,1,51,488284.36074064,62.8880196998361,6,4,3642,2,2006,500000,0.00304878048780488,0.040650406504065,0.0703760162601626,0.0177845528455285,0.00889227642276423,0.0170223577235772,0.0188008130081301,0.0315040650406504,0.0383638211382114,0.0335365853658537,0.0330284552845528,0.0503048780487805,0.0038109756097561,0.00177845528455285,0.00635162601626016,0.00076219512195122,0.00457317073170732,0
3,12,1,23,416841.246255219,20.7046556000132,3,2,936,0.38,1973,425000,0.0256410256410256,0.0484330484330484,0.0398860398860399,0.032051282051282,0.0391737891737892,0.0584045584045584,0.0113960113960114,0.0263532763532764,0.0106837606837607,0.0199430199430199,0.0733618233618234,0.0263532763532764,0.014957264957265,0.000712250712250712,0.00213675213675214,0,0,0.000712250712250712
14,12,1,63,160100.119501858,26.8064158,3,2,1412,0.14,2008,174900,0.0299435028248588,0.175706214689266,0.114124293785311,0.0355932203389831,0.0265536723163842,0.0870056497175141,0,0.0265536723163842,0.00169491525423729,0.0186440677966102,0.00790960451977401,0.0175141242937853,0.00621468926553672,0,0.00677966101694915,0,0,0
18,12,0,63,188056.090296529,55.4469064000004,3,2,1412,0.14,2008,174900,0.0117478510028653,0.126934097421203,0.102578796561605,0,0.0126074498567335,0.00916905444126074,0.00974212034383954,0.00888252148997135,0.0538681948424069,0,0.0226361031518625,0.0435530085959885,0.00601719197707736,0.00401146131805158,0,0,0.000573065902578797,0.000573065902578797
19,12,0,59,250479.057373528,23.7922696000023,3,2,1128,0.52,1910,225000,0,0,0,0,0,0,0,0,0,0,0,0,0,0,0,0,0,0
21,12,0,70,282210.031299629,89.9042710000067,2,2,1200,0.54,1999,249900,0.0203347129746266,0.0969947813568472,0.057405074680583,0.00395897066762642,0.0269929818247256,0.0174554615799892,0.0167356487313299,0.0196149001259672,0.0440885369803851,0.00971747345690121,0.0233939175814288,0.0484074140723412,0.00467878351628577,0.0111570991542199,0.00755803491092316,0.00161957890948353,0.000359906424329674,0
22,12,1,61,115925.828940095,34.7564576000004,3,2,1568,0.45,1990,95000,0.0467497773820125,0.180320569902048,0.097506678539626,0.0111308993766696,0.0387355298308103,0.0365093499554764,0,0.0151380231522707,0.0191451469278718,0.0431878895814782,0.0454140694568121,0.0231522707034728,0.0138023152270703,0.00445235975066785,0.00489759572573464,0,0,0
23,12,0,61,100714.569576494,57.7786097000062,3,2,1568,0.45,1990,95000,0.0460308710033076,0.0813120176405733,0.0884785005512679,0.0286659316427784,0.0237045203969129,0.0402425578831312,0.00523704520396913,0.0286659316427784,0.0336273428886439,0.0512679162072767,0.0796582138919515,0.0443770672546858,0.00165380374862183,0.000275633958103638,0,0.00523704520396913,0,0
24,12,0,65,767006.518776286,115.832803600002,3,3,2495,1.78,2015,700000,0.0101194659170766,0.0290934645115952,0.023330990864371,0.00267041461700632,0.00252986647926915,0.00477863668306395,0.0172874209416725,0.0299367533380183,0.0411806043569923,0.00801124385101897,0.0379479971890372,0.0773014757554462,0.025720309205903,0.0133520730850316,0.0122276879831342,0.00857343640196767,0.00477863668306395,0
25,12,0,77,265343.141740827,25.6434948000242,3,2,1504,5.35,2005,219000,0.000592417061611374,0.028436018957346,0.0219194312796209,0,0.000592417061611374,0,0,0.014218009478673,0.000592417061611374,0,0.0154028436018957,0.0118483412322275,0.014218009478673,0,0.00710900473933649,0,0,0
26,12,0,70,270153.445228354,110.4285413,2,2,1200,0.54,1999,249900,0.0252249594335448,0.0343708511579879,0.0430741997344741,0.0302404484437233,0.025815016964154,0.0380587107242956,0.0205044991886709,0.0224221861631509,0.0227172149284555,0.0185868122141909,0.0531051777548311,0.0314205635049417,0.0110635786989231,0.000737571913261543,0.0069331759846585,0.00708069036731081,0.0067856616020062,0.00708069036731081
27,12,1,77,203151.319669743,71.1635298000183,3,2,1504,5.35,2005,219000,0.00702469975073646,0.0149558123725357,0.00725130296850215,0.00453206435531384,0.00226603217765692,0.000226603217765692,0.000453206435531385,0.00317244504871969,0.005891683661908,0.0208474960344437,0.00249263539542262,0.0156356220258328,0.00113301608882846,0.00249263539542262,0.00339904826648538,0.00271923861318831,0.000906412871062769,0
28,12,0,62,400533.156707033,231.933015899966,4,3,2436,1.09,1980,365000,0.00276870651710919,0.00383359363907426,0.00376260116427659,0.00461451086184864,0.0044725259122533,0.00362061621468124,0.0625443702967485,0.110748260684367,0.0482748828624166,0.0798665341473804,0.115717733920204,0.073690188839983,0.00908703677410195,0.0157603294050831,0.0127076529887832,0.0326565384069289,0.0305267641629987,0.0178901036490132
29,12,1,19,575850.550954576,144.406113900011,4,3,2381,0.36,1997,599000,0.00271831464492015,0.00521010306943029,0.00373768263676521,0,0,0.000226526220410012,0.0887982784007249,0.0429267187676974,0.0515347151432778,0.0579907124249632,0.132857628270472,0.0805300713557594,0.0151772567674708,0.018914939404236,0.00339789330615019,0.0108732585796806,0.018461886963416,0.00237852531430513
30,12,0,21,103235.903988061,9.58856779999996,2,1,650,0.5,1960,79000,0.014945652173913,0.177989130434783,0.0339673913043478,0,0,0.00679347826086957,0,0,0,0,0,0,0,0,0.0258152173913043,0.0135869565217391,0,0
31,12,0,22,254978.891086769,57.4625082,3,2,1949,5,1998,233000,0.00664635834948768,0.0700636942675159,0.0354472445306009,0.00166158958737192,0.00636942675159236,0.0102464691221268,0.0279700913874273,0.0271392965937413,0.0204929382442537,0.0285239545832179,0.0404320132927167,0.0326779285516477,0.00609249515369704,0.0329548601495431,0.00609249515369704,0.0119080587094988,0.00055386319579064,0
32,12,0,77,230960.557291662,74.6671156000084,3,2,1504,5.35,2005,219000,0.036191296854804,0.147565704437742,0.0922016372253339,0.01723395088324,0.037483843171047,0.031451960361913,0.0424386040499785,0.0208961654459285,0.0308056872037915,0.0607496768634209,0.0807841447651874,0.037914691943128,0.0135717363205515,0.0032313657906075,0.002585092632486,0.00775527789745799,0.00840155105557949,0.0032313657906075
33,12,0,34,400470.873567304,28.3533179000078,3,3,2262,5.53,1995,369000,0.02361782071927,0.240472356414385,0.129361245303274,0.0144927536231884,0.0558239398819109,0.0327428878153516,0.00858829844337091,0.0139559849704777,0.0230810520665593,0,0.0123456790123457,0.00751476113794954,0.00107353730542136,0.000536768652710682,0,0.0123456790123457,0.000536768652710682,0
34,12,0,59,237203.180478289,43.3202100000053,3,2,1128,0.52,1910,225000,0.0242577842143374,0.344315713251267,0.248732802317161,0.00868935553946416,0.0329471397538016,0.0604634322954381,0,0,0,0,0.00796524257784214,0.0267921795800145,0.00362056480811007,0.00724112961622013,0,0.000362056480811006,0.00108616944243302,0
