subjectNum,sessionNum,blockNum,isChoice,isDelay,isRisk,stimNum,stim_1,stim_2,stim_3,stim_4,stim_5,stim_6,stimLoc,trialType,resp,rt
1,1,1,1,1,0,4,8.5,20,0,2,55,0,6,3,0,4.20730090001598
1,1,1,1,1,0,35,13,70,0,12,75,0,6,3,0,3.76860420010053
1,1,1,1,1,0,29,7,20,0,6,25,0,6,3,0,4.20047500007786
1,1,1,1,1,0,6,7,45,0,19,20,0,6,3,0,2.23552239988931
1,1,1,1,1,0,2,5,40,0,7.5,75,0,6,3,1,1.95689029991627
1,1,1,1,1,0,40,18,15,0,9.5,20,0,6,3,1,3.76804619980976
1,1,1,1,1,0,31,8.5,50,0,5,70,0,6,3,0,3.98658520006575
1,1,1,1,1,0,16,14,45,0,16,65,0,3,3,1,3.97649740008637
1,1,1,1,1,0,27,1.5,95,0,5.25,50,0,3,3,0,2.82100700004958
1,1,1,1,1,0,38,15.5,40,0,8,45,0,3,3,1,3.4285468000453
1,1,1,1,1,0,11,18.25,70,0,14,90,0,3,3,0,2.4731771000661
1,1,1,1,1,0,9,2,30,0,1,40,0,3,3,0,2.20060310000554
1,1,1,1,1,0,41,19,65,0,17,80,0,3,3,0,2.69260680000298
1,1,1,1,1,0,23,1.75,80,0,7.75,60,0,3,3,1,2.58623640006408
1,1,1,1,1,0,21,5.5,70,0,6,95,0,5,3,1,3.7531666001305
1,1,1,1,1,0,5,20,85,0,16,100,0,5,3,0,3.57482800004072
1,1,1,1,1,0,39,14,55,0,17,35,0,5,3,0,3.08677009982057
1,1,1,1,1,0,1,3,30,0,5,50,0,5,3,1,3.09757079998963
1,1,1,1,1,0,37,10,10,0,14.5,5,0,5,3,0,3.08933710004203
1,1,1,1,1,0,12,9.25,40,0,12,35,0,5,3,1,3.9044820999261
1,1,1,1,1,0,42,11,50,0,20,30,0,5,3,0,4.17658079997636
1,1,1,1,1,0,3,13.5,55,0,15,85,0,2,3,1,3.28163290000521
1,1,1,1,1,0,34,12,15,0,4,35,0,2,3,1,3.5122888002079
1,1,1,1,1,0,26,4,45,0,2.5,65,0,2,3,0,1.98188929981552
1,1,1,1,1,0,18,15,35,0,18.75,80,0,2,3,1,4.48971689981408
1,1,1,1,1,0,17,3.25,85,0,2,80,0,2,3,1,2.4264577999711
1,1,1,1,1,0,24,19,70,0,10,90,0,2,3,0,4.59298960003071
1,1,1,1,1,0,13,16.5,25,0,19.5,5,0,2,3,0,1.93190820002928
1,1,1,1,1,0,19,15,75,0,17.5,25,0,4,3,0,2.94506769999862
1,1,1,1,1,0,14,12,90,0,16.75,45,0,4,3,0,3.08872959995642
1,1,1,1,1,0,7,16.75,65,0,16,50,0,4,3,1,3.21058479999192
1,1,1,1,1,0,10,19.5,10,0,18.5,10,0,4,3,1,2.46721489983611
1,1,1,1,1,0,22,19.5,65,0,20,90,0,4,3,1,3.14643169986084
1,1,1,1,1,0,20,10,95,0,15.75,35,0,4,3,0,2.33166699996218
1,1,1,1,1,0,30,8,75,0,6.5,90,0,4,3,0,6.11277309991419
1,1,1,1,1,0,25,8.5,50,0,9,60,0,1,3,1,3.53059470001608
1,1,1,1,1,0,28,6,25,0,3.5,40,0,1,3,0,3.83476080000401
1,1,1,1,1,0,36,14,15,0,8.25,20,0,1,3,0,4.18896920001134
1,1,1,1,1,0,15,17.25,25,0,10,50,0,1,3,0,2.35976719995961
1,1,1,1,1,0,32,7,40,0,9.5,30,0,1,3,0,3.83298890013248
1,1,1,1,1,0,8,2.5,90,0,16,15,0,1,3,0,3.39310039998963
1,1,1,1,1,0,33,11,65,0,6,85,0,1,3,0,2.92914509982802
1,1,2,0,1,0,71,6,25,0,0,0,0,1,4,2.43591815152213,9.48569060000591
1,1,2,0,1,0,16,16,65,0,0,0,0,1,4,10.0145015642657,5.17563529987819
1,1,2,0,1,0,30,8,75,0,0,0,0,1,4,5.98833953312974,5.45990450005047
1,1,2,0,1,0,14,16.75,45,0,0,0,0,1,4,5.01041929957347,2.38414630014449
1,1,2,0,1,0,20,15.75,35,0,0,0,0,1,4,3.45305373497543,2.20185000007041
1,1,2,0,1,0,25,9,60,0,0,0,0,1,4,4.03214513455646,2.11688840016723
1,1,2,0,1,0,2,7.5,75,0,0,0,0,1,4,5.02066940050083,1.79812279995531
1,1,2,0,1,0,75,6,85,0,0,0,0,1,4,4.446920422391,3.18136539985426
1,1,2,0,1,0,78,8.25,20,0,0,0,0,1,4,1.04414849718111,1.77301399991848
1,1,2,0,1,0,62,10,95,0,0,0,0,1,4,8.01212383798594,1.3902365998365
1,1,2,0,1,0,29,7,20,0,0,0,0,1,4,2.0064147342708,1.1399536000099
1,1,2,0,1,0,55,16.5,25,0,0,0,0,1,4,4.02031156416027,1.41693720011972
1,1,2,0,1,0,32,9.5,30,0,0,0,0,1,4,3.12956324214676,1.49120689998381
1,1,2,0,1,0,24,19,70,0,0,0,0,1,4,12.9973307751232,1.48778369999491
1,1,2,0,1,0,50,2.5,90,0,0,0,0,5,4,2.02040590619034,2.41009579994716
1,1,2,0,1,0,45,13.5,55,0,0,0,0,5,4,6.03443779722067,1.47773410007358
1,1,2,0,1,0,81,14,55,0,0,0,0,5,4,6.5244660338019,1.79325759992935
1,1,2,0,1,0,5,20,85,0,0,0,0,5,4,14.9587954121302,1.41388519993052
1,1,2,0,1,0,11,18.25,70,0,0,0,0,5,4,15.5344083013369,1.70762020000257
1,1,2,0,1,0,34,12,15,0,0,0,0,5,4,1.59866033937191,1.6018735000398
1,1,2,0,1,0,22,20,90,0,0,0,0,5,4,17.5508950543135,1.45343360002153
1,1,2,0,1,0,12,12,35,0,0,0,0,5,4,3.53595347190627,1.404626699863
1,1,2,0,1,0,53,14,90,0,0,0,0,5,4,12.0076062553157,1.2876716000028
1,1,2,0,1,0,79,10,10,0,0,0,0,5,4,1.0372220514598,1.65640420001
1,1,2,0,1,0,59,2,80,0,0,0,0,5,4,1.49952592008842,1.24468419980258
1,1,2,0,1,0,65,1.75,80,0,0,0,0,5,4,0.768349181926027,1.70116070006043
1,1,2,0,1,0,15,17.25,25,0,0,0,0,5,4,4.49259493273349,1.63914049998857
1,1,2,0,1,0,38,15.5,40,0,0,0,0,5,4,5.4965086913558,1.32906859996729
1,1,2,0,1,0,67,8.5,50,0,0,0,0,6,4,4.19557362259755,1.8565016000066
1,1,2,0,1,0,31,8.5,50,0,0,0,0,6,4,4.5816400280614,1.37079059984535
1,1,2,0,1,0,1,5,50,0,0,0,0,6,4,2.43591815152213,2.05032399995252
1,1,2,0,1,0,84,11,50,0,0,0,0,6,4,5.24631048230447,1.28177380003035
1,1,2,0,1,0,51,1,40,0,0,0,0,6,4,0.35168959875671,1.52871489990503
1,1,2,0,1,0,56,12,90,0,0,0,0,6,4,10.0143060382192,1.71779759996571
1,1,2,0,1,0,60,15,35,0,0,0,0,6,4,3.51578322098104,3.38069960009307
1,1,2,0,1,0,44,5,40,0,0,0,0,6,4,1.99321042916964,1.47809860017151
1,1,2,0,1,0,26,4,45,0,0,0,0,6,4,1.85130885477867,1.55007150000893
1,1,2,0,1,0,42,20,30,0,0,0,0,6,4,5.98642717791681,1.22353529999964
1,1,2,0,1,0,40,18,15,0,0,0,0,6,4,3.73539302796002,1.26728520006873
1,1,2,0,1,0,58,14,45,0,0,0,0,6,4,6.75656290683607,1.71632070001215
1,1,2,0,1,0,27,5.25,50,0,0,0,0,6,4,2.45619975204946,1.16240309993736
1,1,2,0,1,0,74,7,40,0,0,0,0,6,4,3.51664091457126,1.10168049996719
1,1,2,0,1,0,66,10,90,0,0,0,0,3,4,8.49500295911716,2.23463790002279
1,1,2,0,1,0,33,11,65,0,0,0,0,3,4,6.16051244974664,1.72085319994949
1,1,2,0,1,0,61,15,75,0,0,0,0,3,4,11.5029327326728,1.73133280011825
1,1,2,0,1,0,46,2,55,0,0,0,0,3,4,0.987186343040655,1.38374700001441
1,1,2,0,1,0,64,19.5,65,0,0,0,0,3,4,11.5039840410149,2.10740299988538
1,1,2,0,1,0,76,4,35,0,0,0,0,3,4,0.493190707522746,3.38579939980991
1,1,2,0,1,0,73,5,70,0,0,0,0,3,4,3.52130811972715,1.17280729999766
1,1,2,0,1,0,80,8,45,0,0,0,0,3,4,3.86783734781331,2.14353420003317
1,1,2,0,1,0,57,10,50,0,0,0,0,3,4,5,1.2238270000089
1,1,2,0,1,0,3,15,85,0,0,0,0,3,4,12.0028555794319,1.8414236002136
1,1,2,0,1,0,68,2.5,65,0,0,0,0,3,4,1.54895457447667,1.38667849986814
1,1,2,0,1,0,43,3,30,0,0,0,0,3,4,0.751321118321645,1.30367629998364
1,1,2,0,1,0,18,18.75,80,0,0,0,0,3,4,16.0034524218267,2.08721520006657
1,1,2,0,1,0,72,6.5,90,0,0,0,0,3,4,5.49809105336636,1.61525989999063
1,1,2,0,1,0,41,19,65,0,0,0,0,2,4,14.0126275230728,1.98332599992864
1,1,2,0,1,0,70,3.5,40,0,0,0,0,2,4,0.526930857457749,1.72625219984911
1,1,2,0,1,0,6,19,20,0,0,0,0,2,4,4.5066261215339,1.37237789994106
1,1,2,0,1,0,54,9.25,40,0,0,0,0,2,4,4.04703440007355,1.50057130004279
1,1,2,0,1,0,69,1.5,95,0,0,0,0,2,4,1.0466111398018,1.80451370007358
1,1,2,0,1,0,10,19.5,10,0,0,0,0,2,4,3.01696439925755,1.90885120001622
1,1,2,0,1,0,28,6,25,0,0,0,0,2,4,1.51411053998795,1.49332320014946
1,1,2,0,1,0,13,19.5,5,0,0,0,0,2,4,1.50008716470688,1.93309970013797
1,1,2,0,1,0,47,16,100,0,0,0,0,2,4,14.4954775511635,1.44586709979922
1,1,2,0,1,0,8,16,15,0,0,0,0,2,4,2.53777365513138,1.30898199998774
1,1,2,0,1,0,21,6,95,0,0,0,0,2,4,5,1.39933769986965
1,1,2,0,1,0,17,3.25,85,0,0,0,0,2,4,1.50685440090405,1.28241360001266
1,1,2,0,1,0,63,5.5,70,0,0,0,0,2,4,3.24786037801758,1.36054729996249
1,1,2,0,1,0,19,17.5,25,0,0,0,0,2,4,4.49097554608033,1.33849120000377
1,1,2,0,1,0,35,13,70,0,0,0,0,4,4,9.98556420223973,1.96003359998576
1,1,2,0,1,0,36,14,15,0,0,0,0,4,4,2.35895679333847,1.34075709991157
1,1,2,0,1,0,49,16,50,0,0,0,0,4,4,7.96983549266676,1.56501449993812
1,1,2,0,1,0,4,8.5,20,0,0,0,0,4,4,1.49672586849045,1.35162530001253
1,1,2,0,1,0,9,2,30,0,0,0,0,4,4,0.306392004895038,1.44000199995935
1,1,2,0,1,0,82,9.5,20,0,0,0,0,4,4,1.76373796386663,1.37596359988675
1,1,2,0,1,0,37,14.5,5,0,0,0,0,4,4,2.04832764699134,1.22281800000928
1,1,2,0,1,0,83,17,80,0,0,0,0,4,4,14.9690462841691,1.48579950002022
1,1,2,0,1,0,48,7,45,0,0,0,0,4,4,2.75279339653688,1.63696779985912
1,1,2,0,1,0,77,12,75,0,0,0,0,4,4,7.97449016828587,1.24577020015568
1,1,2,0,1,0,52,18.5,10,0,0,0,0,4,4,2.23782438937283,1.27445569983684
1,1,2,0,1,0,7,16.75,65,0,0,0,0,4,4,11.9987687224689,1.4860180998221
1,1,2,0,1,0,23,7.75,60,0,0,0,0,4,4,4.34933182384123,1.3892944001127
1,1,2,0,1,0,39,17,35,0,0,0,0,4,4,4.01043666878389,1.44160020002164
1,2,1,1,0,1,8,16,100,20,2.5,100,10,4,5,1,2.79022420000001
1,2,1,1,0,1,2,7.5,100,25,5,100,65,4,5,1,4.44426229999999
1,2,1,1,0,1,38,8,100,125,15.5,100,215,4,5,0,5.6622569000001
1,2,1,1,0,1,31,8.5,100,22,5,100,14,4,5,1,3.40821090000009
1,2,1,1,0,1,30,6.5,100,60,8,100,90,4,5,0,2.82237970000006
1,2,1,1,0,1,37,14.5,100,175,10,100,140,4,5,1,3.57858839999994
1,2,1,1,0,1,17,3.25,100,205,2,100,110,4,5,0,3.1955645999999
1,2,1,1,0,1,16,14,100,20,16,100,95,1,5,0,3.261798
1,2,1,1,0,1,3,13.5,100,65,15,100,14,1,5,1,2.6927469000002
1,2,1,1,0,1,21,6,100,55,5.5,100,40,1,5,0,3.02674640000009
1,2,1,1,0,1,20,10,100,135,15.75,100,30,1,5,1,2.67855959999997
1,2,1,1,0,1,39,17,100,15,14,100,5,1,5,1,6.34985090000009
1,2,1,1,0,1,19,17.5,100,40,15,100,225,1,5,1,2.27702139999997
1,2,1,1,0,1,6,7,100,70,19,100,175,1,5,1,6.44921260000001
1,2,1,1,0,1,4,8.5,100,90,2,100,70,3,5,1,2.20892419999996
1,2,1,1,0,1,7,16.75,100,75,16,100,20,3,5,0,3.86278730000004
1,2,1,1,0,1,40,9.5,100,25,18,100,110,3,5,1,3.34340109999994
1,2,1,1,0,1,14,12,100,210,16.75,100,145,3,5,1,3.99464839999996
1,2,1,1,0,1,33,6,100,45,11,100,190,3,5,0,5.7138731
1,2,1,1,0,1,28,6,100,7,3.5,100,3,3,5,1,3.01064719999999
1,2,1,1,0,1,22,19.5,100,45,20,100,165,3,5,0,3.16134019999981
1,2,1,1,0,1,27,1.5,100,20,5.25,100,120,2,5,0,3.0955434
1,2,1,1,0,1,29,7,100,55,6,100,45,2,5,1,3.22963909999999
1,2,1,1,0,1,36,8.25,100,5,14,100,40,2,5,0,3.41150579999999
1,2,1,1,0,1,32,7,100,120,9.5,100,170,2,5,0,3.0433688999999
1,2,1,1,0,1,25,9,100,160,8.5,100,105,2,5,0,3.57926789999988
1,2,1,1,0,1,41,19,100,245,17,100,200,2,5,0,2.97868549999998
1,2,1,1,0,1,24,19,100,150,10,100,80,2,5,0,2.44510330000003
1,2,1,1,0,1,18,18.75,100,250,15,100,31,5,5,0,2.51213189999999
1,2,1,1,0,1,1,5,100,0,3,100,0,5,5,1,3.31307870000001
1,2,1,1,0,1,11,18.25,100,55,14,100,60,5,5,1,4.12967379999986
1,2,1,1,0,1,34,12,100,85,4,100,70,5,5,1,4.04704839999999
1,2,1,1,0,1,26,4,100,50,2.5,100,25,5,5,0,4.73049960000003
1,2,1,1,0,1,42,11,100,110,20,100,170,5,5,0,2.81161109999994
1,2,1,1,0,1,23,7.75,100,120,1.75,100,10,5,5,0,8.24978409999994
1,2,1,1,0,1,13,19.5,100,7,16.5,100,155,6,5,1,3.56282009999995
1,2,1,1,0,1,35,12,100,25,13,100,30,6,5,0,4.31404760000009
1,2,1,1,0,1,5,20,100,15,16,100,5,6,5,0,4.19589530000007
1,2,1,1,0,1,9,2,100,19,1,100,3,6,5,0,2.64546519999999
1,2,1,1,0,1,15,17.25,100,55,10,100,95,6,5,1,3.41277409999998
1,2,1,1,0,1,10,18.5,100,85,19.5,100,125,6,5,0,2.8280542
1,2,1,1,0,1,12,12,100,1,9.25,100,4,6,5,1,2.12755889999994
1,2,2,0,0,1,16,16,100,95,0,0,0,3,6,12.0112614124296,9.49171590000014
1,2,2,0,0,1,42,20,100,170,0,0,0,3,6,9.0007922124279,4.52022490000013
1,2,2,0,0,1,30,8,100,90,0,0,0,3,6,3.98915783697319,3.40173240000013
1,2,2,0,0,1,65,1.75,100,10,0,0,0,3,6,0.9817828615978,1.78487819999987
1,2,2,0,0,1,34,12,100,85,0,0,0,3,6,8.97232334189067,2.38397369999984
1,2,2,0,0,1,18,18.75,100,250,0,0,0,3,6,9.98543206725031,3.63965050000002
1,2,2,0,0,1,60,15,100,31,0,0,0,3,6,10,2.75284090000014
1,2,2,0,0,1,33,11,100,190,0,0,0,3,6,5.9905474396831,3.3190803
1,2,2,0,0,1,26,4,100,50,0,0,0,3,6,0.981490516802111,2.85034680000012
1,2,2,0,0,1,46,2,100,70,0,0,0,3,6,0.496578289852842,2.16896010000005
1,2,2,0,0,1,12,12,100,1,0,0,0,3,6,10,2.93739459999983
1,2,2,0,0,1,72,6.5,100,60,0,0,0,3,6,4.0094525603169,2.72012729999983
1,2,2,0,0,1,27,5.25,100,120,0,0,0,3,6,1.99437811032377,2.50204869999993
1,2,2,0,0,1,80,8,100,125,0,0,0,3,6,3.49350803047135,1.76741289999995
1,2,2,0,0,1,71,6,100,45,0,0,0,2,6,2.01179319743416,2.43515079999997
1,2,2,0,0,1,37,14.5,100,175,0,0,0,2,6,7.00266922487682,2.93460819999996
1,2,2,0,0,1,40,18,100,110,0,0,0,2,6,7.98348035674863,2.3784177
1,2,2,0,0,1,8,16,100,20,0,0,0,2,6,11.9976937364234,1.90183220000017
1,2,2,0,0,1,79,10,100,140,0,0,0,2,6,4.50518902840068,2.68487750000008
1,2,2,0,0,1,83,17,100,200,0,0,0,2,6,4.0094525603169,2.11743390000015
1,2,2,0,0,1,32,9.5,100,170,0,0,0,2,6,2.49680280496788,1.91740379999987
1,2,2,0,0,1,13,19.5,100,7,0,0,0,2,6,16.9849844864359,1.57203790000017
1,2,2,0,0,1,70,3.5,100,3,0,0,0,2,6,2.74983878765697,1.6662437
1,2,2,0,0,1,50,2.5,100,10,0,0,0,2,6,1.00214693682019,2.48675159999993
1,2,2,0,0,1,81,14,100,5,0,0,0,2,6,11.9759876047436,1.30110799999989
1,2,2,0,0,1,25,9,100,160,0,0,0,2,6,1.49843637744569,2.13664590000008
1,2,2,0,0,1,10,19.5,100,125,0,0,0,2,6,6.49834750378973,2.66586570000004
1,2,2,0,0,1,28,6,100,7,0,0,0,2,6,3.99561302184943,1.69995320000021
1,2,2,0,0,1,56,12,100,210,0,0,0,5,6,4.95065061854312,2.3675510999999
1,2,2,0,0,1,73,5,100,14,0,0,0,5,6,3.04668317481608,2.66912160000015
1,2,2,0,0,1,58,14,100,20,0,0,0,5,6,9.98556420223973,2.33521780000001
1,2,2,0,0,1,82,9.5,100,25,0,0,0,5,6,5.01008905292237,3.60307979999993
1,2,2,0,0,1,4,8.5,100,90,0,0,0,5,6,3.04106143102273,1.96705679999991
1,2,2,0,0,1,48,7,100,70,0,0,0,5,6,2.97721363110821,1.30346970000005
1,2,2,0,0,1,43,3,100,0,0,0,0,5,6,2.49771493301146,2.30584420000014
1,2,2,0,0,1,75,6,100,45,0,0,0,5,6,2.48368863188771,1.69249799999989
1,2,2,0,0,1,3,15,100,14,0,0,0,5,6,11.5000871647069,1.5844353
1,2,2,0,0,1,84,11,100,110,0,0,0,5,6,5.50102905260888,2.70087460000013
1,2,2,0,0,1,69,1.5,100,20,0,0,0,5,6,0.496136541192364,2.11580079999999
1,2,2,0,0,1,63,5.5,100,40,0,0,0,5,6,3.01347815601763,3.43506559999992
1,2,2,0,0,1,47,16,100,5,0,0,0,5,6,14.4881891277065,1.76747060000002
1,2,2,0,0,1,59,2,100,110,0,0,0,5,6,0.203416516447277,1.97804420000011
1,2,2,0,0,1,19,17.5,100,40,0,0,0,4,6,13.9806554187192,1.5995234999998
1,2,2,0,0,1,11,18.25,100,55,0,0,0,4,6,11.9788809721005,1.71732339999994
1,2,2,0,0,1,76,4,100,70,0,0,0,4,6,0.995485878574701,5.14401300000009
1,2,2,0,0,1,1,5,100,0,0,0,0,4,6,3.99654757817326,1.88321710000014
1,2,2,0,0,1,68,2.5,100,25,0,0,0,4,6,0.245287531045168,1.85067210000011
1,2,2,0,0,1,35,13,100,30,0,0,0,4,6,9.0348494909737,1.29133399999978
1,2,2,0,0,1,7,16.75,100,75,0,0,0,4,6,12.5165697050729,2.49824549999994
1,2,2,0,0,1,64,19.5,100,45,0,0,0,4,6,15.4871896527845,1.98493839999992
1,2,2,0,0,1,45,13.5,100,65,0,0,0,4,6,9.04652878878408,1.91731659999982
1,2,2,0,0,1,38,15.5,100,215,0,0,0,4,6,10.9499901113618,1.57111010000017
1,2,2,0,0,1,14,16.75,100,145,0,0,0,4,6,10.0144031376959,1.39958130000014
1,2,2,0,0,1,31,8.5,100,22,0,0,0,4,6,5,4.80301650000001
1,2,2,0,0,1,21,6,100,55,0,0,0,4,6,2.99641396983677,1.95146260000001
1,2,2,0,0,1,41,19,100,245,0,0,0,4,6,6.05136913422507,1.91767490000007
1,2,2,0,0,1,52,18.5,100,85,0,0,0,1,6,12.0070190850663,4.33542890000012
1,2,2,0,0,1,24,19,100,150,0,0,0,1,6,11.1053783687342,2.46850429999995
1,2,2,0,0,1,61,15,100,225,0,0,0,1,6,5.98421764040315,2.2330179999999
1,2,2,0,0,1,15,17.25,100,55,0,0,0,1,6,13.4949126955699,1.76620220000018
1,2,2,0,0,1,78,8.25,100,5,0,0,0,1,6,6.75111703202867,1.6730215
1,2,2,0,0,1,57,10,100,95,0,0,0,1,6,4.74857891031784,4.83656459999997
1,2,2,0,0,1,62,10,100,135,0,0,0,1,6,4.24986022982418,1.91800310000008
1,2,2,0,0,1,23,7.75,100,120,0,0,0,1,6,3.99674559570756,1.96685740000021
1,2,2,0,0,1,17,3.25,100,205,0,0,0,1,6,0.352500157725732,1.66714909999996
1,2,2,0,0,1,74,7,100,120,0,0,0,1,6,1.4919316182944,1.2496294
1,2,2,0,0,1,66,10,100,80,0,0,0,1,6,6.49913818650442,1.23186989999999
1,2,2,0,0,1,51,1,100,3,0,0,0,1,6,0.352532657726872,1.5162734999999
1,2,2,0,0,1,6,19,100,175,0,0,0,1,6,8.00562188967623,1.8505705
1,2,2,0,0,1,44,5,100,65,0,0,0,1,6,3.05221598037722,1.11955740000008
1,2,2,0,0,1,9,2,100,19,0,0,0,6,6,0.155933563043643,1.21644200000014
1,2,2,0,0,1,36,14,100,40,0,0,0,6,6,9.9711938720554,1.51613610000004
1,2,2,0,0,1,20,15.75,100,30,0,0,0,6,6,13.4989106718576,1.58426830000008
1,2,2,0,0,1,39,17,100,15,0,0,0,6,6,15.5074050672665,1.29838080000013
1,2,2,0,0,1,2,7.5,100,25,0,0,0,6,6,4.5034913086442,1.34958069999993
1,2,2,0,0,1,22,20,100,165,0,0,0,6,6,8.49550480255889,1.43353350000007
1,2,2,0,0,1,54,9.25,100,4,0,0,0,6,6,8.00639476787126,1.3506875999999
1,2,2,0,0,1,55,16.5,100,155,0,0,0,6,6,9.51562135062835,1.04709739999998
1,2,2,0,0,1,67,8.5,100,105,0,0,0,6,6,4.03052282754336,1.38330799999994
1,2,2,0,0,1,49,16,100,20,0,0,0,6,6,13.9988100503536,1.200965
1,2,2,0,0,1,29,7,100,55,0,0,0,6,6,2.75660093060662,4.05221060000008
1,2,2,0,0,1,5,20,100,15,0,0,0,6,6,12.9773423659971,1.35130150000009
1,2,2,0,0,1,53,14,100,60,0,0,0,6,6,7.98281353303994,1.50078629999985
1,2,2,0,0,1,77,12,100,25,0,0,0,6,6,9.98591551474137,1.33350939999991
1,3,1,0,1,1,45,13.5,55,65,0,0,0,4,2,6.03829687801108,10.2076978000114
1,3,1,0,1,1,8,16,15,20,0,0,0,4,2,4.04759671782304,3.28179510001792
1,3,1,0,1,1,16,16,65,95,0,0,0,4,2,12.5032664447708,2.44397799996659
1,3,1,0,1,1,53,14,90,60,0,0,0,4,2,12.0028555794319,3.2140932000475
1,3,1,0,1,1,41,19,65,245,0,0,0,4,2,9.00304148723373,2.75054689997341
1,3,1,0,1,1,21,6,95,55,0,0,0,4,2,4.95018726289419,2.78397480002604
1,3,1,0,1,1,74,7,40,120,0,0,0,4,2,2.50779019615718,2.61812810000265
1,3,1,0,1,1,59,2,80,110,0,0,0,4,2,0.49306256860477,3.46337800001493
1,3,1,0,1,1,20,15.75,35,30,0,0,0,4,2,4.04209742499744,4.9520530999871
1,3,1,0,1,1,18,18.75,80,250,0,0,0,4,2,9.98566174108281,3.25065340002766
1,3,1,0,1,1,38,15.5,40,215,0,0,0,4,2,5.05012650519859,2.53389680001419
1,3,1,0,1,1,76,4,35,70,0,0,0,4,2,0.749659539656225,2.38218730001245
1,3,1,0,1,1,52,18.5,10,85,0,0,0,4,2,2.02534508357163,2.54866070003482
1,3,1,0,1,1,69,1.5,95,20,0,0,0,4,2,0.988554800503593,1.96129890001612
1,3,1,0,1,1,72,6.5,90,60,0,0,0,3,2,5,2.00350619998062
1,3,1,0,1,1,26,4,45,50,0,0,0,3,2,1.03233009499069,2.00184369995259
1,3,1,0,1,1,44,5,40,65,0,0,0,3,2,1.74192516936104,2.43315170001006
1,3,1,0,1,1,11,18.25,70,55,0,0,0,3,2,11.9991169792741,2.13282870000694
1,3,1,0,1,1,30,8,75,90,0,0,0,3,2,6.49952592008842,2.22174559999257
1,3,1,0,1,1,50,2.5,90,10,0,0,0,3,2,1.75047720651198,2.03350129997125
1,3,1,0,1,1,75,6,85,45,0,0,0,3,2,4.102471827516,3.1058394999709
1,3,1,0,1,1,56,12,90,210,0,0,0,3,2,7.15349335794703,2.22353700001258
1,3,1,0,1,1,1,5,50,0,0,0,0,3,2,2.99619049254112,2.425515800016
1,3,1,0,1,1,73,5,70,14,0,0,0,3,2,3.73937929489953,3.67107690003468
1,3,1,0,1,1,84,11,50,110,0,0,0,3,2,4.50972167597017,1.98483790003229
1,3,1,0,1,1,22,20,90,165,0,0,0,3,2,15.9990915995431,2.00714529998368
1,3,1,0,1,1,39,17,35,15,0,0,0,3,2,6.50065983880653,2.45803489995888
1,3,1,0,1,1,49,16,50,20,0,0,0,3,2,8.00487053859703,2.28294899995672
1,3,1,0,1,1,17,3.25,85,205,0,0,0,6,2,0.79685690726523,4.39151819999097
1,3,1,0,1,1,68,2.5,65,25,0,0,0,6,2,2.49907629824632,2.34198199998355
1,3,1,0,1,1,6,19,20,175,0,0,0,6,2,4.00828115495899,5.14192889997503
1,3,1,0,1,1,80,8,45,125,0,0,0,6,2,3.50549931236155,2.4228666999843
1,3,1,0,1,1,48,7,45,70,0,0,0,6,2,2.74781980557714,6.74700339999981
1,3,1,0,1,1,36,14,15,40,0,0,0,6,2,3.99583525097363,2.31597070000134
1,3,1,0,1,1,19,17.5,25,40,0,0,0,6,2,5.51292801039456,2.24645979999332
1,3,1,0,1,1,10,19.5,10,125,0,0,0,6,2,1.72787226246897,2.04874119994929
1,3,1,0,1,1,32,9.5,30,170,0,0,0,6,2,1.00889698489186,3.1389693999663
1,3,1,0,1,1,12,12,35,1,0,0,0,6,2,3.75498630687141,2.22747279994655
1,3,1,0,1,1,51,1,40,3,0,0,0,6,2,0.245844449266464,4.93326720001642
1,3,1,0,1,1,29,7,20,55,0,0,0,6,2,1.48548206531876,2.30812750000041
1,3,1,0,1,1,3,15,85,14,0,0,0,6,2,10.0141470827653,2.19898649997776
1,3,1,0,1,1,9,2,30,19,0,0,0,6,2,0.198436306095381,4.62083909998182
1,3,1,0,1,1,46,2,55,70,0,0,0,5,2,0.851867140201573,1.82476899999892
1,3,1,0,1,1,82,9.5,20,25,0,0,0,5,2,1.70239000831831,3.94647480000276
1,3,1,0,1,1,70,3.5,40,3,0,0,0,5,2,1.01003076898026,7.96534319996135
1,3,1,0,1,1,83,17,80,200,0,0,0,5,2,11.4886999842206,2.23638859996572
1,3,1,0,1,1,4,8.5,20,90,0,0,0,5,2,1.74216934693547,5.44962810003199
1,3,1,0,1,1,81,14,55,5,0,0,0,5,2,7.98769006049583,1.7312276000157
1,3,1,0,1,1,13,19.5,5,7,0,0,0,5,2,1.01060684333609,1.73152010003105
1,3,1,0,1,1,58,14,45,20,0,0,0,5,2,7.48453961406733,2.5369989000028
1,3,1,0,1,1,35,13,70,30,0,0,0,5,2,9.98603906245981,2.17084549996071
1,3,1,0,1,1,2,7.5,75,25,0,0,0,5,2,5.98021366175859,2.77258749998873
1,3,1,0,1,1,28,6,25,7,0,0,0,5,2,1.50548982355246,2.25545200001216
1,3,1,0,1,1,40,18,15,110,0,0,0,5,2,1.73694414478392,1.82007720001275
1,3,1,0,1,1,5,20,85,15,0,0,0,5,2,16.9973481743614,1.82387169997673
1,3,1,0,1,1,47,16,100,5,0,0,0,5,2,15,3.3951130999485
1,3,1,0,1,1,57,10,50,95,0,0,0,1,2,4.7571332436916,2.23301289998926
1,3,1,0,1,1,55,16.5,25,155,0,0,0,1,2,3.51104538654336,1.93279549997533
1,3,1,0,1,1,60,15,35,31,0,0,0,1,2,3.50359132668101,2.46072350000031
1,3,1,0,1,1,77,12,75,25,0,0,0,1,2,9.49123884965532,2.4518367999699
1,3,1,0,1,1,79,10,10,140,0,0,0,1,2,2.00380950745887,2.7184516999987
1,3,1,0,1,1,23,7.75,60,120,0,0,0,1,2,4.74704277978102,2.65628240001388
1,3,1,0,1,1,64,19.5,65,45,0,0,0,1,2,15.74436479504,2.79089540004497
1,3,1,0,1,1,63,5.5,70,40,0,0,0,1,2,4.4961153987904,2.35578750004061
1,3,1,0,1,1,31,8.5,50,22,0,0,0,1,2,5.75409950577738,3.91388469998492
1,3,1,0,1,1,78,8.25,20,5,0,0,0,1,2,1.99911697927407,2.37022159999469
1,3,1,0,1,1,66,10,90,80,0,0,0,1,2,8.15124381439708,1.83301489998121
1,3,1,0,1,1,71,6,25,45,0,0,0,1,2,1.74666976501043,2.0445197999943
1,3,1,0,1,1,67,8.5,50,105,0,0,0,1,2,5,2.75751660001697
1,3,1,0,1,1,37,14.5,5,175,0,0,0,1,2,0.499373072514665,1.96498970000539
1,3,1,0,1,1,27,5.25,50,120,0,0,0,2,2,2.2595761430596,2.42065719998209
1,3,1,0,1,1,43,3,30,0,0,0,0,2,2,0.741460186723625,2.22860130004119
1,3,1,0,1,1,25,9,60,160,0,0,0,2,2,5.24586677857575,2.3517034999677
1,3,1,0,1,1,42,20,30,170,0,0,0,2,2,5,3.02882329997374
1,3,1,0,1,1,54,9.25,40,4,0,0,0,2,2,4.25155430954229,3.02586669998709
1,3,1,0,1,1,62,10,95,135,0,0,0,2,2,8.50424520446547,2.66326299996581
1,3,1,0,1,1,61,15,75,225,0,0,0,2,2,11.0062355570243,2.87706890003756
1,3,1,0,1,1,24,19,70,150,0,0,0,2,2,15.2473947417871,2.84636260004481
1,3,1,0,1,1,33,11,65,190,0,0,0,2,2,6.50257340560178,3.05175139999483
1,3,1,0,1,1,14,16.75,45,145,0,0,0,2,2,9.45254333915011,3.04332820000127
1,3,1,0,1,1,7,16.75,65,75,0,0,0,2,2,14.0040727844422,5.66289370000595
1,3,1,0,1,1,15,17.25,25,55,0,0,0,2,2,4.74704277978102,2.82863820000784
1,3,1,0,1,1,34,12,15,85,0,0,0,2,2,3.48821077175008,4.02921850001439
1,3,1,0,1,1,65,1.75,80,10,0,0,0,2,2,0.739620098527979,2.13092429999961
1,3,2,1,1,1,26,2.5,65,25,4,45,50,2,1,0,5.61098820000188
1,3,2,1,1,1,6,7,45,70,19,20,175,2,1,0,5.91490240005078
1,3,2,1,1,1,20,15.75,35,30,10,95,135,2,1,0,3.35204570001224
1,3,2,1,1,1,34,12,15,85,4,35,70,2,1,1,3.71373859996675
1,3,2,1,1,1,24,19,70,150,10,90,80,2,1,0,5.65489439998055
1,3,2,1,1,1,9,2,30,19,1,40,3,2,1,0,3.12482969998382
1,3,2,1,1,1,2,7.5,75,25,5,40,65,2,1,1,3.97057000000495
1,3,2,1,1,1,31,5,70,14,8.5,50,22,1,1,0,4.97268409997923
1,3,2,1,1,1,42,20,30,170,11,50,110,1,1,0,5.25278169999365
1,3,2,1,1,1,1,3,30,0,5,50,0,1,1,1,7.14406360004796
1,3,2,1,1,1,18,15,35,31,18.75,80,250,1,1,1,3.12891490000766
1,3,2,1,1,1,16,14,45,20,16,65,95,1,1,1,5.01956520002568
1,3,2,1,1,1,40,9.5,20,25,18,15,110,1,1,0,4.49509879999096
1,3,2,1,1,1,41,19,65,245,17,80,200,1,1,0,3.98498289997224
1,3,2,1,1,1,30,6.5,90,60,8,75,90,5,1,0,11.5328993000439
1,3,2,1,1,1,23,7.75,60,120,1.75,80,10,5,1,0,4.91547879995778
1,3,2,1,1,1,36,8.25,20,5,14,15,40,5,1,1,5.41257949999999
1,3,2,1,1,1,8,16,15,20,2.5,90,10,5,1,0,5.77242120000301
1,3,2,1,1,1,27,1.5,95,20,5.25,50,120,5,1,0,4.99653990002116
1,3,2,1,1,1,4,2,55,70,8.5,20,90,5,1,0,5.02468039997621
1,3,2,1,1,1,22,19.5,65,45,20,90,165,5,1,1,8.3725993000553
1,3,2,1,1,1,32,7,40,120,9.5,30,170,3,1,0,9.63152110000374
1,3,2,1,1,1,12,9.25,40,4,12,35,1,3,1,1,6.38725179998437
1,3,2,1,1,1,33,6,85,45,11,65,190,3,1,0,4.20360309997341
1,3,2,1,1,1,17,3.25,85,205,2,80,110,3,1,0,6.23619200004032
1,3,2,1,1,1,28,3.5,40,3,6,25,7,3,1,0,4.47235160000855
1,3,2,1,1,1,5,16,100,5,20,85,15,3,1,0,5.08391570003005
1,3,2,1,1,1,21,5.5,70,40,6,95,55,3,1,1,5.83682440000121
1,3,2,1,1,1,7,16.75,65,75,16,50,20,6,1,0,7.86502600001404
1,3,2,1,1,1,19,15,75,225,17.5,25,40,6,1,0,4.39341919997241
1,3,2,1,1,1,25,9,60,160,8.5,50,105,6,1,0,4.52813330001663
1,3,2,1,1,1,10,18.5,10,85,19.5,10,125,6,1,0,6.55398500000592
1,3,2,1,1,1,37,14.5,5,175,10,10,140,6,1,0,9.57517879997613
1,3,2,1,1,1,11,18.25,70,55,14,90,60,6,1,0,5.04817979998188
1,3,2,1,1,1,15,10,50,95,17.25,25,55,6,1,0,4.84257679997245
1,3,2,1,1,1,38,8,45,125,15.5,40,215,4,1,1,5.47226989996852
1,3,2,1,1,1,13,19.5,5,7,16.5,25,155,4,1,1,4.18417760002194
1,3,2,1,1,1,39,17,35,15,14,55,5,4,1,0,4.22587389999535
1,3,2,1,1,1,14,16.75,45,145,12,90,210,4,1,0,5.44860249996418
1,3,2,1,1,1,3,13.5,55,65,15,85,14,4,1,1,6.27342129999306
1,3,2,1,1,1,29,7,20,55,6,25,45,4,1,0,10.4238454999868
1,3,2,1,1,1,35,12,75,25,13,70,30,4,1,0,4.32291069999337
2,1,1,0,1,0,26,4,45,0,0,0,0,1,4,1.04898479061982,12.9447986001614
2,1,1,0,1,0,24,19,70,0,0,0,0,1,4,8.00230626357663,6.13195850001648
2,1,1,0,1,0,21,6,95,0,0,0,0,1,4,3.0036932398579,4.91195879993029
2,1,1,0,1,0,43,3,30,0,0,0,0,1,4,0.0285477805003893,4.62205410003662
2,1,1,0,1,0,57,10,50,0,0,0,0,1,4,4.98981409233409,3.52029639994726
2,1,1,0,1,0,11,18.25,70,0,0,0,0,1,4,8.0382509496447,2.8939737000037
2,1,1,0,1,0,68,2.5,65,0,0,0,0,1,4,0.760887903585537,1.40051120007411
2,1,1,0,1,0,27,5.25,50,0,0,0,0,1,4,1.6270035855817,2.74777080002241
2,1,1,0,1,0,64,19.5,65,0,0,0,0,1,4,5.02080449366305,2.99477529991418
2,1,1,0,1,0,10,19.5,10,0,0,0,0,1,4,1.01757090488666,2.25080220005475
2,1,1,0,1,0,61,15,75,0,0,0,0,1,4,7.02212945033838,2.18666380015202
2,1,1,0,1,0,19,17.5,25,0,0,0,0,1,4,3.01001672711843,3.10444790008478
2,1,1,0,1,0,29,7,20,0,0,0,0,1,4,1.00537839182461,2.35754530015402
2,1,1,0,1,0,22,20,90,0,0,0,0,1,4,10,2.26850860007107
2,1,1,0,1,0,54,9.25,40,0,0,0,0,4,4,2.95167235300866,9.25566549994983
2,1,1,0,1,0,42,20,30,0,0,0,0,4,4,3.99881005035359,11.4220765999053
2,1,1,0,1,0,32,9.5,30,0,0,0,0,4,4,1.94800905312299,2.8017762999516
2,1,1,0,1,0,66,10,90,0,0,0,0,4,4,5.02008257604545,1.9832662998233
2,1,1,0,1,0,58,14,45,0,0,0,0,4,4,4.00828115495899,3.12538089998998
2,1,1,0,1,0,63,5.5,70,0,0,0,0,4,4,2.05291755082738,5.69130149995908
2,1,1,0,1,0,79,10,10,0,0,0,0,4,4,1.02734586061814,8.18111349991523
2,1,1,0,1,0,5,20,85,0,0,0,0,4,4,10.9817828615978,2.9534293001052
2,1,1,0,1,0,40,18,15,0,0,0,0,4,4,1.06088156304213,3.2936156000942
2,1,1,0,1,0,53,14,90,0,0,0,0,4,4,8.04196697459241,1.86829199991189
2,1,1,0,1,0,78,8.25,20,0,0,0,0,4,4,1.08939001982536,1.629293900216
2,1,1,0,1,0,41,19,65,0,0,0,0,4,4,5.07129843337973,1.77380109997466
2,1,1,0,1,0,80,8,45,0,0,0,0,4,4,2.03029314077614,1.48400909989141
2,1,1,0,1,0,37,14.5,5,0,0,0,0,4,4,0.498862597500583,1.4484721000772
2,1,1,0,1,0,81,14,55,0,0,0,0,5,4,7.00380950745887,7.38786729983985
2,1,1,0,1,0,9,2,30,0,0,0,0,5,4,0.591505839111001,2.45283340010792
2,1,1,0,1,0,34,12,15,0,0,0,0,5,4,1.04901738046294,2.54907710012048
2,1,1,0,1,0,83,17,80,0,0,0,0,5,4,7.9428549102762,6.71363750007004
2,1,1,0,1,0,52,18.5,10,0,0,0,0,5,4,1.02799846930101,2.07409060001373
2,1,1,0,1,0,15,17.25,25,0,0,0,0,5,4,2.04832764699134,10.2622207000386
2,1,1,0,1,0,33,11,65,0,0,0,0,5,4,3.9858992931241,4.99451839993708
2,1,1,0,1,0,17,3.25,85,0,0,0,0,5,4,1.97846819911763,2.07527250004932
2,1,1,0,1,0,71,6,25,0,0,0,0,5,4,1.02034967565935,4.04787250002846
2,1,1,0,1,0,2,7.5,75,0,0,0,0,5,4,3.04289105162242,1.91768359998241
2,1,1,0,1,0,46,2,55,0,0,0,0,5,4,0.634510348611069,5.49188459990546
2,1,1,0,1,0,72,6.5,90,0,0,0,0,5,4,2.95167235300866,1.86743400013074
2,1,1,0,1,0,38,15.5,40,0,0,0,0,5,4,4.06479560775036,2.02090809983201
2,1,1,0,1,0,67,8.5,50,0,0,0,0,5,4,3.07546202710184,4.59011140000075
2,1,1,0,1,0,16,16,65,0,0,0,0,2,4,5.03055751439338,2.21114490018226
2,1,1,0,1,0,28,6,25,0,0,0,0,2,4,1.00830644677874,1.56824779999442
2,1,1,0,1,0,1,5,50,0,0,0,0,2,4,0.996958512766266,3.59847349999472
2,1,1,0,1,0,69,1.5,95,0,0,0,0,2,4,1.06570201295072,3.45086700003594
2,1,1,0,1,0,36,14,15,0,0,0,0,2,4,1.04176341126402,2.00347790005617
2,1,1,0,1,0,48,7,45,0,0,0,0,2,4,1.63071034860556,2.47077520005405
2,1,1,0,1,0,35,13,70,0,0,0,0,2,4,4.02118179370215,1.74120910000056
2,1,1,0,1,0,8,16,15,0,0,0,0,2,4,0.667667328610502,4.41595589998178
2,1,1,0,1,0,45,13.5,55,0,0,0,0,2,4,4.04513143741249,1.72042999998666
2,1,1,0,1,0,51,1,40,0,0,0,0,2,4,0.323924679626945,1.77159129991196
2,1,1,0,1,0,74,7,40,0,0,0,0,2,4,1.974945332696,5.71418460016139
2,1,1,0,1,0,14,16.75,45,0,0,0,0,2,4,4.01043666878389,7.1652061000932
2,1,1,0,1,0,60,15,35,0,0,0,0,2,4,2.46594494537711,1.34823079989292
2,1,1,0,1,0,65,1.75,80,0,0,0,0,2,4,1.02500325524284,1.5143115001265
2,1,1,0,1,0,50,2.5,90,0,0,0,0,6,4,1.53477015854115,6.39247839991003
2,1,1,0,1,0,12,12,35,0,0,0,0,6,4,1.98831450784873,1.23239829996601
2,1,1,0,1,0,6,19,20,0,0,0,0,6,4,1.9393591565473,2.71272590011358
2,1,1,0,1,0,3,15,85,0,0,0,0,6,4,8.04015074996237,2.09958290006034
2,1,1,0,1,0,7,16.75,65,0,0,0,0,6,4,5.02047001859723,1.78168209991418
2,1,1,0,1,0,55,16.5,25,0,0,0,0,6,4,3.08834884720392,5.95315889990889
2,1,1,0,1,0,44,5,40,0,0,0,0,6,4,1.02969910463968,1.75987359997816
2,1,1,0,1,0,31,8.5,50,0,0,0,0,6,4,3.98261985261288,2.77025020006113
2,1,1,0,1,0,4,8.5,20,0,0,0,0,6,4,1.54530864553941,6.35944729996845
2,1,1,0,1,0,23,7.75,60,0,0,0,0,6,4,3.04196697459242,2.08858360000886
2,1,1,0,1,0,62,10,95,0,0,0,0,6,4,5.972571132452,1.7525394000113
2,1,1,0,1,0,84,11,50,0,0,0,0,6,4,4.01043666878389,1.16673369985074
2,1,1,0,1,0,47,16,100,0,0,0,0,6,4,14.9896820224483,3.62368609989062
2,1,1,0,1,0,39,17,35,0,0,0,0,6,4,3.99674559570756,2.07635859982111
2,1,1,0,1,0,25,9,60,0,0,0,0,3,4,4.05114259146444,5.4526708999183
2,1,1,0,1,0,49,16,50,0,0,0,0,3,4,6.03957677299256,2.24385230010375
2,1,1,0,1,0,13,19.5,5,0,0,0,0,3,4,0.425737716710039,2.91411640006118
2,1,1,0,1,0,82,9.5,20,0,0,0,0,3,4,1.9928098882287,4.00053479988128
2,1,1,0,1,0,59,2,80,0,0,0,0,3,4,0.984029924482826,2.34483870002441
2,1,1,0,1,0,70,3.5,40,0,0,0,0,3,4,0.691758784936194,9.42770050000399
2,1,1,0,1,0,20,15.75,35,0,0,0,0,3,4,3.04336021889254,1.80751579999924
2,1,1,0,1,0,75,6,85,0,0,0,0,3,4,2.95821520550836,2.12366420007311
2,1,1,0,1,0,73,5,70,0,0,0,0,3,4,1.99081665391145,1.62405549990945
2,1,1,0,1,0,77,12,75,0,0,0,0,3,4,5.01038530518177,1.55144060007297
2,1,1,0,1,0,18,18.75,80,0,0,0,0,3,4,7.99682193448745,1.93777669989504
2,1,1,0,1,0,30,8,75,0,0,0,0,3,4,3.99674559570756,2.08415020001121
2,1,1,0,1,0,76,4,35,0,0,0,0,3,4,0.905402965798078,4.4255350001622
2,1,1,0,1,0,56,12,90,0,0,0,0,3,4,7.95624248698575,1.36804039985873
2,1,2,1,1,0,10,18.5,10,0,19.5,10,0,1,3,1,2.99074649997056
2,1,2,1,1,0,40,9.5,20,0,18,15,0,1,3,1,3.76111650001258
2,1,2,1,1,0,19,15,75,0,17.5,25,0,1,3,0,3.93639290006831
2,1,2,1,1,0,34,12,15,0,4,35,0,1,3,1,8.1643920999486
2,1,2,1,1,0,37,10,10,0,14.5,5,0,1,3,1,6.13380770012736
2,1,2,1,1,0,12,12,35,0,9.25,40,0,1,3,1,3.67698500002734
2,1,2,1,1,0,29,6,25,0,7,20,0,1,3,0,5.78601099993102
2,1,2,1,1,0,2,5,40,0,7.5,75,0,6,3,1,4.97595390002243
2,1,2,1,1,0,14,12,90,0,16.75,45,0,6,3,0,3.49028729996644
2,1,2,1,1,0,5,16,100,0,20,85,0,6,3,0,2.38116539991461
2,1,2,1,1,0,38,15.5,40,0,8,45,0,6,3,1,3.16032819985412
2,1,2,1,1,0,25,9,60,0,8.5,50,0,6,3,1,3.52527209999971
2,1,2,1,1,0,35,12,75,0,13,70,0,6,3,0,3.37121589994058
2,1,2,1,1,0,3,13.5,55,0,15,85,0,6,3,1,3.18564000003971
2,1,2,1,1,0,28,3.5,40,0,6,25,0,2,3,0,6.02457830007188
2,1,2,1,1,0,36,8.25,20,0,14,15,0,2,3,1,4.48709960002452
2,1,2,1,1,0,16,14,45,0,16,65,0,2,3,1,1.91520029981621
2,1,2,1,1,0,23,1.75,80,0,7.75,60,0,2,3,1,2.93762870016508
2,1,2,1,1,0,13,19.5,5,0,16.5,25,0,2,3,0,2.12621699995361
2,1,2,1,1,0,8,16,15,0,2.5,90,0,2,3,1,6.36002410016954
2,1,2,1,1,0,6,7,45,0,19,20,0,2,3,0,3.17306209984235
2,1,2,1,1,0,41,17,80,0,19,65,0,3,3,0,4.11252669990063
2,1,2,1,1,0,33,6,85,0,11,65,0,3,3,0,2.80732010002248
2,1,2,1,1,0,18,15,35,0,18.75,80,0,3,3,1,2.60323109989986
2,1,2,1,1,0,42,11,50,0,20,30,0,3,3,0,6.08088310016319
2,1,2,1,1,0,30,8,75,0,6.5,90,0,3,3,0,2.75329370005056
2,1,2,1,1,0,20,10,95,0,15.75,35,0,3,3,0,3.739262400195
2,1,2,1,1,0,7,16,50,0,16.75,65,0,3,3,1,4.83631500019692
2,1,2,1,1,0,26,2.5,65,0,4,45,0,5,3,0,6.9846770002041
2,1,2,1,1,0,22,20,90,0,19.5,65,0,5,3,1,2.40907349996269
2,1,2,1,1,0,31,8.5,50,0,5,70,0,5,3,0,5.39285760000348
2,1,2,1,1,0,15,10,50,0,17.25,25,0,5,3,1,6.20346490014344
2,1,2,1,1,0,1,5,50,0,3,30,0,5,3,1,2.05534339998849
2,1,2,1,1,0,21,6,95,0,5.5,70,0,5,3,1,2.87443979992531
2,1,2,1,1,0,17,3.25,85,0,2,80,0,5,3,1,2.9525199001655
2,1,2,1,1,0,27,5.25,50,0,1.5,95,0,4,3,1,8.18877019989304
2,1,2,1,1,0,24,19,70,0,10,90,0,4,3,1,4.61895670020021
2,1,2,1,1,0,32,7,40,0,9.5,30,0,4,3,0,6.09677310008556
2,1,2,1,1,0,39,14,55,0,17,35,0,4,3,0,2.68297669989988
2,1,2,1,1,0,11,18.25,70,0,14,90,0,4,3,0,3.81628519995138
2,1,2,1,1,0,4,2,55,0,8.5,20,0,4,3,0,1.92313569993712
2,1,2,1,1,0,9,2,30,0,1,40,0,4,3,0,4.64156000013463
2,2,1,0,1,1,39,17,35,15,0,0,0,3,2,2.97760376854777,9.75124350000988
2,2,1,0,1,1,3,15,85,14,0,0,0,3,2,6.03008853197442,4.50702610000735
2,2,1,0,1,1,29,7,20,55,0,0,0,3,2,0.591505839111001,3.56422800000291
2,2,1,0,1,1,34,12,15,85,0,0,0,3,2,1.01523900157096,4.72741959999257
2,2,1,0,1,1,20,15.75,35,30,0,0,0,3,2,2.01205340865895,4.06682819999696
2,2,1,0,1,1,72,6.5,90,60,0,0,0,3,2,1.05376424236025,5.6972870999889
2,2,1,0,1,1,8,16,15,20,0,0,0,3,2,0.507635778430647,3.69856660001096
2,2,1,0,1,1,28,6,25,7,0,0,0,3,2,1.00146715062697,7.50824229999853
2,2,1,0,1,1,55,16.5,25,155,0,0,0,3,2,1.97938235278756,9.42826240000431
2,2,1,0,1,1,31,8.5,50,22,0,0,0,3,2,2.91355186417272,4.09446560000652
2,2,1,0,1,1,75,6,85,45,0,0,0,3,2,1.9788809721005,1.80103420000523
2,2,1,0,1,1,16,16,65,95,0,0,0,3,2,4.0123397246195,3.05388550000498
2,2,1,0,1,1,61,15,75,225,0,0,0,3,2,2.99052963886356,3.63976619999448
2,2,1,0,1,1,24,19,70,150,0,0,0,3,2,4.05960979878843,2.93288710000343
2,2,1,0,1,1,60,15,35,31,0,0,0,6,2,2.04832764699134,20.7391403000074
2,2,1,0,1,1,40,18,15,110,0,0,0,6,2,1.06328637549705,3.98670739999216
2,2,1,0,1,1,30,8,75,90,0,0,0,6,2,1.95984925003762,3.07172259999788
2,2,1,0,1,1,58,14,45,20,0,0,0,6,2,1.989592216079,12.7430550999998
2,2,1,0,1,1,27,5.25,50,120,0,0,0,6,2,1.01757090488666,1.55151459999615
2,2,1,0,1,1,38,15.5,40,215,0,0,0,6,2,2.00380950745887,2.37363229999028
2,2,1,0,1,1,41,19,65,245,0,0,0,6,2,3.99037035241822,3.69326880000881
2,2,1,0,1,1,37,14.5,5,175,0,0,0,6,2,0.318045025123524,3.25125190000108
2,2,1,0,1,1,68,2.5,65,25,0,0,0,6,2,0.98942455448023,4.54847519999021
2,2,1,0,1,1,50,2.5,90,10,0,0,0,6,2,1.52403748432489,1.40781940000306
2,2,1,0,1,1,46,2,55,70,0,0,0,6,2,0.599079961280598,5.73978230000648
2,2,1,0,1,1,53,14,90,60,0,0,0,6,2,5.02033922064927,12.6216437999974
2,2,1,0,1,1,83,17,80,200,0,0,0,6,2,5.0100254999385,2.50277149998874
2,2,1,0,1,1,9,2,30,19,0,0,0,6,2,0.323924679626945,2.92126079999434
2,2,1,0,1,1,79,10,10,140,0,0,0,1,2,0.409213713777447,2.08239049999975
2,2,1,0,1,1,17,3.25,85,205,0,0,0,1,2,0.959859878383053,5.69147789999261
2,2,1,0,1,1,14,16.75,45,145,0,0,0,1,2,1.96297090140171,1.49840890000632
2,2,1,0,1,1,84,11,50,110,0,0,0,1,2,1.98874654256517,2.90920290000213
2,2,1,0,1,1,73,5,70,14,0,0,0,1,2,2.35212653048416,4.40263589999813
2,2,1,0,1,1,45,13.5,55,65,0,0,0,1,2,3.03409859381446,7.19513449999795
2,2,1,0,1,1,15,17.25,25,55,0,0,0,1,2,1.98430195505509,14.2407567999908
2,2,1,0,1,1,77,12,75,25,0,0,0,1,2,5.40448210851675,2.96178100000543
2,2,1,0,1,1,5,20,85,15,0,0,0,1,2,8.97693537459637,3.20910380000714
2,2,1,0,1,1,26,4,45,50,0,0,0,1,2,0.938471049094051,2.97593590000179
2,2,1,0,1,1,4,8.5,20,90,0,0,0,1,2,1.50008716470688,2.31580300000496
2,2,1,0,1,1,69,1.5,95,20,0,0,0,1,2,0.751549750501365,2.94114960001025
2,2,1,0,1,1,51,1,40,3,0,0,0,1,2,0.536510065680954,2.49308960000053
2,2,1,0,1,1,42,20,30,170,0,0,0,1,2,1.68082885479879,4.11335109999345
2,2,1,0,1,1,23,7.75,60,120,0,0,0,2,2,2.2203451691,5.6468426999927
2,2,1,0,1,1,66,10,90,80,0,0,0,2,2,3.98915783697319,3.29884650000895
2,2,1,0,1,1,25,9,60,160,0,0,0,2,2,2.66976944073179,3.02652379999927
2,2,1,0,1,1,57,10,50,95,0,0,0,2,2,2.56039975557286,3.43313770000532
2,2,1,0,1,1,78,8.25,20,5,0,0,0,2,2,1.50635476994841,2.12411909998627
2,2,1,0,1,1,76,4,35,70,0,0,0,2,2,0.70285201124711,8.05711270000029
2,2,1,0,1,1,35,13,70,30,0,0,0,2,2,5,2.95613210000738
2,2,1,0,1,1,43,3,30,0,0,0,0,2,2,0.583755861251362,3.75357300000906
2,2,1,0,1,1,56,12,90,210,0,0,0,2,2,4.73404367030168,1.93184369998926
2,2,1,0,1,1,47,16,100,5,0,0,0,2,2,8.97499674475716,3.0716253999999
2,2,1,0,1,1,80,8,45,125,0,0,0,2,2,1.9788809721005,5.29125459998613
2,2,1,0,1,1,62,10,95,135,0,0,0,2,2,4.05114259146444,2.15921349999553
2,2,1,0,1,1,36,14,15,40,0,0,0,2,2,0.957294242684899,9.45397899999807
2,2,1,0,1,1,54,9.25,40,4,0,0,0,2,2,1.96236431713034,8.62597789999563
2,2,1,0,1,1,22,20,90,165,0,0,0,5,2,6.02781565603635,3.10284029999457
2,2,1,0,1,1,18,18.75,80,250,0,0,0,5,2,7.0088682490771,3.89871909999056
2,2,1,0,1,1,64,19.5,65,45,0,0,0,5,2,5.96334748581994,4.30428639998718
2,2,1,0,1,1,19,17.5,25,40,0,0,0,5,2,2.01674506833987,6.80726549999963
2,2,1,0,1,1,21,6,95,55,0,0,0,5,2,3.07359066857904,1.60400350000418
2,2,1,0,1,1,52,18.5,10,85,0,0,0,5,2,1.04189563270048,2.40682390000438
2,2,1,0,1,1,10,19.5,10,125,0,0,0,5,2,0.947862845549793,1.27869269999792
2,2,1,0,1,1,48,7,45,70,0,0,0,5,2,1.95673400023076,2.86923090000346
2,2,1,0,1,1,2,7.5,75,25,0,0,0,5,2,2.99072829077237,1.8875498999987
2,2,1,0,1,1,67,8.5,50,105,0,0,0,5,2,2.58530053445077,2.92724059999455
2,2,1,0,1,1,82,9.5,20,25,0,0,0,5,2,1.00438697815057,18.7399213000026
2,2,1,0,1,1,32,9.5,30,170,0,0,0,5,2,2.02534508357163,3.44326539999747
2,2,1,0,1,1,7,16.75,65,75,0,0,0,5,2,5.04107167353856,4.89394049999828
2,2,1,0,1,1,44,5,40,65,0,0,0,5,2,1.78548602335972,2.00477590000082
2,2,1,0,1,1,59,2,80,110,0,0,0,4,2,0.56924061523646,3.58179820000078
2,2,1,0,1,1,65,1.75,80,10,0,0,0,4,2,0.746390457746514,4.44906489999266
2,2,1,0,1,1,63,5.5,70,40,0,0,0,4,2,1.95166829858811,3.17905469999823
2,2,1,0,1,1,49,16,50,20,0,0,0,4,2,4.0123397246195,3.44706350000342
2,2,1,0,1,1,1,5,50,0,0,0,0,4,2,1.58086229784416,1.81348979999893
2,2,1,0,1,1,70,3.5,40,3,0,0,0,4,2,1.07056605372122,6.35310819999722
2,2,1,0,1,1,71,6,25,45,0,0,0,4,2,0.982739921532566,9.36443050000526
2,2,1,0,1,1,6,19,20,175,0,0,0,4,2,1.98430195505509,4.74751580000157
2,2,1,0,1,1,74,7,40,120,0,0,0,4,2,1.05376424236025,1.84219879999
2,2,1,0,1,1,12,12,35,1,0,0,0,4,2,1.64863944086872,1.94424729999446
2,2,1,0,1,1,33,11,65,190,0,0,0,4,2,3.95708081797176,1.66666149999946
2,2,1,0,1,1,13,19.5,5,7,0,0,0,4,2,0.257947843314749,1.47557199999574
2,2,1,0,1,1,81,14,55,5,0,0,0,4,2,3.0989524578568,1.7374470000068
2,2,1,0,1,1,11,18.25,70,55,0,0,0,4,2,4.95879541213021,6.09694830000808
2,2,2,1,1,1,16,14,45,20,16,65,95,3,1,1,7.24910709999676
2,2,2,1,1,1,9,2,30,19,1,40,3,3,1,0,5.49738709999656
2,2,2,1,1,1,17,2,80,110,3.25,85,205,3,1,1,7.18391439999687
2,2,2,1,1,1,14,12,90,210,16.75,45,145,3,1,0,7.82423470000504
2,2,2,1,1,1,7,16,50,20,16.75,65,75,3,1,1,7.62397620000411
2,2,2,1,1,1,42,20,30,170,11,50,110,3,1,0,16.3155622000049
2,2,2,1,1,1,22,19.5,65,45,20,90,165,3,1,1,2.96856989999651
2,2,2,1,1,1,2,7.5,75,25,5,40,65,5,1,1,7.29440579999937
2,2,2,1,1,1,18,18.75,80,250,15,35,31,5,1,1,5.64212730000145
2,2,2,1,1,1,32,9.5,30,170,7,40,120,5,1,0,5.17706149999867
2,2,2,1,1,1,4,8.5,20,90,2,55,70,5,1,1,13.8845920000022
2,2,2,1,1,1,8,2.5,90,10,16,15,20,5,1,1,5.93239379998704
2,2,2,1,1,1,36,14,15,40,8.25,20,5,5,1,1,4.94449480000185
2,2,2,1,1,1,34,4,35,70,12,15,85,5,1,0,6.06785689998651
2,2,2,1,1,1,20,10,95,135,15.75,35,30,6,1,0,4.10120439999446
2,2,2,1,1,1,33,6,85,45,11,65,190,6,1,0,5.93692239999655
2,2,2,1,1,1,5,20,85,15,16,100,5,6,1,1,4.67488140000205
2,2,2,1,1,1,26,2.5,65,25,4,45,50,6,1,0,18.370765899992
2,2,2,1,1,1,30,8,75,90,6.5,90,60,6,1,1,5.50589479999326
2,2,2,1,1,1,41,17,80,200,19,65,245,6,1,0,20.9698642000003
2,2,2,1,1,1,31,5,70,14,8.5,50,22,6,1,0,3.56808670000464
2,2,2,1,1,1,38,8,45,125,15.5,40,215,4,1,1,4.82652640000742
2,2,2,1,1,1,6,19,20,175,7,45,70,4,1,0,6.95442209999601
2,2,2,1,1,1,40,9.5,20,25,18,15,110,4,1,1,4.09747300000163
2,2,2,1,1,1,1,5,50,0,3,30,0,4,1,1,6.08821679999528
2,2,2,1,1,1,3,15,85,14,13.5,55,65,4,1,1,6.2644724999991
2,2,2,1,1,1,35,12,75,25,13,70,30,4,1,1,7.91590650001308
2,2,2,1,1,1,28,6,25,7,3.5,40,3,4,1,0,8.85882140000467
2,2,2,1,1,1,27,5.25,50,120,1.5,95,20,1,1,0,6.16998160000367
2,2,2,1,1,1,23,1.75,80,10,7.75,60,120,1,1,1,11.2410620999872
2,2,2,1,1,1,12,12,35,1,9.25,40,4,1,1,1,6.00834899999609
2,2,2,1,1,1,19,17.5,25,40,15,75,225,1,1,0,6.1836711000069
2,2,2,1,1,1,39,14,55,5,17,35,15,1,1,0,3.55277700000443
2,2,2,1,1,1,15,10,50,95,17.25,25,55,1,1,0,4.20183180000458
2,2,2,1,1,1,29,6,25,45,7,20,55,1,1,1,4.72048309999809
2,2,2,1,1,1,10,18.5,10,85,19.5,10,125,2,1,1,5.04174149999744
2,2,2,1,1,1,24,19,70,150,10,90,80,2,1,1,3.99802830000408
2,2,2,1,1,1,11,18.25,70,55,14,90,60,2,1,1,4.14999689999968
2,2,2,1,1,1,13,19.5,5,7,16.5,25,155,2,1,0,2.80132630000298
2,2,2,1,1,1,21,6,95,55,5.5,70,40,2,1,1,5.51230850000866
2,2,2,1,1,1,37,10,10,140,14.5,5,175,2,1,0,2.76763250000658
2,2,2,1,1,1,25,8.5,50,105,9,60,160,2,1,1,7.54469500000414
2,3,1,0,0,1,60,15,100,31,0,0,0,1,6,5.0102186071529,10.1205684999586
2,3,1,0,0,1,18,18.75,100,250,0,0,0,1,6,4.97926327293716,2.8142596000107
2,3,1,0,0,1,71,6,100,45,0,0,0,1,6,2.05288469540675,2.03067609999562
2,3,1,0,0,1,75,6,100,45,0,0,0,1,6,2.88736951238558,4.24957620003261
2,3,1,0,0,1,20,15.75,100,30,0,0,0,1,6,5,3.22969000000739
2,3,1,0,0,1,11,18.25,100,55,0,0,0,1,6,6.00009663166606,2.56919449998531
2,3,1,0,0,1,26,4,100,50,0,0,0,1,6,1.04424811065845,3.37823459994979
2,3,1,0,0,1,31,8.5,100,22,0,0,0,1,6,4.027428867548,4.45660460001091
2,3,1,0,0,1,73,5,100,14,0,0,0,1,6,1.02267121716315,3.51257880002959
2,3,1,0,0,1,22,20,100,165,0,0,0,1,6,5.99374272028493,2.58367269998416
2,3,1,0,0,1,72,6.5,100,60,0,0,0,1,6,0.990270552169193,7.48719700000947
2,3,1,0,0,1,49,16,100,20,0,0,0,1,6,7.99182303264261,8.31885440001497
2,3,1,0,0,1,57,10,100,95,0,0,0,1,6,1.95080299949938,8.02270609996049
2,3,1,0,0,1,34,12,100,85,0,0,0,1,6,3.02254814418137,15.6132047999999
2,3,1,0,0,1,14,16.75,100,145,0,0,0,4,6,5.04107167353856,3.13473540003179
2,3,1,0,0,1,32,9.5,100,170,0,0,0,4,6,2.01256286750259,6.55684969999129
2,3,1,0,0,1,6,19,100,175,0,0,0,4,6,4.04209742499744,9.86262610001722
2,3,1,0,0,1,64,19.5,100,45,0,0,0,4,6,8.02783012821157,1.31729749997612
2,3,1,0,0,1,40,18,100,110,0,0,0,4,6,4.00715401749092,2.10449370002607
2,3,1,0,0,1,1,5,100,0,0,0,0,4,6,2.99052963886356,5.16042359999847
2,3,1,0,0,1,38,15.5,100,215,0,0,0,4,6,3.00396027555258,5.70978420000756
2,3,1,0,0,1,70,3.5,100,3,0,0,0,4,6,2.01629097704969,7.54514860000927
2,3,1,0,0,1,59,2,100,110,0,0,0,4,6,0.32874690519786,2.4942735999939
2,3,1,0,0,1,68,2.5,100,25,0,0,0,4,6,1.01573780261388,1.47104599996237
2,3,1,0,0,1,15,17.25,100,55,0,0,0,4,6,4.98964846810879,1.77575269999215
2,3,1,0,0,1,53,14,100,60,0,0,0,4,6,3.9567613820743,1.30194149998715
2,3,1,0,0,1,8,16,100,20,0,0,0,4,6,5.94989742449097,2.72596360003809
2,3,1,0,0,1,77,12,100,25,0,0,0,4,6,3.99980498638207,1.55978640000103
2,3,1,0,0,1,35,13,100,30,0,0,0,5,6,4.07075318577765,5.26524670002982
2,3,1,0,0,1,7,16.75,100,75,0,0,0,5,6,4.95892832646144,19.7288412000053
2,3,1,0,0,1,10,19.5,100,125,0,0,0,5,6,5.99695851276626,2.89564830000745
2,3,1,0,0,1,30,8,100,90,0,0,0,5,6,1.98874654256517,1.36117240000749
2,3,1,0,0,1,24,19,100,150,0,0,0,5,6,6.02317828923842,1.73874810000416
2,3,1,0,0,1,84,11,100,110,0,0,0,5,6,2.00900365879732,2.8523299000226
2,3,1,0,0,1,13,19.5,100,7,0,0,0,5,6,7.92885453773146,3.42904300004011
2,3,1,0,0,1,83,17,100,200,0,0,0,5,6,3.09297744754255,1.74105249997228
2,3,1,0,0,1,33,11,100,190,0,0,0,5,6,1.84859812522796,3.15832480002427
2,3,1,0,0,1,17,3.25,100,205,0,0,0,5,6,0.535293705771068,2.50813949998701
2,3,1,0,0,1,82,9.5,100,25,0,0,0,5,6,4.07685820805741,1.65911960002268
2,3,1,0,0,1,45,13.5,100,65,0,0,0,5,6,5.08135273084042,7.47123319999082
2,3,1,0,0,1,48,7,100,70,0,0,0,5,6,2.03003402572384,5.0016631000326
2,3,1,0,0,1,69,1.5,100,20,0,0,0,5,6,0.262075101077993,1.46260750002693
2,3,1,0,0,1,65,1.75,100,10,0,0,0,2,6,0.409213713777447,3.08438190002926
2,3,1,0,0,1,66,10,100,80,0,0,0,2,6,1.91954930711429,4.36109659995418
2,3,1,0,0,1,81,14,100,5,0,0,0,2,6,7.78466758397716,2.13962610001909
2,3,1,0,0,1,4,8.5,100,90,0,0,0,2,6,2.31975067873847,7.06468190002488
2,3,1,0,0,1,16,16,100,95,0,0,0,2,6,4.07973895366319,7.61455890000798
2,3,1,0,0,1,55,16.5,100,155,0,0,0,2,6,5.03036319293387,7.81702999997651
2,3,1,0,0,1,61,15,100,225,0,0,0,2,6,3.06254778184119,1.6946833000402
2,3,1,0,0,1,78,8.25,100,5,0,0,0,2,6,4.04083865470258,2.20733329997165
2,3,1,0,0,1,39,17,100,15,0,0,0,2,6,8.99169355322126,4.29687170003308
2,3,1,0,0,1,74,7,100,120,0,0,0,2,6,1.57711064068902,4.03206459997455
2,3,1,0,0,1,63,5.5,100,40,0,0,0,2,6,1.04895128484505,3.4925284999772
2,3,1,0,0,1,62,10,100,135,0,0,0,2,6,3.05372690017291,2.00393489998532
2,3,1,0,0,1,46,2,100,70,0,0,0,2,6,0.304995099315349,6.53956900001504
2,3,1,0,0,1,54,9.25,100,4,0,0,0,2,6,4.01802830470264,1.3863775000209
2,3,1,0,0,1,37,14.5,100,175,0,0,0,3,6,6.00760431843443,3.03369589999784
2,3,1,0,0,1,52,18.5,100,85,0,0,0,3,6,6.74199534530314,4.81512430001749
2,3,1,0,0,1,50,2.5,100,10,0,0,0,3,6,0.61878431391062,1.42340839997632
2,3,1,0,0,1,21,6,100,55,0,0,0,3,6,0.99393131483766,1.24124399997527
2,3,1,0,0,1,56,12,100,210,0,0,0,3,6,1.99911697927407,1.83707209996646
2,3,1,0,0,1,76,4,100,70,0,0,0,3,6,0.782534776818807,1.05979839997599
2,3,1,0,0,1,42,20,100,170,0,0,0,3,6,4.44298736055158,1.59139430004871
2,3,1,0,0,1,47,16,100,5,0,0,0,3,6,8.92943394627878,1.80997180001577
2,3,1,0,0,1,27,5.25,100,120,0,0,0,3,6,0.625835090219429,10.49694490002
2,3,1,0,0,1,23,7.75,100,120,0,0,0,3,6,1.47531353885602,15.8366410000017
2,3,1,0,0,1,28,6,100,7,0,0,0,3,6,1.01291767143232,2.05753200000618
2,3,1,0,0,1,41,19,100,245,0,0,0,3,6,3.97682171076157,2.28026000002865
2,3,1,0,0,1,19,17.5,100,40,0,0,0,3,6,7.0353486685949,4.32212520000758
2,3,1,0,0,1,80,8,100,125,0,0,0,3,6,1.64780032144398,4.28856059996178
2,3,1,0,0,1,44,5,100,65,0,0,0,6,6,0.759740202841158,2.23892319999868
2,3,1,0,0,1,51,1,100,3,0,0,0,6,6,0.587522938628055,1.61459620000096
2,3,1,0,0,1,79,10,100,140,0,0,0,6,6,2.7558511281575,4.85252619994571
2,3,1,0,0,1,12,12,100,1,0,0,0,6,6,6.02262421368766,1.69335590000264
2,3,1,0,0,1,5,20,100,15,0,0,0,6,6,9.94290558707176,11.6110021000495
2,3,1,0,0,1,43,3,100,0,0,0,0,6,6,2.00317806551255,2.79143350000959
2,3,1,0,0,1,29,7,100,55,0,0,0,6,6,1.02734586061814,2.63438880001195
2,3,1,0,0,1,3,15,100,14,0,0,0,6,6,7.02226352353768,2.32260859996313
2,3,1,0,0,1,25,9,100,160,0,0,0,6,6,5.80663600513998,10.1911586000351
2,3,1,0,0,1,9,2,100,19,0,0,0,6,6,0.396455144963468,17.5822193000349
2,3,1,0,0,1,36,14,100,40,0,0,0,6,6,2.97747240516943,3.97836539999116
2,3,1,0,0,1,58,14,100,20,0,0,0,6,6,4.09371885612649,2.38793480000459
2,3,1,0,0,1,67,8.5,100,105,0,0,0,6,6,0.932076544506671,1.98727099999087
2,3,1,0,0,1,2,7.5,100,25,0,0,0,6,6,1.38890982678285,14.0475372000365
2,3,2,1,0,1,39,14,100,5,17,100,15,2,5,0,2.8484613999608
2,3,2,1,0,1,28,6,100,7,3.5,100,3,2,5,1,5.81346690002829
2,3,2,1,0,1,18,15,100,31,18.75,100,250,2,5,0,1.93503939994844
2,3,2,1,0,1,4,8.5,100,90,2,100,70,2,5,1,1.84048080001958
2,3,2,1,0,1,13,16.5,100,155,19.5,100,7,2,5,1,4.51840800000355
2,3,2,1,0,1,26,4,100,50,2.5,100,25,2,5,0,3.68864439998288
2,3,2,1,0,1,7,16.75,100,75,16,100,20,2,5,0,4.41673050000099
2,3,2,1,0,1,11,18.25,100,55,14,100,60,5,5,1,11.1457065999857
2,3,2,1,0,1,34,12,100,85,4,100,70,5,5,1,3.23256150004454
2,3,2,1,0,1,16,16,100,95,14,100,20,5,5,0,9.40909050003393
2,3,2,1,0,1,19,17.5,100,40,15,100,225,5,5,1,3.83347140002297
2,3,2,1,0,1,29,6,100,45,7,100,55,5,5,1,6.66642229998251
2,3,2,1,0,1,9,2,100,19,1,100,3,5,5,0,5.13611949997721
2,3,2,1,0,1,22,19.5,100,45,20,100,165,5,5,0,12.3458788999706
2,3,2,1,0,1,40,18,100,110,9.5,100,25,1,5,1,4.04695050005103
2,3,2,1,0,1,25,9,100,160,8.5,100,105,1,5,0,3.17800389998592
2,3,2,1,0,1,33,6,100,45,11,100,190,1,5,0,5.55475499999011
2,3,2,1,0,1,14,16.75,100,145,12,100,210,1,5,1,3.22714350000024
2,3,2,1,0,1,32,7,100,120,9.5,100,170,1,5,1,4.48212650005007
2,3,2,1,0,1,12,12,100,1,9.25,100,4,1,5,1,1.81775499996729
2,3,2,1,0,1,30,6.5,100,60,8,100,90,1,5,0,4.96262239996577
2,3,2,1,0,1,1,5,100,0,3,100,0,3,5,1,2.6857390999794
2,3,2,1,0,1,31,8.5,100,22,5,100,14,3,5,0,7.73568739998154
2,3,2,1,0,1,24,19,100,150,10,100,80,3,5,1,4.47329459997127
2,3,2,1,0,1,17,2,100,110,3.25,100,205,3,5,0,1.8648850999889
2,3,2,1,0,1,15,17.25,100,55,10,100,95,3,5,1,6.60236499999883
2,3,2,1,0,1,6,19,100,175,7,100,70,3,5,1,3.16794579999987
2,3,2,1,0,1,42,11,100,110,20,100,170,3,5,1,2.98307780001778
2,3,2,1,0,1,41,19,100,245,17,100,200,6,5,1,4.70603980001761
2,3,2,1,0,1,20,10,100,135,15.75,100,30,6,5,1,4.64910579996649
2,3,2,1,0,1,23,7.75,100,120,1.75,100,10,6,5,1,11.3890067000175
2,3,2,1,0,1,10,18.5,100,85,19.5,100,125,6,5,0,2.536705000035
2,3,2,1,0,1,37,10,100,140,14.5,100,175,6,5,1,3.95303869998315
2,3,2,1,0,1,2,7.5,100,25,5,100,65,6,5,1,2.79288989998167
2,3,2,1,0,1,3,15,100,14,13.5,100,65,6,5,1,4.58219569997163
2,3,2,1,0,1,36,8.25,100,5,14,100,40,4,5,1,16.9264866000158
2,3,2,1,0,1,27,1.5,100,20,5.25,100,120,4,5,1,3.35518759995466
2,3,2,1,0,1,8,16,100,20,2.5,100,10,4,5,1,2.48081989999628
2,3,2,1,0,1,35,12,100,25,13,100,30,4,5,1,5.598644600017
2,3,2,1,0,1,5,20,100,15,16,100,5,4,5,1,2.3931375000393
2,3,2,1,0,1,21,6,100,55,5.5,100,40,4,5,0,3.06392759998562
2,3,2,1,0,1,38,8,100,125,15.5,100,215,4,5,0,4.36841630004346
3,1,1,1,0,1,19,17.5,100,40,15,100,225,4,5,1,4.93344769999999
3,1,1,1,0,1,40,18,100,110,9.5,100,25,4,5,1,5.10336259999985
3,1,1,1,0,1,38,15.5,100,215,8,100,125,4,5,1,4.3852202999999
3,1,1,1,0,1,10,19.5,100,125,18.5,100,85,4,5,0,3.45610590000001
3,1,1,1,0,1,22,19.5,100,45,20,100,165,4,5,0,3.13117449999982
3,1,1,1,0,1,26,2.5,100,25,4,100,50,4,5,1,4.38248199999998
3,1,1,1,0,1,1,3,100,0,5,100,0,4,5,1,5.82786889999988
3,1,1,1,0,1,9,2,100,19,1,100,3,1,5,0,6.00829049999993
3,1,1,1,0,1,5,20,100,15,16,100,5,1,5,1,5.53526710000006
3,1,1,1,0,1,29,6,100,45,7,100,55,1,5,0,4.35630040000001
3,1,1,1,0,1,20,10,100,135,15.75,100,30,1,5,1,4.19549540000003
3,1,1,1,0,1,28,3.5,100,3,6,100,7,1,5,1,4.04437680000001
3,1,1,1,0,1,7,16,100,20,16.75,100,75,1,5,0,2.50623539999992
3,1,1,1,0,1,15,17.25,100,55,10,100,95,1,5,1,2.80284640000013
3,1,1,1,0,1,35,12,100,25,13,100,30,5,5,1,3.8734273
3,1,1,1,0,1,39,14,100,5,17,100,15,5,5,0,5.0588044000001
3,1,1,1,0,1,37,14.5,100,175,10,100,140,5,5,1,3.73878680000007
3,1,1,1,0,1,8,2.5,100,10,16,100,20,5,5,1,3.50856620000013
3,1,1,1,0,1,14,16.75,100,145,12,100,210,5,5,1,3.51665679999996
3,1,1,1,0,1,23,1.75,100,10,7.75,100,120,5,5,1,5.39518679999992
3,1,1,1,0,1,30,6.5,100,60,8,100,90,5,5,0,5.10904729999993
3,1,1,1,0,1,42,20,100,170,11,100,110,2,5,1,6.5366375000001
3,1,1,1,0,1,34,12,100,85,4,100,70,2,5,1,4.36509969999997
3,1,1,1,0,1,13,19.5,100,7,16.5,100,155,2,5,1,3.40009149999992
3,1,1,1,0,1,41,19,100,245,17,100,200,2,5,1,6.14002610000011
3,1,1,1,0,1,11,18.25,100,55,14,100,60,2,5,1,3.81252139999992
3,1,1,1,0,1,24,10,100,80,19,100,150,2,5,1,4.2639458000001
3,1,1,1,0,1,27,5.25,100,120,1.5,100,20,2,5,1,4.10886289999985
3,1,1,1,0,1,12,12,100,1,9.25,100,4,6,5,1,4.12902270000018
3,1,1,1,0,1,17,2,100,110,3.25,100,205,6,5,0,4.5006985
3,1,1,1,0,1,18,18.75,100,250,15,100,31,6,5,0,3.81131870000013
3,1,1,1,0,1,32,7,100,120,9.5,100,170,6,5,0,3.71271739999997
3,1,1,1,0,1,36,14,100,40,8.25,100,5,6,5,0,5.58025759999987
3,1,1,1,0,1,33,11,100,190,6,100,45,6,5,0,8.11481370000001
3,1,1,1,0,1,3,15,100,14,13.5,100,65,6,5,1,2.6370488
3,1,1,1,0,1,31,5,100,14,8.5,100,22,3,5,1,4.73957109999992
3,1,1,1,0,1,4,8.5,100,90,2,100,70,3,5,1,3.49027560000013
3,1,1,1,0,1,6,7,100,70,19,100,175,3,5,1,21.7120772000001
3,1,1,1,0,1,2,5,100,65,7.5,100,25,3,5,1,3.32117099999982
3,1,1,1,0,1,16,14,100,20,16,100,95,3,5,0,2.82013530000017
3,1,1,1,0,1,21,6,100,55,5.5,100,40,3,5,1,2.7136339000001
3,1,1,1,0,1,25,8.5,100,105,9,100,160,3,5,0,2.40231999999992
3,1,2,0,0,1,60,15,100,31,0,0,0,3,6,3.9775971873728,13.3950875
3,1,2,0,0,1,1,5,100,0,0,0,0,3,6,0.999916782871033,10.7868568000001
3,1,2,0,0,1,64,19.5,100,45,0,0,0,3,6,3.00396027555258,5.19701280000004
3,1,2,0,0,1,46,2,100,70,0,0,0,3,6,0.151547503511434,6.06499830000007
3,1,2,0,0,1,13,19.5,100,7,0,0,0,3,6,4.03251441427551,4.80338349999988
3,1,2,0,0,1,7,16.75,100,75,0,0,0,3,6,2.99596923658168,4.47524550000003
3,1,2,0,0,1,14,16.75,100,145,0,0,0,3,6,2.03907445914171,7.29724549999992
3,1,2,0,0,1,5,20,100,15,0,0,0,3,6,5,3.60303010000007
3,1,2,0,0,1,42,20,100,170,0,0,0,3,6,5.0102186071529,3.20279160000018
3,1,2,0,0,1,73,5,100,14,0,0,0,3,6,0.253387258297984,9.0135216000001
3,1,2,0,0,1,81,14,100,5,0,0,0,3,6,3.00942861062224,8.70807439999999
3,1,2,0,0,1,27,5.25,100,120,0,0,0,3,6,0.101042272133238,12.8173382
3,1,2,0,0,1,19,17.5,100,40,0,0,0,3,6,5.98737247692722,3.62389839999992
3,1,2,0,0,1,4,8.5,100,90,0,0,0,3,6,2.04382219995607,7.13725150000005
3,1,2,0,0,1,70,3.5,100,3,0,0,0,2,6,0.132303765761925,9.02762920000009
3,1,2,0,0,1,58,14,100,20,0,0,0,2,6,4.51284333320864,4.59922639999991
3,1,2,0,0,1,76,4,100,70,0,0,0,2,6,0.0431112894459496,11.4981018000001
3,1,2,0,0,1,34,12,100,85,0,0,0,2,6,2.02517793912398,19.0458096
3,1,2,0,0,1,45,13.5,100,65,0,0,0,2,6,4.01891725912121,3.55673540000021
3,1,2,0,0,1,32,9.5,100,170,0,0,0,2,6,1.98787616201406,5.65946600000007
3,1,2,0,0,1,83,17,100,200,0,0,0,2,6,4.0312611905209,12.7291243000002
3,1,2,0,0,1,15,17.25,100,55,0,0,0,2,6,5,5.69775300000015
3,1,2,0,0,1,36,14,100,40,0,0,0,2,6,2.04369094153031,9.37513680000006
3,1,2,0,0,1,57,10,100,95,0,0,0,2,6,2.04385386155514,30.2246325000001
3,1,2,0,0,1,18,18.75,100,250,0,0,0,2,6,3.01696439925755,9.32359190000011
3,1,2,0,0,1,41,19,100,245,0,0,0,2,6,1.94655118068263,1.76484879999998
3,1,2,0,0,1,65,1.75,100,10,0,0,0,2,6,0.189327620336417,3.45748750000007
3,1,2,0,0,1,62,10,100,135,0,0,0,2,6,4.9487434769599,5.26628300000016
3,1,2,0,0,1,68,2.5,100,25,0,0,0,4,6,0.1906355570774,6.67089840000017
3,1,2,0,0,1,77,12,100,25,0,0,0,4,6,2.02517793912398,20.2274527
3,1,2,0,0,1,61,15,100,225,0,0,0,4,6,2.9909289842474,4.4611969
3,1,2,0,0,1,35,13,100,30,0,0,0,4,6,4.55846940556774,11.7354227999999
3,1,2,0,0,1,49,16,100,20,0,0,0,4,6,5.02060250970488,7.30789770000001
3,1,2,0,0,1,16,16,100,95,0,0,0,4,6,2.86774154632039,2.71907640000018
3,1,2,0,0,1,50,2.5,100,10,0,0,0,4,6,0.337840808210185,2.31942140000001
3,1,2,0,0,1,52,18.5,100,85,0,0,0,4,6,7.0420431497991,4.26708610000014
3,1,2,0,0,1,3,15,100,14,0,0,0,4,6,5.09315721937801,14.7278119999996
3,1,2,0,0,1,17,3.25,100,205,0,0,0,4,6,0.0142420293137242,7.44237210000028
3,1,2,0,0,1,40,18,100,110,0,0,0,4,6,4.12225648730386,1.91212350000023
3,1,2,0,0,1,30,8,100,90,0,0,0,4,6,2.98864888427921,2.45182300000033
3,1,2,0,0,1,20,15.75,100,30,0,0,0,4,6,5.97632261186932,10.2983826999998
3,1,2,0,0,1,79,10,100,140,0,0,0,4,6,4.05919055201767,2.13596219999999
3,1,2,0,0,1,37,14.5,100,175,0,0,0,5,6,3.10197557758382,4.94453580000027
3,1,2,0,0,1,10,19.5,100,125,0,0,0,5,6,4.97919550633695,4.73307549999981
3,1,2,0,0,1,75,6,100,45,0,0,0,5,6,2.03016450733324,10.3097235999999
3,1,2,0,0,1,2,7.5,100,25,0,0,0,5,6,2.87403964378828,4.23581680000007
3,1,2,0,0,1,44,5,100,65,0,0,0,5,6,3.49968206726032,4.93053370000007
3,1,2,0,0,1,80,8,100,125,0,0,0,5,6,1.08120713740612,3.9405385
3,1,2,0,0,1,47,16,100,5,0,0,0,5,6,6.09181029096115,4.05077840000013
3,1,2,0,0,1,63,5.5,100,40,0,0,0,5,6,3.24986959294966,2.24627310000005
3,1,2,0,0,1,74,7,100,120,0,0,0,5,6,3.31031268604059,16.9936368999997
3,1,2,0,0,1,84,11,100,110,0,0,0,5,6,3.63208279110097,5.24601989999974
3,1,2,0,0,1,24,19,100,150,0,0,0,5,6,3.95885494326487,1.96125100000017
3,1,2,0,0,1,28,6,100,7,0,0,0,5,6,1.23402388948038,19.3721747999998
3,1,2,0,0,1,6,19,100,175,0,0,0,5,6,3.79206078601613,4.33162719999973
3,1,2,0,0,1,66,10,100,80,0,0,0,5,6,3.94209808435974,2.56255079999983
3,1,2,0,0,1,31,8.5,100,22,0,0,0,6,6,5.18923650870132,10.1972000000001
3,1,2,0,0,1,78,8.25,100,5,0,0,0,6,6,2.3102911107781,5.73195680000026
3,1,2,0,0,1,71,6,100,45,0,0,0,6,6,0.460098444835538,2.67734160000009
3,1,2,0,0,1,59,2,100,110,0,0,0,6,6,0.0586729721000196,2.06514399999969
3,1,2,0,0,1,25,9,100,160,0,0,0,6,6,1.89925303771037,23.1806768000001
3,1,2,0,0,1,29,7,100,55,0,0,0,6,6,2.3406606281243,3.18360910000001
3,1,2,0,0,1,48,7,100,70,0,0,0,6,6,2.00701908506628,5.5712966000001
3,1,2,0,0,1,54,9.25,100,4,0,0,0,6,6,4.83627539251065,2.84954050000033
3,1,2,0,0,1,33,11,100,190,0,0,0,6,6,6.71955237609982,5.59582890000001
3,1,2,0,0,1,26,4,100,50,0,0,0,6,6,1.00146715062697,4.98548449999998
3,1,2,0,0,1,69,1.5,100,20,0,0,0,6,6,0.32342642512975,15.3869337000001
3,1,2,0,0,1,39,17,100,15,0,0,0,6,6,6.08282733246661,4.65481369999998
3,1,2,0,0,1,72,6.5,100,60,0,0,0,6,6,2.57762116818313,1.66884619999973
3,1,2,0,0,1,43,3,100,0,0,0,0,6,6,1.02734586061814,2.98434610000004
3,1,2,0,0,1,21,6,100,55,0,0,0,1,6,3.43063077798872,5.81872770000018
3,1,2,0,0,1,51,1,100,3,0,0,0,1,6,0.131393678148985,3.89942430000019
3,1,2,0,0,1,82,9.5,100,25,0,0,0,1,6,6.15036889376993,6.95609079999986
3,1,2,0,0,1,53,14,100,60,0,0,0,1,6,3.51194469402765,6.36424100000022
3,1,2,0,0,1,22,20,100,165,0,0,0,1,6,9.95659477902271,1.75245620000032
3,1,2,0,0,1,56,12,100,210,0,0,0,1,6,7.12329412541956,5.40810469999997
3,1,2,0,0,1,11,18.25,100,55,0,0,0,1,6,7.86358055654312,3.91809950000015
3,1,2,0,0,1,55,16.5,100,155,0,0,0,1,6,3.39377042290566,7.18255869999984
3,1,2,0,0,1,12,12,100,1,0,0,0,1,6,7.47429170666779,2.06250809999983
3,1,2,0,0,1,23,7.75,100,120,0,0,0,1,6,2.98415267181184,2.96218990000034
3,1,2,0,0,1,9,2,100,19,0,0,0,1,6,1.15146582847207,2.65337520000003
3,1,2,0,0,1,38,15.5,100,215,0,0,0,1,6,0.730791398880164,5.96054920000006
3,1,2,0,0,1,67,8.5,100,105,0,0,0,1,6,4.10834710402153,8.51197079999974
3,1,2,0,0,1,8,16,100,20,0,0,0,1,6,6.76471329892037,5.01635220000026
3,2,1,0,1,0,6,19,20,0,0,0,0,6,4,2.02040590619034,17.9438391999993
3,2,1,0,1,0,80,8,45,0,0,0,0,6,4,2.06616008697296,5.73894160000054
3,2,1,0,1,0,50,2.5,90,0,0,0,0,6,4,1.03057219204863,7.80857000000105
3,2,1,0,1,0,21,6,95,0,0,0,0,6,4,1.9838387037688,8.48057770000014
3,2,1,0,1,0,75,6,85,0,0,0,0,6,4,1.08939001982536,2.84181370000078
3,2,1,0,1,0,19,17.5,25,0,0,0,0,6,4,2.99596923658168,3.40701780000018
3,2,1,0,1,0,16,16,65,0,0,0,0,6,4,3.04106143102273,5.46111849999943
3,2,1,0,1,0,29,7,20,0,0,0,0,6,4,0.511609684109057,3.36126390000027
3,2,1,0,1,0,78,8.25,20,0,0,0,0,6,4,0.48424754974803,7.2038665
3,2,1,0,1,0,71,6,25,0,0,0,0,6,4,0.287866887243901,4.1523459
3,2,1,0,1,0,7,16.75,65,0,0,0,0,6,4,3.05321824018109,4.46103969999967
3,2,1,0,1,0,23,7.75,60,0,0,0,0,6,4,1.04901738046294,2.78239399999984
3,2,1,0,1,0,62,10,95,0,0,0,0,6,4,4.9689456232728,2.73724530000072
3,2,1,0,1,0,61,15,75,0,0,0,0,6,4,3.15696238256362,3.30499930000042
3,2,1,0,1,0,84,11,50,0,0,0,0,5,4,3.01001672711843,3.04787290000058
3,2,1,0,1,0,17,3.25,85,0,0,0,0,5,4,1.10465120435278,3.71183250000104
3,2,1,0,1,0,67,8.5,50,0,0,0,0,5,4,2.00380950745887,3.45357030000014
3,2,1,0,1,0,55,16.5,25,0,0,0,0,5,4,1.01803856063574,1.75625660000151
3,2,1,0,1,0,35,13,70,0,0,0,0,5,4,2.05260888220584,2.3257375000012
3,2,1,0,1,0,24,19,70,0,0,0,0,5,4,3.07527231037509,1.90322129999913
3,2,1,0,1,0,37,14.5,5,0,0,0,0,5,4,0.309614841054803,1.64420520000021
3,2,1,0,1,0,4,8.5,20,0,0,0,0,5,4,1.10953818170144,17.7404643000009
3,2,1,0,1,0,57,10,50,0,0,0,0,5,4,3.03409859381446,3.16172109999934
3,2,1,0,1,0,2,7.5,75,0,0,0,0,5,4,1.94593115285689,1.8801712000004
3,2,1,0,1,0,73,5,70,0,0,0,0,5,4,2.63831985606994,1.90727510000033
3,2,1,0,1,0,65,1.75,80,0,0,0,0,5,4,0.274733315170536,2.11963449999894
3,2,1,0,1,0,31,8.5,50,0,0,0,0,5,4,0.995485878574701,1.25571059999857
3,2,1,0,1,0,12,12,35,0,0,0,0,5,4,1.41424579657735,1.57306640000024
3,2,1,0,1,0,18,18.75,80,0,0,0,0,4,4,6.02592483436413,7.8252451999997
3,2,1,0,1,0,20,15.75,35,0,0,0,0,4,4,2.00349600976258,1.5571818999997
3,2,1,0,1,0,79,10,10,0,0,0,0,4,4,0.965150509026294,1.64744249999967
3,2,1,0,1,0,41,19,65,0,0,0,0,4,4,4.05876170744279,3.10119029999987
3,2,1,0,1,0,44,5,40,0,0,0,0,4,4,0.637388376319016,4.31441799999993
3,2,1,0,1,0,47,16,100,0,0,0,0,4,4,0.0286763723706862,2.30243259999952
3,2,1,0,1,0,32,9.5,30,0,0,0,0,4,4,0.954273201350713,21.6692938999986
3,2,1,0,1,0,10,19.5,10,0,0,0,0,4,4,2.03523747135391,2.17442979999942
3,2,1,0,1,0,45,13.5,55,0,0,0,0,4,4,3.87292474097434,2.33378679999987
3,2,1,0,1,0,48,7,45,0,0,0,0,4,4,0.972895512886033,10.7943185999993
3,2,1,0,1,0,66,10,90,0,0,0,0,4,4,3.04151192114618,1.62033040000097
3,2,1,0,1,0,53,14,90,0,0,0,0,4,4,4.92777719248559,1.65335419999974
3,2,1,0,1,0,39,17,35,0,0,0,0,4,4,2.14807471875559,3.84826599999906
3,2,1,0,1,0,52,18.5,10,0,0,0,0,4,4,2.02583234230042,2.43851580000046
3,2,1,0,1,0,42,20,30,0,0,0,0,1,4,2.29565252422623,9.53499439999905
3,2,1,0,1,0,11,18.25,70,0,0,0,0,1,4,5.01038530518177,2.72958430000108
3,2,1,0,1,0,30,8,75,0,0,0,0,1,4,2.01629097704969,2.94421220000004
3,2,1,0,1,0,43,3,30,0,0,0,0,1,4,0.353314457762693,1.60856500000045
3,2,1,0,1,0,33,11,65,0,0,0,0,1,4,2.67137564262375,3.19554570000037
3,2,1,0,1,0,64,19.5,65,0,0,0,0,1,4,2.86899910824325,1.63185589999921
3,2,1,0,1,0,9,2,30,0,0,0,0,1,4,1.05610412608059,2.20762760000071
3,2,1,0,1,0,72,6.5,90,0,0,0,0,1,4,1.05376424236025,1.81638700000076
3,2,1,0,1,0,56,12,90,0,0,0,0,1,4,4.05663482067051,1.14884709999933
3,2,1,0,1,0,13,19.5,5,0,0,0,0,1,4,0.512751841987601,2.25912029999927
3,2,1,0,1,0,36,14,15,0,0,0,0,1,4,1.04898479061982,6.23793329999899
3,2,1,0,1,0,3,15,85,0,0,0,0,1,4,5.06140836277202,0.968187500000568
3,2,1,0,1,0,54,9.25,40,0,0,0,0,1,4,2.00411865123193,1.23604199999863
3,2,1,0,1,0,26,4,45,0,0,0,0,1,4,0.234053485496549,1.37324119999903
3,2,1,0,1,0,70,3.5,40,0,0,0,0,2,4,0.675337442638586,4.34162409999954
3,2,1,0,1,0,63,5.5,70,0,0,0,0,2,4,1.08002399422898,7.07849250000072
3,2,1,0,1,0,81,14,55,0,0,0,0,2,4,4.01262752307277,1.99288780000097
3,2,1,0,1,0,27,5.25,50,0,0,0,0,2,4,0.942782661486124,1.57992000000013
3,2,1,0,1,0,76,4,35,0,0,0,0,2,4,0.541431157054337,1.21296509999956
3,2,1,0,1,0,60,15,35,0,0,0,0,2,4,1.4207446054652,3.49731109999993
3,2,1,0,1,0,77,12,75,0,0,0,0,2,4,3.04242666104722,2.18935330000022
3,2,1,0,1,0,58,14,45,0,0,0,0,2,4,2.56668895616371,2.41461200000049
3,2,1,0,1,0,34,12,15,0,0,0,0,2,4,1.57025220268093,1.81085600000006
3,2,1,0,1,0,69,1.5,95,0,0,0,0,2,4,0.161320703589837,2.5459222999998
3,2,1,0,1,0,46,2,55,0,0,0,0,2,4,0.234592291730667,3.28363010000066
3,2,1,0,1,0,40,18,15,0,0,0,0,2,4,1.00537839182461,1.32246110000051
3,2,1,0,1,0,49,16,50,0,0,0,0,2,4,4.00090840045691,1.45849850000013
3,2,1,0,1,0,25,9,60,0,0,0,0,2,4,1.93697694434271,1.61083159999907
3,2,1,0,1,0,5,20,85,0,0,0,0,3,4,6.00554552185455,3.91276700000162
3,2,1,0,1,0,28,6,25,0,0,0,0,3,4,1.2538509602905,7.87641390000135
3,2,1,0,1,0,82,9.5,20,0,0,0,0,3,4,0.508213473322318,4.10766520000107
3,2,1,0,1,0,15,17.25,25,0,0,0,0,3,4,1.92822495958459,4.09129620000022
3,2,1,0,1,0,83,17,80,0,0,0,0,3,4,4.98991094707763,2.5189395999987
3,2,1,0,1,0,74,7,40,0,0,0,0,3,4,2.06167395390355,6.60408299999835
3,2,1,0,1,0,8,16,15,0,0,0,0,3,4,2.06148999430862,13.6544007999983
3,2,1,0,1,0,1,5,50,0,0,0,0,3,4,0.452917361564428,2.1413610999989
3,2,1,0,1,0,22,20,90,0,0,0,0,3,4,6.94988913656309,1.34099479999713
3,2,1,0,1,0,59,2,80,0,0,0,0,3,4,0.268040517679257,2.10238850000314
3,2,1,0,1,0,51,1,40,0,0,0,0,3,4,0.129904369767491,3.17400970000017
3,2,1,0,1,0,38,15.5,40,0,0,0,0,3,4,4.11388447444524,6.88154140000188
3,2,1,0,1,0,68,2.5,65,0,0,0,0,3,4,0.318768292301019,2.38329159999921
3,2,1,0,1,0,14,16.75,45,0,0,0,0,3,4,2.48984342918207,1.81931990000157
3,2,2,1,1,0,26,4,45,0,2.5,65,0,2,3,1,21.6444744
3,2,2,1,1,0,9,2,30,0,1,40,0,2,3,1,9.57019209999999
3,2,2,1,1,0,18,15,35,0,18.75,80,0,2,3,1,2.69644740000149
3,2,2,1,1,0,11,18.25,70,0,14,90,0,2,3,0,5.24229550000018
3,2,2,1,1,0,16,16,65,0,14,45,0,2,3,1,1.81627339999977
3,2,2,1,1,0,41,19,65,0,17,80,0,2,3,0,8.05904440000086
3,2,2,1,1,0,19,17.5,25,0,15,75,0,2,3,0,2.65054120000059
3,2,2,1,1,0,31,8.5,50,0,5,70,0,4,3,0,11.6981121999997
3,2,2,1,1,0,40,18,15,0,9.5,20,0,4,3,1,5.88665709999987
3,2,2,1,1,0,21,5.5,70,0,6,95,0,4,3,1,3.58722710000075
3,2,2,1,1,0,10,18.5,10,0,19.5,10,0,4,3,1,3.56283659999826
3,2,2,1,1,0,29,7,20,0,6,25,0,4,3,1,5.56268380000256
3,2,2,1,1,0,8,2.5,90,0,16,15,0,4,3,0,13.7678952999995
3,2,2,1,1,0,38,8,45,0,15.5,40,0,4,3,1,3.56349080000291
3,2,2,1,1,0,12,9.25,40,0,12,35,0,6,3,0,6.36029790000248
3,2,2,1,1,0,20,15.75,35,0,10,95,0,6,3,0,2.98675920000096
3,2,2,1,1,0,1,5,50,0,3,30,0,6,3,1,3.37733599999774
3,2,2,1,1,0,33,6,85,0,11,65,0,6,3,0,19.6956753999984
3,2,2,1,1,0,27,1.5,95,0,5.25,50,0,6,3,1,2.72269049999886
3,2,2,1,1,0,17,2,80,0,3.25,85,0,6,3,1,3.24871789999816
3,2,2,1,1,0,25,8.5,50,0,9,60,0,6,3,1,4.95459149999806
3,2,2,1,1,0,42,11,50,0,20,30,0,1,3,0,4.95696680000037
3,2,2,1,1,0,6,19,20,0,7,45,0,1,3,0,2.73029569999926
3,2,2,1,1,0,3,15,85,0,13.5,55,0,1,3,1,2.34565510000175
3,2,2,1,1,0,37,10,10,0,14.5,5,0,1,3,1,5.12098369999876
3,2,2,1,1,0,23,1.75,80,0,7.75,60,0,1,3,1,3.84325620000163
3,2,2,1,1,0,28,3.5,40,0,6,25,0,1,3,0,2.52954429999954
3,2,2,1,1,0,7,16,50,0,16.75,65,0,1,3,1,2.60310870000103
3,2,2,1,1,0,32,7,40,0,9.5,30,0,5,3,1,15.2281150000017
3,2,2,1,1,0,13,16.5,25,0,19.5,5,0,5,3,0,5.03487099999984
3,2,2,1,1,0,34,4,35,0,12,15,0,5,3,0,4.90518750000047
3,2,2,1,1,0,22,19.5,65,0,20,90,0,5,3,1,2.50507800000196
3,2,2,1,1,0,39,14,55,0,17,35,0,5,3,0,3.17773130000205
3,2,2,1,1,0,35,12,75,0,13,70,0,5,3,1,4.29228639999928
3,2,2,1,1,0,14,16.75,45,0,12,90,0,5,3,0,11.5301777999994
3,2,2,1,1,0,2,5,40,0,7.5,75,0,3,3,1,3.46536869999909
3,2,2,1,1,0,36,14,15,0,8.25,20,0,3,3,1,6.833439799997
3,2,2,1,1,0,5,16,100,0,20,85,0,3,3,0,1.6047905000014
3,2,2,1,1,0,15,10,50,0,17.25,25,0,3,3,0,4.63318870000148
3,2,2,1,1,0,24,19,70,0,10,90,0,3,3,0,6.87337019999904
3,2,2,1,1,0,4,8.5,20,0,2,55,0,3,3,1,4.64072789999773
3,2,2,1,1,0,30,8,75,0,6.5,90,0,3,3,0,3.83329039999808
3,3,1,0,1,1,34,12,15,85,0,0,0,1,2,1.02158864961596,17.7665609000105
3,3,1,0,1,1,63,5.5,70,40,0,0,0,1,2,1.0662632862166,4.43400900000415
3,3,1,0,1,1,7,16.75,65,75,0,0,0,1,2,3.07527231037509,13.0774560999998
3,3,1,0,1,1,23,7.75,60,120,0,0,0,1,2,1.99954547747115,4.00376510000206
3,3,1,0,1,1,12,12,35,1,0,0,0,1,2,2.00927170922763,6.34550009999657
3,3,1,0,1,1,76,4,35,70,0,0,0,1,2,0.579715473301757,7.93355840000731
3,3,1,0,1,1,68,2.5,65,25,0,0,0,1,2,0.407891668197607,3.28640529999393
3,3,1,0,1,1,51,1,40,3,0,0,0,1,2,0.305691957497459,2.88308770000003
3,3,1,0,1,1,61,15,75,225,0,0,0,1,2,0.996958512766266,3.99852350000583
3,3,1,0,1,1,16,16,65,95,0,0,0,1,2,2.54421695755986,13.2061186000064
3,3,1,0,1,1,21,6,95,55,0,0,0,1,2,3.00239795457523,4.58499489999667
3,3,1,0,1,1,56,12,90,210,0,0,0,1,2,2.98956593954854,5.24120069999481
3,3,1,0,1,1,60,15,35,31,0,0,0,1,2,1.05829644131,7.30973100000119
3,3,1,0,1,1,73,5,70,14,0,0,0,1,2,1.05136913422507,12.6822301999928
3,3,1,0,1,1,44,5,40,65,0,0,0,5,2,0.508792481753979,7.59828500000003
3,3,1,0,1,1,1,5,50,0,0,0,0,5,2,1.04202426354431,3.23222309999983
3,3,1,0,1,1,20,15.75,35,30,0,0,0,5,2,3.0989524578568,13.9870869000006
3,3,1,0,1,1,24,19,70,150,0,0,0,5,2,4.64615533504909,3.73869309999282
3,3,1,0,1,1,58,14,45,20,0,0,0,5,2,1.34290212092303,11.4490787999966
3,3,1,0,1,1,27,5.25,50,120,0,0,0,5,2,0.990832753075264,3.5476239000127
3,3,1,0,1,1,78,8.25,20,5,0,0,0,5,2,0.61878431391062,30.6932424999977
3,3,1,0,1,1,38,15.5,40,215,0,0,0,5,2,2.58491766667722,8.26242630000343
3,3,1,0,1,1,14,16.75,45,145,0,0,0,5,2,2.50453585653392,3.26344169999356
3,3,1,0,1,1,62,10,95,135,0,0,0,5,2,4.05458852041441,3.67596839999896
3,3,1,0,1,1,53,14,90,60,0,0,0,5,2,3.99445447814545,6.04807840001013
3,3,1,0,1,1,42,20,30,170,0,0,0,5,2,1.78760128780078,2.24738020000223
3,3,1,0,1,1,9,2,30,19,0,0,0,5,2,0.287866887243901,3.67112790000101
3,3,1,0,1,1,79,10,10,140,0,0,0,5,2,1.43947992014064,11.640790400008
3,3,1,0,1,1,13,19.5,5,7,0,0,0,4,2,2.50326644477076,3.35758490000444
3,3,1,0,1,1,67,8.5,50,105,0,0,0,4,2,1.48464764238404,2.74065249999694
3,3,1,0,1,1,77,12,75,25,0,0,0,4,2,3.01696439925755,3.90065820000018
3,3,1,0,1,1,2,7.5,75,25,0,0,0,4,2,2.37097418755759,16.0763217000058
3,3,1,0,1,1,15,17.25,25,55,0,0,0,4,2,1.66185620922921,2.13239440000325
3,3,1,0,1,1,26,4,45,50,0,0,0,4,2,0.618419350028113,4.16101100000378
3,3,1,0,1,1,3,15,85,14,0,0,0,4,2,4.41353937216816,2.79166459999396
3,3,1,0,1,1,31,8.5,50,22,0,0,0,4,2,1.70257998169188,2.65058899999713
3,3,1,0,1,1,59,2,80,110,0,0,0,4,2,0.676892581503978,2.41124459999264
3,3,1,0,1,1,33,11,65,190,0,0,0,4,2,3.54289693441991,9.46777820000716
3,3,1,0,1,1,39,17,35,15,0,0,0,4,2,1.55261359257124,1.59909420000622
3,3,1,0,1,1,57,10,50,95,0,0,0,4,2,1.59437022699413,2.49601459999394
3,3,1,0,1,1,19,17.5,25,40,0,0,0,4,2,1.56305760595972,2.17450219999591
3,3,1,0,1,1,45,13.5,55,65,0,0,0,4,2,2.56808237142029,18.8125
3,3,1,0,1,1,70,3.5,40,3,0,0,0,6,2,0.545181484061033,1.68327400000999
3,3,1,0,1,1,65,1.75,80,10,0,0,0,6,2,0.476921960860473,3.05246289999923
3,3,1,0,1,1,49,16,50,20,0,0,0,6,2,1.45018503801236,2.42007190000731
3,3,1,0,1,1,71,6,25,45,0,0,0,6,2,1.41203679284042,8.38448550000612
3,3,1,0,1,1,32,9.5,30,170,0,0,0,6,2,1.06328637549705,7.98565740000049
3,3,1,0,1,1,41,19,65,245,0,0,0,6,2,3.56377787503267,3.24294010001177
3,3,1,0,1,1,48,7,45,70,0,0,0,6,2,2.40914351258277,1.5328531999985
3,3,1,0,1,1,6,19,20,175,0,0,0,6,2,2.1016000246354,1.81270740000764
3,3,1,0,1,1,17,3.25,85,205,0,0,0,6,2,1.33402234156579,3.61818640001002
3,3,1,0,1,1,50,2.5,90,10,0,0,0,6,2,1.07056605372122,2.91031380000641
3,3,1,0,1,1,36,14,15,40,0,0,0,6,2,1.20568536033312,10.60068399999
3,3,1,0,1,1,30,8,75,90,0,0,0,6,2,1.43622212496733,2.26902680000057
3,3,1,0,1,1,5,20,85,15,0,0,0,6,2,5.34876473709817,6.87871720000112
3,3,1,0,1,1,4,8.5,20,90,0,0,0,6,2,1.99321042916964,3.01219880000281
3,3,1,0,1,1,47,16,100,5,0,0,0,2,2,6.0206806844615,6.74874609999824
3,3,1,0,1,1,25,9,60,160,0,0,0,2,2,2.51758164366384,3.3315639999928
3,3,1,0,1,1,43,3,30,0,0,0,0,2,2,0.235133583291496,2.40726599999471
3,3,1,0,1,1,55,16.5,25,155,0,0,0,2,2,1.99876872246893,2.03077309999208
3,3,1,0,1,1,37,14.5,5,175,0,0,0,2,2,0.928261203931076,6.0731100999983
3,3,1,0,1,1,54,9.25,40,4,0,0,0,2,2,2.04832764699134,10.4208462999959
3,3,1,0,1,1,8,16,15,20,0,0,0,2,2,1.46213065954905,1.70812179999484
3,3,1,0,1,1,35,13,70,30,0,0,0,2,2,3.24379256252407,3.21496449998813
3,3,1,0,1,1,74,7,40,120,0,0,0,2,2,2.14807471875559,3.5502034999954
3,3,1,0,1,1,11,18.25,70,55,0,0,0,2,2,4.09381704284496,2.90612890000921
3,3,1,0,1,1,66,10,90,80,0,0,0,2,2,5.10367483591316,4.39794510000502
3,3,1,0,1,1,10,19.5,10,125,0,0,0,2,2,1.46783666426384,2.33965260001423
3,3,1,0,1,1,84,11,50,110,0,0,0,2,2,2.04832764699134,2.37556460000633
3,3,1,0,1,1,83,17,80,200,0,0,0,2,2,3.71554102286469,3.75066639999568
3,3,1,0,1,1,80,8,45,125,0,0,0,3,2,2.2856941190053,5.84461739999824
3,3,1,0,1,1,52,18.5,10,85,0,0,0,3,2,1.45528320383103,15.7090216999932
3,3,1,0,1,1,81,14,55,5,0,0,0,3,2,2.14401847282561,3.73881660000188
3,3,1,0,1,1,46,2,55,70,0,0,0,3,2,0.457007338826635,2.01139060000423
3,3,1,0,1,1,22,20,90,165,0,0,0,3,2,7.99747154649781,2.93983570000273
3,3,1,0,1,1,64,19.5,65,45,0,0,0,3,2,3.07648376568371,8.38125040000887
3,3,1,0,1,1,29,7,20,55,0,0,0,3,2,0.846592525456192,3.36785330000566
3,3,1,0,1,1,28,6,25,7,0,0,0,3,2,1.0286165587497,2.65756320000219
3,3,1,0,1,1,72,6.5,90,60,0,0,0,3,2,1.05136913422507,2.24019339999359
3,3,1,0,1,1,75,6,85,45,0,0,0,3,2,1.01803856063574,3.22237279999536
3,3,1,0,1,1,69,1.5,95,20,0,0,0,3,2,0.581941785201391,2.42873790000158
3,3,1,0,1,1,40,18,15,110,0,0,0,3,2,1.33990896549576,12.5153552999982
3,3,1,0,1,1,18,18.75,80,250,0,0,0,3,2,3.98065541871919,1.98597460000019
3,3,1,0,1,1,82,9.5,20,25,0,0,0,3,2,3.35177076403,18.342438000007
3,3,2,1,1,1,18,15,35,31,18.75,80,250,4,1,1,2.99877389999165
3,3,2,1,1,1,24,19,70,150,10,90,80,4,1,0,7.37261149998812
3,3,2,1,1,1,34,4,35,70,12,15,85,4,1,0,12.6010705999943
3,3,2,1,1,1,40,18,15,110,9.5,20,25,4,1,0,14.4145101999893
3,3,2,1,1,1,35,12,75,25,13,70,30,4,1,1,2.91896389999602
3,3,2,1,1,1,41,19,65,245,17,80,200,4,1,0,4.13599229999818
3,3,2,1,1,1,33,11,65,190,6,85,45,4,1,1,6.57077629999549
3,3,2,1,1,1,2,7.5,75,25,5,40,65,6,1,1,5.31473800000094
3,3,2,1,1,1,11,14,90,60,18.25,70,55,6,1,0,7.02162610000232
3,3,2,1,1,1,14,16.75,45,145,12,90,210,6,1,0,4.30406400001084
3,3,2,1,1,1,22,20,90,165,19.5,65,45,6,1,1,3.5799810999888
3,3,2,1,1,1,5,16,100,5,20,85,15,6,1,0,2.70123120000062
3,3,2,1,1,1,17,2,80,110,3.25,85,205,6,1,1,10.705195100003
3,3,2,1,1,1,32,9.5,30,170,7,40,120,6,1,0,8.46553299999505
3,3,2,1,1,1,12,12,35,1,9.25,40,4,2,1,0,5.82458230000339
3,3,2,1,1,1,21,6,95,55,5.5,70,40,2,1,1,4.69831390000763
3,3,2,1,1,1,15,17.25,25,55,10,50,95,2,1,0,6.82339920000231
3,3,2,1,1,1,1,5,50,0,3,30,0,2,1,1,5.87312940000265
3,3,2,1,1,1,29,6,25,45,7,20,55,2,1,0,6.92164729999786
3,3,2,1,1,1,13,19.5,5,7,16.5,25,155,2,1,1,9.89178479999828
3,3,2,1,1,1,42,20,30,170,11,50,110,2,1,0,6.07279869999911
3,3,2,1,1,1,23,1.75,80,10,7.75,60,120,5,1,1,5.11495129999821
3,3,2,1,1,1,7,16,50,20,16.75,65,75,5,1,1,5.67235729999084
3,3,2,1,1,1,8,16,15,20,2.5,90,10,5,1,1,6.1358637999947
3,3,2,1,1,1,9,2,30,19,1,40,3,5,1,1,4.62160030000086
3,3,2,1,1,1,3,13.5,55,65,15,85,14,5,1,1,7.2483535999927
3,3,2,1,1,1,19,15,75,225,17.5,25,40,5,1,0,23.0260079
3,3,2,1,1,1,20,10,95,135,15.75,35,30,5,1,0,4.16028430000006
3,3,2,1,1,1,31,5,70,14,8.5,50,22,1,1,0,4.63360739999916
3,3,2,1,1,1,39,14,55,5,17,35,15,1,1,0,3.51258260000031
3,3,2,1,1,1,10,19.5,10,125,18.5,10,85,1,1,0,6.69669300000533
3,3,2,1,1,1,30,6.5,90,60,8,75,90,1,1,0,5.4737538999907
3,3,2,1,1,1,4,2,55,70,8.5,20,90,1,1,1,4.48933029999898
3,3,2,1,1,1,6,7,45,70,19,20,175,1,1,0,13.2565549999999
3,3,2,1,1,1,26,2.5,65,25,4,45,50,1,1,1,5.08926209999481
3,3,2,1,1,1,28,6,25,7,3.5,40,3,3,1,0,10.5492616999982
3,3,2,1,1,1,27,1.5,95,20,5.25,50,120,3,1,1,6.14561589999357
3,3,2,1,1,1,36,14,15,40,8.25,20,5,3,1,0,6.71450950000144
3,3,2,1,1,1,16,14,45,20,16,65,95,3,1,1,10.050069799996
3,3,2,1,1,1,25,9,60,160,8.5,50,105,3,1,1,4.36111640000308
3,3,2,1,1,1,38,8,45,125,15.5,40,215,3,1,0,4.98207539999567
3,3,2,1,1,1,37,10,10,140,14.5,5,175,3,1,0,3.85816989999148
4,1,1,1,1,0,24,10,90,0,19,70,0,4,3,1,5.30244519999997
4,1,1,1,1,0,22,19.5,65,0,20,90,0,4,3,1,5.03046989999984
4,1,1,1,1,0,21,5.5,70,0,6,95,0,4,3,1,4.52043739999954
4,1,1,1,1,0,37,14.5,5,0,10,10,0,4,3,1,3.85272910000003
4,1,1,1,1,0,13,19.5,5,0,16.5,25,0,4,3,0,2.42757960000017
4,1,1,1,1,0,16,16,65,0,14,45,0,4,3,1,1.59111870000015
4,1,1,1,1,0,28,6,25,0,3.5,40,0,4,3,1,2.61775279999983
4,1,1,1,1,0,9,2,30,0,1,40,0,3,3,1,5.17713379999987
4,1,1,1,1,0,38,15.5,40,0,8,45,0,3,3,1,4.29718109999976
4,1,1,1,1,0,10,19.5,10,0,18.5,10,0,3,3,1,3.0571144000005
4,1,1,1,1,0,23,1.75,80,0,7.75,60,0,3,3,1,4.14198469999974
4,1,1,1,1,0,4,8.5,20,0,2,55,0,3,3,1,1.83364270000038
4,1,1,1,1,0,3,15,85,0,13.5,55,0,3,3,1,2.45795009999983
4,1,1,1,1,0,26,2.5,65,0,4,45,0,3,3,0,4.46973880000041
4,1,1,1,1,0,11,14,90,0,18.25,70,0,5,3,0,4.2098931999999
4,1,1,1,1,0,20,10,95,0,15.75,35,0,5,3,0,3.27558990000034
4,1,1,1,1,0,2,7.5,75,0,5,40,0,5,3,1,7.70623060000071
4,1,1,1,1,0,5,20,85,0,16,100,0,5,3,0,2.0809749
4,1,1,1,1,0,30,6.5,90,0,8,75,0,5,3,0,4.6550399000007
4,1,1,1,1,0,14,16.75,45,0,12,90,0,5,3,0,3.05757820000053
4,1,1,1,1,0,40,18,15,0,9.5,20,0,5,3,1,2.55595719999928
4,1,1,1,1,0,17,2,80,0,3.25,85,0,2,3,1,2.02553340000031
4,1,1,1,1,0,1,5,50,0,3,30,0,2,3,1,2.93651899999986
4,1,1,1,1,0,39,14,55,0,17,35,0,2,3,0,1.81754770000043
4,1,1,1,1,0,19,17.5,25,0,15,75,0,2,3,0,2.64552949999961
4,1,1,1,1,0,25,8.5,50,0,9,60,0,2,3,1,1.88769750000029
4,1,1,1,1,0,15,17.25,25,0,10,50,0,2,3,0,2.31342290000066
4,1,1,1,1,0,36,8.25,20,0,14,15,0,2,3,1,3.27847939999992
4,1,1,1,1,0,34,12,15,0,4,35,0,6,3,1,5.32990210000025
4,1,1,1,1,0,6,19,20,0,7,45,0,6,3,1,3.56891099999939
4,1,1,1,1,0,33,6,85,0,11,65,0,6,3,1,3.3641073000008
4,1,1,1,1,0,8,2.5,90,0,16,15,0,6,3,1,1.88117739999961
4,1,1,1,1,0,42,20,30,0,11,50,0,6,3,0,4.00475939999978
4,1,1,1,1,0,31,5,70,0,8.5,50,0,6,3,0,2.72202939999988
4,1,1,1,1,0,18,15,35,0,18.75,80,0,6,3,1,1.88240330000008
4,1,1,1,1,0,35,12,75,0,13,70,0,1,3,0,3.66391999999996
4,1,1,1,1,0,41,19,65,0,17,80,0,1,3,0,2.69035489999987
4,1,1,1,1,0,7,16,50,0,16.75,65,0,1,3,1,1.90817399999924
4,1,1,1,1,0,27,1.5,95,0,5.25,50,0,1,3,0,4.56287659999998
4,1,1,1,1,0,12,9.25,40,0,12,35,0,1,3,1,3.20818489999965
4,1,1,1,1,0,29,7,20,0,6,25,0,1,3,1,2.55212350000056
4,1,1,1,1,0,32,7,40,0,9.5,30,0,1,3,1,1.46708859999944
4,1,2,0,1,0,22,20,90,0,0,0,0,6,4,3.01031529969813,13.5642012999997
4,1,2,0,1,0,16,16,65,0,0,0,0,6,4,2.02040590619034,4.62016109999968
4,1,2,0,1,0,21,6,95,0,0,0,0,6,4,0.990832753075264,2.5722708000003
4,1,2,0,1,0,42,20,30,0,0,0,0,6,4,0.998478980309287,3.42831560000013
4,1,2,0,1,0,73,5,70,0,0,0,0,6,4,1.03206305929602,2.26299389999986
4,1,2,0,1,0,67,8.5,50,0,0,0,0,6,4,0.509954457159594,3.59540220000054
4,1,2,0,1,0,19,17.5,25,0,0,0,0,6,4,1.0585870423836,1.70396439999968
4,1,2,0,1,0,56,12,90,0,0,0,0,6,4,1.04414849718111,0.814817100000255
4,1,2,0,1,0,65,1.75,80,0,0,0,0,6,4,0.117606900649861,1.73876740000014
4,1,2,0,1,0,79,10,10,0,0,0,0,6,4,0.0874022572098667,1.59293089999937
4,1,2,0,1,0,54,9.25,40,0,0,0,0,6,4,0.59826502330294,3.34305790000053
4,1,2,0,1,0,20,15.75,35,0,0,0,0,6,4,1.01757090488666,1.80037699999957
4,1,2,0,1,0,78,8.25,20,0,0,0,0,6,4,0.495443947238414,2.51548579999962
4,1,2,0,1,0,15,17.25,25,0,0,0,0,6,4,0.482029643492019,2.73861519999991
4,1,2,0,1,0,70,3.5,40,0,0,0,0,5,4,0.101502523558381,3.48816050000005
4,1,2,0,1,0,29,7,20,0,0,0,0,5,4,0.496578289852842,2.1486874000002
4,1,2,0,1,0,66,10,90,0,0,0,0,5,4,1.06101488097066,2.45261469999969
4,1,2,0,1,0,30,8,75,0,0,0,0,5,4,0.500012634268963,2.68417310000041
4,1,2,0,1,0,14,16.75,45,0,0,0,0,5,4,0.528076740296125,1.6360138
4,1,2,0,1,0,37,14.5,5,0,0,0,0,5,4,0.0726703334468652,1.93711199999962
4,1,2,0,1,0,64,19.5,65,0,0,0,0,5,4,1.02500325524284,1.31124999999975
4,1,2,0,1,0,59,2,80,0,0,0,0,5,4,0.0882095654972694,3.01050729999952
4,1,2,0,1,0,44,5,40,0,0,0,0,5,4,0.0586729721000196,2.85105999999996
4,1,2,0,1,0,2,7.5,75,0,0,0,0,5,4,0.132303765761925,3.21532240000033
4,1,2,0,1,0,3,15,85,0,0,0,0,5,4,0.988554800503593,1.58908289999999
4,1,2,0,1,0,40,18,15,0,0,0,0,5,4,2.0575943037999,1.5613242999998
4,1,2,0,1,0,46,2,55,0,0,0,0,5,4,1.02969910463968,1.52703310000015
4,1,2,0,1,0,1,5,50,0,0,0,0,5,4,0.425737716710039,1.41186319999997
4,1,2,0,1,0,4,8.5,20,0,0,0,0,3,4,0.56924061523646,1.99903770000037
4,1,2,0,1,0,7,16.75,65,0,0,0,0,3,4,1.04414849718111,3.7893251000005
4,1,2,0,1,0,39,17,35,0,0,0,0,3,4,0.549690240187253,1.28165199999967
4,1,2,0,1,0,5,20,85,0,0,0,0,3,4,2.03914122086579,1.64928169999985
4,1,2,0,1,0,49,16,50,0,0,0,0,3,4,1.02734586061814,1.46272959999988
4,1,2,0,1,0,33,11,65,0,0,0,0,3,4,0.59826502330294,1.55870099999993
4,1,2,0,1,0,72,6.5,90,0,0,0,0,3,4,1.03443779722067,1.96458699999948
4,1,2,0,1,0,24,19,70,0,0,0,0,3,4,1.05136913422507,1.84403229999953
4,1,2,0,1,0,83,17,80,0,0,0,0,3,4,1.04895128484505,1.2752672000006
4,1,2,0,1,0,71,6,25,0,0,0,0,3,4,0.1906355570774,3.45050840000022
4,1,2,0,1,0,31,8.5,50,0,0,0,0,3,4,0.439360857280121,1.03238650000003
4,1,2,0,1,0,9,2,30,0,0,0,0,3,4,0.0858311728219512,1.32788919999985
4,1,2,0,1,0,62,10,95,0,0,0,0,3,4,1.05376424236025,1.29456200000004
4,1,2,0,1,0,81,14,55,0,0,0,0,3,4,0.614171127961793,1.22239309999986
4,1,2,0,1,0,80,8,45,0,0,0,0,4,4,1.02767665810933,2.30935229999977
4,1,2,0,1,0,32,9.5,30,0,0,0,0,4,4,0.0435040908434132,3.79346110000006
4,1,2,0,1,0,51,1,40,0,0,0,0,4,4,0.0439041158341666,1.57028530000025
4,1,2,0,1,0,53,14,90,0,0,0,0,4,4,0.998478980309287,3.15206500000022
4,1,2,0,1,0,11,18.25,70,0,0,0,0,4,4,2.01179319743416,3.10141829999975
4,1,2,0,1,0,18,18.75,80,0,0,0,0,4,4,1.96112491332557,0.986707099999876
4,1,2,0,1,0,45,13.5,55,0,0,0,0,4,4,1.00601641188096,1.17365990000053
4,1,2,0,1,0,60,15,35,0,0,0,0,4,4,1.01803856063574,1.62959560000036
4,1,2,0,1,0,17,3.25,85,0,0,0,0,4,4,0.129904369767491,1.82367489999979
4,1,2,0,1,0,52,18.5,10,0,0,0,0,4,4,0.467475950871645,1.13285129999986
4,1,2,0,1,0,38,15.5,40,0,0,0,0,4,4,1.01116708270736,3.79189630000019
4,1,2,0,1,0,25,9,60,0,0,0,0,4,4,1.04654443054575,1.64502029999949
4,1,2,0,1,0,10,19.5,10,0,0,0,0,4,4,1.05617018740514,1.45961609999995
4,1,2,0,1,0,74,7,40,0,0,0,0,4,4,0.372370118658196,1.77169030000005
4,1,2,0,1,0,69,1.5,95,0,0,0,0,2,4,0.0441068997330483,1.66339679999965
4,1,2,0,1,0,55,16.5,25,0,0,0,0,2,4,1.03702549107566,5.08568230000037
4,1,2,0,1,0,28,6,25,0,0,0,0,2,4,0.0424406894143345,1.42683589999979
4,1,2,0,1,0,6,19,20,0,0,0,0,2,4,1.06328637549705,5.35013359999994
4,1,2,0,1,0,68,2.5,65,0,0,0,0,2,4,0.0428213119703393,2.97248149999996
4,1,2,0,1,0,57,10,50,0,0,0,0,2,4,0.5534535483676,1.99660600000061
4,1,2,0,1,0,34,12,15,0,0,0,0,2,4,0.588844616019081,1.02191029999994
4,1,2,0,1,0,13,19.5,5,0,0,0,0,2,4,1.0466111398018,1.8389489000001
4,1,2,0,1,0,61,15,75,0,0,0,0,2,4,2.01205340865895,1.07080920000044
4,1,2,0,1,0,23,7.75,60,0,0,0,0,2,4,1.06570201295072,0.958691499999986
4,1,2,0,1,0,27,5.25,50,0,0,0,0,2,4,0.0581371757982438,2.34698819999994
4,1,2,0,1,0,35,13,70,0,0,0,0,2,4,0,2.99228270000003
4,1,2,0,1,0,41,19,65,0,0,0,0,2,4,1.00889698489186,2.38611519999995
4,1,2,0,1,0,63,5.5,70,0,0,0,0,2,4,0.353314457762693,1.07379130000027
4,1,2,0,1,0,47,16,100,0,0,0,0,1,4,1.02500325524284,0.86110540000027
4,1,2,0,1,0,36,14,15,0,0,0,0,1,4,1.06101488097066,2.21678890000021
4,1,2,0,1,0,82,9.5,20,0,0,0,0,1,4,0.522268108126454,1.32819310000014
4,1,2,0,1,0,12,12,35,0,0,0,0,1,4,0.272261270767117,1.46405669999967
4,1,2,0,1,0,50,2.5,90,0,0,0,0,1,4,0.0144686062786938,1.63157640000009
4,1,2,0,1,0,26,4,45,0,0,0,0,1,4,0.455002257953311,1.21600549999948
4,1,2,0,1,0,75,6,85,0,0,0,0,1,4,0.616996781448535,2.04566220000015
4,1,2,0,1,0,84,11,50,0,0,0,0,1,4,0.635946117130633,1.29137810000066
4,1,2,0,1,0,77,12,75,0,0,0,0,1,4,1.06550574546091,1.17901239999992
4,1,2,0,1,0,43,3,30,0,0,0,0,1,4,0.0699554009344752,1.43494589999955
4,1,2,0,1,0,76,4,35,0,0,0,0,1,4,0.142396778417709,1.10745680000036
4,1,2,0,1,0,48,7,45,0,0,0,0,1,4,0.526865528279895,1.46468559999994
4,1,2,0,1,0,58,14,45,0,0,0,0,1,4,0.476572592091003,1.73173240000051
4,1,2,0,1,0,8,16,15,0,0,0,0,1,4,0.581099058578744,2.08400519999941
4,2,1,1,1,1,23,7.75,60,120,1.75,80,10,2,1,0,3.99079379999966
4,2,1,1,1,1,7,16,50,20,16.75,65,75,2,1,0,3.01710169999933
4,2,1,1,1,1,20,10,95,135,15.75,35,30,2,1,0,3.63073889999941
4,2,1,1,1,1,24,10,90,80,19,70,150,2,1,0,4.7127834999992
4,2,1,1,1,1,41,17,80,200,19,65,245,2,1,0,2.2354368999986
4,2,1,1,1,1,3,15,85,14,13.5,55,65,2,1,1,3.01722300000256
4,2,1,1,1,1,39,17,35,15,14,55,5,2,1,0,2.34465629999977
4,2,1,1,1,1,9,1,40,3,2,30,19,4,1,0,3.3390075999996
4,2,1,1,1,1,2,7.5,75,25,5,40,65,4,1,1,2.13619589999871
4,2,1,1,1,1,25,8.5,50,105,9,60,160,4,1,0,3.19535790000009
4,2,1,1,1,1,19,17.5,25,40,15,75,225,4,1,1,1.57863720000023
4,2,1,1,1,1,13,19.5,5,7,16.5,25,155,4,1,1,3.90581269999893
4,2,1,1,1,1,1,3,30,0,5,50,0,4,1,1,1.94623760000104
4,2,1,1,1,1,12,12,35,1,9.25,40,4,4,1,0,2.04228249999869
4,2,1,1,1,1,21,5.5,70,40,6,95,55,1,1,0,3.81739740000194
4,2,1,1,1,1,35,12,75,25,13,70,30,1,1,1,5.08860389999973
4,2,1,1,1,1,27,1.5,95,20,5.25,50,120,1,1,1,2.35341960000005
4,2,1,1,1,1,26,2.5,65,25,4,45,50,1,1,0,4.45777349999844
4,2,1,1,1,1,40,9.5,20,25,18,15,110,1,1,1,2.75256069999887
4,2,1,1,1,1,5,20,85,15,16,100,5,1,1,1,1.69597090000025
4,2,1,1,1,1,6,7,45,70,19,20,175,1,1,0,3.16920620000019
4,2,1,1,1,1,11,14,90,60,18.25,70,55,5,1,0,2.40174090000073
4,2,1,1,1,1,30,8,75,90,6.5,90,60,5,1,0,2.34644969999863
4,2,1,1,1,1,8,2.5,90,10,16,15,20,5,1,0,2.52264280000236
4,2,1,1,1,1,14,12,90,210,16.75,45,145,5,1,0,3.38416249999864
4,2,1,1,1,1,34,12,15,85,4,35,70,5,1,0,6.17665119999947
4,2,1,1,1,1,33,6,85,45,11,65,190,5,1,0,1.69077639999887
4,2,1,1,1,1,10,19.5,10,125,18.5,10,85,5,1,0,2.0879743000005
4,2,1,1,1,1,29,7,20,55,6,25,45,6,1,1,3.83042489999934
4,2,1,1,1,1,17,2,80,110,3.25,85,205,6,1,0,4.03266670000085
4,2,1,1,1,1,22,19.5,65,45,20,90,165,6,1,0,2.66544390000126
4,2,1,1,1,1,28,3.5,40,3,6,25,7,6,1,0,3.64302669999961
4,2,1,1,1,1,37,10,10,140,14.5,5,175,6,1,0,2.71442860000025
4,2,1,1,1,1,31,8.5,50,22,5,70,14,6,1,0,2.28177549999964
4,2,1,1,1,1,32,7,40,120,9.5,30,170,6,1,0,2.41806099999667
4,2,1,1,1,1,16,16,65,95,14,45,20,3,1,1,3.71337830000266
4,2,1,1,1,1,18,15,35,31,18.75,80,250,3,1,1,2.84474529999716
4,2,1,1,1,1,38,8,45,125,15.5,40,215,3,1,0,2.20915210000021
4,2,1,1,1,1,36,14,15,40,8.25,20,5,3,1,0,2.66583840000021
4,2,1,1,1,1,42,11,50,110,20,30,170,3,1,0,2.04042919999847
4,2,1,1,1,1,15,17.25,25,55,10,50,95,3,1,0,3.8582404000008
4,2,1,1,1,1,4,8.5,20,90,2,55,70,3,1,0,3.25007289999849
4,2,2,0,1,1,58,14,45,20,0,0,0,5,2,0.840933002398828,9.33686179999859
4,2,2,0,1,1,19,17.5,25,40,0,0,0,5,2,1.06088156304213,2.16513610000038
4,2,2,0,1,1,12,12,35,1,0,0,0,5,2,0.542675533769426,2.07573530000082
4,2,2,0,1,1,65,1.75,80,10,0,0,0,5,2,0.130199524745425,1.73202630000014
4,2,2,0,1,1,32,9.5,30,170,0,0,0,5,2,0.559841260458729,3.5991303999981
4,2,2,0,1,1,67,8.5,50,105,0,0,0,5,2,0.558551979562779,1.87518119999731
4,2,2,0,1,1,48,7,45,70,0,0,0,5,2,0.542675533769426,1.61733670000103
4,2,2,0,1,1,45,13.5,55,65,0,0,0,5,2,1.01060684333609,2.17299930000081
4,2,2,0,1,1,80,8,45,125,0,0,0,5,2,0.574561379778054,1.75194239999837
4,2,2,0,1,1,40,18,15,110,0,0,0,5,2,0.795312557068421,1.75486440000168
4,2,2,0,1,1,37,14.5,5,175,0,0,0,5,2,0.870079442616703,1.08157270000083
4,2,2,0,1,1,15,17.25,25,55,0,0,0,5,2,0.612767954582779,1.252719600001
4,2,2,0,1,1,4,8.5,20,90,0,0,0,5,2,0.604481336778392,3.18595719999939
4,2,2,0,1,1,25,9,60,160,0,0,0,5,2,0.447787629271449,1.04327670000202
4,2,2,0,1,1,27,5.25,50,120,0,0,0,3,2,0.160581014930035,1.49622350000209
4,2,2,0,1,1,64,19.5,65,45,0,0,0,3,2,1.04202426354431,1.55288610000207
4,2,2,0,1,1,8,16,15,20,0,0,0,3,2,0.706053725996441,1.35766849999709
4,2,2,0,1,1,22,20,90,165,0,0,0,3,2,1.0703020084409,1.69074499999988
4,2,2,0,1,1,11,18.25,70,55,0,0,0,3,2,1.06101488097066,1.82470660000035
4,2,2,0,1,1,54,9.25,40,4,0,0,0,3,2,0.99393131483766,1.69464769999831
4,2,2,0,1,1,71,6,25,45,0,0,0,3,2,0.982739921532566,2.1329110000006
4,2,2,0,1,1,35,13,70,30,0,0,0,3,2,0.388402753313404,1.78105309999955
4,2,2,0,1,1,81,14,55,5,0,0,0,3,2,0.49525000760616,3.09803109999848
4,2,2,0,1,1,20,15.75,35,30,0,0,0,3,2,0.287866887243901,1.3129184999998
4,2,2,0,1,1,82,9.5,20,25,0,0,0,3,2,0.417093891519926,1.39753749999727
4,2,2,0,1,1,73,5,70,14,0,0,0,3,2,0.117879076696024,2.68714620000173
4,2,2,0,1,1,76,4,35,70,0,0,0,3,2,0.0586729721000196,1.18720739999844
4,2,2,0,1,1,46,2,55,70,0,0,0,3,2,0.0576110763656317,1.2499347999983
4,2,2,0,1,1,16,16,65,95,0,0,0,4,2,0.950745108046092,2.36932870000237
4,2,2,0,1,1,6,19,20,175,0,0,0,4,2,0.438354025448618,1.09447670000009
4,2,2,0,1,1,39,17,35,15,0,0,0,4,2,0.559014116305743,1.16114860000016
4,2,2,0,1,1,36,14,15,40,0,0,0,4,2,0.360509705171491,1.37522190000163
4,2,2,0,1,1,52,18.5,10,85,0,0,0,4,2,0.231922774752949,1.47832079999716
4,2,2,0,1,1,63,5.5,70,40,0,0,0,4,2,0.0560883965062011,1.27388710000014
4,2,2,0,1,1,41,19,65,245,0,0,0,4,2,1.02034967565935,0.984785000000556
4,2,2,0,1,1,28,6,25,7,0,0,0,4,2,0.376601404100395,1.08800060000067
4,2,2,0,1,1,70,3.5,40,3,0,0,0,4,2,0.0988022308028533,1.17237109999769
4,2,2,0,1,1,31,8.5,50,22,0,0,0,4,2,0.369052862594003,0.992760199998884
4,2,2,0,1,1,78,8.25,20,5,0,0,0,4,2,0.101734225073194,1.10578099999839
4,2,2,0,1,1,57,10,50,95,0,0,0,4,2,0.538959405164814,1.28330259999711
4,2,2,0,1,1,5,20,85,15,0,0,0,4,2,0.957294242684899,1.08436050000091
4,2,2,0,1,1,23,7.75,60,120,0,0,0,4,2,0.197995621147403,1.03438390000156
4,2,2,0,1,1,42,20,30,170,0,0,0,2,2,1.01116708270736,1.33683599999858
4,2,2,0,1,1,24,19,70,150,0,0,0,2,2,0.723602558809759,1.51583240000036
4,2,2,0,1,1,68,2.5,65,25,0,0,0,2,2,0.0726703334468652,0.967520799997146
4,2,2,0,1,1,33,11,65,190,0,0,0,2,2,0.377459213259971,0.96915860000081
4,2,2,0,1,1,30,8,75,90,0,0,0,2,2,0.829465650680156,0.936934400000609
4,2,2,0,1,1,83,17,80,200,0,0,0,2,2,0.508792481753979,1.13193010000032
4,2,2,0,1,1,18,18.75,80,250,0,0,0,2,2,1.0199134531522,0.982519100001809
4,2,2,0,1,1,77,12,75,25,0,0,0,2,2,0.441388437861182,0.656933400001435
4,2,2,0,1,1,60,15,35,31,0,0,0,2,2,0.268040517679257,1.49655969999731
4,2,2,0,1,1,59,2,80,110,0,0,0,2,2,0.0424406894143345,0.892578499999217
4,2,2,0,1,1,14,16.75,45,145,0,0,0,2,2,0.498862597500583,1.03968309999982
4,2,2,0,1,1,2,7.5,75,25,0,0,0,2,2,0,1.21008769999753
4,2,2,0,1,1,3,15,85,14,0,0,0,2,2,0.667667328610502,0.804887500002224
4,2,2,0,1,1,10,19.5,10,125,0,0,0,2,2,0.984029924482826,1.48351770000227
4,2,2,0,1,1,50,2.5,90,10,0,0,0,6,2,0.0417906320293788,1.39862509999875
4,2,2,0,1,1,43,3,30,0,0,0,0,6,2,0.146323600643697,1.22730809999848
4,2,2,0,1,1,74,7,40,120,0,0,0,6,2,0.160213707964587,1.18191709999883
4,2,2,0,1,1,79,10,10,140,0,0,0,6,2,0.376601404100395,1.14515960000062
4,2,2,0,1,1,47,16,100,5,0,0,0,6,2,0.87657017271243,1.50078949999806
4,2,2,0,1,1,9,2,30,19,0,0,0,6,2,0.109988151931315,1.94830260000163
4,2,2,0,1,1,7,16.75,65,75,0,0,0,6,2,0.1834537931427,2.4739668000002
4,2,2,0,1,1,38,15.5,40,215,0,0,0,6,2,0.741301199512076,2.3485483000004
4,2,2,0,1,1,1,5,50,0,0,0,0,6,2,0.228798436487683,1.1910134000027
4,2,2,0,1,1,49,16,50,20,0,0,0,6,2,0.454969534094193,1.83281010000064
4,2,2,0,1,1,26,4,45,50,0,0,0,6,2,0.0415180921824607,1.32221410000056
4,2,2,0,1,1,66,10,90,80,0,0,0,6,2,0.994719259350461,1.38138210000034
4,2,2,0,1,1,13,19.5,5,7,0,0,0,6,2,0.244181226379606,1.82020729999931
4,2,2,0,1,1,56,12,90,210,0,0,0,6,2,0.927861392481265,1.74948930000028
4,2,2,0,1,1,17,3.25,85,205,0,0,0,1,2,0.0970804568852408,1.70736560000296
4,2,2,0,1,1,44,5,40,65,0,0,0,1,2,0.0584038451619548,1.29695379999976
4,2,2,0,1,1,29,7,20,55,0,0,0,1,2,0.339963211447149,1.06043019999925
4,2,2,0,1,1,69,1.5,95,20,0,0,0,1,2,0.0835776626771683,1.39446940000198
4,2,2,0,1,1,34,12,15,85,0,0,0,1,2,0.528076740296125,1.26300249999986
4,2,2,0,1,1,62,10,95,135,0,0,0,1,2,0.513899099857166,1.84383200000229
4,2,2,0,1,1,75,6,85,45,0,0,0,1,2,0.802498409351134,1.29038430000219
4,2,2,0,1,1,51,1,40,3,0,0,0,1,2,0.0850666212803119,1.40083809999851
4,2,2,0,1,1,72,6.5,90,60,0,0,0,1,2,0.100586175435087,1.00431200000094
4,2,2,0,1,1,61,15,75,225,0,0,0,1,2,0.285288592131973,1.12610069999937
4,2,2,0,1,1,21,6,95,55,0,0,0,1,2,0.710860722506251,1.09666120000111
4,2,2,0,1,1,53,14,90,60,0,0,0,1,2,0.994719259350461,1.24917389999973
4,2,2,0,1,1,55,16.5,25,155,0,0,0,1,2,0.907341063134371,0.928187699999398
4,2,2,0,1,1,84,11,50,110,0,0,0,1,2,0.551581573993815,0.931256799998664
4,3,1,1,0,1,12,9.25,100,4,12,100,1,6,5,1,3.86714049999136
4,3,1,1,0,1,9,2,100,19,1,100,3,6,5,0,4.81483289995231
4,3,1,1,0,1,13,19.5,100,7,16.5,100,155,6,5,1,3.5758860000642
4,3,1,1,0,1,3,13.5,100,65,15,100,14,6,5,1,5.19391689996701
4,3,1,1,0,1,36,8.25,100,5,14,100,40,6,5,0,5.36000310000964
4,3,1,1,0,1,14,16.75,100,145,12,100,210,6,5,1,2.54407190007623
4,3,1,1,0,1,42,11,100,110,20,100,170,6,5,0,9.69021489995066
4,3,1,1,0,1,19,17.5,100,40,15,100,225,2,5,1,3.5298498000484
4,3,1,1,0,1,7,16.75,100,75,16,100,20,2,5,0,3.15911300003063
4,3,1,1,0,1,41,19,100,245,17,100,200,2,5,0,3.24966480000876
4,3,1,1,0,1,37,14.5,100,175,10,100,140,2,5,0,1.88998059998266
4,3,1,1,0,1,5,16,100,5,20,100,15,2,5,0,3.48812210001051
4,3,1,1,0,1,24,10,100,80,19,100,150,2,5,0,3.37740929995198
4,3,1,1,0,1,39,14,100,5,17,100,15,2,5,1,3.91986940009519
4,3,1,1,0,1,16,14,100,20,16,100,95,5,5,0,2.59252459998243
4,3,1,1,0,1,1,3,100,0,5,100,0,5,5,1,2.56256150000263
4,3,1,1,0,1,30,8,100,90,6.5,100,60,5,5,0,4.23432399996091
4,3,1,1,0,1,35,13,100,30,12,100,25,5,5,0,3.18456199998036
4,3,1,1,0,1,25,8.5,100,105,9,100,160,5,5,0,2.57621289999224
4,3,1,1,0,1,6,19,100,175,7,100,70,5,5,0,2.83354379993398
4,3,1,1,0,1,33,6,100,45,11,100,190,5,5,0,3.83333170006517
4,3,1,1,0,1,31,8.5,100,22,5,100,14,1,5,1,5.22442370001227
4,3,1,1,0,1,40,18,100,110,9.5,100,25,1,5,0,2.6352236000821
4,3,1,1,0,1,15,10,100,95,17.25,100,55,1,5,1,3.76967579999473
4,3,1,1,0,1,10,18.5,100,85,19.5,100,125,1,5,0,2.39984970004298
4,3,1,1,0,1,2,7.5,100,25,5,100,65,1,5,1,1.98530989990104
4,3,1,1,0,1,23,7.75,100,120,1.75,100,10,1,5,0,2.8862792000873
4,3,1,1,0,1,20,10,100,135,15.75,100,30,1,5,1,8.99460820003878
4,3,1,1,0,1,26,2.5,100,25,4,100,50,3,5,1,2.24174130009487
4,3,1,1,0,1,17,2,100,110,3.25,100,205,3,5,1,3.45633820001967
4,3,1,1,0,1,34,12,100,85,4,100,70,3,5,1,1.5621726999525
4,3,1,1,0,1,38,8,100,125,15.5,100,215,3,5,0,1.92158329999074
4,3,1,1,0,1,29,7,100,55,6,100,45,3,5,0,3.7626868999796
4,3,1,1,0,1,22,19.5,100,45,20,100,165,3,5,0,2.24137920001522
4,3,1,1,0,1,21,5.5,100,40,6,100,55,3,5,1,1.36241389997303
4,3,1,1,0,1,8,2.5,100,10,16,100,20,4,5,1,2.07168599998113
4,3,1,1,0,1,32,9.5,100,170,7,100,120,4,5,0,4.29780759999994
4,3,1,1,0,1,27,5.25,100,120,1.5,100,20,4,5,1,1.33017520001158
4,3,1,1,0,1,18,15,100,31,18.75,100,250,4,5,0,2.9531941000605
4,3,1,1,0,1,28,3.5,100,3,6,100,7,4,5,0,2.53702300006989
4,3,1,1,0,1,11,18.25,100,55,14,100,60,4,5,1,1.66461430001073
4,3,1,1,0,1,4,8.5,100,90,2,100,70,4,5,1,4.1587228999706
4,3,2,0,0,1,53,14,100,60,0,0,0,5,6,1.99805720948986,5.86593349999748
4,3,2,0,0,1,5,20,100,15,0,0,0,5,6,2.09881553943543,2.0750357999932
4,3,2,0,0,1,76,4,100,70,0,0,0,5,6,0.230350016538491,3.15229910006747
4,3,2,0,0,1,50,2.5,100,10,0,0,0,5,6,0.337063828799529,1.44865330005996
4,3,2,0,0,1,42,20,100,170,0,0,0,5,6,1.53826729303511,1.25090129999444
4,3,2,0,0,1,75,6,100,45,0,0,0,5,6,0.467054500808821,1.13215379999019
4,3,2,0,0,1,52,18.5,100,85,0,0,0,5,6,1.43850105729299,0.897499999962747
4,3,2,0,0,1,45,13.5,100,65,0,0,0,5,6,1.69996550073353,1.14883269998245
4,3,2,0,0,1,72,6.5,100,60,0,0,0,5,6,0.397370486110816,0.775108099915087
4,3,2,0,0,1,27,5.25,100,120,0,0,0,5,6,0.246403900910174,1.03959160007071
4,3,2,0,0,1,83,17,100,200,0,0,0,5,6,1.06281088632617,1.19354979996569
4,3,2,0,0,1,64,19.5,100,45,0,0,0,5,6,1.76771555249652,4.01007060008124
4,3,2,0,0,1,18,18.75,100,250,0,0,0,5,6,1.83931033582265,0.819081300054677
4,3,2,0,0,1,9,2,100,19,0,0,0,5,6,0,0.899426200077869
4,3,2,0,0,1,15,17.25,100,55,0,0,0,4,6,1.74192516936104,1.21683219994884
4,3,2,0,0,1,49,16,100,20,0,0,0,4,6,1.59829311715613,1.02418430009857
4,3,2,0,0,1,78,8.25,100,5,0,0,0,4,6,0.272875104387385,1.56069119996391
4,3,2,0,0,1,13,19.5,100,7,0,0,0,4,6,1.29881879727102,0.977730100043118
4,3,2,0,0,1,60,15,100,31,0,0,0,4,6,1.64408469389526,3.07571310002822
4,3,2,0,0,1,8,16,100,20,0,0,0,4,6,1.64616864086405,1.7213189000031
4,3,2,0,0,1,4,8.5,100,90,0,0,0,4,6,0.2024925208481,1.50330049998593
4,3,2,0,0,1,62,10,100,135,0,0,0,4,6,0.696631397453519,1.25292230001651
4,3,2,0,0,1,41,19,100,245,0,0,0,4,6,1.01573780261388,1.08410300000105
4,3,2,0,0,1,3,15,100,14,0,0,0,4,6,1.66735610613192,3.64518470002804
4,3,2,0,0,1,47,16,100,5,0,0,0,4,6,2.01230993950416,1.77659070002846
4,3,2,0,0,1,23,7.75,100,120,0,0,0,4,6,0.582294867842705,1.02775539993308
4,3,2,0,0,1,29,7,100,55,0,0,0,4,6,0.688653070381207,1.14202529995237
4,3,2,0,0,1,28,6,100,7,0,0,0,4,6,0.352532657726872,0.90706980007235
4,3,2,0,0,1,56,12,100,210,0,0,0,1,6,0.866687542686854,1.25146319996566
4,3,2,0,0,1,16,16,100,95,0,0,0,1,6,1.5731928438373,1.06660080002621
4,3,2,0,0,1,82,9.5,100,25,0,0,0,1,6,0.538959405164814,0.9129703999497
4,3,2,0,0,1,63,5.5,100,40,0,0,0,1,6,0.201122155013081,1.09366020001471
4,3,2,0,0,1,33,11,100,190,0,0,0,1,6,1.2078439900257,1.09317739994731
4,3,2,0,0,1,46,2,100,70,0,0,0,1,6,0.0285477805003893,0.774024199927226
4,3,2,0,0,1,84,11,100,110,0,0,0,1,6,0.551001577175729,2.00277140003163
4,3,2,0,0,1,24,19,100,150,0,0,0,1,6,1.35973519532578,1.19168420007918
4,3,2,0,0,1,7,16.75,100,75,0,0,0,1,6,1.49212402999677,1.28471619996708
4,3,2,0,0,1,73,5,100,14,0,0,0,1,6,0.12759044066496,0.953147500054911
4,3,2,0,0,1,31,8.5,100,22,0,0,0,1,6,0.575888829836234,1.3685228000395
4,3,2,0,0,1,10,19.5,100,125,0,0,0,1,6,1.36755731304754,1.25742350006476
4,3,2,0,0,1,77,12,100,25,0,0,0,1,6,0.370704078023703,1.03758470003959
4,3,2,0,0,1,67,8.5,100,105,0,0,0,1,6,0.186344443714475,0.745306700002402
4,3,2,0,0,1,2,7.5,100,25,0,0,0,3,6,0.450851452904075,0.936091699986719
4,3,2,0,0,1,22,20,100,165,0,0,0,3,6,1.81367180322844,1.06791980005801
4,3,2,0,0,1,26,4,100,50,0,0,0,3,6,0.100813707967045,0.838167699985206
4,3,2,0,0,1,66,10,100,80,0,0,0,3,6,0.245287531045168,0.865458300104365
4,3,2,0,0,1,79,10,100,140,0,0,0,3,6,0.207519871048241,0.988782900036313
4,3,2,0,0,1,70,3.5,100,3,0,0,0,3,6,0.158402087913618,1.11331879999489
4,3,2,0,0,1,54,9.25,100,4,0,0,0,3,6,0.994058855611435,0.850822500069626
4,3,2,0,0,1,39,17,100,15,0,0,0,3,6,1.36092133979386,0.934594099991955
4,3,2,0,0,1,36,14,100,40,0,0,0,3,6,1.37945528380812,0.775603200076148
4,3,2,0,0,1,48,7,100,70,0,0,0,3,6,0.115473914376022,1.10181189991999
4,3,2,0,0,1,71,6,100,45,0,0,0,3,6,0.399147760694369,0.934983000042848
4,3,2,0,0,1,80,8,100,125,0,0,0,3,6,0.94094382020792,1.36584929993842
4,3,2,0,0,1,19,17.5,100,40,0,0,0,3,6,1.46712684970765,1.23480620002374
4,3,2,0,0,1,32,9.5,100,170,0,0,0,3,6,0.49525000760616,0.842201099963859
4,3,2,0,0,1,65,1.75,100,10,0,0,0,6,6,0.0843155693631701,1.42110589996446
4,3,2,0,0,1,37,14.5,100,175,0,0,0,6,6,1.51368181093454,1.56198440003209
4,3,2,0,0,1,20,15.75,100,30,0,0,0,6,6,1.22643575038015,1.20718280004803
4,3,2,0,0,1,51,1,100,3,0,0,0,6,6,0,1.39877189998515
4,3,2,0,0,1,59,2,100,110,0,0,0,6,6,0.15558718213396,0.882909800042398
4,3,2,0,0,1,58,14,100,20,0,0,0,6,6,1.42333463678701,1.0503871999681
4,3,2,0,0,1,81,14,100,5,0,0,0,6,6,1.16156486508705,1.10754640004598
4,3,2,0,0,1,17,3.25,100,205,0,0,0,6,6,0.238796023984762,0.81590549997054
4,3,2,0,0,1,55,16.5,100,155,0,0,0,6,6,1.2511185231218,1.42528990004212
4,3,2,0,0,1,61,15,100,225,0,0,0,6,6,1.29055164422949,0.693450800026767
4,3,2,0,0,1,35,13,100,30,0,0,0,6,6,1.45657868868381,1.21779019990936
4,3,2,0,0,1,57,10,100,95,0,0,0,6,6,0.862140118147543,0.924299699952826
4,3,2,0,0,1,38,15.5,100,215,0,0,0,6,6,1.55958260754739,0.725829900009558
4,3,2,0,0,1,69,1.5,100,20,0,0,0,6,6,0.11573629733444,1.89910110004712
4,3,2,0,0,1,1,5,100,0,0,0,0,2,6,0.508792481753979,1.93422329996247
4,3,2,0,0,1,44,5,100,65,0,0,0,2,6,1.31284656379266,2.97027209994849
4,3,2,0,0,1,40,18,100,110,0,0,0,2,6,1.78571546778209,1.20548340003006
4,3,2,0,0,1,6,19,100,175,0,0,0,2,6,2.03914122086579,1.14078399993014
4,3,2,0,0,1,11,18.25,100,55,0,0,0,2,6,1.84155641743433,0.776581900077872
4,3,2,0,0,1,21,6,100,55,0,0,0,2,6,0.441388437861182,0.843995500006713
4,3,2,0,0,1,34,12,100,85,0,0,0,2,6,1.35293773154951,1.05005790002178
4,3,2,0,0,1,68,2.5,100,25,0,0,0,2,6,0.113164927523684,1.05891469994094
4,3,2,0,0,1,12,12,100,1,0,0,0,2,6,1.28801949003234,1.02725449996069
4,3,2,0,0,1,74,7,100,120,0,0,0,2,6,0.429495685539084,0.819261800032109
4,3,2,0,0,1,43,3,100,0,0,0,0,2,6,0.103146954843652,0.764629199984483
4,3,2,0,0,1,14,16.75,100,145,0,0,0,2,6,1.47864581449965,0.655041399993934
4,3,2,0,0,1,25,9,100,160,0,0,0,2,6,0.471237492727901,0.970408400055021
4,3,2,0,0,1,30,8,100,90,0,0,0,2,6,0.947862845549793,0.794905000017025
5,1,1,1,1,1,11,14,90,60,18.25,70,55,2,1,0,3.96465499999977
5,1,1,1,1,1,40,9.5,20,25,18,15,110,2,1,0,2.62744620000012
5,1,1,1,1,1,23,7.75,60,120,1.75,80,10,2,1,0,2.23206500000015
5,1,1,1,1,1,7,16,50,20,16.75,65,75,2,1,1,2.32683110000016
5,1,1,1,1,1,38,8,45,125,15.5,40,215,2,1,0,1.89190510000026
5,1,1,1,1,1,35,13,70,30,12,75,25,2,1,0,1.90413709999939
5,1,1,1,1,1,32,9.5,30,170,7,40,120,2,1,0,1.76237450000008
5,1,1,1,1,1,21,5.5,70,40,6,95,55,4,1,1,1.40140139999949
5,1,1,1,1,1,3,15,85,14,13.5,55,65,4,1,1,1.19375719999971
5,1,1,1,1,1,39,14,55,5,17,35,15,4,1,0,1.64097610000044
5,1,1,1,1,1,42,20,30,170,11,50,110,4,1,0,1.27929270000004
5,1,1,1,1,1,36,14,15,40,8.25,20,5,4,1,0,2.34535850000066
5,1,1,1,1,1,31,8.5,50,22,5,70,14,4,1,0,1.36093640000036
5,1,1,1,1,1,26,2.5,65,25,4,45,50,4,1,0,0.881310200000371
5,1,1,1,1,1,18,18.75,80,250,15,35,31,1,1,1,1.23391400000037
5,1,1,1,1,1,5,16,100,5,20,85,15,1,1,0,1.37087000000065
5,1,1,1,1,1,12,12,35,1,9.25,40,4,1,1,0,3.13482790000035
5,1,1,1,1,1,27,5.25,50,120,1.5,95,20,1,1,0,1.9627488999995
5,1,1,1,1,1,29,6,25,45,7,20,55,1,1,0,1.04867319999994
5,1,1,1,1,1,4,8.5,20,90,2,55,70,1,1,0,1.43438260000039
5,1,1,1,1,1,10,18.5,10,85,19.5,10,125,1,1,0,3.66529580000042
5,1,1,1,1,1,2,7.5,75,25,5,40,65,6,1,1,1.5762236999999
5,1,1,1,1,1,17,3.25,85,205,2,80,110,6,1,1,1.5448322000002
5,1,1,1,1,1,28,6,25,7,3.5,40,3,6,1,0,0.777573599999414
5,1,1,1,1,1,41,19,65,245,17,80,200,6,1,0,0.905558600000404
5,1,1,1,1,1,34,12,15,85,4,35,70,6,1,0,0.728440500000033
5,1,1,1,1,1,37,10,10,140,14.5,5,175,6,1,0,0.823784199999864
5,1,1,1,1,1,8,2.5,90,10,16,15,20,6,1,0,0.56842510000024
5,1,1,1,1,1,14,12,90,210,16.75,45,145,5,1,0,2.36739620000026
5,1,1,1,1,1,6,19,20,175,7,45,70,5,1,0,1.26437690000057
5,1,1,1,1,1,9,2,30,19,1,40,3,5,1,0,0.657214900000326
5,1,1,1,1,1,30,8,75,90,6.5,90,60,5,1,0,0.791763000000174
5,1,1,1,1,1,25,9,60,160,8.5,50,105,5,1,1,0.85078169999997
5,1,1,1,1,1,20,15.75,35,30,10,95,135,5,1,0,0.761195799999768
5,1,1,1,1,1,22,20,90,165,19.5,65,45,5,1,1,0.680575499999577
5,1,1,1,1,1,13,19.5,5,7,16.5,25,155,3,1,0,0.767893300000651
5,1,1,1,1,1,19,15,75,225,17.5,25,40,3,1,0,0.482309099999839
5,1,1,1,1,1,16,14,45,20,16,65,95,3,1,1,0.711951599999338
5,1,1,1,1,1,1,5,50,0,3,30,0,3,1,1,0.91376400000081
5,1,1,1,1,1,33,6,85,45,11,65,190,3,1,0,0.864963400000306
5,1,1,1,1,1,15,10,50,95,17.25,25,55,3,1,0,1.03258180000012
5,1,1,1,1,1,24,10,90,80,19,70,150,3,1,0,1.46560859999954
5,1,2,0,1,1,40,18,15,110,0,0,0,5,2,3.08091749136879,10.5537992999998
5,1,2,0,1,1,28,6,25,7,0,0,0,5,2,0.720672938878906,6.47715280000011
5,1,2,0,1,1,22,20,90,165,0,0,0,5,2,3.08026491613417,3.61260120000043
5,1,2,0,1,1,42,20,30,170,0,0,0,5,2,1.13462930468888,2.90266849999989
5,1,2,0,1,1,58,14,45,20,0,0,0,5,2,1.08743104679034,2.03681509999933
5,1,2,0,1,1,39,17,35,15,0,0,0,5,2,1.1043593405686,2.24119710000014
5,1,2,0,1,1,19,17.5,25,40,0,0,0,5,2,1.96996421818094,1.95693570000003
5,1,2,0,1,1,84,11,50,110,0,0,0,5,2,0.97954595687246,2.25608310000007
5,1,2,0,1,1,10,19.5,10,125,0,0,0,5,2,2.05746135338384,1.36753649999991
5,1,2,0,1,1,17,3.25,85,205,0,0,0,5,2,0.188895619447571,2.7723661
5,1,2,0,1,1,60,15,35,31,0,0,0,5,2,1.0466111398018,0.882411800000227
5,1,2,0,1,1,15,17.25,25,55,0,0,0,5,2,1.93078337782208,0.53740310000012
5,1,2,0,1,1,36,14,15,40,0,0,0,5,2,0.437351790298887,1.64776999999958
5,1,2,0,1,1,81,14,55,5,0,0,0,5,2,2.0028555794319,3.83813240000018
5,1,2,0,1,1,23,7.75,60,120,0,0,0,4,2,2.22524695656148,1.23601969999982
5,1,2,0,1,1,72,6.5,90,60,0,0,0,4,2,0.385790735287369,1.82662609999988
5,1,2,0,1,1,33,11,65,190,0,0,0,4,2,1.12547473526289,4.46283099999982
5,1,2,0,1,1,31,8.5,50,22,0,0,0,4,2,1.25665916378002,3.08571440000014
5,1,2,0,1,1,13,19.5,5,7,0,0,0,4,2,1.95096440688247,0.26236979999976
5,1,2,0,1,1,54,9.25,40,4,0,0,0,4,2,0.615067396817434,3.08867850000024
5,1,2,0,1,1,43,3,30,0,0,0,0,4,2,0.483136056116724,5.45449280000048
5,1,2,0,1,1,48,7,45,70,0,0,0,4,2,0.828783596348075,2.14364849999947
5,1,2,0,1,1,76,4,35,70,0,0,0,4,2,0.696470026892662,0.878950000000259
5,1,2,0,1,1,44,5,40,65,0,0,0,4,2,0.559841260458729,1.11854789999961
5,1,2,0,1,1,69,1.5,95,20,0,0,0,4,2,0.249814793594549,1.41579480000019
5,1,2,0,1,1,27,5.25,50,120,0,0,0,4,2,1.10944002273815,1.45077190000029
5,1,2,0,1,1,46,2,55,70,0,0,0,4,2,1.1619908270219,1.12658319999991
5,1,2,0,1,1,70,3.5,40,3,0,0,0,4,2,0.466407595240103,1.70121730000028
5,1,2,0,1,1,29,7,20,55,0,0,0,3,2,1.02969910463968,0.901844199999687
5,1,2,0,1,1,79,10,10,140,0,0,0,3,2,2.03457778127951,1.47028150000006
5,1,2,0,1,1,75,6,85,45,0,0,0,3,2,1.46696399386558,0.411324200000308
5,1,2,0,1,1,71,6,25,45,0,0,0,3,2,1.07271621498899,0.708980600000359
5,1,2,0,1,1,6,19,20,175,0,0,0,3,2,1.00537839182461,0.60814819999996
5,1,2,0,1,1,2,7.5,75,25,0,0,0,3,2,0.97954595687246,0.560329399999318
5,1,2,0,1,1,11,18.25,70,55,0,0,0,3,2,1.09493938892155,3.52008860000024
5,1,2,0,1,1,68,2.5,65,25,0,0,0,3,2,0.189327620336417,1.01751370000056
5,1,2,0,1,1,25,9,60,160,0,0,0,3,2,1.04424811065845,0.789983499999835
5,1,2,0,1,1,82,9.5,20,25,0,0,0,3,2,0.595542950772867,0.659351199999946
5,1,2,0,1,1,30,8,75,90,0,0,0,3,2,1.04189563270048,1.27782860000025
5,1,2,0,1,1,24,19,70,150,0,0,0,3,2,3.99119641041539,0.5421280999999
5,1,2,0,1,1,65,1.75,80,10,0,0,0,3,2,0.249239772150485,0.768165000000408
5,1,2,0,1,1,21,6,95,55,0,0,0,3,2,1.18532420995873,0.866195099999459
5,1,2,0,1,1,7,16.75,65,75,0,0,0,1,2,1.00306810563501,1.51069020000068
5,1,2,0,1,1,9,2,30,19,0,0,0,1,2,0.117066301435692,0.968827900000178
5,1,2,0,1,1,18,18.75,80,250,0,0,0,1,2,2.88638030675978,0.890086299999894
5,1,2,0,1,1,62,10,95,135,0,0,0,1,2,3.93496218527868,0.521800399999847
5,1,2,0,1,1,49,16,50,20,0,0,0,1,2,3.16294739503147,0.476677799999379
5,1,2,0,1,1,53,14,90,60,0,0,0,1,2,1.77171065565809,0.727462999999261
5,1,2,0,1,1,4,8.5,20,90,0,0,0,1,2,1.2795796686096,0.832426299999497
5,1,2,0,1,1,45,13.5,55,65,0,0,0,1,2,1.41750357343074,2.17659120000098
5,1,2,0,1,1,38,15.5,40,215,0,0,0,1,2,3.04289105162242,0.823598699998911
5,1,2,0,1,1,78,8.25,20,5,0,0,0,1,2,1.46696399386558,0.789589500000147
5,1,2,0,1,1,26,4,45,50,0,0,0,1,2,1.14369501913771,0.401841500000955
5,1,2,0,1,1,80,8,45,125,0,0,0,1,2,1.67968529495413,0.815143299998454
5,1,2,0,1,1,8,16,15,20,0,0,0,1,2,1.08992247198656,1.45997779999925
5,1,2,0,1,1,1,5,50,0,0,0,0,1,2,1.15934177964765,0.440182100001039
5,1,2,0,1,1,35,13,70,30,0,0,0,6,2,3.14550677985188,0.841821199999686
5,1,2,0,1,1,66,10,90,80,0,0,0,6,2,2.01230993950416,1.73084780000136
5,1,2,0,1,1,77,12,75,25,0,0,0,6,2,1.96493244739531,1.47319590000006
5,1,2,0,1,1,14,16.75,45,145,0,0,0,6,2,2.73539666097807,0.862940400000298
5,1,2,0,1,1,74,7,40,120,0,0,0,6,2,0.543925629631168,0.989051200000176
5,1,2,0,1,1,32,9.5,30,170,0,0,0,6,2,2.7743319243447,0.633379099999729
5,1,2,0,1,1,67,8.5,50,105,0,0,0,6,2,1.57384058532888,0.568993000000773
5,1,2,0,1,1,16,16,65,95,0,0,0,6,2,4.08506459632327,0.664410199999111
5,1,2,0,1,1,50,2.5,90,10,0,0,0,6,2,0.680526788461677,0.450564200000372
5,1,2,0,1,1,83,17,80,200,0,0,0,6,2,4.93779157887093,0.693980100000772
5,1,2,0,1,1,12,12,35,1,0,0,0,6,2,2.65518467233063,0.465944399998989
5,1,2,0,1,1,57,10,50,95,0,0,0,6,2,2.07596653726116,0.780335900000864
5,1,2,0,1,1,20,15.75,35,30,0,0,0,6,2,3.77933026407476,0.84669059999942
5,1,2,0,1,1,55,16.5,25,155,0,0,0,6,2,3.99769174250672,0.612431700001252
5,1,2,0,1,1,56,12,90,210,0,0,0,2,2,2.70995150131732,0.506086500001402
5,1,2,0,1,1,47,16,100,5,0,0,0,2,2,0.596900892757599,2.06760020000002
5,1,2,0,1,1,37,14.5,5,175,0,0,0,2,2,0.540192460422549,0.98245069999939
5,1,2,0,1,1,59,2,80,110,0,0,0,2,2,1.0199134531522,1.52930379999998
5,1,2,0,1,1,5,20,85,15,0,0,0,2,2,2.19933061216489,1.18793160000132
5,1,2,0,1,1,3,15,85,14,0,0,0,2,2,1.8333042797239,0.92774030000146
5,1,2,0,1,1,63,5.5,70,40,0,0,0,2,2,1.9667141987408,0.116950999999972
5,1,2,0,1,1,51,1,40,3,0,0,0,2,2,0.380056220649394,2.74918759999855
5,1,2,0,1,1,41,19,65,245,0,0,0,2,2,0.925767980230052,0.36055849999866
5,1,2,0,1,1,61,15,75,225,0,0,0,2,2,4.0383850885907,2.0426206000011
5,1,2,0,1,1,52,18.5,10,85,0,0,0,2,2,0.921904996648539,0.441384399999151
5,1,2,0,1,1,73,5,70,14,0,0,0,2,2,0.331723366254206,4.47957929999939
5,1,2,0,1,1,64,19.5,65,45,0,0,0,2,2,2.15839502532221,0.792358000000604
5,1,2,0,1,1,34,12,15,85,0,0,0,2,2,2.11253783851275,0.554216399999859
5,2,1,1,0,1,4,2,100,70,8.5,100,90,1,5,0,7.93484619999799
5,2,1,1,0,1,26,4,100,50,2.5,100,25,1,5,0,3.55919829999766
5,2,1,1,0,1,34,4,100,70,12,100,85,1,5,0,3.39997699999731
5,2,1,1,0,1,8,16,100,20,2.5,100,10,1,5,0,3.64616509999905
5,2,1,1,0,1,40,9.5,100,25,18,100,110,1,5,0,1.87038960000064
5,2,1,1,0,1,10,19.5,100,125,18.5,100,85,1,5,0,2.85730669999975
5,2,1,1,0,1,35,13,100,30,12,100,25,1,5,0,1.88887269999759
5,2,1,1,0,1,22,19.5,100,45,20,100,165,3,5,0,3.46564620000208
5,2,1,1,0,1,18,15,100,31,18.75,100,250,3,5,0,3.0974309000012
5,2,1,1,0,1,6,7,100,70,19,100,175,3,5,0,1.69709149999835
5,2,1,1,0,1,28,6,100,7,3.5,100,3,3,5,0,1.89631269999882
5,2,1,1,0,1,12,9.25,100,4,12,100,1,3,5,0,2.44047629999841
5,2,1,1,0,1,15,17.25,100,55,10,100,95,3,5,0,1.37650819999908
5,2,1,1,0,1,29,7,100,55,6,100,45,3,5,0,1.77008189999833
5,2,1,1,0,1,23,1.75,100,10,7.75,100,120,2,5,0,4.02551049999965
5,2,1,1,0,1,38,8,100,125,15.5,100,215,2,5,0,2.14539369999693
5,2,1,1,0,1,7,16,100,20,16.75,100,75,2,5,0,2.72299560000101
5,2,1,1,0,1,25,9,100,160,8.5,100,105,2,5,0,3.0480796999982
5,2,1,1,0,1,42,20,100,170,11,100,110,2,5,0,2.88259900000048
5,2,1,1,0,1,2,7.5,100,25,5,100,65,2,5,0,2.2969987999968
5,2,1,1,0,1,30,6.5,100,60,8,100,90,2,5,0,2.62969850000081
5,2,1,1,0,1,24,19,100,150,10,100,80,4,5,0,3.95314389999839
5,2,1,1,0,1,20,15.75,100,30,10,100,135,4,5,0,2.28839629999857
5,2,1,1,0,1,41,19,100,245,17,100,200,4,5,0,3.11230619999697
5,2,1,1,0,1,37,10,100,140,14.5,100,175,4,5,0,2.28169759999946
5,2,1,1,0,1,16,14,100,20,16,100,95,4,5,0,1.59506820000024
5,2,1,1,0,1,33,6,100,45,11,100,190,4,5,0,1.91490290000002
5,2,1,1,0,1,21,5.5,100,40,6,100,55,4,5,0,1.68025289999787
5,2,1,1,0,1,17,2,100,110,3.25,100,205,5,5,0,2.67266830000153
5,2,1,1,0,1,39,14,100,5,17,100,15,5,5,0,2.58419140000115
5,2,1,1,0,1,32,9.5,100,170,7,100,120,5,5,0,3.19330439999976
5,2,1,1,0,1,9,1,100,3,2,100,19,5,5,0,1.76144340000246
5,2,1,1,0,1,3,13.5,100,65,15,100,14,5,5,0,2.63333309999871
5,2,1,1,0,1,14,12,100,210,16.75,100,145,5,5,0,1.64905919999728
5,2,1,1,0,1,19,17.5,100,40,15,100,225,5,5,0,2.60854809999728
5,2,1,1,0,1,31,5,100,14,8.5,100,22,6,5,0,2.67110199999661
5,2,1,1,0,1,5,16,100,5,20,100,15,6,5,0,2.97820359999969
5,2,1,1,0,1,1,5,100,0,3,100,0,6,5,0,1.52219060000061
5,2,1,1,0,1,13,19.5,100,7,16.5,100,155,6,5,0,2.27341010000237
5,2,1,1,0,1,36,8.25,100,5,14,100,40,6,5,0,2.71410499999911
5,2,1,1,0,1,27,5.25,100,120,1.5,100,20,6,5,0,3.37613720000081
5,2,1,1,0,1,11,14,100,60,18.25,100,55,6,5,0,1.36243730000206
5,2,2,0,0,1,82,9.5,100,25,0,0,0,4,6,1.03702549107566,5.77267249999932
5,2,2,0,0,1,65,1.75,100,10,0,0,0,4,6,0.326549347425864,6.68406719999984
5,2,2,0,0,1,49,16,100,20,0,0,0,4,6,3.9793193155385,1.11269379999794
5,2,2,0,0,1,48,7,100,70,0,0,0,4,6,1.2739742554179,2.69496719999734
5,2,2,0,0,1,28,6,100,7,0,0,0,4,6,0.558551979562779,2.41662729999734
5,2,2,0,0,1,63,5.5,100,40,0,0,0,4,6,1.55958260754739,3.52065050000238
5,2,2,0,0,1,20,15.75,100,30,0,0,0,4,6,6.03258984437746,1.7102601000006
5,2,2,0,0,1,58,14,100,20,0,0,0,4,6,3.92839937332132,1.70377709999957
5,2,2,0,0,1,12,12,100,1,0,0,0,4,6,4.12882230317215,0.878108200002316
5,2,2,0,0,1,15,17.25,100,55,0,0,0,4,6,7.31070260901085,1.40146639999875
5,2,2,0,0,1,55,16.5,100,155,0,0,0,4,6,5.99374272028493,2.06309680000049
5,2,2,0,0,1,47,16,100,5,0,0,0,4,6,8.04695401345894,0.963310299997829
5,2,2,0,0,1,16,16,100,95,0,0,0,4,6,7.94253864661616,1.60964080000122
5,2,2,0,0,1,53,14,100,60,0,0,0,4,6,4.07104265635341,2.91590020000149
5,2,2,0,0,1,75,6,100,45,0,0,0,3,6,1.35293773154951,2.78380040000047
5,2,2,0,0,1,4,8.5,100,90,0,0,0,3,6,2.78229458101423,1.06414600000062
5,2,2,0,0,1,33,11,100,190,0,0,0,3,6,2.12680471684035,0.983144599998923
5,2,2,0,0,1,21,6,100,55,0,0,0,3,6,2.00380950745887,1.34821359999842
5,2,2,0,0,1,23,7.75,100,120,0,0,0,3,6,2.02040590619034,0.454670799997984
5,2,2,0,0,1,71,6,100,45,0,0,0,3,6,2.02060852873471,0.756323499997961
5,2,2,0,0,1,38,15.5,100,215,0,0,0,3,6,4.98971535995901,0.980143400000088
5,2,2,0,0,1,56,12,100,210,0,0,0,3,6,5.54434360597642,1.1096652999986
5,2,2,0,0,1,64,19.5,100,45,0,0,0,3,6,9.77904023816955,1.08138410000174
5,2,2,0,0,1,45,13.5,100,65,0,0,0,3,6,3.91031085026819,0.713545599999634
5,2,2,0,0,1,72,6.5,100,60,0,0,0,3,6,2.07114546226854,0.859289099997113
5,2,2,0,0,1,29,7,100,55,0,0,0,3,6,2.00731477164366,1.41810079999777
5,2,2,0,0,1,74,7,100,120,0,0,0,3,6,2.07576798448314,0.882037200000923
5,2,2,0,0,1,24,19,100,150,0,0,0,3,6,9.92749518828979,0.670404899999994
5,2,2,0,0,1,52,18.5,100,85,0,0,0,6,6,9.914361250512,1.18702069999927
5,2,2,0,0,1,44,5,100,65,0,0,0,6,6,2.07576798448314,1.09890730000188
5,2,2,0,0,1,25,9,100,160,0,0,0,6,6,4.9375882963815,1.13166280000223
5,2,2,0,0,1,31,8.5,100,22,0,0,0,6,6,3.16139905101858,0.98612950000097
5,2,2,0,0,1,6,19,100,175,0,0,0,6,6,9.89895772786676,1.5164263000006
5,2,2,0,0,1,18,18.75,100,250,0,0,0,6,6,9.41624413874864,0.613690600002883
5,2,2,0,0,1,30,8,100,90,0,0,0,6,6,3.58553355328675,0.813757799998712
5,2,2,0,0,1,3,15,100,14,0,0,0,6,6,6.94524033871781,0.969283599999471
5,2,2,0,0,1,1,5,100,0,0,0,0,6,6,2.20424079200852,0.720873199999915
5,2,2,0,0,1,41,19,100,245,0,0,0,6,6,9.85696345094166,1.16214509999918
5,2,2,0,0,1,11,18.25,100,55,0,0,0,6,6,8.86021713769279,0.5332484999999
5,2,2,0,0,1,79,10,100,140,0,0,0,6,6,4.95932197390763,1.08766200000173
5,2,2,0,0,1,51,1,100,3,0,0,0,6,6,0.439360857280121,1.11267279999811
5,2,2,0,0,1,13,19.5,100,7,0,0,0,6,6,10.0713669399105,0.697320999999647
5,2,2,0,0,1,37,14.5,100,175,0,0,0,5,6,6.31303135774109,0.818397400002141
5,2,2,0,0,1,42,20,100,170,0,0,0,5,6,9.98597756073081,0.507024800001091
5,2,2,0,0,1,36,14,100,40,0,0,0,5,6,6.88678370642368,0.733835100003489
5,2,2,0,0,1,35,13,100,30,0,0,0,5,6,5.18242069137697,0.756409400000848
5,2,2,0,0,1,40,18,100,110,0,0,0,5,6,8.50787597000323,2.47546829999919
5,2,2,0,0,1,14,16.75,100,145,0,0,0,5,6,8.00678957083036,1.16094629999861
5,2,2,0,0,1,43,3,100,0,0,0,0,5,6,0.160581014930035,2.04479580000043
5,2,2,0,0,1,39,17,100,15,0,0,0,5,6,3.85771498133532,0.937752400001045
5,2,2,0,0,1,27,5.25,100,120,0,0,0,5,6,1.14753503453289,0.491420799997286
5,2,2,0,0,1,8,16,100,20,0,0,0,5,6,5.04093961392641,0.833948899999086
5,2,2,0,0,1,26,4,100,50,0,0,0,5,6,0.571855813547543,0.735889099996712
5,2,2,0,0,1,73,5,100,14,0,0,0,5,6,2.3209978330499,0.800850699997682
5,2,2,0,0,1,50,2.5,100,10,0,0,0,5,6,0.1906355570774,0.700586700000713
5,2,2,0,0,1,17,3.25,100,205,0,0,0,5,6,1.07757713548159,1.40270779999992
5,2,2,0,0,1,19,17.5,100,40,0,0,0,2,6,3.12087701868989,0.464731199997914
5,2,2,0,0,1,46,2,100,70,0,0,0,2,6,1.12292323283226,2.04242890000023
5,2,2,0,0,1,69,1.5,100,20,0,0,0,2,6,0.0146686323904603,1.05411619999722
5,2,2,0,0,1,62,10,100,135,0,0,0,2,6,5.19597981284216,1.1171605999989
5,2,2,0,0,1,54,9.25,100,4,0,0,0,2,6,5.26681325066362,1.2386273000011
5,2,2,0,0,1,32,9.5,100,170,0,0,0,2,6,5.29517985905213,1.08446859999822
5,2,2,0,0,1,7,16.75,100,75,0,0,0,2,6,2.02976735636013,6.46544569999969
5,2,2,0,0,1,60,15,100,31,0,0,0,2,6,5,2.46088239999881
5,2,2,0,0,1,78,8.25,100,5,0,0,0,2,6,3.47061257024495,0.397230800001125
5,2,2,0,0,1,9,2,100,19,0,0,0,2,6,2.18957299130311,0.225566799999797
5,2,2,0,0,1,10,19.5,100,125,0,0,0,2,6,4.01357282208318,1.60489450000023
5,2,2,0,0,1,70,3.5,100,3,0,0,0,2,6,1.81464573427425,0.5210459000009
5,2,2,0,0,1,76,4,100,70,0,0,0,2,6,1.9984155015077,5.65796510000291
5,2,2,0,0,1,34,12,100,85,0,0,0,2,6,6.0597877986164,0.793516499998077
5,2,2,0,0,1,59,2,100,110,0,0,0,1,6,1.04898479061982,0.922778500000277
5,2,2,0,0,1,77,12,100,25,0,0,0,1,6,6.02826742947732,0.986271199999464
5,2,2,0,0,1,2,7.5,100,25,0,0,0,1,6,3.46301918290025,3.9427562000019
5,2,2,0,0,1,57,10,100,95,0,0,0,1,6,4.93878844675349,2.0944215999989
5,2,2,0,0,1,61,15,100,225,0,0,0,1,6,6.98369841837962,0.765259899999364
5,2,2,0,0,1,83,17,100,200,0,0,0,1,6,3.90079042557895,0.741888100001233
5,2,2,0,0,1,22,20,100,165,0,0,0,1,6,9.85566650981546,0.674382400000468
5,2,2,0,0,1,66,10,100,80,0,0,0,1,6,4.85486754512014,0.845671299997775
5,2,2,0,0,1,5,20,100,15,0,0,0,1,6,9.66902578594746,1.41734890000225
5,2,2,0,0,1,81,14,100,5,0,0,0,1,6,6.94418646334381,0.985019499999908
5,2,2,0,0,1,67,8.5,100,105,0,0,0,1,6,4.73489510773458,1.00082779999866
5,2,2,0,0,1,84,11,100,110,0,0,0,1,6,5.92924681422235,2.38343570000143
5,2,2,0,0,1,80,8,100,125,0,0,0,1,6,4.09102398388691,0.563504300000204
5,2,2,0,0,1,68,2.5,100,25,0,0,0,1,6,1.01291767143232,2.07666149999932
5,3,1,0,1,0,38,15.5,40,0,0,0,0,4,4,4.15206285357272,6.12292190000005
5,3,1,0,1,0,46,2,55,0,0,0,0,4,4,0.33399129143427,7.87031400000001
5,3,1,0,1,0,39,17,35,0,0,0,0,4,4,3.98391426069064,2.34813340000005
5,3,1,0,1,0,52,18.5,10,0,0,0,0,4,4,2.02976735636013,2.04612580000003
5,3,1,0,1,0,59,2,80,0,0,0,0,4,4,0.464990680568711,2.23684249999997
5,3,1,0,1,0,25,9,60,0,0,0,0,4,4,3.06254778184119,1.58409699999993
5,3,1,0,1,0,62,10,95,0,0,0,0,4,4,5.0829425082988,1.32508200000007
5,3,1,0,1,0,69,1.5,95,0,0,0,0,4,4,0.476572592091003,2.20393050000007
5,3,1,0,1,0,76,4,35,0,0,0,0,4,4,1.00601641188096,2.55629279999994
5,3,1,0,1,0,78,8.25,20,0,0,0,0,4,4,1.06590380697004,2.83659820000003
5,3,1,0,1,0,41,19,65,0,0,0,0,4,4,6.09753736553951,2.01969290000011
5,3,1,0,1,0,47,16,100,0,0,0,0,4,4,6.04291918202824,2.24495690000003
5,3,1,0,1,0,40,18,15,0,0,0,0,4,4,1.04414849718111,1.41973979999989
5,3,1,0,1,0,33,11,65,0,0,0,0,4,4,4.01485459360784,1.23771390000002
5,3,1,0,1,0,26,4,45,0,0,0,0,1,4,2.01605899932928,7.78639439999984
5,3,1,0,1,0,23,7.75,60,0,0,0,0,1,4,4.13358507626312,2.18241140000009
5,3,1,0,1,0,1,5,50,0,0,0,0,1,4,2.0112614124296,2.02455669999995
5,3,1,0,1,0,51,1,40,0,0,0,0,1,4,0.145988113833102,2.0172063
5,3,1,0,1,0,43,3,30,0,0,0,0,1,4,1.01344733272578,2.05868250000003
5,3,1,0,1,0,53,14,90,0,0,0,0,1,4,4.97998057629242,2.74683699999991
5,3,1,0,1,0,4,8.5,20,0,0,0,0,1,4,2.06205774300792,3.39751119999983
5,3,1,0,1,0,84,11,50,0,0,0,0,1,4,5.02073672706284,1.41187979999995
5,3,1,0,1,0,29,7,20,0,0,0,0,1,4,1.92387765233649,1.38667090000013
5,3,1,0,1,0,50,2.5,90,0,0,0,0,1,4,0.764384945722519,1.01132060000009
5,3,1,0,1,0,8,16,15,0,0,0,0,1,4,1.66561718300563,2.77941999999985
5,3,1,0,1,0,80,8,45,0,0,0,0,1,4,4.08798987593548,3.19741770000019
5,3,1,0,1,0,27,5.25,50,0,0,0,0,1,4,1.98787616201406,1.2816335
5,3,1,0,1,0,19,17.5,25,0,0,0,0,1,4,5.96228929675886,2.82601970000019
5,3,1,0,1,0,35,13,70,0,0,0,0,6,4,3.661936095235,2.06001130000004
5,3,1,0,1,0,61,15,75,0,0,0,0,6,4,7.98325493166013,2.0899488
5,3,1,0,1,0,6,19,20,0,0,0,0,6,4,4.00625727971506,2.04075390000003
5,3,1,0,1,0,66,10,90,0,0,0,0,6,4,5.12320134752888,1.93960790000006
5,3,1,0,1,0,42,20,30,0,0,0,0,6,4,3.14155402321367,1.63471699999991
5,3,1,0,1,0,56,12,90,0,0,0,0,6,4,5.91493540367673,1.51126179999983
5,3,1,0,1,0,82,9.5,20,0,0,0,0,6,4,2.11677874792458,1.76543040000001
5,3,1,0,1,0,83,17,80,0,0,0,0,6,4,9.93140138654914,1.92180039999994
5,3,1,0,1,0,21,6,95,0,0,0,0,6,4,2.68737232369867,1.56210899999996
5,3,1,0,1,0,17,3.25,85,0,0,0,0,6,4,1.20568536033312,2.98417289999998
5,3,1,0,1,0,72,6.5,90,0,0,0,0,6,4,3.03075148701263,2.35840259999986
5,3,1,0,1,0,7,16.75,65,0,0,0,0,6,4,5.30101511117354,1.43858640000008
5,3,1,0,1,0,15,17.25,25,0,0,0,0,6,4,3.91306588535475,1.50660210000001
5,3,1,0,1,0,12,12,35,0,0,0,0,6,4,3.25518482321066,1.2598438
5,3,1,0,1,0,75,6,85,0,0,0,0,5,4,2.07596653726116,1.82936440000003
5,3,1,0,1,0,45,13.5,55,0,0,0,0,5,4,6.89724915438671,1.61162169999989
5,3,1,0,1,0,65,1.75,80,0,0,0,0,5,4,0.55403708569283,2.46903090000001
5,3,1,0,1,0,57,10,50,0,0,0,0,5,4,5.06082169454197,1.98057679999988
5,3,1,0,1,0,48,7,45,0,0,0,0,5,4,2.18670145441004,1.1504324
5,3,1,0,1,0,73,5,70,0,0,0,0,5,4,1.02077396481731,1.19817190000003
5,3,1,0,1,0,36,14,15,0,0,0,0,5,4,1.97108278609,1.80297410000003
5,3,1,0,1,0,28,6,25,0,0,0,0,5,4,1.92297015456778,2.63248739999995
5,3,1,0,1,0,54,9.25,40,0,0,0,0,5,4,1.9788809721005,3.97799989999999
5,3,1,0,1,0,2,7.5,75,0,0,0,0,5,4,3.22147766523402,1.75918570000022
5,3,1,0,1,0,67,8.5,50,0,0,0,0,5,4,2.95167235300866,13.6839282999999
5,3,1,0,1,0,34,12,15,0,0,0,0,5,4,2.36116727857036,6.94829929999992
5,3,1,0,1,0,77,12,75,0,0,0,0,5,4,6.05815974255492,1.12771050000015
5,3,1,0,1,0,44,5,40,0,0,0,0,5,4,1.95096440688247,0.720523400000047
5,3,1,0,1,0,30,8,75,0,0,0,0,3,4,3.94863086577493,1.27977979999991
5,3,1,0,1,0,9,2,30,0,0,0,0,3,4,0.101271874965168,1.28859069999999
5,3,1,0,1,0,70,3.5,40,0,0,0,0,3,4,1.14237704765918,1.22041960000001
5,3,1,0,1,0,24,19,70,0,0,0,0,3,4,10.0437031879929,1.36201129999995
5,3,1,0,1,0,3,15,85,0,0,0,0,3,4,4.01668931764639,3.91335609999987
5,3,1,0,1,0,11,18.25,70,0,0,0,0,3,4,3.987626995024,10.2424910999998
5,3,1,0,1,0,71,6,25,0,0,0,0,3,4,2.04369094153031,1.66048120000005
5,3,1,0,1,0,79,10,10,0,0,0,0,3,4,3.98915783697319,2.28650459999994
5,3,1,0,1,0,64,19.5,65,0,0,0,0,3,4,9.88346935116733,1.19601630000011
5,3,1,0,1,0,16,16,65,0,0,0,0,3,4,6.04291918202824,1.25225829999999
5,3,1,0,1,0,74,7,40,0,0,0,0,3,4,3.97358317224264,2.57719969999994
5,3,1,0,1,0,55,16.5,25,0,0,0,0,3,4,7.95167235300866,0.425390999999991
5,3,1,0,1,0,18,18.75,80,0,0,0,0,3,4,10.9095475599073,1.78224530000011
5,3,1,0,1,0,31,8.5,50,0,0,0,0,3,4,4.06479560775036,1.27022809999994
5,3,1,0,1,0,63,5.5,70,0,0,0,0,2,4,2.0028555794319,1.16682900000001
5,3,1,0,1,0,60,15,35,0,0,0,0,2,4,6.9968327318932,1.65161130000001
5,3,1,0,1,0,14,16.75,45,0,0,0,0,2,4,8.07347700474424,1.11600859999999
5,3,1,0,1,0,68,2.5,65,0,0,0,0,2,4,1.15934177964765,3.74283220000007
5,3,1,0,1,0,32,9.5,30,0,0,0,0,2,4,1.86517825755843,2.71540210000012
5,3,1,0,1,0,5,20,85,0,0,0,0,2,4,12.8600787062481,1.44772069999999
5,3,1,0,1,0,22,20,90,0,0,0,0,2,4,15.9504354622867,1.77902620000009
5,3,1,0,1,0,49,16,50,0,0,0,0,2,4,6.85250642214016,5.33220860000006
5,3,1,0,1,0,37,14.5,5,0,0,0,0,2,4,6.16129254933207,1.69201180000005
5,3,1,0,1,0,10,19.5,10,0,0,0,0,2,4,3.03492773757554,1.35629859999995
5,3,1,0,1,0,20,15.75,35,0,0,0,0,2,4,5.05175656475167,1.48435249999989
5,3,1,0,1,0,13,19.5,5,0,0,0,0,2,4,2.03477295266144,2.17114839999999
5,3,1,0,1,0,81,14,55,0,0,0,0,2,4,6.58460684078341,1.22827549999988
5,3,1,0,1,0,58,14,45,0,0,0,0,2,4,7.08742355912178,2.60598909999999
5,3,2,1,1,0,15,10,50,0,17.25,25,0,4,3,0,4.40266739999993
5,3,2,1,1,0,40,18,15,0,9.5,20,0,4,3,1,2.25550909999993
5,3,2,1,1,0,33,6,85,0,11,65,0,4,3,1,2.73004409999999
5,3,2,1,1,0,30,8,75,0,6.5,90,0,4,3,1,2.72132650000003
5,3,2,1,1,0,42,20,30,0,11,50,0,4,3,0,1.81350279999992
5,3,2,1,1,0,16,14,45,0,16,65,0,4,3,1,1.80983770000012
5,3,2,1,1,0,34,4,35,0,12,15,0,4,3,1,2.71682849999979
5,3,2,1,1,0,17,3.25,85,0,2,80,0,1,3,1,4.39412709999988
5,3,2,1,1,0,8,2.5,90,0,16,15,0,1,3,0,1.35345900000016
5,3,2,1,1,0,23,1.75,80,0,7.75,60,0,1,3,0,1.11148350000008
5,3,2,1,1,0,36,8.25,20,0,14,15,0,1,3,0,1.33884069999999
5,3,2,1,1,0,11,18.25,70,0,14,90,0,1,3,0,0.960887599999978
5,3,2,1,1,0,4,8.5,20,0,2,55,0,1,3,0,1.20001230000003
5,3,2,1,1,0,2,5,40,0,7.5,75,0,1,3,1,0.928549100000055
5,3,2,1,1,0,10,18.5,10,0,19.5,10,0,2,3,1,2.29887329999997
5,3,2,1,1,0,6,19,20,0,7,45,0,2,3,0,3.28892369999994
5,3,2,1,1,0,32,9.5,30,0,7,40,0,2,3,0,1.76714629999992
5,3,2,1,1,0,24,10,90,0,19,70,0,2,3,0,1.78635599999984
5,3,2,1,1,0,39,14,55,0,17,35,0,2,3,0,1.05738619999988
5,3,2,1,1,0,21,6,95,0,5.5,70,0,2,3,1,0.8879594
5,3,2,1,1,0,38,8,45,0,15.5,40,0,2,3,0,0.833138199999894
5,3,2,1,1,0,12,12,35,0,9.25,40,0,3,3,0,1.86506940000004
5,3,2,1,1,0,28,3.5,40,0,6,25,0,3,3,0,0.705662500000017
5,3,2,1,1,0,14,16.75,45,0,12,90,0,3,3,0,0.713267599999881
5,3,2,1,1,0,1,3,30,0,5,50,0,3,3,1,0.92086119999999
5,3,2,1,1,0,13,19.5,5,0,16.5,25,0,3,3,0,1.12097840000001
5,3,2,1,1,0,41,17,80,0,19,65,0,3,3,0,1.08087309999996
5,3,2,1,1,0,9,2,30,0,1,40,0,3,3,0,0.730980599999839
5,3,2,1,1,0,20,10,95,0,15.75,35,0,5,3,0,0.921351100000038
5,3,2,1,1,0,3,13.5,55,0,15,85,0,5,3,1,0.768231000000014
5,3,2,1,1,0,7,16,50,0,16.75,65,0,5,3,1,0.736926600000061
5,3,2,1,1,0,37,10,10,0,14.5,5,0,5,3,0,0.778713899999957
5,3,2,1,1,0,25,8.5,50,0,9,60,0,5,3,1,0.744671899999958
5,3,2,1,1,0,22,20,90,0,19.5,65,0,5,3,1,0.843369700000039
5,3,2,1,1,0,19,17.5,25,0,15,75,0,5,3,0,0.690274700000145
5,3,2,1,1,0,26,4,45,0,2.5,65,0,6,3,1,0.641798399999971
5,3,2,1,1,0,29,7,20,0,6,25,0,6,3,0,2.17715480000015
5,3,2,1,1,0,18,15,35,0,18.75,80,0,6,3,1,0.67686249999997
5,3,2,1,1,0,27,5.25,50,0,1.5,95,0,6,3,0,0.473760099999936
5,3,2,1,1,0,31,8.5,50,0,5,70,0,6,3,0,0.849910399999999
5,3,2,1,1,0,5,20,85,0,16,100,0,6,3,0,0.714615800000047
5,3,2,1,1,0,35,13,70,0,12,75,0,6,3,0,2.48224759999994
6,1,1,1,1,0,32,9.5,30,0,7,40,0,3,3,0,4.64578019999317
6,1,1,1,1,0,35,13,70,0,12,75,0,3,3,0,2.55609830000321
6,1,1,1,1,0,24,10,90,0,19,70,0,3,3,0,1.65106340000057
6,1,1,1,1,0,31,5,70,0,8.5,50,0,3,3,0,4.20303790000617
6,1,1,1,1,0,8,2.5,90,0,16,15,0,3,3,0,2.16842239999096
6,1,1,1,1,0,16,14,45,0,16,65,0,3,3,1,1.94750919999206
6,1,1,1,1,0,25,9,60,0,8.5,50,0,3,3,1,1.43421930000477
6,1,1,1,1,0,11,14,90,0,18.25,70,0,4,3,0,2.59598949999781
6,1,1,1,1,0,5,20,85,0,16,100,0,4,3,0,2.34409450000385
6,1,1,1,1,0,4,2,55,0,8.5,20,0,4,3,0,1.77906200000143
6,1,1,1,1,0,38,8,45,0,15.5,40,0,4,3,0,1.77162499999395
6,1,1,1,1,0,28,3.5,40,0,6,25,0,4,3,0,1.1864373999997
6,1,1,1,1,0,2,7.5,75,0,5,40,0,4,3,1,1.45721120000235
6,1,1,1,1,0,9,2,30,0,1,40,0,4,3,0,2.64510490000248
6,1,1,1,1,0,41,19,65,0,17,80,0,1,3,0,4.93963399999484
6,1,1,1,1,0,39,14,55,0,17,35,0,1,3,0,1.34800950001227
6,1,1,1,1,0,36,8.25,20,0,14,15,0,1,3,0,1.13206390000414
6,1,1,1,1,0,33,6,85,0,11,65,0,1,3,0,1.19684579999011
6,1,1,1,1,0,21,5.5,70,0,6,95,0,1,3,1,0.971947700003511
6,1,1,1,1,0,20,10,95,0,15.75,35,0,1,3,0,1.4980338000023
6,1,1,1,1,0,29,6,25,0,7,20,0,1,3,0,1.29228690000309
6,1,1,1,1,0,42,11,50,0,20,30,0,2,3,0,2.6551627000008
6,1,1,1,1,0,40,9.5,20,0,18,15,0,2,3,0,1.15661479999835
6,1,1,1,1,0,10,19.5,10,0,18.5,10,0,2,3,1,2.47705309999583
6,1,1,1,1,0,34,4,35,0,12,15,0,2,3,0,4.41977910000423
6,1,1,1,1,0,7,16.75,65,0,16,50,0,2,3,1,1.47710740000184
6,1,1,1,1,0,15,17.25,25,0,10,50,0,2,3,0,1.52925649999816
6,1,1,1,1,0,13,19.5,5,0,16.5,25,0,2,3,0,1.93232190000708
6,1,1,1,1,0,12,12,35,0,9.25,40,0,5,3,0,2.61240199999884
6,1,1,1,1,0,17,2,80,0,3.25,85,0,5,3,1,1.64816779999819
6,1,1,1,1,0,3,13.5,55,0,15,85,0,5,3,1,1.41863270000613
6,1,1,1,1,0,1,3,30,0,5,50,0,5,3,1,1.57126510000671
6,1,1,1,1,0,27,1.5,95,0,5.25,50,0,5,3,0,1.67536179999297
6,1,1,1,1,0,30,8,75,0,6.5,90,0,5,3,0,2.16436349999276
6,1,1,1,1,0,18,15,35,0,18.75,80,0,5,3,1,0.955501200005529
6,1,1,1,1,0,14,12,90,0,16.75,45,0,6,3,0,1.5770693999948
6,1,1,1,1,0,37,14.5,5,0,10,10,0,6,3,0,1.37543169999844
6,1,1,1,1,0,6,19,20,0,7,45,0,6,3,0,1.13292340000044
6,1,1,1,1,0,23,1.75,80,0,7.75,60,0,6,3,0,1.34876310000254
6,1,1,1,1,0,26,2.5,65,0,4,45,0,6,3,0,1.16198520000034
6,1,1,1,1,0,19,15,75,0,17.5,25,0,6,3,0,1.1677941000089
6,1,1,1,1,0,22,20,90,0,19.5,65,0,6,3,1,1.25288599998748
6,1,2,0,1,0,29,7,20,0,0,0,0,2,4,0.50375457177606,10.0503994000028
6,1,2,0,1,0,44,5,40,0,0,0,0,2,4,0.999794867100167,2.82043839999824
6,1,2,0,1,0,70,3.5,40,0,0,0,0,2,4,0.195392062271011,2.21489820000716
6,1,2,0,1,0,30,8,75,0,0,0,0,2,4,2.0941868242528,2.93113969999831
6,1,2,0,1,0,45,13.5,55,0,0,0,0,2,4,1.12496351726642,2.0421376000013
6,1,2,0,1,0,14,16.75,45,0,0,0,0,2,4,0.933409170701989,1.55990219999512
6,1,2,0,1,0,18,18.75,80,0,0,0,0,2,4,3.5162018805829,1.86630499998864
6,1,2,0,1,0,32,9.5,30,0,0,0,0,2,4,0.630750783463274,1.11512420000508
6,1,2,0,1,0,22,20,90,0,0,0,0,2,4,4.92806862367312,1.09595730000001
6,1,2,0,1,0,49,16,50,0,0,0,0,2,4,1.74090671352806,1.09887290000916
6,1,2,0,1,0,10,19.5,10,0,0,0,0,2,4,0.0850666212803119,1.2482219000085
6,1,2,0,1,0,37,14.5,5,0,0,0,0,2,4,0.173823535598842,3.71044870000333
6,1,2,0,1,0,16,16,65,0,0,0,0,2,4,2.0523645505236,2.32554730000265
6,1,2,0,1,0,78,8.25,20,0,0,0,0,2,4,0.068157970915788,1.05400619999273
6,1,2,0,1,0,57,10,50,0,0,0,0,4,4,0.978333060573071,4.98777870000049
6,1,2,0,1,0,31,8.5,50,0,0,0,0,4,4,0.587522938628055,1.09351849999803
6,1,2,0,1,0,20,15.75,35,0,0,0,0,4,4,0.365794123666223,1.37068989999534
6,1,2,0,1,0,61,15,75,0,0,0,0,4,4,2.1016000246354,2.73150629999873
6,1,2,0,1,0,52,18.5,10,0,0,0,0,4,4,0.114693854618412,1.17708019999554
6,1,2,0,1,0,38,15.5,40,0,0,0,0,4,4,0.7075849054565,3.62799690000247
6,1,2,0,1,0,65,1.75,80,0,0,0,0,4,4,0.977158168994102,1.24257339999895
6,1,2,0,1,0,42,20,30,0,0,0,0,4,4,0.333231881717243,0.731147500002407
6,1,2,0,1,0,13,19.5,5,0,0,0,0,4,4,0.203881682614501,1.98220850000507
6,1,2,0,1,0,40,18,15,0,0,0,0,4,4,0.186764844760326,3.09998060000362
6,1,2,0,1,0,79,10,10,0,0,0,0,4,4,0.420891928150464,0.792435399998794
6,1,2,0,1,0,63,5.5,70,0,0,0,0,4,4,0.760308156958995,0.958931299988762
6,1,2,0,1,0,2,7.5,75,0,0,0,0,4,4,1.04176341126402,3.99848270000075
6,1,2,0,1,0,83,17,80,0,0,0,0,4,4,1.9393591565473,1.00806219999504
6,1,2,0,1,0,43,3,30,0,0,0,0,1,4,0.04380342150262,1.09106330000213
6,1,2,0,1,0,46,2,55,0,0,0,0,1,4,0.219437112320222,1.52967740000167
6,1,2,0,1,0,69,1.5,95,0,0,0,0,1,4,0.996199999994484,3.31766060000518
6,1,2,0,1,0,33,11,65,0,0,0,0,1,4,1.64383123218724,1.03601609999896
6,1,2,0,1,0,7,16.75,65,0,0,0,0,1,4,1.38890982678285,0.90820089999761
6,1,2,0,1,0,48,7,45,0,0,0,0,1,4,0.842907935707171,0.770500600003288
6,1,2,0,1,0,27,5.25,50,0,0,0,0,1,4,0.435360984896377,1.1314701000083
6,1,2,0,1,0,80,8,45,0,0,0,0,1,4,0.218934213377931,0.971390799997607
6,1,2,0,1,0,26,4,45,0,0,0,0,1,4,0.277887182402512,1.07142949999252
6,1,2,0,1,0,82,9.5,20,0,0,0,0,1,4,0.298197239940997,0.985016799997538
6,1,2,0,1,0,73,5,70,0,0,0,0,1,4,1.20418410203578,2.60176130000036
6,1,2,0,1,0,9,2,30,0,0,0,0,1,4,0.466658534270056,0.862392299997737
6,1,2,0,1,0,17,3.25,85,0,0,0,0,1,4,0.866687542686854,1.10170769999968
6,1,2,0,1,0,56,12,90,0,0,0,0,1,4,1.94800905312299,1.13807559999987
6,1,2,0,1,0,36,14,15,0,0,0,0,6,4,0.294521075935759,1.13282649999019
6,1,2,0,1,0,39,17,35,0,0,0,0,6,4,0.660762561552612,1.19362340000225
6,1,2,0,1,0,6,19,20,0,0,0,0,6,4,0.394637039424488,0.983433700006572
6,1,2,0,1,0,24,19,70,0,0,0,0,6,4,2.2142867414241,1.40459510000073
6,1,2,0,1,0,81,14,55,0,0,0,0,6,4,1.35715461349693,1.17777740000747
6,1,2,0,1,0,66,10,90,0,0,0,0,6,4,2.94522230686344,1.13313999999082
6,1,2,0,1,0,15,17.25,25,0,0,0,0,6,4,0.565362244170842,1.50463549999404
6,1,2,0,1,0,59,2,80,0,0,0,0,6,4,0.417093891519926,3.21418070000072
6,1,2,0,1,0,71,6,25,0,0,0,0,6,4,0.429495685539084,5.73496529999829
6,1,2,0,1,0,50,2.5,90,0,0,0,0,6,4,0.542675533769426,0.889505299986922
6,1,2,0,1,0,67,8.5,50,0,0,0,0,6,4,0.495443947238414,1.05709370000113
6,1,2,0,1,0,8,16,15,0,0,0,0,6,4,0.100813707967045,1.10818379999546
6,1,2,0,1,0,4,8.5,20,0,0,0,0,6,4,0.1755747192,0.977699999988545
6,1,2,0,1,0,68,2.5,65,0,0,0,0,6,4,0.699838032121981,0.805693999995128
6,1,2,0,1,0,41,19,65,0,0,0,0,5,4,1.46121652010497,1.58169030000863
6,1,2,0,1,0,19,17.5,25,0,0,0,0,5,4,0.320224732088228,1.31094149999262
6,1,2,0,1,0,23,7.75,60,0,0,0,0,5,4,0.818672341291354,1.11447349999798
6,1,2,0,1,0,55,16.5,25,0,0,0,0,5,4,0.218934213377931,0.783674899998005
6,1,2,0,1,0,75,6,85,0,0,0,0,5,4,1.4493410419088,1.17498740000883
6,1,2,0,1,0,74,7,40,0,0,0,0,5,4,0.322434496542623,3.18160229999921
6,1,2,0,1,0,3,15,85,0,0,0,0,5,4,2.37868189318976,2.4339115999901
6,1,2,0,1,0,12,12,35,0,0,0,0,5,4,0.519713095431303,1.83816430000297
6,1,2,0,1,0,35,13,70,0,0,0,0,5,4,1.23980254547683,1.17305199999828
6,1,2,0,1,0,84,11,50,0,0,0,0,5,4,0.515051491878072,4.10791180000524
6,1,2,0,1,0,53,14,90,0,0,0,0,5,4,2.11777432188217,1.58057630000985
6,1,2,0,1,0,64,19.5,65,0,0,0,0,5,4,1.22538287456468,0.694282099997508
6,1,2,0,1,0,5,20,85,0,0,0,0,5,4,2.74187368559301,1.79887110000709
6,1,2,0,1,0,34,12,15,0,0,0,0,5,4,0.514655805526182,1.07817680000153
6,1,2,0,1,0,21,6,95,0,0,0,0,3,4,2.88213373352373,1.63932329999807
6,1,2,0,1,0,11,18.25,70,0,0,0,0,3,4,1.50635476994841,2.00949430000037
6,1,2,0,1,0,60,15,35,0,0,0,0,3,4,0.699646524331598,0.791982399998233
6,1,2,0,1,0,51,1,40,0,0,0,0,3,4,0.160213707964587,1.05907299999672
6,1,2,0,1,0,77,12,75,0,0,0,0,3,4,1.06789854220906,5.82061909999175
6,1,2,0,1,0,28,6,25,0,0,0,0,3,4,0.383213572187703,0.751990200005821
6,1,2,0,1,0,25,9,60,0,0,0,0,3,4,0.647086227668431,1.12622879999981
6,1,2,0,1,0,76,4,35,0,0,0,0,3,4,0.189327620336417,0.838733700002194
6,1,2,0,1,0,62,10,95,0,0,0,0,3,4,2.15922579625886,0.986761499996646
6,1,2,0,1,0,58,14,45,0,0,0,0,3,4,0.371535232753775,0.685302400001092
6,1,2,0,1,0,47,16,100,0,0,0,0,3,4,13.9517500216859,1.22245329999714
6,1,2,0,1,0,1,5,50,0,0,0,0,3,4,0.483299191564715,1.41843540000264
6,1,2,0,1,0,54,9.25,40,0,0,0,0,3,4,0.349439718299777,6.39708880000398
6,1,2,0,1,0,72,6.5,90,0,0,0,0,3,4,1.23095460202423,1.06835830000637
6,2,1,1,0,1,31,5,100,14,8.5,100,22,1,5,1,3.47852390003391
6,2,1,1,0,1,35,13,100,30,12,100,25,1,5,1,1.78475790005177
6,2,1,1,0,1,24,19,100,150,10,100,80,1,5,1,1.66478250001092
6,2,1,1,0,1,12,9.25,100,4,12,100,1,1,5,1,1.63847320002969
6,2,1,1,0,1,30,8,100,90,6.5,100,60,1,5,1,1.25160269998014
6,2,1,1,0,1,20,15.75,100,30,10,100,135,1,5,1,1.28660700004548
6,2,1,1,0,1,2,5,100,65,7.5,100,25,1,5,0,1.28839120001066
6,2,1,1,0,1,37,14.5,100,175,10,100,140,2,5,1,2.63894789997721
6,2,1,1,0,1,11,14,100,60,18.25,100,55,2,5,1,1.20053959998768
6,2,1,1,0,1,40,18,100,110,9.5,100,25,2,5,1,1.19456000003265
6,2,1,1,0,1,8,2.5,100,10,16,100,20,2,5,1,1.20861400000285
6,2,1,1,0,1,21,6,100,55,5.5,100,40,2,5,1,1.74505510000745
6,2,1,1,0,1,17,2,100,110,3.25,100,205,2,5,1,1.56843849999132
6,2,1,1,0,1,41,19,100,245,17,100,200,2,5,1,1.15329960000236
6,2,1,1,0,1,42,20,100,170,11,100,110,3,5,1,2.75990130001446
6,2,1,1,0,1,33,11,100,190,6,100,45,3,5,1,1.60146559996065
6,2,1,1,0,1,6,19,100,175,7,100,70,3,5,1,1.01720749994274
6,2,1,1,0,1,9,2,100,19,1,100,3,3,5,1,1.23404080001637
6,2,1,1,0,1,22,20,100,165,19.5,100,45,3,5,1,1.07178960001329
6,2,1,1,0,1,15,10,100,95,17.25,100,55,3,5,1,2.82512019999558
6,2,1,1,0,1,1,5,100,0,3,100,0,3,5,1,1.32755990000442
6,2,1,1,0,1,4,2,100,70,8.5,100,90,4,5,1,1.4870403999812
6,2,1,1,0,1,28,6,100,7,3.5,100,3,4,5,1,2.10508370003663
6,2,1,1,0,1,23,1.75,100,10,7.75,100,120,4,5,1,2.21720299997833
6,2,1,1,0,1,19,17.5,100,40,15,100,225,4,5,1,1.45792699995218
6,2,1,1,0,1,13,19.5,100,7,16.5,100,155,4,5,1,1.21080370002892
6,2,1,1,0,1,36,14,100,40,8.25,100,5,4,5,1,1.23453929997049
6,2,1,1,0,1,10,19.5,100,125,18.5,100,85,4,5,1,1.2885893000057
6,2,1,1,0,1,18,18.75,100,250,15,100,31,5,5,1,2.3515994999907
6,2,1,1,0,1,38,15.5,100,215,8,100,125,5,5,1,1.06547440000577
6,2,1,1,0,1,5,20,100,15,16,100,5,5,5,1,1.0416741000372
6,2,1,1,0,1,39,14,100,5,17,100,15,5,5,1,1.33018769999035
6,2,1,1,0,1,26,4,100,50,2.5,100,25,5,5,1,1.64806110004429
6,2,1,1,0,1,32,9.5,100,170,7,100,120,5,5,1,1.53327470005024
6,2,1,1,0,1,27,1.5,100,20,5.25,100,120,5,5,1,1.04958559997613
6,2,1,1,0,1,3,13.5,100,65,15,100,14,6,5,1,2.46472009998979
6,2,1,1,0,1,7,16,100,20,16.75,100,75,6,5,1,1.40059060003841
6,2,1,1,0,1,34,12,100,85,4,100,70,6,5,1,0.976560899987817
6,2,1,1,0,1,16,16,100,95,14,100,20,6,5,1,1.23155579995364
6,2,1,1,0,1,25,9,100,160,8.5,100,105,6,5,1,1.60155120003037
6,2,1,1,0,1,14,16.75,100,145,12,100,210,6,5,1,1.00852279999526
6,2,1,1,0,1,29,7,100,55,6,100,45,6,5,1,1.86383990000468
6,2,2,0,0,1,35,13,100,30,0,0,0,5,6,8.02836981943812,14.7566200000001
6,2,2,0,0,1,5,20,100,15,0,0,0,5,6,9.95698580509434,5.9238205999718
6,2,2,0,0,1,2,7.5,100,25,0,0,0,5,6,1.97387258896639,5.07146930001909
6,2,2,0,0,1,6,19,100,175,0,0,0,5,6,9.05141821625748,5.22890439996263
6,2,2,0,0,1,1,5,100,0,0,0,0,5,6,0.972895512886033,1.56923700001789
6,2,2,0,0,1,83,17,100,200,0,0,0,5,6,9.94186282420176,0.989048899966292
6,2,2,0,0,1,27,5.25,100,120,0,0,0,5,6,2.53085299893165,2.73502989998087
6,2,2,0,0,1,20,15.75,100,30,0,0,0,5,6,8.03270868243894,1.20398570003454
6,2,2,0,0,1,59,2,100,110,0,0,0,5,6,0.423786092698926,1.14418850000948
6,2,2,0,0,1,15,17.25,100,55,0,0,0,5,6,7.08047988737362,2.69936059997417
6,2,2,0,0,1,4,8.5,100,90,0,0,0,5,6,3.64412508969514,1.51991970004747
6,2,2,0,0,1,52,18.5,100,85,0,0,0,5,6,9.01504184573213,2.92424580000807
6,2,2,0,0,1,72,6.5,100,60,0,0,0,5,6,2.88604377360348,1.62237609998556
6,2,2,0,0,1,61,15,100,225,0,0,0,5,6,7.18575119460675,1.49500850000186
6,2,2,0,0,1,45,13.5,100,65,0,0,0,2,6,6.18495283527242,1.59801789995981
6,2,2,0,0,1,51,1,100,3,0,0,0,2,6,0.582424438553282,1.18886100000236
6,2,2,0,0,1,30,8,100,90,0,0,0,2,6,4.03287949041479,1.61875159997726
6,2,2,0,0,1,29,7,100,55,0,0,0,2,6,3.43796602648841,1.26031889999285
6,2,2,0,0,1,81,14,100,5,0,0,0,2,6,6.92290155847348,2.26416979997884
6,2,2,0,0,1,14,16.75,100,145,0,0,0,2,6,8.47130436277506,1.54123479995178
6,2,2,0,0,1,82,9.5,100,25,0,0,0,2,6,4.92824235622506,1.88320889999159
6,2,2,0,0,1,33,11,100,190,0,0,0,2,6,5.52672339709902,1.09073490003357
6,2,2,0,0,1,34,12,100,85,0,0,0,2,6,6.07121176417211,1.15869660000317
6,2,2,0,0,1,55,16.5,100,155,0,0,0,2,6,8.12097054571762,1.43453389999922
6,2,2,0,0,1,25,9,100,160,0,0,0,2,6,4.45448581433213,1.12240539997583
6,2,2,0,0,1,46,2,100,70,0,0,0,2,6,0.937910115731924,0.762550799991004
6,2,2,0,0,1,17,3.25,100,205,0,0,0,2,6,1.3428388864111,0.810654000029899
6,2,2,0,0,1,69,1.5,100,20,0,0,0,2,6,0.818797002482761,0.764201300044078
6,2,2,0,0,1,39,17,100,15,0,0,0,4,6,8.26362402898655,2.24694989999989
6,2,2,0,0,1,16,16,100,95,0,0,0,4,6,7.94247265171932,0.674746199976653
6,2,2,0,0,1,75,6,100,45,0,0,0,4,6,2.84742459558695,1.59035370004131
6,2,2,0,0,1,77,12,100,25,0,0,0,4,6,5.98956333121611,1.34131109999726
6,2,2,0,0,1,22,20,100,165,0,0,0,4,6,9.95746479070202,1.6222562000039
6,2,2,0,0,1,54,9.25,100,4,0,0,0,4,6,4.71082642194447,2.99961850000545
6,2,2,0,0,1,11,18.25,100,55,0,0,0,4,6,9.09665529398267,0.994372299988754
6,2,2,0,0,1,71,6,100,45,0,0,0,4,6,2.99733077512318,0.882479599968065
6,2,2,0,0,1,84,11,100,110,0,0,0,4,6,5.56236658334514,1.08618270000443
6,2,2,0,0,1,12,12,100,1,0,0,0,4,6,6.0988518808468,0.724090099975001
6,2,2,0,0,1,40,18,100,110,0,0,0,4,6,9.10074405239521,0.659639599965885
6,2,2,0,0,1,67,8.5,100,105,0,0,0,4,6,3.25885575064415,0.914355599961709
6,2,2,0,0,1,63,5.5,100,40,0,0,0,4,6,2.53638018151865,0.675501400022767
6,2,2,0,0,1,18,18.75,100,250,0,0,0,4,6,9.15055408092547,0.621197800035588
6,2,2,0,0,1,42,20,100,170,0,0,0,1,6,9.97106293690963,1.48945579997962
6,2,2,0,0,1,64,19.5,100,45,0,0,0,1,6,9.41890094142125,1.84703059995081
6,2,2,0,0,1,24,19,100,150,0,0,0,1,6,9.03264443485682,0.781266600009985
6,2,2,0,0,1,48,7,100,70,0,0,0,1,6,3.53296463113706,1.29168540000683
6,2,2,0,0,1,3,15,100,14,0,0,0,1,6,6.98369841837962,1.11863179999636
6,2,2,0,0,1,76,4,100,70,0,0,0,1,6,2.00185987571388,0.651501400046982
6,2,2,0,0,1,10,19.5,100,125,0,0,0,1,6,9.56264820970111,0.731139600044116
6,2,2,0,0,1,73,5,100,14,0,0,0,1,6,2.49771493301146,0.634098600014113
6,2,2,0,0,1,23,7.75,100,120,0,0,0,1,6,3.67796498065278,0.464901999977883
6,2,2,0,0,1,28,6,100,7,0,0,0,1,6,3.0106169437502,0.392109300009906
6,2,2,0,0,1,49,16,100,20,0,0,0,1,6,8.04326599976924,0.508833499974571
6,2,2,0,0,1,47,16,100,5,0,0,0,1,6,8.02505466730399,0.409207099990454
6,2,2,0,0,1,44,5,100,65,0,0,0,1,6,2.56611600409965,1.09645539999474
6,2,2,0,0,1,65,1.75,100,10,0,0,0,1,6,0.599635384684145,2.54862489999505
6,2,2,0,0,1,31,8.5,100,22,0,0,0,3,6,3.05011086343691,0.461279199982528
6,2,2,0,0,1,74,7,100,120,0,0,0,3,6,3.59006531816845,0.944783900049515
6,2,2,0,0,1,62,10,100,135,0,0,0,3,6,5.04120458786978,0.895524799998384
6,2,2,0,0,1,13,19.5,100,7,0,0,0,3,6,9.62167906549699,0.748088699998334
6,2,2,0,0,1,68,2.5,100,25,0,0,0,3,6,0.585093367975457,0.571641199989244
6,2,2,0,0,1,19,17.5,100,40,0,0,0,3,6,8.31505990002906,0.587799799977802
6,2,2,0,0,1,21,6,100,55,0,0,0,3,6,3.15511788016817,0.443061399972066
6,2,2,0,0,1,57,10,100,95,0,0,0,3,6,4.96982867270172,0.504075400007423
6,2,2,0,0,1,80,8,100,125,0,0,0,3,6,4.06442907363776,0.396323400025722
6,2,2,0,0,1,56,12,100,210,0,0,0,3,6,5.96947717245664,0.421312400023453
6,2,2,0,0,1,8,16,100,20,0,0,0,3,6,7.92901694073458,0.505701199988835
6,2,2,0,0,1,50,2.5,100,10,0,0,0,3,6,0.746390457746514,0.518912500003353
6,2,2,0,0,1,53,14,100,60,0,0,0,3,6,7.10050842695685,0.583904700004496
6,2,2,0,0,1,7,16.75,100,75,0,0,0,3,6,8.42288935931098,0.643903799995314
6,2,2,0,0,1,26,4,100,50,0,0,0,6,6,1.38113783096047,0.687951600004453
6,2,2,0,0,1,43,3,100,0,0,0,0,6,6,1.61963929500635,1.17420179996407
6,2,2,0,0,1,38,15.5,100,215,0,0,0,6,6,2.99756587730808,0.116778000025079
6,2,2,0,0,1,36,14,100,40,0,0,0,6,6,7.00927170922763,0.686723200022243
6,2,2,0,0,1,78,8.25,100,5,0,0,0,6,6,4.50652875672969,0.632352599990554
6,2,2,0,0,1,60,15,100,31,0,0,0,6,6,6.9518774859085,0.851717599958647
6,2,2,0,0,1,9,2,100,19,0,0,0,6,6,1.07514123330803,0.497026400000323
6,2,2,0,0,1,70,3.5,100,3,0,0,0,6,6,1.46213065954905,0.553171299980022
6,2,2,0,0,1,41,19,100,245,0,0,0,6,6,9.30352997310734,0.421326200012118
6,2,2,0,0,1,66,10,100,80,0,0,0,6,6,5.07107102508604,0.579913800000213
6,2,2,0,0,1,32,9.5,100,170,0,0,0,6,6,4.82576757053575,0.468303000030573
6,2,2,0,0,1,58,14,100,20,0,0,0,6,6,6.99576993315329,0.62390049995156
6,2,2,0,0,1,37,14.5,100,175,0,0,0,6,6,7.3936938454527,0.446973900019657
6,2,2,0,0,1,79,10,100,140,0,0,0,6,6,5.04107167353856,0.391070500016212
6,3,1,1,1,1,26,2.5,65,25,4,45,50,5,1,0,2.67811440001242
6,3,1,1,1,1,31,5,70,14,8.5,50,22,5,1,0,1.5529401000822
6,3,1,1,1,1,7,16.75,65,75,16,50,20,5,1,1,1.87110029999167
6,3,1,1,1,1,17,2,80,110,3.25,85,205,5,1,1,1.65644569997676
6,3,1,1,1,1,10,19.5,10,125,18.5,10,85,5,1,1,1.74700820003636
6,3,1,1,1,1,23,7.75,60,120,1.75,80,10,5,1,1,3.11404340004083
6,3,1,1,1,1,14,16.75,45,145,12,90,210,5,1,0,1.8645220999606
6,3,1,1,1,1,19,17.5,25,40,15,75,225,3,1,0,2.53657280001789
6,3,1,1,1,1,4,8.5,20,90,2,55,70,3,1,0,1.37670070002787
6,3,1,1,1,1,3,13.5,55,65,15,85,14,3,1,1,1.81138090009335
6,3,1,1,1,1,13,16.5,25,155,19.5,5,7,3,1,0,1.6865845998982
6,3,1,1,1,1,40,9.5,20,25,18,15,110,3,1,1,2.20994720002636
6,3,1,1,1,1,39,14,55,5,17,35,15,3,1,0,2.53014070005156
6,3,1,1,1,1,24,19,70,150,10,90,80,3,1,0,4.10472990002017
6,3,1,1,1,1,37,10,10,140,14.5,5,175,2,1,0,2.578135900083
6,3,1,1,1,1,33,11,65,190,6,85,45,2,1,0,2.0644199999515
6,3,1,1,1,1,16,14,45,20,16,65,95,2,1,1,1.94789579999633
6,3,1,1,1,1,15,10,50,95,17.25,25,55,2,1,0,1.36906509997789
6,3,1,1,1,1,29,6,25,45,7,20,55,2,1,1,2.40963839995675
6,3,1,1,1,1,42,11,50,110,20,30,170,2,1,0,2.60796759999357
6,3,1,1,1,1,11,14,90,60,18.25,70,55,2,1,0,3.18588919995818
6,3,1,1,1,1,21,5.5,70,40,6,95,55,6,1,1,4.1148938999977
6,3,1,1,1,1,5,20,85,15,16,100,5,6,1,0,0.961396200000308
6,3,1,1,1,1,1,3,30,0,5,50,0,6,1,1,1.67257709999103
6,3,1,1,1,1,22,20,90,165,19.5,65,45,6,1,1,1.17318870010786
6,3,1,1,1,1,6,7,45,70,19,20,175,6,1,0,1.6274133999832
6,3,1,1,1,1,32,7,40,120,9.5,30,170,6,1,1,2.45063390000723
6,3,1,1,1,1,27,1.5,95,20,5.25,50,120,6,1,0,2.06521110003814
6,3,1,1,1,1,38,15.5,40,215,8,45,125,1,1,1,3.71339529997203
6,3,1,1,1,1,8,16,15,20,2.5,90,10,1,1,0,3.15054470009636
6,3,1,1,1,1,12,9.25,40,4,12,35,1,1,1,1,2.51374409999698
6,3,1,1,1,1,35,13,70,30,12,75,25,1,1,1,1.99276300007477
6,3,1,1,1,1,25,9,60,160,8.5,50,105,1,1,1,1.90581159992144
6,3,1,1,1,1,36,8.25,20,5,14,15,40,1,1,1,3.2980596999405
6,3,1,1,1,1,28,6,25,7,3.5,40,3,1,1,0,2.72127229999751
6,3,1,1,1,1,34,12,15,85,4,35,70,4,1,0,3.61657780001406
6,3,1,1,1,1,41,19,65,245,17,80,200,4,1,0,3.86404699995182
6,3,1,1,1,1,18,18.75,80,250,15,35,31,4,1,1,1.49050700000953
6,3,1,1,1,1,20,15.75,35,30,10,95,135,4,1,0,2.10506889992394
6,3,1,1,1,1,9,1,40,3,2,30,19,4,1,0,7.05687390000094
6,3,1,1,1,1,30,8,75,90,6.5,90,60,4,1,0,2.17065410001669
6,3,1,1,1,1,2,5,40,65,7.5,75,25,4,1,1,1.37071489996742
6,3,2,0,1,1,68,2.5,65,25,0,0,0,2,2,1.0585870423836,8.83712600008585
6,3,2,0,1,1,21,6,95,55,0,0,0,2,2,5.54905625263937,1.20007110002916
6,3,2,0,1,1,34,12,15,85,0,0,0,2,2,0.495443947238414,1.09424480004236
6,3,2,0,1,1,47,16,100,5,0,0,0,2,2,15.0103853051818,0.979667300009169
6,3,2,0,1,1,44,5,40,65,0,0,0,2,2,1.97216987178844,2.56464979995508
6,3,2,0,1,1,4,8.5,20,90,0,0,0,2,2,0.657216262936778,1.46430730004795
6,3,2,0,1,1,7,16.75,65,75,0,0,0,2,2,6.03778068586726,1.85543300001882
6,3,2,0,1,1,8,16,15,20,0,0,0,2,2,2.04832764699134,0.855209700064734
6,3,2,0,1,1,13,19.5,5,7,0,0,0,2,2,1.08743104679034,1.05471010005567
6,3,2,0,1,1,71,6,25,45,0,0,0,2,2,1.55248144181025,3.9548198999837
6,3,2,0,1,1,67,8.5,50,105,0,0,0,2,2,3.61439314203679,1.2079452999169
6,3,2,0,1,1,36,14,15,40,0,0,0,2,2,1.11115510876845,0.856596199912019
6,3,2,0,1,1,31,8.5,50,22,0,0,0,2,2,3.93548437393331,1.15090660005808
6,3,2,0,1,1,78,8.25,20,5,0,0,0,2,2,1.11115510876845,0.854204299976118
6,3,2,0,1,1,72,6.5,90,60,0,0,0,6,2,5.06043677031016,5.82839829998557
6,3,2,0,1,1,29,7,20,55,0,0,0,6,2,0.614629358560851,1.35961739998311
6,3,2,0,1,1,35,13,70,30,0,0,0,6,2,9.91474352054559,1.1084220999619
6,3,2,0,1,1,65,1.75,80,10,0,0,0,6,2,1.37633186248567,1.07559499994386
6,3,2,0,1,1,32,9.5,30,170,0,0,0,6,2,1.37495541566745,1.93807569995988
6,3,2,0,1,1,48,7,45,70,0,0,0,6,2,2.84334911324426,3.5673580999719
6,3,2,0,1,1,19,17.5,25,40,0,0,0,6,2,2.07557226407481,1.15468010003679
6,3,2,0,1,1,17,3.25,85,205,0,0,0,6,2,2.95808342609183,1.20487570005935
6,3,2,0,1,1,18,18.75,80,250,0,0,0,6,2,17.1054505202133,2.46438999997918
6,3,2,0,1,1,51,1,40,3,0,0,0,6,2,0.450851452904075,1.01278700004332
6,3,2,0,1,1,28,6,25,7,0,0,0,6,2,1.35598989875801,1.17164240009151
6,3,2,0,1,1,76,4,35,70,0,0,0,6,2,0.530515909372564,3.20428039995022
6,3,2,0,1,1,52,18.5,10,85,0,0,0,6,2,1.00076832543155,3.19548679993022
6,3,2,0,1,1,69,1.5,95,20,0,0,0,6,2,1.27088845998525,1.32536380004603
6,3,2,0,1,1,9,2,30,19,0,0,0,3,2,0.424759666284192,1.86295440001413
6,3,2,0,1,1,77,12,75,25,0,0,0,3,2,8.91997600577102,1.60085140005685
6,3,2,0,1,1,80,8,45,125,0,0,0,3,2,0.647371336617308,1.18829690001439
6,3,2,0,1,1,26,4,45,50,0,0,0,3,2,1.82026216799725,3.31504439993296
6,3,2,0,1,1,15,17.25,25,55,0,0,0,3,2,5.08083626126119,3.63478389999364
6,3,2,0,1,1,81,14,55,5,0,0,0,3,2,7.06759962966555,4.85779789998196
6,3,2,0,1,1,2,7.5,75,25,0,0,0,3,2,5.20469018052972,1.31797780003399
6,3,2,0,1,1,82,9.5,20,25,0,0,0,3,2,1.49787664610365,0.93717180006206
6,3,2,0,1,1,1,5,50,0,0,0,0,3,2,2.99052963886356,0.954303400008939
6,3,2,0,1,1,41,19,65,245,0,0,0,3,2,8.15124381439708,1.97648650000338
6,3,2,0,1,1,70,3.5,40,3,0,0,0,3,2,1.09242522713596,1.48733189993072
6,3,2,0,1,1,27,5.25,50,120,0,0,0,3,2,2.99619049254112,1.89393529994413
6,3,2,0,1,1,58,14,45,20,0,0,0,3,2,6.1238816278999,4.01536249998026
6,3,2,0,1,1,42,20,30,170,0,0,0,3,2,3.11240076262799,1.9350593999261
6,3,2,0,1,1,23,7.75,60,120,0,0,0,4,2,3.54696505379541,5.40513510000892
6,3,2,0,1,1,14,16.75,45,145,0,0,0,4,2,6.62016315214666,3.1952626000857
6,3,2,0,1,1,11,18.25,70,55,0,0,0,4,2,14.9183865517495,2.67974239995237
6,3,2,0,1,1,74,7,40,120,0,0,0,4,2,2.26366038721568,2.34295670001302
6,3,2,0,1,1,62,10,95,135,0,0,0,4,2,9.47792438696673,1.03056520002428
6,3,2,0,1,1,53,14,90,60,0,0,0,4,2,12.5363801815187,0.975511100026779
6,3,2,0,1,1,20,15.75,35,30,0,0,0,4,2,0.61878431391062,3.71907430002466
6,3,2,0,1,1,38,15.5,40,215,0,0,0,4,2,4.98022926317662,1.45671140006743
6,3,2,0,1,1,50,2.5,90,10,0,0,0,4,2,2.23782438937283,1.21435949997976
6,3,2,0,1,1,10,19.5,10,125,0,0,0,4,2,1.6873152513557,1.09196390002035
6,3,2,0,1,1,54,9.25,40,4,0,0,0,4,2,4.16092862635879,1.49668280000333
6,3,2,0,1,1,37,14.5,5,175,0,0,0,4,2,0.379186594620762,1.17373310006224
6,3,2,0,1,1,57,10,50,95,0,0,0,4,2,4.9405045571595,0.924046300002374
6,3,2,0,1,1,30,8,75,90,0,0,0,4,2,5.07245765818289,1.22119800001383
6,3,2,0,1,1,22,20,90,165,0,0,0,1,2,16.6775954550594,1.46261509996839
6,3,2,0,1,1,6,19,20,175,0,0,0,1,2,2.08534000742704,1.71341810002923
6,3,2,0,1,1,75,6,85,45,0,0,0,1,2,3.06254778184119,1.50466660002712
6,3,2,0,1,1,64,19.5,65,45,0,0,0,1,2,8.16618206869389,2.03463400003966
6,3,2,0,1,1,16,16,65,95,0,0,0,1,2,8.34736103278567,2.39599859993905
6,3,2,0,1,1,63,5.5,70,40,0,0,0,1,2,2.74870398150682,1.38961479999125
6,3,2,0,1,1,66,10,90,80,0,0,0,1,2,8.10289266333934,1.15436740010045
6,3,2,0,1,1,33,11,65,190,0,0,0,1,2,6.0462829586971,1.10824650002178
6,3,2,0,1,1,25,9,60,160,0,0,0,1,2,4.84772766468893,5.74993589997757
6,3,2,0,1,1,73,5,70,14,0,0,0,1,2,2.50478455556199,1.32568680006079
6,3,2,0,1,1,39,17,35,15,0,0,0,1,2,2.64510483538419,1.19629400002304
6,3,2,0,1,1,24,19,70,150,0,0,0,1,2,3.25580083134874,0.859747300040908
6,3,2,0,1,1,45,13.5,55,65,0,0,0,1,2,4.93859163722798,2.52284019999206
6,3,2,0,1,1,79,10,10,140,0,0,0,1,2,0.375747480475152,1.35352490004152
6,3,2,0,1,1,55,16.5,25,155,0,0,0,5,2,2.29587908045705,3.44845169992186
6,3,2,0,1,1,46,2,55,70,0,0,0,5,2,1.16008359908997,1.51245719997678
6,3,2,0,1,1,43,3,30,0,0,0,0,5,2,0.559014116305743,1.30003010004293
6,3,2,0,1,1,59,2,80,110,0,0,0,5,2,1.2424171344663,2.24498730001505
6,3,2,0,1,1,3,15,85,14,0,0,0,5,2,12.4091435125828,2.94085499993525
6,3,2,0,1,1,12,12,35,1,0,0,0,5,2,1.32983062795376,1.37249810004141
6,3,2,0,1,1,56,12,90,210,0,0,0,5,2,9.91319359315459,0.948904199991375
6,3,2,0,1,1,61,15,75,225,0,0,0,5,2,10.1436820934802,1.40549109992571
6,3,2,0,1,1,40,18,15,110,0,0,0,5,2,0.542314733037369,2.96530299994629
6,3,2,0,1,1,84,11,50,110,0,0,0,5,2,5.06140836277202,1.24276300007477
6,3,2,0,1,1,60,15,35,31,0,0,0,5,2,3.99881005035359,1.44799899996724
6,3,2,0,1,1,49,16,50,20,0,0,0,5,2,7.99780341313587,1.25225579994731
6,3,2,0,1,1,5,20,85,15,0,0,0,5,2,14.0526500198099,1.9474087000126
6,3,2,0,1,1,83,17,80,200,0,0,0,5,2,14.8567335662155,1.11642119998578
7,1,1,0,1,1,81,14,55,5,0,0,0,1,2,6.02453600451532,7.99007179999899
7,1,1,0,1,1,34,12,15,85,0,0,0,1,2,2.04369094153031,5.25006189999112
7,1,1,0,1,1,67,8.5,50,105,0,0,0,1,2,2.07576798448314,2.00952379999217
7,1,1,0,1,1,82,9.5,20,25,0,0,0,1,2,2.05291755082738,2.21011239998916
7,1,1,0,1,1,55,16.5,25,155,0,0,0,1,2,2.85666153120125,1.49512010000763
7,1,1,0,1,1,72,6.5,90,60,0,0,0,1,2,3.06311859973922,2.68769829999655
7,1,1,0,1,1,49,16,50,20,0,0,0,1,2,3.08157672277616,2.15796399999817
7,1,1,0,1,1,68,2.5,65,25,0,0,0,1,2,0.950745108046092,1.45842029999767
7,1,1,0,1,1,1,5,50,0,0,0,0,1,2,1.02969910463968,2.55846610000299
7,1,1,0,1,1,52,18.5,10,85,0,0,0,1,2,2.04832764699134,1.88311719999183
7,1,1,0,1,1,46,2,55,70,0,0,0,1,2,0.462182477079178,1.76734299999953
7,1,1,0,1,1,26,4,45,50,0,0,0,1,2,1.08495087554315,1.05726889999642
7,1,1,0,1,1,6,19,20,175,0,0,0,1,2,1.98475859857013,1.10822390000976
7,1,1,0,1,1,70,3.5,40,3,0,0,0,1,2,2.39651063723613,1.20609950000653
7,1,1,0,1,1,41,19,65,245,0,0,0,3,2,4.02031156416027,4.63598419999471
7,1,1,0,1,1,43,3,30,0,0,0,0,3,2,0.377459213259971,2.83832249999978
7,1,1,0,1,1,29,7,20,55,0,0,0,3,2,1.03971371384673,1.70058560000325
7,1,1,0,1,1,80,8,45,125,0,0,0,3,2,1.1043593405686,1.40500489999249
7,1,1,0,1,1,40,18,15,110,0,0,0,3,2,1.10291616740574,5.16169739999168
7,1,1,0,1,1,20,15.75,35,30,0,0,0,3,2,1.37530450752088,0.915545299998485
7,1,1,0,1,1,47,16,100,5,0,0,0,3,2,3.99561302184943,2.69925219999277
7,1,1,0,1,1,3,15,85,14,0,0,0,3,2,3.98196143936426,2.40158980000706
7,1,1,0,1,1,10,19.5,10,125,0,0,0,3,2,2.04382219995607,0.632162400012021
7,1,1,0,1,1,2,7.5,75,25,0,0,0,3,2,3.04668317481608,0.812643199999002
7,1,1,0,1,1,38,15.5,40,215,0,0,0,3,2,1.96474035887555,0.831125800003065
7,1,1,0,1,1,84,11,50,110,0,0,0,3,2,3.88327867050918,0.867918699994334
7,1,1,0,1,1,30,8,75,90,0,0,0,3,2,2.05291755082738,1.3370913000108
7,1,1,0,1,1,13,19.5,5,7,0,0,0,3,2,2.10273826845014,0.40977899999416
7,1,1,0,1,1,50,2.5,90,10,0,0,0,4,2,4.59761281065363,1.15615209999669
7,1,1,0,1,1,63,5.5,70,40,0,0,0,4,2,1.94999930317016,2.63787690000026
7,1,1,0,1,1,37,14.5,5,175,0,0,0,4,2,0.355680780683205,1.44872879999457
7,1,1,0,1,1,5,20,85,15,0,0,0,4,2,5.97179580695058,2.70579950000683
7,1,1,0,1,1,27,5.25,50,120,0,0,0,4,2,1.05136913422507,1.68843890000426
7,1,1,0,1,1,78,8.25,20,5,0,0,0,4,2,2.27261357846147,1.36367029999383
7,1,1,0,1,1,39,17,35,15,0,0,0,4,2,2.03016450733324,0.859116199993878
7,1,1,0,1,1,48,7,45,70,0,0,0,4,2,2.99619049254112,1.10989870000049
7,1,1,0,1,1,9,2,30,19,0,0,0,4,2,0.243084851468424,1.62518509999791
7,1,1,0,1,1,64,19.5,65,45,0,0,0,4,2,3.08091749136879,1.3905792000005
7,1,1,0,1,1,42,20,30,170,0,0,0,4,2,1.78526397583416,0.833726199998637
7,1,1,0,1,1,76,4,35,70,0,0,0,4,2,0.29361614378497,0.896577000006801
7,1,1,0,1,1,79,10,10,140,0,0,0,4,2,1.18348769960629,1.10725889999594
7,1,1,0,1,1,18,18.75,80,250,0,0,0,4,2,5.87999332895176,2.18533079999906
7,1,1,0,1,1,31,8.5,50,22,0,0,0,2,2,2.95167235300866,1.92492869999842
7,1,1,0,1,1,54,9.25,40,4,0,0,0,2,2,1.16156486508705,5.11526770000637
7,1,1,0,1,1,22,20,90,165,0,0,0,2,2,6.11439873532039,0.861172699995223
7,1,1,0,1,1,14,16.75,45,145,0,0,0,2,2,1.18348769960629,0.972689400005038
7,1,1,0,1,1,24,19,70,150,0,0,0,2,2,3.94863086577493,1.34693430000334
7,1,1,0,1,1,60,15,35,31,0,0,0,2,2,1.03741329748605,0.960765399999218
7,1,1,0,1,1,58,14,45,20,0,0,0,2,2,2.01718646696006,0.503291800006991
7,1,1,0,1,1,12,12,35,1,0,0,0,2,2,2.81759974863695,0.871877800003858
7,1,1,0,1,1,36,14,15,40,0,0,0,2,2,0.917266390812525,0.795831900002668
7,1,1,0,1,1,45,13.5,55,65,0,0,0,2,2,1.03028908635559,0.981137099995976
7,1,1,0,1,1,21,6,95,55,0,0,0,2,2,2.22409366585444,1.28791150001052
7,1,1,0,1,1,57,10,50,95,0,0,0,2,2,2.59656812927578,0.913512099999934
7,1,1,0,1,1,56,12,90,210,0,0,0,2,2,4.05010257550903,1.2592439
7,1,1,0,1,1,59,2,80,110,0,0,0,2,2,0.656237901530055,1.58176159999857
7,1,1,0,1,1,17,3.25,85,205,0,0,0,5,2,0.549690240187253,1.76389950000157
7,1,1,0,1,1,35,13,70,30,0,0,0,5,2,0.9817828615978,1.89509069999622
7,1,1,0,1,1,15,17.25,25,55,0,0,0,5,2,1.75634267652088,1.42558239999926
7,1,1,0,1,1,7,16.75,65,75,0,0,0,5,2,1.00438697815057,1.17005299999437
7,1,1,0,1,1,16,16,65,95,0,0,0,5,2,1.16676296493404,0.951675000003888
7,1,1,0,1,1,66,10,90,80,0,0,0,5,2,3.00265182563859,1.11606810000376
7,1,1,0,1,1,61,15,75,225,0,0,0,5,2,3.87144827562641,0.958107800004655
7,1,1,0,1,1,65,1.75,80,10,0,0,0,5,2,1.8711744012371,0.809534300002269
7,1,1,0,1,1,71,6,25,45,0,0,0,5,2,0.453957419997209,0.910707400005776
7,1,1,0,1,1,69,1.5,95,20,0,0,0,5,2,0.5744950866256,1.35656790000212
7,1,1,0,1,1,25,9,60,160,0,0,0,5,2,1.6599656596505,1.93420879999758
7,1,1,0,1,1,53,14,90,60,0,0,0,5,2,3.85322729305581,2.5840532000002
7,1,1,0,1,1,28,6,25,7,0,0,0,5,2,0.75570164710906,1.09271450000233
7,1,1,0,1,1,23,7.75,60,120,0,0,0,5,2,2.24994416413019,0.800254399990081
7,1,1,0,1,1,77,12,75,25,0,0,0,6,2,2.8796299809408,1.22210910001013
7,1,1,0,1,1,4,8.5,20,90,0,0,0,6,2,0.847701144554417,2.30197499999485
7,1,1,0,1,1,51,1,40,3,0,0,0,6,2,0.337840808210185,2.45140350000293
7,1,1,0,1,1,32,9.5,30,170,0,0,0,6,2,1.50449519744111,1.57806369999889
7,1,1,0,1,1,11,18.25,70,55,0,0,0,6,2,2.09918217525538,0.748279599996749
7,1,1,0,1,1,83,17,80,200,0,0,0,6,2,4.01802830470264,1.96960669998953
7,1,1,0,1,1,75,6,85,45,0,0,0,6,2,0.724824984051686,1.41673050000099
7,1,1,0,1,1,33,11,65,190,0,0,0,6,2,1.69248390937615,3.4786904000066
7,1,1,0,1,1,73,5,70,14,0,0,0,6,2,2.02599020278749,3.61983479998889
7,1,1,0,1,1,74,7,40,120,0,0,0,6,2,1.88260202768125,0.713354599996819
7,1,1,0,1,1,19,17.5,25,40,0,0,0,6,2,1.1619908270219,1.5199183000077
7,1,1,0,1,1,62,10,95,135,0,0,0,6,2,2.51001806983408,0.517824999988079
7,1,1,0,1,1,44,5,40,65,0,0,0,6,2,0.69818435274459,0.868266599994968
7,1,1,0,1,1,8,16,15,20,0,0,0,6,2,1.144982940974,1.27204860000347
7,1,2,1,1,1,5,16,100,5,20,85,15,2,1,1,1.98240850000002
7,1,2,1,1,1,23,1.75,80,10,7.75,60,120,2,1,1,2.71196780000173
7,1,2,1,1,1,40,18,15,110,9.5,20,25,2,1,1,2.52275869999721
7,1,2,1,1,1,38,8,45,125,15.5,40,215,2,1,1,2.28150899999309
7,1,2,1,1,1,15,17.25,25,55,10,50,95,2,1,0,3.66747759999998
7,1,2,1,1,1,41,17,80,200,19,65,245,2,1,0,4.286983900005
7,1,2,1,1,1,42,20,30,170,11,50,110,2,1,1,2.19481349999842
7,1,2,1,1,1,29,7,20,55,6,25,45,4,1,0,4.801835700011
7,1,2,1,1,1,35,12,75,25,13,70,30,4,1,1,2.0326475000038
7,1,2,1,1,1,9,1,40,3,2,30,19,4,1,1,2.06454599999415
7,1,2,1,1,1,32,7,40,120,9.5,30,170,4,1,0,7.46014189999551
7,1,2,1,1,1,12,9.25,40,4,12,35,1,4,1,1,2.68932049999421
7,1,2,1,1,1,22,19.5,65,45,20,90,165,4,1,1,1.46573520000675
7,1,2,1,1,1,17,2,80,110,3.25,85,205,4,1,1,1.92266459998791
7,1,2,1,1,1,11,18.25,70,55,14,90,60,1,1,0,5.08588610000152
7,1,2,1,1,1,19,15,75,225,17.5,25,40,1,1,0,3.04242539999541
7,1,2,1,1,1,16,14,45,20,16,65,95,1,1,0,2.92935269999725
7,1,2,1,1,1,2,5,40,65,7.5,75,25,1,1,1,3.41930470000079
7,1,2,1,1,1,10,18.5,10,85,19.5,10,125,1,1,1,2.77035329998762
7,1,2,1,1,1,28,6,25,7,3.5,40,3,1,1,0,4.58344529999886
7,1,2,1,1,1,27,1.5,95,20,5.25,50,120,1,1,1,5.26401579999947
7,1,2,1,1,1,7,16.75,65,75,16,50,20,5,1,1,2.80104580000625
7,1,2,1,1,1,20,15.75,35,30,10,95,135,5,1,0,3.32100969999738
7,1,2,1,1,1,30,8,75,90,6.5,90,60,5,1,0,3.85768879999523
7,1,2,1,1,1,6,7,45,70,19,20,175,5,1,1,2.12027730001137
7,1,2,1,1,1,24,10,90,80,19,70,150,5,1,1,2.92719329999818
7,1,2,1,1,1,14,12,90,210,16.75,45,145,5,1,0,3.1375543000031
7,1,2,1,1,1,39,14,55,5,17,35,15,5,1,0,1.89255889999913
7,1,2,1,1,1,36,14,15,40,8.25,20,5,3,1,1,4.07338439999148
7,1,2,1,1,1,33,6,85,45,11,65,190,3,1,0,5.71484460000647
7,1,2,1,1,1,4,8.5,20,90,2,55,70,3,1,0,2.72073659999296
7,1,2,1,1,1,34,12,15,85,4,35,70,3,1,1,2.84385740000289
7,1,2,1,1,1,3,13.5,55,65,15,85,14,3,1,1,2.98488640000869
7,1,2,1,1,1,18,18.75,80,250,15,35,31,3,1,1,1.76214730000356
7,1,2,1,1,1,8,2.5,90,10,16,15,20,3,1,0,2.66489739999815
7,1,2,1,1,1,13,19.5,5,7,16.5,25,155,6,1,0,2.63375649999944
7,1,2,1,1,1,21,5.5,70,40,6,95,55,6,1,1,1.27213599999959
7,1,2,1,1,1,26,2.5,65,25,4,45,50,6,1,1,2.59445739998773
7,1,2,1,1,1,31,5,70,14,8.5,50,22,6,1,0,1.41042649999144
7,1,2,1,1,1,37,14.5,5,175,10,10,140,6,1,0,1.11786099999154
7,1,2,1,1,1,1,5,50,0,3,30,0,6,1,1,1.19970290000492
7,1,2,1,1,1,25,9,60,160,8.5,50,105,6,1,1,1.89889280000352
7,2,1,1,1,0,10,18.5,10,0,19.5,10,0,1,3,1,3.00736370000232
7,2,1,1,1,0,42,20,30,0,11,50,0,1,3,0,3.50315940000291
7,2,1,1,1,0,22,20,90,0,19.5,65,0,1,3,1,2.06359770000563
7,2,1,1,1,0,13,16.5,25,0,19.5,5,0,1,3,0,2.33204490000207
7,2,1,1,1,0,23,1.75,80,0,7.75,60,0,1,3,1,2.6354735000059
7,2,1,1,1,0,36,14,15,0,8.25,20,0,1,3,1,3.17129759999807
7,2,1,1,1,0,20,15.75,35,0,10,95,0,1,3,0,2.45723709999584
7,2,1,1,1,0,16,14,45,0,16,65,0,2,3,1,1.89591789999395
7,2,1,1,1,0,9,1,40,0,2,30,0,2,3,1,3.24870969999756
7,2,1,1,1,0,38,8,45,0,15.5,40,0,2,3,1,4.47272890000022
7,2,1,1,1,0,41,19,65,0,17,80,0,2,3,0,3.54397139999492
7,2,1,1,1,0,39,17,35,0,14,55,0,2,3,0,3.0323250000074
7,2,1,1,1,0,29,7,20,0,6,25,0,2,3,0,4.17786969999725
7,2,1,1,1,0,37,10,10,0,14.5,5,0,2,3,1,4.04925349999394
7,2,1,1,1,0,4,8.5,20,0,2,55,0,3,3,0,4.77640529999917
7,2,1,1,1,0,27,5.25,50,0,1.5,95,0,3,3,0,1.46510649999254
7,2,1,1,1,0,18,15,35,0,18.75,80,0,3,3,1,1.36897690000478
7,2,1,1,1,0,33,11,65,0,6,85,0,3,3,0,1.87377800000831
7,2,1,1,1,0,1,3,30,0,5,50,0,3,3,1,1.47295719999238
7,2,1,1,1,0,34,4,35,0,12,15,0,3,3,0,2.36428299998806
7,2,1,1,1,0,12,12,35,0,9.25,40,0,3,3,0,2.34498419999727
7,2,1,1,1,0,30,6.5,90,0,8,75,0,6,3,0,2.40000199999486
7,2,1,1,1,0,28,6,25,0,3.5,40,0,6,3,0,4.00917930000287
7,2,1,1,1,0,5,20,85,0,16,100,0,6,3,0,1.91445050000038
7,2,1,1,1,0,8,16,15,0,2.5,90,0,6,3,0,1.97980180000013
7,2,1,1,1,0,31,8.5,50,0,5,70,0,6,3,0,2.05979549999756
7,2,1,1,1,0,24,10,90,0,19,70,0,6,3,0,2.37079479999375
7,2,1,1,1,0,26,4,45,0,2.5,65,0,6,3,0,2.11265789999743
7,2,1,1,1,0,35,13,70,0,12,75,0,4,3,0,1.51529000001028
7,2,1,1,1,0,25,9,60,0,8.5,50,0,4,3,1,1.67338629999722
7,2,1,1,1,0,40,18,15,0,9.5,20,0,4,3,1,2.40166540000064
7,2,1,1,1,0,6,19,20,0,7,45,0,4,3,0,3.84974640001019
7,2,1,1,1,0,32,9.5,30,0,7,40,0,4,3,0,2.28367619999335
7,2,1,1,1,0,3,13.5,55,0,15,85,0,4,3,1,1.91290480000316
7,2,1,1,1,0,15,10,50,0,17.25,25,0,4,3,0,1.54476269999577
7,2,1,1,1,0,7,16.75,65,0,16,50,0,5,3,1,2.46514059999026
7,2,1,1,1,0,17,2,80,0,3.25,85,0,5,3,1,1.85674580000341
7,2,1,1,1,0,14,16.75,45,0,12,90,0,5,3,0,1.48951519999537
7,2,1,1,1,0,19,15,75,0,17.5,25,0,5,3,0,1.73657929999172
7,2,1,1,1,0,2,7.5,75,0,5,40,0,5,3,1,1.43311019999965
7,2,1,1,1,0,21,6,95,0,5.5,70,0,5,3,1,1.60173699998995
7,2,1,1,1,0,11,18.25,70,0,14,90,0,5,3,0,1.58490289999463
7,2,2,0,1,0,23,7.75,60,0,0,0,0,5,4,1.75791823401079,8.81917990000511
7,2,2,0,1,0,59,2,80,0,0,0,0,5,4,0.704465749545545,1.86439659999451
7,2,2,0,1,0,67,8.5,50,0,0,0,0,5,4,1.83589194906094,3.19139639999776
7,2,2,0,1,0,29,7,20,0,0,0,0,5,4,1.02767665810933,2.41565540000738
7,2,2,0,1,0,11,18.25,70,0,0,0,0,5,4,3.84981450143422,1.23999620000541
7,2,2,0,1,0,58,14,45,0,0,0,0,5,4,1.57015182482681,1.36731049999071
7,2,2,0,1,0,72,6.5,90,0,0,0,0,5,4,3.02629523845887,6.04697650000162
7,2,2,0,1,0,32,9.5,30,0,0,0,0,5,4,1.49952592008842,1.04667419999896
7,2,2,0,1,0,19,17.5,25,0,0,0,0,5,4,1.07547427356447,1.06986970000435
7,2,2,0,1,0,60,15,35,0,0,0,0,5,4,1.50324604522352,0.909562300003017
7,2,2,0,1,0,62,10,95,0,0,0,0,5,4,3.51369413001651,1.02103699999861
7,2,2,0,1,0,63,5.5,70,0,0,0,0,5,4,2.37619199243649,0.916465300004347
7,2,2,0,1,0,6,19,20,0,0,0,0,5,4,1.07851693437108,0.727084400001331
7,2,2,0,1,0,42,20,30,0,0,0,0,5,4,1.81874140262104,1.31759359998978
7,2,2,0,1,0,17,3.25,85,0,0,0,0,2,4,0.989740604607739,1.14266569999745
7,2,2,0,1,0,15,17.25,25,0,0,0,0,2,4,1.2943564150948,0.927301699994132
7,2,2,0,1,0,38,15.5,40,0,0,0,0,2,4,1.71539070602149,0.945092499998282
7,2,2,0,1,0,25,9,60,0,0,0,0,2,4,1.84716423821833,1.03241299999354
7,2,2,0,1,0,13,19.5,5,0,0,0,0,2,4,0.433388193597985,0.983197800000198
7,2,2,0,1,0,73,5,70,0,0,0,0,2,4,1.56916063099812,1.45811150000372
7,2,2,0,1,0,83,17,80,0,0,0,0,2,4,3.44763257378758,0.796689300012076
7,2,2,0,1,0,18,18.75,80,0,0,0,0,2,4,4.00828115495899,1.33057210000698
7,2,2,0,1,0,26,4,45,0,0,0,0,2,4,0.753988497004318,1.01549950000481
7,2,2,0,1,0,40,18,15,0,0,0,0,2,4,1.22538287456468,0.969459100000677
7,2,2,0,1,0,48,7,45,0,0,0,0,2,4,1.37945528380812,1.48223930000677
7,2,2,0,1,0,71,6,25,0,0,0,0,2,4,1.08693411464525,1.38871050000307
7,2,2,0,1,0,70,3.5,40,0,0,0,0,2,4,1.08008530671187,1.03774319999502
7,2,2,0,1,0,5,20,85,0,0,0,0,2,4,4.1734212642399,0.970108499997878
7,2,2,0,1,0,77,12,75,0,0,0,0,4,4,2.4811996484455,2.52249020000454
7,2,2,0,1,0,68,2.5,65,0,0,0,0,4,4,0.854343510371571,0.977037400007248
7,2,2,0,1,0,14,16.75,45,0,0,0,0,4,4,2.02990165582899,1.23784840000735
7,2,2,0,1,0,57,10,50,0,0,0,0,4,4,2.46292731356472,1.16386659999262
7,2,2,0,1,0,7,16.75,65,0,0,0,0,4,4,2.54130881604652,7.35175709999749
7,2,2,0,1,0,9,2,30,0,0,0,0,4,4,0.471207349032625,1.19334030000027
7,2,2,0,1,0,41,19,65,0,0,0,0,4,4,2.69765524175196,1.07269469999301
7,2,2,0,1,0,76,4,35,0,0,0,0,4,4,0.996232026666068,0.947864800007665
7,2,2,0,1,0,84,11,50,0,0,0,0,4,4,3.00942861062224,0.976487699997961
7,2,2,0,1,0,79,10,10,0,0,0,0,4,4,1.05373135961709,0.931570500004455
7,2,2,0,1,0,8,16,15,0,0,0,0,4,4,2.52105099494683,0.635475100003532
7,2,2,0,1,0,54,9.25,40,0,0,0,0,4,4,2.16908114176891,1.07732229999965
7,2,2,0,1,0,82,9.5,20,0,0,0,0,4,4,1.40612592543978,1.06387659999018
7,2,2,0,1,0,51,1,40,0,0,0,0,4,4,0.689271989076872,1.06803049999871
7,2,2,0,1,0,24,19,70,0,0,0,0,1,4,1.73746245399791,0.970266799995443
7,2,2,0,1,0,74,7,40,0,0,0,0,1,4,1.93242928979073,0.937831600007485
7,2,2,0,1,0,61,15,75,0,0,0,0,1,4,4.1725092388672,2.37375860000611
7,2,2,0,1,0,45,13.5,55,0,0,0,0,1,4,1.77768643399405,2.2583641000092
7,2,2,0,1,0,81,14,55,0,0,0,0,1,4,2.02176508462657,1.00400139999692
7,2,2,0,1,0,20,15.75,35,0,0,0,0,1,4,1.35034950388621,1.63029529999767
7,2,2,0,1,0,56,12,90,0,0,0,0,1,4,4.10795789679627,0.784769300007611
7,2,2,0,1,0,50,2.5,90,0,0,0,0,1,4,0.99167285580673,1.06259040000441
7,2,2,0,1,0,21,6,95,0,0,0,0,1,4,1.95991391890919,0.831459900000482
7,2,2,0,1,0,66,10,90,0,0,0,0,1,4,2.99052963886356,0.918187999996007
7,2,2,0,1,0,22,20,90,0,0,0,0,1,4,4.42847836003574,0.913714800000889
7,2,2,0,1,0,52,18.5,10,0,0,0,0,1,4,0.981490516802111,0.953577299995231
7,2,2,0,1,0,44,5,40,0,0,0,0,1,4,1.01291767143232,0.855866400001105
7,2,2,0,1,0,30,8,75,0,0,0,0,1,4,3.39437413105002,0.880967699995381
7,2,2,0,1,0,39,17,35,0,0,0,0,3,4,1.42205181225777,1.09799890000431
7,2,2,0,1,0,69,1.5,95,0,0,0,0,3,4,1.04176341126402,0.965310899991891
7,2,2,0,1,0,46,2,55,0,0,0,0,3,4,0.996958512766266,0.78071550000459
7,2,2,0,1,0,27,5.25,50,0,0,0,0,3,4,1.15552517554981,0.782047600005171
7,2,2,0,1,0,78,8.25,20,0,0,0,0,3,4,1.05617018740514,0.787749299997813
7,2,2,0,1,0,55,16.5,25,0,0,0,0,3,4,1.62938460982345,0.726883700001054
7,2,2,0,1,0,12,12,35,0,0,0,0,3,4,2.06990789559909,0.658854900000733
7,2,2,0,1,0,64,19.5,65,0,0,0,0,3,4,3.1800411906415,0.700888000006671
7,2,2,0,1,0,47,16,100,0,0,0,0,3,4,6.00230825749328,1.49470910000673
7,2,2,0,1,0,65,1.75,80,0,0,0,0,3,4,0.630142960050613,1.40800799999852
7,2,2,0,1,0,49,16,50,0,0,0,0,3,4,3.99356798570915,1.32661489999737
7,2,2,0,1,0,16,16,65,0,0,0,0,3,4,4.04868396733706,0.797471700003371
7,2,2,0,1,0,37,14.5,5,0,0,0,0,3,4,1.03938909995913,0.794433599992772
7,2,2,0,1,0,31,8.5,50,0,0,0,0,3,4,2.00671910402213,0.706079799987492
7,2,2,0,1,0,33,11,65,0,0,0,0,6,4,2.03927189531307,2.28052810000372
7,2,2,0,1,0,1,5,50,0,0,0,0,6,4,1.10953818170144,1.31896119999874
7,2,2,0,1,0,2,7.5,75,0,0,0,0,6,4,2.96432879304123,1.61500590000651
7,2,2,0,1,0,43,3,30,0,0,0,0,6,4,0.77893974151409,1.03239480000047
7,2,2,0,1,0,10,19.5,10,0,0,0,0,6,4,1.23125097074583,1.08369230000244
7,2,2,0,1,0,36,14,15,0,0,0,0,6,4,1.03028908635559,0.789751799995429
7,2,2,0,1,0,4,8.5,20,0,0,0,0,6,4,1.00373666938081,1.07902070001001
7,2,2,0,1,0,80,8,45,0,0,0,0,6,4,1.45433772741867,0.733791500009829
7,2,2,0,1,0,53,14,90,0,0,0,0,6,4,4.15286749950535,1.27206560000195
7,2,2,0,1,0,75,6,85,0,0,0,0,6,4,3.02290862175008,1.36983270000201
7,2,2,0,1,0,28,6,25,0,0,0,0,6,4,0.927861392481265,0.977640999990399
7,2,2,0,1,0,34,12,15,0,0,0,0,6,4,1.07963175753168,0.77994100000069
7,2,2,0,1,0,3,15,85,0,0,0,0,6,4,3.42549664385842,0.92291860000114
7,2,2,0,1,0,35,13,70,0,0,0,0,6,4,3.17200259070513,0.937446099997032
7,3,1,1,0,1,29,7,100,55,6,100,45,5,5,1,7.0105783000472
7,3,1,1,0,1,41,19,100,245,17,100,200,5,5,1,2.65447569999378
7,3,1,1,0,1,17,3.25,100,205,2,100,110,5,5,1,1.97653630003333
7,3,1,1,0,1,2,7.5,100,25,5,100,65,5,5,1,1.50703039998189
7,3,1,1,0,1,37,14.5,100,175,10,100,140,5,5,1,1.40818100003526
7,3,1,1,0,1,19,15,100,225,17.5,100,40,5,5,1,1.77847530000145
7,3,1,1,0,1,13,19.5,100,7,16.5,100,155,5,5,1,1.86503030004678
7,3,1,1,0,1,35,12,100,25,13,100,30,1,5,1,3.24190899997484
7,3,1,1,0,1,7,16.75,100,75,16,100,20,1,5,1,2.37333499995293
7,3,1,1,0,1,9,2,100,19,1,100,3,1,5,1,1.63171039998997
7,3,1,1,0,1,3,13.5,100,65,15,100,14,1,5,1,1.88171429996146
7,3,1,1,0,1,42,11,100,110,20,100,170,1,5,1,1.60078650002833
7,3,1,1,0,1,31,5,100,14,8.5,100,22,1,5,1,1.34657779999543
7,3,1,1,0,1,39,14,100,5,17,100,15,1,5,1,1.05044249998173
7,3,1,1,0,1,23,7.75,100,120,1.75,100,10,2,5,1,1.21685299999081
7,3,1,1,0,1,20,15.75,100,30,10,100,135,2,5,1,1.46602270001313
7,3,1,1,0,1,26,2.5,100,25,4,100,50,2,5,1,0.890268600021955
7,3,1,1,0,1,15,17.25,100,55,10,100,95,2,5,1,2.03457149997121
7,3,1,1,0,1,11,14,100,60,18.25,100,55,2,5,1,2.03193489997648
7,3,1,1,0,1,25,8.5,100,105,9,100,160,2,5,1,3.23009269998875
7,3,1,1,0,1,30,8,100,90,6.5,100,60,2,5,1,2.90567559999181
7,3,1,1,0,1,5,16,100,5,20,100,15,6,5,1,2.29580939997686
7,3,1,1,0,1,22,19.5,100,45,20,100,165,6,5,1,2.36049640004057
7,3,1,1,0,1,10,19.5,100,125,18.5,100,85,6,5,1,2.04238929995336
7,3,1,1,0,1,40,18,100,110,9.5,100,25,6,5,1,1.63319290004438
7,3,1,1,0,1,38,15.5,100,215,8,100,125,6,5,1,1.72018810000736
7,3,1,1,0,1,33,11,100,190,6,100,45,6,5,1,1.23231069999747
7,3,1,1,0,1,24,19,100,150,10,100,80,6,5,1,1.46394739998505
7,3,1,1,0,1,4,8.5,100,90,2,100,70,3,5,1,1.93368910002755
7,3,1,1,0,1,1,5,100,0,3,100,0,3,5,1,1.19392679998418
7,3,1,1,0,1,27,1.5,100,20,5.25,100,120,3,5,1,1.54626989999088
7,3,1,1,0,1,36,8.25,100,5,14,100,40,3,5,1,1.30519080004888
7,3,1,1,0,1,16,16,100,95,14,100,20,3,5,1,2.85605260002194
7,3,1,1,0,1,6,7,100,70,19,100,175,3,5,1,1.46479599998565
7,3,1,1,0,1,32,7,100,120,9.5,100,170,3,5,1,1.72910910000792
7,3,1,1,0,1,12,9.25,100,4,12,100,1,4,5,1,2.05907150002895
7,3,1,1,0,1,21,6,100,55,5.5,100,40,4,5,1,1.76956679997966
7,3,1,1,0,1,28,6,100,7,3.5,100,3,4,5,1,1.28952789999312
7,3,1,1,0,1,18,15,100,31,18.75,100,250,4,5,1,1.47297970001819
7,3,1,1,0,1,8,16,100,20,2.5,100,10,4,5,1,1.37095670000417
7,3,1,1,0,1,14,16.75,100,145,12,100,210,4,5,1,1.73633730004076
7,3,1,1,0,1,34,12,100,85,4,100,70,4,5,1,1.80116090003867
7,3,2,0,0,1,39,17,100,15,0,0,0,4,6,4.96130018659347,6.88819409999996
7,3,2,0,0,1,78,8.25,100,5,0,0,0,4,6,2.56436222155065,3.9347305999836
7,3,2,0,0,1,53,14,100,60,0,0,0,4,6,5.71589928201482,1.38566309999442
7,3,2,0,0,1,81,14,100,5,0,0,0,4,6,4.95919159918466,2.91621469997335
7,3,2,0,0,1,34,12,100,85,0,0,0,4,6,3.9569180229316,1.35860550001962
7,3,2,0,0,1,75,6,100,45,0,0,0,4,6,0.525659847086583,1.0129375999677
7,3,2,0,0,1,60,15,100,31,0,0,0,4,6,3.09604853077126,0.801317000004929
7,3,2,0,0,1,79,10,100,140,0,0,0,4,6,2.68010923549362,0.939422200026456
7,3,2,0,0,1,23,7.75,100,120,0,0,0,4,6,1.59723172505408,1.62610839999979
7,3,2,0,0,1,61,15,100,225,0,0,0,4,6,4.95892832646144,0.897075299988501
7,3,2,0,0,1,18,18.75,100,250,0,0,0,4,6,5.78263109644787,0.855917700042482
7,3,2,0,0,1,52,18.5,100,85,0,0,0,4,6,6.51587941955445,0.983627300010994
7,3,2,0,0,1,41,19,100,245,0,0,0,4,6,7.47339802406333,0.790830700017978
7,3,2,0,0,1,25,9,100,160,0,0,0,4,6,0.728549610907045,0.75067370000761
7,3,2,0,0,1,64,19.5,100,45,0,0,0,1,6,5.00960210089906,1.20904119999614
7,3,2,0,0,1,37,14.5,100,175,0,0,0,1,6,3.22416170429548,1.02333140000701
7,3,2,0,0,1,11,18.25,100,55,0,0,0,1,6,5.85401781654126,1.11220089998096
7,3,2,0,0,1,83,17,100,200,0,0,0,1,6,5.93520439224964,0.806759300001431
7,3,2,0,0,1,5,20,100,15,0,0,0,1,6,7.30336246447074,0.65214439999545
7,3,2,0,0,1,29,7,100,55,0,0,0,1,6,1.94580623972587,0.796401599945966
7,3,2,0,0,1,69,1.5,100,20,0,0,0,1,6,0.476572592091003,0.846368400030769
7,3,2,0,0,1,51,1,100,3,0,0,0,1,6,0.543925629631168,0.765329999965616
7,3,2,0,0,1,68,2.5,100,25,0,0,0,1,6,0.874575770759002,0.765225899987854
7,3,2,0,0,1,48,7,100,70,0,0,0,1,6,1.79565111713277,0.551955399976578
7,3,2,0,0,1,15,17.25,100,55,0,0,0,1,6,5.48401063447366,0.591426800005138
7,3,2,0,0,1,36,14,100,40,0,0,0,1,6,3.96374446953968,0.466610900009982
7,3,2,0,0,1,19,17.5,100,40,0,0,0,1,6,6.12248763628309,0.53758539998671
7,3,2,0,0,1,35,13,100,30,0,0,0,1,6,2.81008159912758,0.57544450002024
7,3,2,0,0,1,14,16.75,100,145,0,0,0,6,6,4.37665662685338,1.06884039996658
7,3,2,0,0,1,77,12,100,25,0,0,0,6,6,3.27233062555016,0.836300600029062
7,3,2,0,0,1,57,10,100,95,0,0,0,6,6,2.47681160635798,0.976214899972547
7,3,2,0,0,1,82,9.5,100,25,0,0,0,6,6,1.30872763541489,0.84337910002796
7,3,2,0,0,1,66,10,100,80,0,0,0,6,6,2.21665818241357,0.817713199998252
7,3,2,0,0,1,42,20,100,170,0,0,0,6,6,7.18240025136305,0.773050900024828
7,3,2,0,0,1,21,6,100,55,0,0,0,6,6,1.37229536523982,0.698424600006547
7,3,2,0,0,1,22,20,100,165,0,0,0,6,6,7.902253321022,1.16387029999169
7,3,2,0,0,1,67,8.5,100,105,0,0,0,6,6,1.9667141987408,0.897937199973967
7,3,2,0,0,1,3,15,100,14,0,0,0,6,6,4.53303561069785,0.747958100051619
7,3,2,0,0,1,27,5.25,100,120,0,0,0,6,6,1.09682411402733,0.782248999981675
7,3,2,0,0,1,8,16,100,20,0,0,0,6,6,6.20873386294251,0.669174299982842
7,3,2,0,0,1,13,19.5,100,7,0,0,0,6,6,6.77694816802943,0.715719800035004
7,3,2,0,0,1,43,3,100,0,0,0,0,6,6,0.452917361564428,0.788368000008631
7,3,2,0,0,1,58,14,100,20,0,0,0,2,6,3.83718461904437,1.4432885000133
7,3,2,0,0,1,55,16.5,100,155,0,0,0,2,6,5.21538908548744,0.694284100027289
7,3,2,0,0,1,16,16,100,95,0,0,0,2,6,4.45798258291199,0.594654100015759
7,3,2,0,0,1,50,2.5,100,10,0,0,0,2,6,0.649165474021292,0.65717710001627
7,3,2,0,0,1,33,11,100,190,0,0,0,2,6,2.41184313978264,0.605257500021253
7,3,2,0,0,1,49,16,100,20,0,0,0,2,6,6.084338050879,0.573799200006761
7,3,2,0,0,1,63,5.5,100,40,0,0,0,2,6,0.901390085960948,0.553699499985669
7,3,2,0,0,1,44,5,100,65,0,0,0,2,6,0.886050519910871,1.06996870000148
7,3,2,0,0,1,74,7,100,120,0,0,0,2,6,2.95167235300866,1.96709920000285
7,3,2,0,0,1,84,11,100,110,0,0,0,2,6,2.36799145169659,1.32167019997723
7,3,2,0,0,1,2,7.5,100,25,0,0,0,2,6,2.60534028643976,1.36049230000935
7,3,2,0,0,1,72,6.5,100,60,0,0,0,2,6,1.90667685028366,0.667867899988778
7,3,2,0,0,1,45,13.5,100,65,0,0,0,2,6,4.33127393237985,0.580865799973253
7,3,2,0,0,1,30,8,100,90,0,0,0,2,6,1.44163735897485,0.541913799999747
7,3,2,0,0,1,1,5,100,0,0,0,0,5,6,0.61913308932931,0.800114400044549
7,3,2,0,0,1,70,3.5,100,3,0,0,0,5,6,0.686750597962138,0.729188399971463
7,3,2,0,0,1,56,12,100,210,0,0,0,5,6,6.01934458128081,0.864527800003998
7,3,2,0,0,1,59,2,100,110,0,0,0,5,6,0.775673045203312,0.920517499966081
7,3,2,0,0,1,7,16.75,100,75,0,0,0,5,6,7.02861811948775,0.769814600003883
7,3,2,0,0,1,20,15.75,100,30,0,0,0,5,6,5.668204424511,0.651552699971944
7,3,2,0,0,1,12,12,100,1,0,0,0,5,6,5.26510489226542,1.81384179997258
7,3,2,0,0,1,40,18,100,110,0,0,0,5,6,8.22633412397228,0.763655800023116
7,3,2,0,0,1,54,9.25,100,4,0,0,0,5,6,2.04832764699134,0.777485400030855
7,3,2,0,0,1,4,8.5,100,90,0,0,0,5,6,1.74192516936104,0.566845099965576
7,3,2,0,0,1,80,8,100,125,0,0,0,5,6,1.78152896638638,0.586669099982828
7,3,2,0,0,1,9,2,100,19,0,0,0,5,6,0.257368817328864,0.71764309995342
7,3,2,0,0,1,32,9.5,100,170,0,0,0,5,6,2.32952353783971,0.893285700003617
7,3,2,0,0,1,76,4,100,70,0,0,0,5,6,0.933707898951205,0.901328500011005
7,3,2,0,0,1,6,19,100,175,0,0,0,3,6,9.24257743695257,1.08962500002235
7,3,2,0,0,1,71,6,100,45,0,0,0,3,6,0.816474026512608,1.10619800002314
7,3,2,0,0,1,38,15.5,100,215,0,0,0,3,6,7.63883272142964,0.793382100004237
7,3,2,0,0,1,31,8.5,100,22,0,0,0,3,6,1.99081665391145,0.832149700028822
7,3,2,0,0,1,62,10,100,135,0,0,0,3,6,3.45256197467518,1.16306500002975
7,3,2,0,0,1,24,19,100,150,0,0,0,3,6,9.01946842121011,0.763899500016123
7,3,2,0,0,1,28,6,100,7,0,0,0,3,6,0.905370222246685,0.707675799960271
7,3,2,0,0,1,47,16,100,5,0,0,0,3,6,5.85460403395561,0.810187600029167
7,3,2,0,0,1,26,4,100,50,0,0,0,3,6,1.20154194595833,0.503182200016454
7,3,2,0,0,1,65,1.75,100,10,0,0,0,3,6,0.458033090198182,0.725431900005788
7,3,2,0,0,1,17,3.25,100,205,0,0,0,3,6,1.2394066376587,0.729835799953435
7,3,2,0,0,1,73,5,100,14,0,0,0,3,6,1.80497975374875,0.642348400026094
7,3,2,0,0,1,10,19.5,100,125,0,0,0,3,6,9.43205805831258,0.582022800052073
7,3,2,0,0,1,46,2,100,70,0,0,0,3,6,0.818797002482761,0.773082000028808
8,1,1,1,0,1,27,5.25,100,120,1.5,100,20,4,5,1,3.71024339999985
8,1,1,1,0,1,36,8.25,100,5,14,100,40,4,5,1,5.19487140000001
8,1,1,1,0,1,21,5.5,100,40,6,100,55,4,5,1,4.36105690000022
8,1,1,1,0,1,15,10,100,95,17.25,100,55,4,5,1,4.64293719999932
8,1,1,1,0,1,7,16,100,20,16.75,100,75,4,5,1,7.06082650000008
8,1,1,1,0,1,23,7.75,100,120,1.75,100,10,4,5,1,3.96181069999966
8,1,1,1,0,1,11,18.25,100,55,14,100,60,4,5,1,4.01327709999987
8,1,1,1,0,1,31,5,100,14,8.5,100,22,5,5,1,4.49777499999982
8,1,1,1,0,1,17,2,100,110,3.25,100,205,5,5,1,2.64488650000021
8,1,1,1,0,1,4,8.5,100,90,2,100,70,5,5,1,4.69656510000004
8,1,1,1,0,1,33,11,100,190,6,100,45,5,5,1,6.03109309999945
8,1,1,1,0,1,24,10,100,80,19,100,150,5,5,1,2.52804449999985
8,1,1,1,0,1,39,17,100,15,14,100,5,5,5,1,4.96289419999994
8,1,1,1,0,1,20,10,100,135,15.75,100,30,5,5,1,4.12805509999998
8,1,1,1,0,1,3,13.5,100,65,15,100,14,1,5,1,6.04815469999994
8,1,1,1,0,1,35,13,100,30,12,100,25,1,5,1,3.49475520000033
8,1,1,1,0,1,9,1,100,3,2,100,19,1,5,1,3.52719969999998
8,1,1,1,0,1,14,12,100,210,16.75,100,145,1,5,1,3.62854269999934
8,1,1,1,0,1,18,18.75,100,250,15,100,31,1,5,0,7.88537819999965
8,1,1,1,0,1,13,16.5,100,155,19.5,100,7,1,5,1,3.56236650000028
8,1,1,1,0,1,1,5,100,0,3,100,0,1,5,1,3.77931970000009
8,1,1,1,0,1,40,9.5,100,25,18,100,110,2,5,1,7.14798700000028
8,1,1,1,0,1,37,14.5,100,175,10,100,140,2,5,1,7.58277349999935
8,1,1,1,0,1,30,8,100,90,6.5,100,60,2,5,1,4.73095079999985
8,1,1,1,0,1,5,20,100,15,16,100,5,2,5,1,9.18380889999935
8,1,1,1,0,1,6,19,100,175,7,100,70,2,5,1,5.0968514999995
8,1,1,1,0,1,8,16,100,20,2.5,100,10,2,5,1,2.57761649999975
8,1,1,1,0,1,2,5,100,65,7.5,100,25,2,5,1,4.64502819999962
8,1,1,1,0,1,29,7,100,55,6,100,45,6,5,1,4.27885750000041
8,1,1,1,0,1,32,7,100,120,9.5,100,170,6,5,1,13.6038792999998
8,1,1,1,0,1,16,14,100,20,16,100,95,6,5,1,10.3683209000001
8,1,1,1,0,1,26,4,100,50,2.5,100,25,6,5,1,4.94638839999971
8,1,1,1,0,1,34,12,100,85,4,100,70,6,5,1,4.31264529999953
8,1,1,1,0,1,41,19,100,245,17,100,200,6,5,1,4.54618539999956
8,1,1,1,0,1,10,19.5,100,125,18.5,100,85,6,5,0,8.48271959999965
8,1,1,1,0,1,28,3.5,100,3,6,100,7,3,5,1,5.58087250000062
8,1,1,1,0,1,22,19.5,100,45,20,100,165,3,5,0,6.76568829999997
8,1,1,1,0,1,42,11,100,110,20,100,170,3,5,1,3.63000220000049
8,1,1,1,0,1,12,9.25,100,4,12,100,1,3,5,1,4.71270470000036
8,1,1,1,0,1,25,9,100,160,8.5,100,105,3,5,0,8.78331400000025
8,1,1,1,0,1,38,8,100,125,15.5,100,215,3,5,1,8.04938709999988
8,1,1,1,0,1,19,17.5,100,40,15,100,225,3,5,1,3.47879089999969
8,1,2,0,0,1,23,7.75,100,120,0,0,0,3,6,0.0147365424835719,17.5842880999999
8,1,2,0,0,1,33,11,100,190,0,0,0,3,6,0.014634911515401,17.2487355000003
8,1,2,0,0,1,60,15,100,31,0,0,0,3,6,0.0145679327496886,20.3033234000004
8,1,2,0,0,1,69,1.5,100,20,0,0,0,3,6,0.0146686323904603,16.7820687000003
8,1,2,0,0,1,4,8.5,100,90,0,0,0,3,6,0.0147365424835719,9.47440470000038
8,1,2,0,0,1,63,5.5,100,40,0,0,0,3,6,0.0144357977602674,9.89573159999964
8,1,2,0,0,1,15,17.25,100,55,0,0,0,3,6,0.0146686323904603,5.63087580000047
8,1,2,0,0,1,31,8.5,100,22,0,0,0,3,6,0.0144686062786938,2.10111760000018
8,1,2,0,0,1,17,3.25,100,205,0,0,0,3,6,0.307576610325771,8.40693009999995
8,1,2,0,0,1,77,12,100,25,0,0,0,3,6,0.0146686323904603,9.97416619999967
8,1,2,0,0,1,79,10,100,140,0,0,0,3,6,0.0147025090193118,3.08620229999997
8,1,2,0,0,1,45,13.5,100,65,0,0,0,3,6,0.0146013453224398,1.80054960000052
8,1,2,0,0,1,21,6,100,55,0,0,0,3,6,0.0147025090193118,6.60626389999925
8,1,2,0,0,1,37,14.5,100,175,0,0,0,3,6,0.0145015642656752,1.83396429999993
8,1,2,0,0,1,7,16.75,100,75,0,0,0,6,6,0.0147365424835719,3.73570030000064
8,1,2,0,0,1,32,9.5,100,170,0,0,0,6,6,0.0147025090193118,2.20051700000022
8,1,2,0,0,1,6,19,100,175,0,0,0,6,6,0.014634911515401,1.78312890000052
8,1,2,0,0,1,66,10,100,80,0,0,0,6,6,0.0147025090193118,3.38391129999945
8,1,2,0,0,1,75,6,100,45,0,0,0,6,6,0.0147025090193118,1.71757119999984
8,1,2,0,0,1,34,12,100,85,0,0,0,6,6,0.0147365424835719,1.73294530000021
8,1,2,0,0,1,19,17.5,100,40,0,0,0,6,6,0.0146013453224398,8.34018259999993
8,1,2,0,0,1,25,9,100,160,0,0,0,6,6,0.0145346727449684,1.61818240000048
8,1,2,0,0,1,12,12,100,1,0,0,0,6,6,0.0147025090193118,4.76979239999946
8,1,2,0,0,1,35,13,100,30,0,0,0,6,6,0.0145346727449684,1.98353240000051
8,1,2,0,0,1,61,15,100,225,0,0,0,6,6,0.0147025090193118,5.07131000000027
8,1,2,0,0,1,20,15.75,100,30,0,0,0,6,6,0.0146686323904603,2.2856953999999
8,1,2,0,0,1,50,2.5,100,10,0,0,0,6,6,0.0144686062786938,3.23528230000011
8,1,2,0,0,1,40,18,100,110,0,0,0,6,6,0.0147365424835719,1.60041629999978
8,1,2,0,0,1,44,5,100,65,0,0,0,1,6,0.0147365424835719,1.63173989999996
8,1,2,0,0,1,83,17,100,200,0,0,0,1,6,0.0145015642656752,2.18330340000011
8,1,2,0,0,1,59,2,100,110,0,0,0,1,6,0.0145679327496886,2.2844982000006
8,1,2,0,0,1,52,18.5,100,85,0,0,0,1,6,0.0145679327496886,1.31484769999952
8,1,2,0,0,1,48,7,100,70,0,0,0,1,6,0.014634911515401,4.65365810000003
8,1,2,0,0,1,62,10,100,135,0,0,0,1,6,0.0146686323904603,1.43355650000012
8,1,2,0,0,1,70,3.5,100,3,0,0,0,1,6,0.0144031376959184,6.26160479999999
8,1,2,0,0,1,3,15,100,14,0,0,0,1,6,0.0147365424835719,8.28992689999905
8,1,2,0,0,1,80,8,100,125,0,0,0,1,6,0.0146013453224398,1.44980470000155
8,1,2,0,0,1,28,6,100,7,0,0,0,1,6,0.0145346727449684,9.52534320000086
8,1,2,0,0,1,74,7,100,120,0,0,0,1,6,0.0145679327496886,2.00031300000046
8,1,2,0,0,1,56,12,100,210,0,0,0,1,6,0.0144357977602674,1.88296790000095
8,1,2,0,0,1,29,7,100,55,0,0,0,1,6,0.0145015642656752,3.33591270000034
8,1,2,0,0,1,43,3,100,0,0,0,0,1,6,0.0145015642656752,5.77132510000047
8,1,2,0,0,1,51,1,100,3,0,0,0,4,6,0.0145679327496886,4.45366840000133
8,1,2,0,0,1,71,6,100,45,0,0,0,4,6,0.0147025090193118,2.58471569999892
8,1,2,0,0,1,64,19.5,100,45,0,0,0,4,6,0.014634911515401,2.48436369999945
8,1,2,0,0,1,76,4,100,70,0,0,0,4,6,0.0145679327496886,2.58354750000035
8,1,2,0,0,1,11,18.25,100,55,0,0,0,4,6,0.0147365424835719,1.68439639999997
8,1,2,0,0,1,27,5.25,100,120,0,0,0,4,6,0.0145346727449684,5.50453639999978
8,1,2,0,0,1,58,14,100,20,0,0,0,4,6,0.0145015642656752,1.88410780000049
8,1,2,0,0,1,84,11,100,110,0,0,0,4,6,0.0142102391754371,3.36856660000012
8,1,2,0,0,1,5,20,100,15,0,0,0,4,6,0.014634911515401,3.30289249999987
8,1,2,0,0,1,26,4,100,50,0,0,0,4,6,0.0145015642656752,3.51790260000053
8,1,2,0,0,1,39,17,100,15,0,0,0,4,6,0.0146686323904603,1.16604790000019
8,1,2,0,0,1,41,19,100,245,0,0,0,4,6,0.014634911515401,1.28255379999973
8,1,2,0,0,1,36,14,100,40,0,0,0,4,6,0.0147365424835719,1.46786340000108
8,1,2,0,0,1,38,15.5,100,215,0,0,0,4,6,0.0146686323904603,1.43418469999961
8,1,2,0,0,1,78,8.25,100,5,0,0,0,5,6,0.0146013453224398,8.00583460000053
8,1,2,0,0,1,82,9.5,100,25,0,0,0,5,6,0.0147025090193118,1.87382199999956
8,1,2,0,0,1,49,16,100,20,0,0,0,5,6,0.0145015642656752,4.35371330000089
8,1,2,0,0,1,65,1.75,100,10,0,0,0,5,6,0.0147025090193118,3.56980970000041
8,1,2,0,0,1,18,18.75,100,250,0,0,0,5,6,0.0147365424835719,2.30095110000002
8,1,2,0,0,1,55,16.5,100,155,0,0,0,5,6,0.0147025090193118,2.16722060000029
8,1,2,0,0,1,1,5,100,0,0,0,0,5,6,0.0145015642656752,2.50045730000056
8,1,2,0,0,1,47,16,100,5,0,0,0,5,6,0.0146686323904603,3.25317449999966
8,1,2,0,0,1,8,16,100,20,0,0,0,5,6,0.0145679327496886,1.81731589999981
8,1,2,0,0,1,81,14,100,5,0,0,0,5,6,0.0142102391754371,1.75221380000039
8,1,2,0,0,1,42,20,100,170,0,0,0,5,6,0.0147365424835719,2.70008109999981
8,1,2,0,0,1,46,2,100,70,0,0,0,5,6,0.0145679327496886,1.51209150000068
8,1,2,0,0,1,57,10,100,95,0,0,0,5,6,0.014634911515401,2.10203630000069
8,1,2,0,0,1,10,19.5,100,125,0,0,0,5,6,0.0145679327496886,3.21986450000077
8,1,2,0,0,1,30,8,100,90,0,0,0,2,6,0.0146013453224398,3.21791339999982
8,1,2,0,0,1,9,2,100,19,0,0,0,2,6,0.0140533937808094,2.71956429999955
8,1,2,0,0,1,73,5,100,14,0,0,0,2,6,0.014634911515401,1.70077450000099
8,1,2,0,0,1,67,8.5,100,105,0,0,0,2,6,0.0145679327496886,2.50194980000015
8,1,2,0,0,1,53,14,100,60,0,0,0,2,6,0.0146013453224398,1.5157593999993
8,1,2,0,0,1,24,19,100,150,0,0,0,2,6,0.0146013453224398,1.95127339999999
8,1,2,0,0,1,54,9.25,100,4,0,0,0,2,6,0.0145346727449684,1.56768540000121
8,1,2,0,0,1,72,6.5,100,60,0,0,0,2,6,0.0145346727449684,1.28533099999913
8,1,2,0,0,1,2,7.5,100,25,0,0,0,2,6,0.014634911515401,2.28402769999957
8,1,2,0,0,1,68,2.5,100,25,0,0,0,2,6,0.014634911515401,2.43412610000087
8,1,2,0,0,1,16,16,100,95,0,0,0,2,6,0,1.83377380000093
8,1,2,0,0,1,13,19.5,100,7,0,0,0,2,6,0.0147025090193118,4.07018840000092
8,1,2,0,0,1,14,16.75,100,145,0,0,0,2,6,0.014178590640622,2.25151600000027
8,1,2,0,0,1,22,20,100,165,0,0,0,2,6,0.0145346727449684,2.23757879999903
8,2,1,1,1,1,19,17.5,25,40,15,75,225,1,1,1,18.2824164999183
8,2,1,1,1,1,11,18.25,70,55,14,90,60,1,1,0,8.15264660003595
8,2,1,1,1,1,29,6,25,45,7,20,55,1,1,0,9.03371790004894
8,2,1,1,1,1,5,16,100,5,20,85,15,1,1,0,3.88856230000965
8,2,1,1,1,1,38,15.5,40,215,8,45,125,1,1,1,5.09448530012742
8,2,1,1,1,1,6,19,20,175,7,45,70,1,1,0,14.5499382000417
8,2,1,1,1,1,40,9.5,20,25,18,15,110,1,1,1,11.3679351001047
8,2,1,1,1,1,24,10,90,80,19,70,150,5,1,0,13.8550090999343
8,2,1,1,1,1,33,6,85,45,11,65,190,5,1,1,5.80938270012848
8,2,1,1,1,1,36,8.25,20,5,14,15,40,5,1,0,16.4412018000148
8,2,1,1,1,1,41,17,80,200,19,65,245,5,1,0,10.112575400155
8,2,1,1,1,1,42,20,30,170,11,50,110,5,1,0,5.05516240000725
8,2,1,1,1,1,9,2,30,19,1,40,3,5,1,0,23.3631432000548
8,2,1,1,1,1,20,10,95,135,15.75,35,30,5,1,0,3.88232149998657
8,2,1,1,1,1,22,20,90,165,19.5,65,45,4,1,1,3.22738799988292
8,2,1,1,1,1,13,19.5,5,7,16.5,25,155,4,1,0,6.03328550001606
8,2,1,1,1,1,2,5,40,65,7.5,75,25,4,1,1,3.38641159981489
8,2,1,1,1,1,25,9,60,160,8.5,50,105,4,1,1,8.87276650010608
8,2,1,1,1,1,15,17.25,25,55,10,50,95,4,1,0,11.988956599962
8,2,1,1,1,1,1,3,30,0,5,50,0,4,1,1,3.09550249995664
8,2,1,1,1,1,10,18.5,10,85,19.5,10,125,4,1,0,9.24449649988674
8,2,1,1,1,1,4,8.5,20,90,2,55,70,3,1,1,5.17862939997576
8,2,1,1,1,1,27,5.25,50,120,1.5,95,20,3,1,1,5.66674860008061
8,2,1,1,1,1,17,2,80,110,3.25,85,205,3,1,1,7.81593920011073
8,2,1,1,1,1,21,6,95,55,5.5,70,40,3,1,1,5.31457279995084
8,2,1,1,1,1,37,14.5,5,175,10,10,140,3,1,0,6.43312920001335
8,2,1,1,1,1,35,13,70,30,12,75,25,3,1,0,3.68088119989261
8,2,1,1,1,1,3,13.5,55,65,15,85,14,3,1,1,8.29033380001783
8,2,1,1,1,1,12,9.25,40,4,12,35,1,2,1,1,4.19032400008291
8,2,1,1,1,1,7,16,50,20,16.75,65,75,2,1,0,4.12379830004647
8,2,1,1,1,1,31,8.5,50,22,5,70,14,2,1,0,9.5722595998086
8,2,1,1,1,1,18,18.75,80,250,15,35,31,2,1,1,9.08118039998226
8,2,1,1,1,1,34,12,15,85,4,35,70,2,1,1,13.8611697000451
8,2,1,1,1,1,26,2.5,65,25,4,45,50,2,1,1,11.704822700005
8,2,1,1,1,1,8,16,15,20,2.5,90,10,2,1,1,2.75963019998744
8,2,1,1,1,1,16,14,45,20,16,65,95,6,1,1,4.93830200005323
8,2,1,1,1,1,14,12,90,210,16.75,45,145,6,1,0,4.61286869994365
8,2,1,1,1,1,28,3.5,40,3,6,25,7,6,1,1,16.3096664000768
8,2,1,1,1,1,23,1.75,80,10,7.75,60,120,6,1,1,8.39334949990734
8,2,1,1,1,1,39,14,55,5,17,35,15,6,1,1,21.3826627999078
8,2,1,1,1,1,32,7,40,120,9.5,30,170,6,1,1,24.9891935000196
8,2,1,1,1,1,30,8,75,90,6.5,90,60,6,1,0,7.01069570006803
8,2,2,0,1,1,80,8,45,125,0,0,0,4,2,2.00219658686413,12.323172000004
8,2,2,0,1,1,79,10,10,140,0,0,0,4,2,2.02976735636013,9.93507119989954
8,2,2,0,1,1,47,16,100,5,0,0,0,4,2,4.0084457284854,5.06787420017645
8,2,2,0,1,1,4,8.5,20,90,0,0,0,4,2,1.9655349456796,2.91450530011207
8,2,2,0,1,1,21,6,95,55,0,0,0,4,2,3.01696439925755,7.56524279993027
8,2,2,0,1,1,12,12,35,1,0,0,0,4,2,3.01696439925755,2.16943409992382
8,2,2,0,1,1,68,2.5,65,25,0,0,0,4,2,1.00537839182461,6.41116559994407
8,2,2,0,1,1,9,2,30,19,0,0,0,4,2,0.190197575450288,6.79792619985528
8,2,2,0,1,1,37,14.5,5,175,0,0,0,4,2,2.02976735636013,5.95278009981848
8,2,2,0,1,1,8,16,15,20,0,0,0,4,2,3.99881005035359,2.82572140009142
8,2,2,0,1,1,11,18.25,70,55,0,0,0,4,2,5.04120458786978,5.14999719988555
8,2,2,0,1,1,41,19,65,245,0,0,0,4,2,4.94790461847739,5.53077310021035
8,2,2,0,1,1,65,1.75,80,10,0,0,0,4,2,0.205290029554956,2.61667790007778
8,2,2,0,1,1,15,17.25,25,55,0,0,0,4,2,3.00423006684671,9.67763809999451
8,2,2,0,1,1,62,10,95,135,0,0,0,5,2,3.9793193155385,3.20839740009978
8,2,2,0,1,1,19,17.5,25,40,0,0,0,5,2,4.0613858613435,2.80797860003076
8,2,2,0,1,1,33,11,65,190,0,0,0,5,2,2.9911317509229,2.5198555001989
8,2,2,0,1,1,83,17,80,200,0,0,0,5,2,5.03105437672719,3.01444449997507
8,2,2,0,1,1,60,15,35,31,0,0,0,5,2,1.99732496911206,4.72425880003721
8,2,2,0,1,1,55,16.5,25,155,0,0,0,5,2,3.04910654650096,5.02345179999247
8,2,2,0,1,1,46,2,55,70,0,0,0,5,2,0.175979063429104,3.25601149979047
8,2,2,0,1,1,26,4,45,50,0,0,0,5,2,2.01179319743416,1.51613170001656
8,2,2,0,1,1,74,7,40,120,0,0,0,5,2,2.99709806937205,3.68422880000435
8,2,2,0,1,1,2,7.5,75,25,0,0,0,5,2,3.05011086343691,6.74798560002819
8,2,2,0,1,1,63,5.5,70,40,0,0,0,5,2,1.98336870024632,6.61778920004144
8,2,2,0,1,1,82,9.5,20,25,0,0,0,5,2,3.03620320754046,2.99187369993888
8,2,2,0,1,1,70,3.5,40,3,0,0,0,5,2,1.03443779722067,3.22808250016533
8,2,2,0,1,1,78,8.25,20,5,0,0,0,5,2,3.00423006684671,4.71519079990685
8,2,2,0,1,1,59,2,80,110,0,0,0,1,2,1.00306810563501,4.10249219997786
8,2,2,0,1,1,32,9.5,30,170,0,0,0,1,2,3.0036932398579,2.04398060007952
8,2,2,0,1,1,58,14,45,20,0,0,0,1,2,3.03707545485702,5.97633209987544
8,2,2,0,1,1,14,16.75,45,145,0,0,0,1,2,3.01092170691353,3.27673929999582
8,2,2,0,1,1,24,19,70,150,0,0,0,1,2,4.96924566086914,7.11061740014702
8,2,2,0,1,1,29,7,20,55,0,0,0,1,2,2.9911317509229,1.8982006998267
8,2,2,0,1,1,57,10,50,95,0,0,0,1,2,5.06200645853018,15.1143190001603
8,2,2,0,1,1,76,4,35,70,0,0,0,1,2,2.00185987571388,1.49665270000696
8,2,2,0,1,1,67,8.5,50,105,0,0,0,1,2,3.0299413320509,2.44688770011999
8,2,2,0,1,1,10,19.5,10,125,0,0,0,1,2,3.06254778184119,3.0498703001067
8,2,2,0,1,1,71,6,25,45,0,0,0,1,2,2.0112614124296,3.41289550019428
8,2,2,0,1,1,77,12,75,25,0,0,0,1,2,4.02663577777599,2.13855869998224
8,2,2,0,1,1,66,10,90,80,0,0,0,1,2,3.03663709276969,2.84208299987949
8,2,2,0,1,1,31,8.5,50,22,0,0,0,1,2,3.01696439925755,5.42932170000859
8,2,2,0,1,1,17,3.25,85,205,0,0,0,3,2,1.08248188291225,2.49467960000038
8,2,2,0,1,1,27,5.25,50,120,0,0,0,3,2,1.99769373642336,1.52277969988063
8,2,2,0,1,1,34,12,15,85,0,0,0,3,2,2.00760625531568,2.61977949994616
8,2,2,0,1,1,61,15,75,225,0,0,0,3,2,5.01041929957347,1.76756740012206
8,2,2,0,1,1,54,9.25,40,4,0,0,0,3,2,2.99756587730808,1.93571999995038
8,2,2,0,1,1,13,19.5,5,7,0,0,0,3,2,1.99321042916964,1.58959569991566
8,2,2,0,1,1,6,19,20,175,0,0,0,3,2,2.05295088345068,1.56713049998507
8,2,2,0,1,1,51,1,40,3,0,0,0,3,2,0.176793363466064,3.57679550000466
8,2,2,0,1,1,75,6,85,45,0,0,0,3,2,2.00731477164366,1.92566490010358
8,2,2,0,1,1,23,7.75,60,120,0,0,0,3,2,2.9712807028812,2.81584429997019
8,2,2,0,1,1,73,5,70,14,0,0,0,3,2,3.05581353665619,2.87100169993937
8,2,2,0,1,1,40,18,15,110,0,0,0,3,2,2.04369094153031,9.07997089996934
8,2,2,0,1,1,49,16,50,20,0,0,0,3,2,4.02348382980894,1.77284360001795
8,2,2,0,1,1,43,3,30,0,0,0,0,3,2,0.996199999994484,1.61100410018116
8,2,2,0,1,1,42,20,30,170,0,0,0,2,2,3.06369532490512,2.06283960002474
8,2,2,0,1,1,56,12,90,210,0,0,0,2,2,3.96221931413274,2.39875509985723
8,2,2,0,1,1,84,11,50,110,0,0,0,2,2,3.97872296282822,1.89493040018715
8,2,2,0,1,1,50,2.5,90,10,0,0,0,2,2,1.07794513732549,5.99921969999559
8,2,2,0,1,1,20,15.75,35,30,0,0,0,2,2,2.97747240516943,3.66452940017916
8,2,2,0,1,1,25,9,60,160,0,0,0,2,2,4.0383850885907,2.6859077999834
8,2,2,0,1,1,69,1.5,95,20,0,0,0,2,2,0.235677377406827,1.73688520002179
8,2,2,0,1,1,52,18.5,10,85,0,0,0,2,2,4.0383850885907,3.86451489990577
8,2,2,0,1,1,18,18.75,80,250,0,0,0,2,2,6.05640435415349,1.86874609999359
8,2,2,0,1,1,39,17,35,15,0,0,0,2,2,3.02364068989547,3.56800760002807
8,2,2,0,1,1,3,15,85,14,0,0,0,2,2,4.97933059949916,6.61711360001937
8,2,2,0,1,1,81,14,55,5,0,0,0,2,2,4.0084457284854,2.00270260008983
8,2,2,0,1,1,44,5,40,65,0,0,0,2,2,2.02060852873471,2.21527639986016
8,2,2,0,1,1,22,20,90,165,0,0,0,2,2,4.97919550633695,2.05707690003328
8,2,2,0,1,1,48,7,45,70,0,0,0,6,2,2.96478499712986,2.43294359999709
8,2,2,0,1,1,72,6.5,90,60,0,0,0,6,2,2.02517793912398,2.0524291000329
8,2,2,0,1,1,5,20,85,15,0,0,0,6,2,4.98968202244829,2.33085939986631
8,2,2,0,1,1,7,16.75,65,75,0,0,0,6,2,5,4.45790180005133
8,2,2,0,1,1,35,13,70,30,0,0,0,6,2,4.0084457284854,3.36693260003813
8,2,2,0,1,1,30,8,75,90,0,0,0,6,2,4.03214513455646,0.997861499898136
8,2,2,0,1,1,64,19.5,65,45,0,0,0,6,2,3.08905097554824,1.31103780004196
8,2,2,0,1,1,45,13.5,55,65,0,0,0,6,2,4.04083865470258,3.46744739986025
8,2,2,0,1,1,28,6,25,7,0,0,0,6,2,1.98336870024632,2.04692570003681
8,2,2,0,1,1,1,5,50,0,0,0,0,6,2,1.96112491332557,2.40942720021121
8,2,2,0,1,1,36,14,15,40,0,0,0,6,2,2.99733077512318,1.84659810015
8,2,2,0,1,1,38,15.5,40,215,0,0,0,6,2,3.9793193155385,2.47848829999566
8,2,2,0,1,1,53,14,90,60,0,0,0,6,2,4.02348382980894,1.82453859993257
8,2,2,0,1,1,16,16,65,95,0,0,0,6,2,4.03597163395308,1.84210849995725
8,3,1,1,1,0,15,10,50,0,17.25,25,0,5,3,0,10.611814300064
8,3,1,1,1,0,31,8.5,50,0,5,70,0,5,3,0,2.48143709986471
8,3,1,1,1,0,2,5,40,0,7.5,75,0,5,3,1,1.64905870007351
8,3,1,1,1,0,41,17,80,0,19,65,0,5,3,0,2.39399120002054
8,3,1,1,1,0,25,8.5,50,0,9,60,0,5,3,0,2.42349459999241
8,3,1,1,1,0,9,2,30,0,1,40,0,5,3,1,6.00223260000348
8,3,1,1,1,0,27,1.5,95,0,5.25,50,0,5,3,1,5.35791619983502
8,3,1,1,1,0,3,15,85,0,13.5,55,0,4,3,1,5.40926539991051
8,3,1,1,1,0,16,14,45,0,16,65,0,4,3,1,2.10581319988705
8,3,1,1,1,0,38,8,45,0,15.5,40,0,4,3,1,2.98378380015492
8,3,1,1,1,0,24,10,90,0,19,70,0,4,3,0,8.01690410007723
8,3,1,1,1,0,14,12,90,0,16.75,45,0,4,3,0,2.28886030009016
8,3,1,1,1,0,35,13,70,0,12,75,0,4,3,0,5.52977759996429
8,3,1,1,1,0,32,7,40,0,9.5,30,0,4,3,1,2.09614969999529
8,3,1,1,1,0,17,3.25,85,0,2,80,0,6,3,1,4.18923929985613
8,3,1,1,1,0,40,9.5,20,0,18,15,0,6,3,1,3.00798289990053
8,3,1,1,1,0,12,12,35,0,9.25,40,0,6,3,1,8.61260970006697
8,3,1,1,1,0,18,18.75,80,0,15,35,0,6,3,1,3.44359840010293
8,3,1,1,1,0,42,20,30,0,11,50,0,6,3,0,3.55310739995912
8,3,1,1,1,0,30,6.5,90,0,8,75,0,6,3,0,2.00900859991089
8,3,1,1,1,0,23,1.75,80,0,7.75,60,0,6,3,1,4.33743359986693
8,3,1,1,1,0,19,17.5,25,0,15,75,0,3,3,0,3.2649146001786
8,3,1,1,1,0,13,19.5,5,0,16.5,25,0,3,3,0,2.03439810010605
8,3,1,1,1,0,10,19.5,10,0,18.5,10,0,3,3,1,1.71384590002708
8,3,1,1,1,0,28,3.5,40,0,6,25,0,3,3,0,4.20966940000653
8,3,1,1,1,0,8,16,15,0,2.5,90,0,3,3,0,3.60175390006043
8,3,1,1,1,0,5,16,100,0,20,85,0,3,3,0,1.70481160003692
8,3,1,1,1,0,34,12,15,0,4,35,0,3,3,1,3.81137710018083
8,3,1,1,1,0,11,14,90,0,18.25,70,0,1,3,0,3.49062409996986
8,3,1,1,1,0,4,2,55,0,8.5,20,0,1,3,0,4.09460669988766
8,3,1,1,1,0,26,2.5,65,0,4,45,0,1,3,1,5.20442359987646
8,3,1,1,1,0,20,15.75,35,0,10,95,0,1,3,0,3.79317860002629
8,3,1,1,1,0,22,19.5,65,0,20,90,0,1,3,1,1.56320049986243
8,3,1,1,1,0,29,7,20,0,6,25,0,1,3,0,5.61900299997069
8,3,1,1,1,0,1,3,30,0,5,50,0,1,3,1,1.76259199995548
8,3,1,1,1,0,21,5.5,70,0,6,95,0,2,3,1,2.99235269986093
8,3,1,1,1,0,33,6,85,0,11,65,0,2,3,0,4.61002760007977
8,3,1,1,1,0,37,10,10,0,14.5,5,0,2,3,1,5.23496060003527
8,3,1,1,1,0,6,19,20,0,7,45,0,2,3,1,2.20195119990967
8,3,1,1,1,0,39,14,55,0,17,35,0,2,3,0,14.1975257999729
8,3,1,1,1,0,7,16,50,0,16.75,65,0,2,3,1,1.77119849994779
8,3,1,1,1,0,36,8.25,20,0,14,15,0,2,3,1,4.28352589998394
8,3,2,0,1,0,31,8.5,50,0,0,0,0,3,4,3.98391426069064,13.5452639998402
8,3,2,0,1,0,37,14.5,5,0,0,0,0,3,4,3.01663129975369,3.48826469993219
8,3,2,0,1,0,35,13,70,0,0,0,0,3,4,3.9858992931241,2.13503640005365
8,3,2,0,1,0,45,13.5,55,0,0,0,0,3,4,4.01802830470264,4.87556419987231
8,3,2,0,1,0,49,16,50,0,0,0,0,3,4,4.0526500198099,2.99468900007196
8,3,2,0,1,0,44,5,40,0,0,0,0,3,4,2.02583234230042,2.8653702000156
8,3,2,0,1,0,47,16,100,0,0,0,0,3,4,5.03085370539363,1.65501520014368
8,3,2,0,1,0,17,3.25,85,0,0,0,0,3,4,1.05136913422507,8.06872069998644
8,3,2,0,1,0,41,19,65,0,0,0,0,3,4,4.97946394954205,4.37900129985064
8,3,2,0,1,0,61,15,75,0,0,0,0,3,4,5.04147301409681,1.51429150020704
8,3,2,0,1,0,55,16.5,25,0,0,0,0,3,4,2.09881553943543,2.41917830007151
8,3,2,0,1,0,9,2,30,0,0,0,0,3,4,1.04654443054575,2.24043339979835
8,3,2,0,1,0,84,11,50,0,0,0,0,3,4,1.97938235278756,1.47384660015814
8,3,2,0,1,0,33,11,65,0,0,0,0,3,4,3.09663316368405,2.70174059993587
8,3,2,0,1,0,77,12,75,0,0,0,0,6,4,4.04394648965637,2.88627589982934
8,3,2,0,1,0,18,18.75,80,0,0,0,0,6,4,5.01031797755171,4.25323870009743
8,3,2,0,1,0,5,20,85,0,0,0,0,6,4,5.10333828852427,5.18932859995402
8,3,2,0,1,0,42,20,30,0,0,0,0,6,4,2.99756587730808,2.64758549979888
8,3,2,0,1,0,83,17,80,0,0,0,0,6,4,5.02066940050083,1.67948000016622
8,3,2,0,1,0,82,9.5,20,0,0,0,0,6,4,2.9712807028812,4.86399980005808
8,3,2,0,1,0,28,6,25,0,0,0,0,6,4,1.97270202123256,7.85401529981755
8,3,2,0,1,0,74,7,40,0,0,0,0,6,4,1.98787616201406,5.65981460013427
8,3,2,0,1,0,15,17.25,25,0,0,0,0,6,4,2.9911317509229,4.96482190000825
8,3,2,0,1,0,22,20,90,0,0,0,0,6,4,5.01028464004099,2.91195089998655
8,3,2,0,1,0,30,8,75,0,0,0,0,6,4,4.01357282208318,2.83040009997785
8,3,2,0,1,0,53,14,90,0,0,0,0,6,4,5.04133836524481,1.15551680000499
8,3,2,0,1,0,21,6,95,0,0,0,0,6,4,3.02364068989547,2.43630469986238
8,3,2,0,1,0,13,19.5,5,0,0,0,0,6,4,3.06311859973922,2.88406189996749
8,3,2,0,1,0,46,2,55,0,0,0,0,4,4,0.739620098527979,1.93680389993824
8,3,2,0,1,0,60,15,35,0,0,0,0,4,4,3.00290825057218,3.22808210016228
8,3,2,0,1,0,59,2,80,0,0,0,0,4,4,1.03233009499069,1.72275870013982
8,3,2,0,1,0,71,6,25,0,0,0,0,4,4,2.01696732073902,1.46759749995545
8,3,2,0,1,0,11,18.25,70,0,0,0,0,4,4,4.92982428491405,1.90222520008683
8,3,2,0,1,0,72,6.5,90,0,0,0,0,4,4,3.11404014088436,3.29483690019697
8,3,2,0,1,0,20,15.75,35,0,0,0,0,4,4,1.99911697927407,1.59078669990413
8,3,2,0,1,0,66,10,90,0,0,0,0,4,4,4.04703440007355,1.48446290008724
8,3,2,0,1,0,54,9.25,40,0,0,0,0,4,4,3.02327278471964,8.57415120000951
8,3,2,0,1,0,2,7.5,75,0,0,0,0,4,4,2.02550983171412,1.57919829990715
8,3,2,0,1,0,78,8.25,20,0,0,0,0,4,4,2.97800600932336,1.39669229998253
8,3,2,0,1,0,6,19,20,0,0,0,0,4,4,3.00342891776033,1.95982150011696
8,3,2,0,1,0,12,12,35,0,0,0,0,4,4,2.99072829077237,2.46301710000262
8,3,2,0,1,0,48,7,45,0,0,0,0,4,4,2.02060852873471,1.53374250000343
8,3,2,0,1,0,8,16,15,0,0,0,0,5,4,2.06215716410116,1.78324400004931
8,3,2,0,1,0,81,14,55,0,0,0,0,5,4,2.94522230686344,1.80956809991039
8,3,2,0,1,0,56,12,90,0,0,0,0,5,4,4.0383850885907,1.39939609984867
8,3,2,0,1,0,75,6,85,0,0,0,0,5,4,2.99780341313587,1.17570160003379
8,3,2,0,1,0,69,1.5,95,0,0,0,0,5,4,1.09317501230728,3.18871459993534
8,3,2,0,1,0,68,2.5,65,0,0,0,0,5,4,0.941537413814498,2.21086660004221
8,3,2,0,1,0,16,16,65,0,0,0,0,5,4,3.99769174250672,2.23135480005294
8,3,2,0,1,0,70,3.5,40,0,0,0,0,5,4,1.0730146040872,1.43212529993616
8,3,2,0,1,0,62,10,95,0,0,0,0,5,4,3.08765385829407,1.71509269997478
8,3,2,0,1,0,73,5,70,0,0,0,0,5,4,2.9712807028812,2.46387970005162
8,3,2,0,1,0,63,5.5,70,0,0,0,0,5,4,2.99052963886356,3.78274719999172
8,3,2,0,1,0,50,2.5,90,0,0,0,0,5,4,1.08495087554315,1.54791649989784
8,3,2,0,1,0,4,8.5,20,0,0,0,0,5,4,3.03620320754046,1.79729270003736
8,3,2,0,1,0,19,17.5,25,0,0,0,0,5,4,3.01001672711843,2.25500150001608
8,3,2,0,1,0,64,19.5,65,0,0,0,0,2,4,4.04759671782304,2.34740690002218
8,3,2,0,1,0,23,7.75,60,0,0,0,0,2,4,3.02401239525638,1.41523209982552
8,3,2,0,1,0,58,14,45,0,0,0,0,2,4,3.03056304318817,1.3337038999889
8,3,2,0,1,0,25,9,60,0,0,0,0,2,4,2.99619049254112,2.68804579996504
8,3,2,0,1,0,76,4,35,0,0,0,0,2,4,1.0820550554199,1.78126309998333
8,3,2,0,1,0,10,19.5,10,0,0,0,0,2,4,2.01176405444879,1.40074730012566
8,3,2,0,1,0,79,10,10,0,0,0,0,2,4,2.01468887037394,1.63314419984818
8,3,2,0,1,0,57,10,50,0,0,0,0,2,4,3.97814934537457,2.24432609998621
8,3,2,0,1,0,3,15,85,0,0,0,0,2,4,5.16125516300085,2.30728539987467
8,3,2,0,1,0,52,18.5,10,0,0,0,0,2,4,2.42237883181687,2.54463519994169
8,3,2,0,1,0,40,18,15,0,0,0,0,2,4,3.11675286290873,2.08574000000954
8,3,2,0,1,0,7,16.75,65,0,0,0,0,2,4,4.9597081473375,6.00384330004454
8,3,2,0,1,0,51,1,40,0,0,0,0,2,4,0.411523465931587,1.41751620010473
8,3,2,0,1,0,1,5,50,0,0,0,0,2,4,2.00464263401017,1.48782250005752
8,3,2,0,1,0,34,12,15,0,0,0,0,1,4,2.98318792587065,3.27992400014773
8,3,2,0,1,0,39,17,35,0,0,0,0,1,4,3.02045963167427,1.48595359991305
8,3,2,0,1,0,14,16.75,45,0,0,0,0,1,4,3.83143542198666,1.65950600011274
8,3,2,0,1,0,65,1.75,80,0,0,0,0,1,4,0.681008973885334,1.63250209996477
8,3,2,0,1,0,43,3,30,0,0,0,0,1,4,1.02734586061814,1.22097259992734
8,3,2,0,1,0,29,7,20,0,0,0,0,1,4,1.99081665391145,1.58208830002695
8,3,2,0,1,0,32,9.5,30,0,0,0,0,1,4,2.99013833639322,1.46991070010699
8,3,2,0,1,0,36,14,15,0,0,0,0,1,4,2.0213904407969,1.39769260003231
8,3,2,0,1,0,24,19,70,0,0,0,0,1,4,4.94923394910965,5.06967770005576
8,3,2,0,1,0,38,15.5,40,0,0,0,0,1,4,3.03620320754046,1.06057339999825
8,3,2,0,1,0,27,5.25,50,0,0,0,0,1,4,2.04832764699134,1.74118130002171
8,3,2,0,1,0,26,4,45,0,0,0,0,1,4,1.42852192988503,4.21178260003217
8,3,2,0,1,0,80,8,45,0,0,0,0,1,4,2.99013833639322,4.6048603001982
8,3,2,0,1,0,67,8.5,50,0,0,0,0,1,4,2.00472423484235,1.39752410002984
9,1,1,0,1,0,24,19,70,0,0,0,0,3,4,2.00185987571388,21.8294991999865
9,1,1,0,1,0,49,16,50,0,0,0,0,3,4,1.74760399502435,4.89195219986141
9,1,1,0,1,0,57,10,50,0,0,0,0,3,4,1.49553135409547,5.76100649987347
9,1,1,0,1,0,29,7,20,0,0,0,0,3,4,0.48536415939871,1.93897629994899
9,1,1,0,1,0,54,9.25,40,0,0,0,0,3,4,0.616008149328692,3.63115599984303
9,1,1,0,1,0,56,12,90,0,0,0,0,3,4,1.00146715062697,1.95403050002642
9,1,1,0,1,0,46,2,55,0,0,0,0,3,4,0.251166879015695,5.06409989995882
9,1,1,0,1,0,14,16.75,45,0,0,0,0,3,4,1.49952592008842,4.02012129989453
9,1,1,0,1,0,20,15.75,35,0,0,0,0,3,4,1.99769373642336,3.21189649985172
9,1,1,0,1,0,10,19.5,10,0,0,0,0,3,4,0.554719432442823,6.66852760012262
9,1,1,0,1,0,40,18,15,0,0,0,0,3,4,0.509954457159594,1.89917510002851
9,1,1,0,1,0,5,20,85,0,0,0,0,3,4,3.00396027555258,5.02683199988678
9,1,1,0,1,0,1,5,50,0,0,0,0,3,4,1.00076832543155,1.93038289994001
9,1,1,0,1,0,68,2.5,65,0,0,0,0,3,4,0.318045025123524,1.23637089994736
9,1,1,0,1,0,37,14.5,5,0,0,0,0,1,4,0.246965903293823,5.38809720007703
9,1,1,0,1,0,55,16.5,25,0,0,0,0,1,4,0.841936343245312,5.50911590014584
9,1,1,0,1,0,83,17,80,0,0,0,0,1,4,2.49539489021195,2.00344460015185
9,1,1,0,1,0,45,13.5,55,0,0,0,0,1,4,1.50293273267278,2.02395770000294
9,1,1,0,1,0,11,18.25,70,0,0,0,0,1,4,3.0036932398579,1.34784410009161
9,1,1,0,1,0,51,1,40,0,0,0,0,1,4,0.0437031879929322,6.02137500001118
9,1,1,0,1,0,38,15.5,40,0,0,0,0,1,4,1.26237901644007,5.47612269991077
9,1,1,0,1,0,9,2,30,0,0,0,0,1,4,0.219942326010425,2.84624890005216
9,1,1,0,1,0,73,5,70,0,0,0,0,1,4,0.496578289852842,3.43530440004542
9,1,1,0,1,0,28,6,25,0,0,0,0,1,4,0.49745690225577,3.21307789999992
9,1,1,0,1,0,67,8.5,50,0,0,0,0,1,4,0.999207787572097,8.1793323000893
9,1,1,0,1,0,41,19,65,0,0,0,0,1,4,2.25007038992027,14.9324871997815
9,1,1,0,1,0,71,6,25,0,0,0,0,1,4,0.498862597500583,2.36582419998012
9,1,1,0,1,0,4,8.5,20,0,0,0,0,1,4,0.556514501912375,9.63961600000039
9,1,1,0,1,0,3,15,85,0,0,0,0,5,4,2.01696732073902,2.36576330009848
9,1,1,0,1,0,7,16.75,65,0,0,0,0,5,4,1.8037718147487,1.7983975999523
9,1,1,0,1,0,76,4,35,0,0,0,0,5,4,0.500012634268963,1.9006729000248
9,1,1,0,1,0,13,19.5,5,0,0,0,0,5,4,0.245844449266464,1.73493549996056
9,1,1,0,1,0,26,4,45,0,0,0,0,5,4,0.419142623264428,2.74543279991485
9,1,1,0,1,0,65,1.75,80,0,0,0,0,5,4,0.764384945722519,2.54677739995532
9,1,1,0,1,0,60,15,35,0,0,0,0,5,4,0.795246003331307,1.70152780017816
9,1,1,0,1,0,74,7,40,0,0,0,0,5,4,1.03938909995913,1.53541580005549
9,1,1,0,1,0,32,9.5,30,0,0,0,0,5,4,0.657739245199338,2.02829849999398
9,1,1,0,1,0,77,12,75,0,0,0,0,5,4,1.49895398605675,1.67616869998164
9,1,1,0,1,0,62,10,95,0,0,0,0,5,4,2.00185987571388,1.93659049994312
9,1,1,0,1,0,42,20,30,0,0,0,0,5,4,1.49952592008842,8.08452740008943
9,1,1,0,1,0,39,17,35,0,0,0,0,5,4,1.49398961595866,7.15836160001345
9,1,1,0,1,0,8,16,15,0,0,0,0,5,4,1.00306810563501,3.03543879999779
9,1,1,0,1,0,22,20,90,0,0,0,0,6,4,3.5592128907643,2.00228959997185
9,1,1,0,1,0,58,14,45,0,0,0,0,6,4,2.00317806551255,5.40922560007311
9,1,1,0,1,0,17,3.25,85,0,0,0,0,6,4,1.00076832543155,2.64713179995306
9,1,1,0,1,0,84,11,50,0,0,0,0,6,4,2.00219658686413,8.14260929985903
9,1,1,0,1,0,31,8.5,50,0,0,0,0,6,4,0.978333060573071,2.13164040003903
9,1,1,0,1,0,12,12,35,0,0,0,0,6,4,0.838136254488766,6.5572269000113
9,1,1,0,1,0,2,7.5,75,0,0,0,0,6,4,1.50293273267278,16.0191234999802
9,1,1,0,1,0,34,12,15,0,0,0,0,6,4,0.746358232481782,5.2670303999912
9,1,1,0,1,0,25,9,60,0,0,0,0,6,4,1.36397619930877,2.43731609988026
9,1,1,0,1,0,75,6,85,0,0,0,0,6,4,1.78975652213132,1.83478890010156
9,1,1,0,1,0,59,2,80,0,0,0,0,6,4,1.00146715062697,1.96217160020024
9,1,1,0,1,0,15,17.25,25,0,0,0,0,6,4,1.00280845159634,3.1338464000728
9,1,1,0,1,0,43,3,30,0,0,0,0,6,4,0.484378649371646,2.35612550005317
9,1,1,0,1,0,61,15,75,0,0,0,0,6,4,2.18660451658592,2.50040829996578
9,1,1,0,1,0,79,10,10,0,0,0,0,4,4,0.764882395599635,5.43580489978194
9,1,1,0,1,0,47,16,100,0,0,0,0,4,4,7.99780341313587,7.1065871999599
9,1,1,0,1,0,30,8,75,0,0,0,0,4,4,1.98036370535647,4.18307960010134
9,1,1,0,1,0,78,8.25,20,0,0,0,0,4,4,0.8092303634178,6.10112430015579
9,1,1,0,1,0,27,5.25,50,0,0,0,0,4,4,1.01344733272578,2.55065319989808
9,1,1,0,1,0,52,18.5,10,0,0,0,0,4,4,1.02999816656766,1.47309059998952
9,1,1,0,1,0,19,17.5,25,0,0,0,0,4,4,1.00537839182461,6.77383900014684
9,1,1,0,1,0,80,8,45,0,0,0,0,4,4,1.28510489816837,2.97585990000516
9,1,1,0,1,0,64,19.5,65,0,0,0,0,4,4,2.01605899932928,2.66171099990606
9,1,1,0,1,0,69,1.5,95,0,0,0,0,4,4,0.804332116427542,13.2588283000514
9,1,1,0,1,0,63,5.5,70,0,0,0,0,4,4,1.00601641188096,9.34272969979793
9,1,1,0,1,0,18,18.75,80,0,0,0,0,4,4,3.99769174250672,4.29063450009562
9,1,1,0,1,0,35,13,70,0,0,0,0,4,4,3.49564327442143,4.02781920018606
9,1,1,0,1,0,21,6,95,0,0,0,0,4,4,1.08939001982536,3.0773142001126
9,1,1,0,1,0,44,5,40,0,0,0,0,2,4,0.862140118147543,2.89953379984945
9,1,1,0,1,0,82,9.5,20,0,0,0,0,2,4,1.00501976953298,2.4393083001487
9,1,1,0,1,0,53,14,90,0,0,0,0,2,4,3.56080394295828,1.50061589991674
9,1,1,0,1,0,6,19,20,0,0,0,0,2,4,1.75372144780421,3.52016189997084
9,1,1,0,1,0,23,7.75,60,0,0,0,0,2,4,1.99769373642336,2.38845929992385
9,1,1,0,1,0,16,16,65,0,0,0,0,2,4,2.49864969516958,2.4668604999315
9,1,1,0,1,0,33,11,65,0,0,0,0,2,4,2.50096987276623,4.14634619979188
9,1,1,0,1,0,50,2.5,90,0,0,0,0,2,4,0.987186343040655,19.2766868998297
9,1,1,0,1,0,66,10,90,0,0,0,0,2,4,2.49771493301146,1.9393083001487
9,1,1,0,1,0,48,7,45,0,0,0,0,2,4,1.25405965484991,10.3037974999752
9,1,1,0,1,0,36,14,15,0,0,0,0,2,4,0.999916782871033,2.0118996000383
9,1,1,0,1,0,70,3.5,40,0,0,0,0,2,4,1.00438697815057,4.05815629987046
9,1,1,0,1,0,81,14,55,0,0,0,0,2,4,2.2387126822542,1.7463176001329
9,1,1,0,1,0,72,6.5,90,0,0,0,0,2,4,1.75047720651198,2.34815239999443
9,1,2,1,1,0,22,20,90,0,19.5,65,0,1,3,1,2.51825510011986
9,1,2,1,1,0,8,2.5,90,0,16,15,0,1,3,1,1.41030799993314
9,1,2,1,1,0,33,6,85,0,11,65,0,1,3,1,1.50450020004064
9,1,2,1,1,0,2,7.5,75,0,5,40,0,1,3,1,1.83969589998014
9,1,2,1,1,0,14,16.75,45,0,12,90,0,1,3,0,1.50992979994044
9,1,2,1,1,0,24,10,90,0,19,70,0,1,3,1,1.2748803999275
9,1,2,1,1,0,29,6,25,0,7,20,0,1,3,0,2.51477560005151
9,1,2,1,1,0,40,18,15,0,9.5,20,0,4,3,1,1.9215235998854
9,1,2,1,1,0,26,4,45,0,2.5,65,0,4,3,1,2.79434629995376
9,1,2,1,1,0,23,7.75,60,0,1.75,80,0,4,3,1,2.2958529999014
9,1,2,1,1,0,15,10,50,0,17.25,25,0,4,3,0,2.8361803998705
9,1,2,1,1,0,11,18.25,70,0,14,90,0,4,3,1,2.98526879982091
9,1,2,1,1,0,31,5,70,0,8.5,50,0,4,3,1,3.72702150000259
9,1,2,1,1,0,12,9.25,40,0,12,35,0,4,3,1,2.09814230003394
9,1,2,1,1,0,38,8,45,0,15.5,40,0,5,3,1,2.51288569997996
9,1,2,1,1,0,6,7,45,0,19,20,0,5,3,1,3.47465840005316
9,1,2,1,1,0,37,10,10,0,14.5,5,0,5,3,0,3.57047020015307
9,1,2,1,1,0,42,11,50,0,20,30,0,5,3,1,3.76894679991528
9,1,2,1,1,0,20,10,95,0,15.75,35,0,5,3,0,4.91769900009967
9,1,2,1,1,0,21,5.5,70,0,6,95,0,5,3,1,3.10798419988714
9,1,2,1,1,0,10,19.5,10,0,18.5,10,0,5,3,1,2.93674560007639
9,1,2,1,1,0,39,17,35,0,14,55,0,3,3,0,2.72161470004357
9,1,2,1,1,0,13,19.5,5,0,16.5,25,0,3,3,0,2.30655419989489
9,1,2,1,1,0,16,14,45,0,16,65,0,3,3,1,1.64727570000105
9,1,2,1,1,0,27,5.25,50,0,1.5,95,0,3,3,1,2.08886480005458
9,1,2,1,1,0,25,8.5,50,0,9,60,0,3,3,1,1.95194990001619
9,1,2,1,1,0,28,3.5,40,0,6,25,0,3,3,1,2.56667919992469
9,1,2,1,1,0,4,2,55,0,8.5,20,0,3,3,1,2.2985191999469
9,1,2,1,1,0,18,18.75,80,0,15,35,0,6,3,1,2.76242500008084
9,1,2,1,1,0,1,3,30,0,5,50,0,6,3,1,2.24124419991858
9,1,2,1,1,0,19,17.5,25,0,15,75,0,6,3,0,2.1138414000161
9,1,2,1,1,0,5,16,100,0,20,85,0,6,3,0,2.75518650002778
9,1,2,1,1,0,34,12,15,0,4,35,0,6,3,1,5.21778489998542
9,1,2,1,1,0,41,17,80,0,19,65,0,6,3,0,4.15324969985522
9,1,2,1,1,0,36,14,15,0,8.25,20,0,6,3,1,3.69741349993274
9,1,2,1,1,0,32,7,40,0,9.5,30,0,2,3,0,4.53058899985626
9,1,2,1,1,0,35,13,70,0,12,75,0,2,3,0,1.71485499991104
9,1,2,1,1,0,3,13.5,55,0,15,85,0,2,3,1,3.85846890020184
9,1,2,1,1,0,17,2,80,0,3.25,85,0,2,3,1,2.64050800004043
9,1,2,1,1,0,9,2,30,0,1,40,0,2,3,1,5.45126800006256
9,1,2,1,1,0,7,16.75,65,0,16,50,0,2,3,1,1.37705979985185
9,1,2,1,1,0,30,8,75,0,6.5,90,0,2,3,1,2.84205830004066
11,1,1,1,1,0,1,3,30,0,5,50,0,5,3,1,8.14673700000276
11,1,1,1,1,0,3,15,85,0,13.5,55,0,5,3,1,6.43943660000514
11,1,1,1,1,0,17,3.25,85,0,2,80,0,5,3,1,2.91423300000315
11,1,1,1,1,0,8,16,15,0,2.5,90,0,5,3,0,7.60930329999246
11,1,1,1,1,0,2,5,40,0,7.5,75,0,5,3,1,4.46915750000335
11,1,1,1,1,0,9,2,30,0,1,40,0,5,3,0,3.18063850000908
11,1,1,1,1,0,28,3.5,40,0,6,25,0,5,3,0,6.96106709999731
11,1,1,1,1,0,40,9.5,20,0,18,15,0,2,3,1,9.56507189999684
11,1,1,1,1,0,5,20,85,0,16,100,0,2,3,0,4.0534226000018
11,1,1,1,1,0,32,7,40,0,9.5,30,0,2,3,1,4.70049200000358
11,1,1,1,1,0,6,19,20,0,7,45,0,2,3,1,5.77474079999956
11,1,1,1,1,0,36,8.25,20,0,14,15,0,2,3,1,3.26418070000364
11,1,1,1,1,0,29,7,20,0,6,25,0,2,3,1,19.0048651000106
11,1,1,1,1,0,7,16,50,0,16.75,65,0,2,3,1,8.8516149000061
11,1,1,1,1,0,33,6,85,0,11,65,0,1,3,0,5.33207600000605
11,1,1,1,1,0,25,9,60,0,8.5,50,0,1,3,1,2.01165179999953
11,1,1,1,1,0,19,15,75,0,17.5,25,0,1,3,0,2.40912319999188
11,1,1,1,1,0,31,8.5,50,0,5,70,0,1,3,0,3.80477460000839
11,1,1,1,1,0,18,18.75,80,0,15,35,0,1,3,1,1.69286530000682
11,1,1,1,1,0,37,14.5,5,0,10,10,0,1,3,0,4.54077249999682
11,1,1,1,1,0,30,6.5,90,0,8,75,0,1,3,0,2.03937329999462
11,1,1,1,1,0,16,16,65,0,14,45,0,3,3,1,2.1232852999965
11,1,1,1,1,0,23,1.75,80,0,7.75,60,0,3,3,1,2.74170369999774
11,1,1,1,1,0,11,18.25,70,0,14,90,0,3,3,0,2.96769609999319
11,1,1,1,1,0,10,18.5,10,0,19.5,10,0,3,3,1,6.15634279999358
11,1,1,1,1,0,24,10,90,0,19,70,0,3,3,1,7.51784020000196
11,1,1,1,1,0,20,15.75,35,0,10,95,0,3,3,0,3.63669509999454
11,1,1,1,1,0,27,5.25,50,0,1.5,95,0,3,3,1,3.47490830000606
11,1,1,1,1,0,42,20,30,0,11,50,0,6,3,0,7.10454960000061
11,1,1,1,1,0,12,9.25,40,0,12,35,0,6,3,1,6.23639910000202
11,1,1,1,1,0,21,5.5,70,0,6,95,0,6,3,1,2.69309410000278
11,1,1,1,1,0,4,2,55,0,8.5,20,0,6,3,0,4.94473260000814
11,1,1,1,1,0,26,2.5,65,0,4,45,0,6,3,1,4.86870150000323
11,1,1,1,1,0,39,17,35,0,14,55,0,6,3,0,6.68478579999646
11,1,1,1,1,0,15,17.25,25,0,10,50,0,6,3,0,3.10100669998792
11,1,1,1,1,0,41,19,65,0,17,80,0,4,3,0,4.93156290000479
11,1,1,1,1,0,13,19.5,5,0,16.5,25,0,4,3,0,1.87218060001032
11,1,1,1,1,0,14,16.75,45,0,12,90,0,4,3,0,3.42867360000673
11,1,1,1,1,0,34,12,15,0,4,35,0,4,3,0,3.83700699999463
11,1,1,1,1,0,22,20,90,0,19.5,65,0,4,3,1,2.86177629999293
11,1,1,1,1,0,35,12,75,0,13,70,0,4,3,0,5.57531080000626
11,1,1,1,1,0,38,8,45,0,15.5,40,0,4,3,1,5.8122810000059
11,1,2,0,1,0,13,19.5,5,0,0,0,0,5,4,0.0138095178709285,29.707100700005
11,1,2,0,1,0,79,10,10,0,0,0,0,5,4,0.0141157146137232,7.70040030000382
11,1,2,0,1,0,25,9,60,0,0,0,0,5,4,2.99733077512318,3.00059189999592
11,1,2,0,1,0,69,1.5,95,0,0,0,0,5,4,0.279814478620207,2.05695470000501
11,1,2,0,1,0,22,20,90,0,0,0,0,5,4,1.03206305929602,7.63678800000343
11,1,2,0,1,0,62,10,95,0,0,0,0,5,4,0.585093367975457,3.08201220000046
11,1,2,0,1,0,82,9.5,20,0,0,0,0,5,4,0.0588084678001479,6.50525149999885
11,1,2,0,1,0,47,16,100,0,0,0,0,5,4,0,3.04268769999908
11,1,2,0,1,0,70,3.5,40,0,0,0,0,5,4,0.0439041158341666,4.1866405000037
11,1,2,0,1,0,57,10,50,0,0,0,0,5,4,0.988554800503593,6.87510679999832
11,1,2,0,1,0,31,8.5,50,0,0,0,0,5,4,0.950745108046092,3.97994439999457
11,1,2,0,1,0,51,1,40,0,0,0,0,5,4,0.0731714641737327,2.07251579999865
11,1,2,0,1,0,26,4,45,0,0,0,0,5,4,0.388402753313404,2.10154489999695
11,1,2,0,1,0,39,17,35,0,0,0,0,5,4,0.846685828141499,2.74526570001035
11,1,2,0,1,0,5,20,85,0,0,0,0,4,4,1.84843244496786,3.44855800000369
11,1,2,0,1,0,66,10,90,0,0,0,0,4,4,0.530482797793631,2.56417269998929
11,1,2,0,1,0,30,8,75,0,0,0,0,4,4,0.500545207067447,2.56029500000295
11,1,2,0,1,0,77,12,75,0,0,0,0,4,4,0.588560900510757,0.849885099989478
11,1,2,0,1,0,27,5.25,50,0,0,0,0,4,4,0.345336770555534,1.72572309999669
11,1,2,0,1,0,6,19,20,0,0,0,0,4,4,0.013207860144437,1.87833740000497
11,1,2,0,1,0,60,15,35,0,0,0,0,4,4,0.169348896355292,2.09778609999921
11,1,2,0,1,0,48,7,45,0,0,0,0,4,4,0.460864059786761,1.92531310000049
11,1,2,0,1,0,54,9.25,40,0,0,0,0,4,4,0.26250368389352,1.65564930000983
11,1,2,0,1,0,20,15.75,35,0,0,0,0,4,4,0.0828525591253815,2.90016900000046
11,1,2,0,1,0,72,6.5,90,0,0,0,0,4,4,0.0282312904323625,2.40524559999176
11,1,2,0,1,0,75,6,85,0,0,0,0,4,4,0.244733129085088,1.85499659999914
11,1,2,0,1,0,78,8.25,20,0,0,0,0,4,4,0.0290029780406087,1.46305830001074
11,1,2,0,1,0,81,14,55,0,0,0,0,4,4,0.0716883854980779,2.27509789999749
11,1,2,0,1,0,41,19,65,0,0,0,0,6,4,2.48526475776856,3.69889970000077
11,1,2,0,1,0,52,18.5,10,0,0,0,0,6,4,0.108813294926609,1.10015230000135
11,1,2,0,1,0,38,15.5,40,0,0,0,0,6,4,0.173823535598842,1.05767900000501
11,1,2,0,1,0,37,14.5,5,0,0,0,0,6,4,0.195821224851166,0.793833899995661
11,1,2,0,1,0,24,19,70,0,0,0,0,6,4,2.24912625293464,1.2794392999931
11,1,2,0,1,0,55,16.5,25,0,0,0,0,6,4,0.353314457762693,3.6554688999895
11,1,2,0,1,0,76,4,35,0,0,0,0,6,4,0.533508149985973,1.12446390000696
11,1,2,0,1,0,42,20,30,0,0,0,0,6,4,0.635438636403219,1.09412929999235
11,1,2,0,1,0,74,7,40,0,0,0,0,6,4,1.20906654661113,1.68723850000242
11,1,2,0,1,0,32,9.5,30,0,0,0,0,6,4,0.0757844881302923,0.905901999998605
11,1,2,0,1,0,68,2.5,65,0,0,0,0,6,4,0.484619182780065,0.92664920000243
11,1,2,0,1,0,65,1.75,80,0,0,0,0,6,4,0.270738694090014,0.640674999987823
11,1,2,0,1,0,19,17.5,25,0,0,0,0,6,4,0.0131532823656038,0.706517399987206
11,1,2,0,1,0,1,5,50,0,0,0,0,6,4,1.36331616637026,0.976650600001449
11,1,2,0,1,0,28,6,25,0,0,0,0,3,4,0.235165501736653,1.4242755999876
11,1,2,0,1,0,49,16,50,0,0,0,0,3,4,4.39140347457457,1.97788170000422
11,1,2,0,1,0,17,3.25,85,0,0,0,0,3,4,1.01382836615783,0.966366399996332
11,1,2,0,1,0,15,17.25,25,0,0,0,0,3,4,0.0281066505967615,1.06998660000681
11,1,2,0,1,0,8,16,15,0,0,0,0,3,4,0.225258077833356,1.19220540000242
11,1,2,0,1,0,71,6,25,0,0,0,0,3,4,0.169725049134769,0.944593500011251
11,1,2,0,1,0,29,7,20,0,0,0,0,3,4,0.19208045655586,0.996189299999969
11,1,2,0,1,0,64,19.5,65,0,0,0,0,3,4,6.46944346680797,1.13995440000144
11,1,2,0,1,0,9,2,30,0,0,0,0,3,4,0.0132905813671123,0.901639300005627
11,1,2,0,1,0,12,12,35,0,0,0,0,3,4,0.205290029554956,1.63608930000919
11,1,2,0,1,0,4,8.5,20,0,0,0,0,3,4,0.38871606278024,0.820595199998934
11,1,2,0,1,0,2,7.5,75,0,0,0,0,3,4,3.30333454044155,0.72570419999829
11,1,2,0,1,0,56,12,90,0,0,0,0,3,4,6.9547138402424,1.10945319999882
11,1,2,0,1,0,16,16,65,0,0,0,0,3,4,3.58345394151095,1.1206816000049
11,1,2,0,1,0,63,5.5,70,0,0,0,0,2,4,2.75794247859973,1.30018700000073
11,1,2,0,1,0,21,6,95,0,0,0,0,2,4,3.36617435154911,1.0183670999977
11,1,2,0,1,0,43,3,30,0,0,0,0,2,4,0.721576437402859,1.0372231999936
11,1,2,0,1,0,45,13.5,55,0,0,0,0,2,4,0.0237987591327524,3.79064009999274
11,1,2,0,1,0,7,16.75,65,0,0,0,0,2,4,6.16844959828275,7.05012929999793
11,1,2,0,1,0,23,7.75,60,0,0,0,0,2,4,3.69458535174441,0.986399300003541
11,1,2,0,1,0,3,15,85,0,0,0,0,2,4,8.21921293514572,1.04246599999897
11,1,2,0,1,0,59,2,80,0,0,0,0,2,4,3.37825396551196,1.65090219999547
11,1,2,0,1,0,73,5,70,0,0,0,0,2,4,1.9876990255007,1.890510000012
11,1,2,0,1,0,58,14,45,0,0,0,0,2,4,0.0718501965698763,1.45868829998653
11,1,2,0,1,0,10,19.5,10,0,0,0,0,2,4,0.218433613317863,0.899790900002699
11,1,2,0,1,0,35,13,70,0,0,0,0,2,4,2.62815763967217,1.83118609999656
11,1,2,0,1,0,53,14,90,0,0,0,0,2,4,7.20613492992456,1.23946509999223
11,1,2,0,1,0,46,2,55,0,0,0,0,2,4,0.236707839962357,1.03924270000425
11,1,2,0,1,0,11,18.25,70,0,0,0,0,1,4,8.45004369215782,1.99013500000001
11,1,2,0,1,0,18,18.75,80,0,0,0,0,1,4,9.06580158858904,1.0311967000016
11,1,2,0,1,0,36,14,15,0,0,0,0,1,4,0.794647517960492,1.04368889999751
11,1,2,0,1,0,61,15,75,0,0,0,0,1,4,5.05683954073189,2.00539460001164
11,1,2,0,1,0,84,11,50,0,0,0,0,1,4,0.0258262182553217,0.952582700003404
11,1,2,0,1,0,44,5,40,0,0,0,0,1,4,0.171246515969319,1.16913129999011
11,1,2,0,1,0,80,8,45,0,0,0,0,1,4,0.116530648832672,0.994212899997365
11,1,2,0,1,0,40,18,15,0,0,0,0,1,4,0.0284839160729184,1.16688020000583
11,1,2,0,1,0,83,17,80,0,0,0,0,1,4,6.84589259732479,1.34936890000245
11,1,2,0,1,0,50,2.5,90,0,0,0,0,1,4,1.51483500060771,2.29420530000061
11,1,2,0,1,0,34,12,15,0,0,0,0,1,4,0,1.10301710000203
11,1,2,0,1,0,33,11,65,0,0,0,0,1,4,4.9405045571595,0.933525200001895
11,1,2,0,1,0,14,16.75,45,0,0,0,0,1,4,1.29461730345313,0.855133899996872
11,1,2,0,1,0,67,8.5,50,0,0,0,0,1,4,4.67100709620403,0.688380499996128
11,2,1,0,1,1,52,18.5,10,85,0,0,0,5,2,0.189327620336417,18.1836212000053
11,2,1,0,1,1,45,13.5,55,65,0,0,0,5,2,1.90966220902158,3.56063619999622
11,2,1,0,1,1,58,14,45,20,0,0,0,5,2,2.32647838465969,2.80877719999989
11,2,1,0,1,1,17,3.25,85,205,0,0,0,5,2,0.823847810108301,5.23919149998983
11,2,1,0,1,1,60,15,35,31,0,0,0,5,2,0.19493969979052,3.10663680000289
11,2,1,0,1,1,41,19,65,245,0,0,0,5,2,3.288810736179,2.36166349999257
11,2,1,0,1,1,48,7,45,70,0,0,0,5,2,0.235193880960299,2.61875829999917
11,2,1,0,1,1,5,20,85,15,0,0,0,5,2,2.6548730676117,2.61334799999895
11,2,1,0,1,1,71,6,25,45,0,0,0,5,2,0.921044932113961,2.19353760000376
11,2,1,0,1,1,83,17,80,200,0,0,0,5,2,2.80796323539082,2.01918550000119
11,2,1,0,1,1,65,1.75,80,10,0,0,0,5,2,0.612386379557847,2.09353500000725
11,2,1,0,1,1,72,6.5,90,60,0,0,0,5,2,2.25494979574084,1.70671620000212
11,2,1,0,1,1,30,8,75,90,0,0,0,5,2,2.69435604560015,1.5446488000016
11,2,1,0,1,1,67,8.5,50,105,0,0,0,5,2,0.099021755943614,5.86236440000357
11,2,1,0,1,1,37,14.5,5,175,0,0,0,4,2,0.0533840545475712,8.01396690000547
11,2,1,0,1,1,40,18,15,110,0,0,0,4,2,0.0573515810849834,1.8129004999937
11,2,1,0,1,1,22,20,90,165,0,0,0,4,2,1.40556474403785,3.05033790000016
11,2,1,0,1,1,23,7.75,60,120,0,0,0,4,2,0.679500396253932,2.18623710000247
11,2,1,0,1,1,79,10,10,140,0,0,0,4,2,1.21520543891183,1.32680439999967
11,2,1,0,1,1,36,14,15,40,0,0,0,4,2,0.0898395681375135,1.87281359999906
11,2,1,0,1,1,70,3.5,40,3,0,0,0,4,2,0.0516515864734934,1.95701090000512
11,2,1,0,1,1,76,4,35,70,0,0,0,4,2,0.0830326529806733,2.2462028000009
11,2,1,0,1,1,14,16.75,45,145,0,0,0,4,2,0.409213713777447,5.37206639999931
11,2,1,0,1,1,29,7,20,55,0,0,0,4,2,0.380670571807034,1.75699390000955
11,2,1,0,1,1,12,12,35,1,0,0,0,4,2,1.48383568874483,2.03376000000571
11,2,1,0,1,1,66,10,90,80,0,0,0,4,2,2.37825494883874,1.42905920000339
11,2,1,0,1,1,3,15,85,14,0,0,0,4,2,3.15932490016559,2.72230130000389
11,2,1,0,1,1,10,19.5,10,125,0,0,0,4,2,0.03858254412064,1.43362080000225
11,2,1,0,1,1,56,12,90,210,0,0,0,3,2,1.40964942383839,1.94232090000878
11,2,1,0,1,1,18,18.75,80,250,0,0,0,3,2,3.14649511523884,1.34887129999697
11,2,1,0,1,1,21,6,95,55,0,0,0,3,2,1.69604115591173,3.63488969999889
11,2,1,0,1,1,63,5.5,70,40,0,0,0,3,2,0.738493440279665,3.05141379999986
11,2,1,0,1,1,35,13,70,30,0,0,0,3,2,0.524563806071161,4.65976009999576
11,2,1,0,1,1,26,4,45,50,0,0,0,3,2,0.42930910842464,1.59615209999902
11,2,1,0,1,1,81,14,55,5,0,0,0,3,2,0.01187722077864,1.53385900000285
11,2,1,0,1,1,80,8,45,125,0,0,0,3,2,0.0856387494879982,1.19910479999089
11,2,1,0,1,1,24,19,70,150,0,0,0,3,2,1.58841772968842,1.95406629999343
11,2,1,0,1,1,53,14,90,60,0,0,0,3,2,2.87558596334098,1.33511169999838
11,2,1,0,1,1,34,12,15,85,0,0,0,3,2,0.042630151126513,2.00627810000151
11,2,1,0,1,1,64,19.5,65,45,0,0,0,3,2,2.51225463538554,2.99972150000394
11,2,1,0,1,1,49,16,50,20,0,0,0,3,2,1.20508893312919,0.925959400003194
11,2,1,0,1,1,50,2.5,90,10,0,0,0,3,2,0.406418515441597,0.900969900001655
11,2,1,0,1,1,69,1.5,95,20,0,0,0,1,2,0.378161060125251,1.07469110000238
11,2,1,0,1,1,51,1,40,3,0,0,0,1,2,0.114077353339763,2.33346629999869
11,2,1,0,1,1,46,2,55,70,0,0,0,1,2,0.277823396041875,0.867896399999154
11,2,1,0,1,1,44,5,40,65,0,0,0,1,2,0.0261981966529561,3.64330080000218
11,2,1,0,1,1,31,8.5,50,22,0,0,0,1,2,0.0903861859792094,3.88457449999987
11,2,1,0,1,1,78,8.25,20,5,0,0,0,1,2,0.102435719737645,1.5687057999894
11,2,1,0,1,1,74,7,40,120,0,0,0,1,2,0.173580546315822,0.644391499998164
11,2,1,0,1,1,20,15.75,35,30,0,0,0,1,2,0.461928863912092,1.49985180000658
11,2,1,0,1,1,43,3,30,0,0,0,0,1,2,0.0437031879929322,1.2743816000002
11,2,1,0,1,1,68,2.5,65,25,0,0,0,1,2,0.0432088233078609,0.781324499999755
11,2,1,0,1,1,61,15,75,225,0,0,0,1,2,2.20094348372377,0.962231500001508
11,2,1,0,1,1,77,12,75,25,0,0,0,1,2,3.02364068989547,1.24791989999358
11,2,1,0,1,1,54,9.25,40,4,0,0,0,1,2,2.149515909395,6.95019299999694
11,2,1,0,1,1,55,16.5,25,155,0,0,0,1,2,0.258529479114415,3.58836059999885
11,2,1,0,1,1,32,9.5,30,170,0,0,0,6,2,0.0490641362450468,2.06805830000667
11,2,1,0,1,1,7,16.75,65,75,0,0,0,6,2,2.6521544516369,1.64091149999877
11,2,1,0,1,1,15,17.25,25,55,0,0,0,6,2,0,1.2743119999941
11,2,1,0,1,1,1,5,50,0,0,0,0,6,2,0.464990680568711,1.41328939999221
11,2,1,0,1,1,4,8.5,20,90,0,0,0,6,2,0.207842378911508,1.78496910000104
11,2,1,0,1,1,42,20,30,170,0,0,0,6,2,0.16676178747705,2.12522539999918
11,2,1,0,1,1,25,9,60,160,0,0,0,6,2,2.31588608544009,1.15918980000424
11,2,1,0,1,1,38,15.5,40,215,0,0,0,6,2,0.385790735287369,1.18054560000019
11,2,1,0,1,1,59,2,80,110,0,0,0,6,2,0.510472592362934,0.827099699992687
11,2,1,0,1,1,47,16,100,5,0,0,0,6,2,0.0147365424835719,4.09793910000008
11,2,1,0,1,1,6,19,20,175,0,0,0,6,2,0.109751155515536,2.09280949999811
11,2,1,0,1,1,82,9.5,20,25,0,0,0,6,2,0.741301199512076,2.71146489999956
11,2,1,0,1,1,8,16,15,20,0,0,0,6,2,0,1.00774230000388
11,2,1,0,1,1,28,6,25,7,0,0,0,6,2,0.0249653532916092,3.61730620000162
11,2,1,0,1,1,27,5.25,50,120,0,0,0,2,2,0.960004745779177,1.92160660000809
11,2,1,0,1,1,84,11,50,110,0,0,0,2,2,1.47196445528261,1.17217849999724
11,2,1,0,1,1,19,17.5,25,40,0,0,0,2,2,0.670974444013627,2.03524789999938
11,2,1,0,1,1,16,16,65,95,0,0,0,2,2,2.28245795329285,1.16990639999858
11,2,1,0,1,1,33,11,65,190,0,0,0,2,2,3.27094329718572,1.19862380000995
11,2,1,0,1,1,57,10,50,95,0,0,0,2,2,1.58614516991215,2.2400856000022
11,2,1,0,1,1,9,2,30,19,0,0,0,2,2,0.124540152812255,0.988787099995534
11,2,1,0,1,1,2,7.5,75,25,0,0,0,2,2,2.97671134965191,1.01876739998988
11,2,1,0,1,1,39,17,35,15,0,0,0,2,2,0.0416993887206374,1.42136930000561
11,2,1,0,1,1,13,19.5,5,7,0,0,0,2,2,0.28857816113586,1.12481449999905
11,2,1,0,1,1,11,18.25,70,55,0,0,0,2,2,2.81989770376836,0.886982799987891
11,2,1,0,1,1,75,6,85,45,0,0,0,2,2,2.50408750117698,1.19875560000946
11,2,1,0,1,1,73,5,70,14,0,0,0,2,2,1.81954823526173,1.91452409999329
11,2,1,0,1,1,62,10,95,135,0,0,0,2,2,2.06167395390355,1.03463019999617
11,2,2,1,1,1,10,18.5,10,85,19.5,10,125,5,1,1,14.7655142000003
11,2,2,1,1,1,22,20,90,165,19.5,65,45,5,1,1,3.6860444000049
11,2,2,1,1,1,15,10,50,95,17.25,25,55,5,1,0,3.84818539999833
11,2,2,1,1,1,34,4,35,70,12,15,85,5,1,0,2.73176670000248
11,2,2,1,1,1,20,10,95,135,15.75,35,30,5,1,0,2.6784534999897
11,2,2,1,1,1,28,3.5,40,3,6,25,7,5,1,0,4.41079490000266
11,2,2,1,1,1,9,1,40,3,2,30,19,5,1,1,3.59989749999659
11,2,2,1,1,1,8,2.5,90,10,16,15,20,2,1,0,4.00858229999722
11,2,2,1,1,1,21,6,95,55,5.5,70,40,2,1,1,2.36447830000543
11,2,2,1,1,1,23,7.75,60,120,1.75,80,10,2,1,1,3.16052420000779
11,2,2,1,1,1,37,10,10,140,14.5,5,175,2,1,0,3.20085510000354
11,2,2,1,1,1,39,14,55,5,17,35,15,2,1,0,2.05711049999809
11,2,2,1,1,1,5,20,85,15,16,100,5,2,1,0,2.18930300000648
11,2,2,1,1,1,29,6,25,45,7,20,55,2,1,0,2.45752589999756
11,2,2,1,1,1,17,2,80,110,3.25,85,205,4,1,1,6.41407179999806
11,2,2,1,1,1,31,5,70,14,8.5,50,22,4,1,0,3.99341229999845
11,2,2,1,1,1,36,8.25,20,5,14,15,40,4,1,0,3.00344980000227
11,2,2,1,1,1,30,8,75,90,6.5,90,60,4,1,0,2.05605630000355
11,2,2,1,1,1,13,16.5,25,155,19.5,5,7,4,1,0,1.48004729999229
11,2,2,1,1,1,16,16,65,95,14,45,20,4,1,1,1.33672779999324
11,2,2,1,1,1,4,8.5,20,90,2,55,70,4,1,0,2.52902549999999
11,2,2,1,1,1,40,9.5,20,25,18,15,110,6,1,0,4.41632270000991
11,2,2,1,1,1,27,5.25,50,120,1.5,95,20,6,1,0,2.05687499999476
11,2,2,1,1,1,12,9.25,40,4,12,35,1,6,1,1,3.41709750000155
11,2,2,1,1,1,6,19,20,175,7,45,70,6,1,0,2.63247029999911
11,2,2,1,1,1,18,18.75,80,250,15,35,31,6,1,1,6.0085323999956
11,2,2,1,1,1,35,13,70,30,12,75,25,6,1,1,3.88973009999609
11,2,2,1,1,1,24,10,90,80,19,70,150,6,1,0,1.92807140000514
11,2,2,1,1,1,19,15,75,225,17.5,25,40,3,1,0,3.99262459999591
11,2,2,1,1,1,3,13.5,55,65,15,85,14,3,1,1,1.52080949999799
11,2,2,1,1,1,42,11,50,110,20,30,170,3,1,0,2.13065710000228
11,2,2,1,1,1,33,6,85,45,11,65,190,3,1,0,3.34556220000377
11,2,2,1,1,1,32,7,40,120,9.5,30,170,3,1,0,1.76086019999639
11,2,2,1,1,1,7,16,50,20,16.75,65,75,3,1,1,3.84155350000947
11,2,2,1,1,1,2,7.5,75,25,5,40,65,3,1,1,3.10415230000217
11,2,2,1,1,1,11,14,90,60,18.25,70,55,1,1,0,3.38618480000878
11,2,2,1,1,1,26,4,45,50,2.5,65,25,1,1,0,2.92921129999741
11,2,2,1,1,1,38,8,45,125,15.5,40,215,1,1,1,3.1928162999975
11,2,2,1,1,1,1,5,50,0,3,30,0,1,1,1,2.87507300000289
11,2,2,1,1,1,25,8.5,50,105,9,60,160,1,1,1,4.74832539999625
11,2,2,1,1,1,14,16.75,45,145,12,90,210,1,1,0,1.81651279999642
11,2,2,1,1,1,41,17,80,200,19,65,245,1,1,0,3.52238300000317
11,3,1,0,0,1,18,18.75,100,250,0,0,0,3,6,0.3008797206518,20.7699782
11,3,1,0,0,1,59,2,100,110,0,0,0,3,6,0.256792383640157,3.53270840000005
11,3,1,0,0,1,2,7.5,100,25,0,0,0,3,6,0.231396142192317,4.85898469999847
11,3,1,0,0,1,55,16.5,100,155,0,0,0,3,6,0.288518754181716,2.25154079999993
11,3,1,0,0,1,42,20,100,170,0,0,0,3,6,0.285928829241868,1.59319440000036
11,3,1,0,0,1,48,7,100,70,0,0,0,3,6,0.0358318789725338,1.23286439999902
11,3,1,0,0,1,5,20,100,15,0,0,0,3,6,4.6799580496836,2.69851400000152
11,3,1,0,0,1,57,10,100,95,0,0,0,3,6,0.684451167262822,1.44498440000098
11,3,1,0,0,1,21,6,100,55,0,0,0,3,6,0.480089439442718,1.09266559999924
11,3,1,0,0,1,74,7,100,120,0,0,0,3,6,0.256218524888336,1.49984609999956
11,3,1,0,0,1,73,5,100,14,0,0,0,3,6,2.3711635431377,1.05270099999871
11,3,1,0,0,1,13,19.5,100,7,0,0,0,3,6,10.4539574199972,1.93890239999928
11,3,1,0,0,1,7,16.75,100,75,0,0,0,3,6,3.62085978610882,1.36516189999929
11,3,1,0,0,1,80,8,100,125,0,0,0,3,6,0.171027496033446,1.10368079999898
11,3,1,0,0,1,75,6,100,45,0,0,0,2,6,0.555799984176474,2.99600090000058
11,3,1,0,0,1,25,9,100,160,0,0,0,2,6,0.261477429567588,3.53749219999918
11,3,1,0,0,1,11,18.25,100,55,0,0,0,2,6,5.14400705533523,3.1093579999997
11,3,1,0,0,1,56,12,100,210,0,0,0,2,6,0.192856065436487,0.959862699999576
11,3,1,0,0,1,49,16,100,20,0,0,0,2,6,0.221557623108389,1.37534849999975
11,3,1,0,0,1,22,20,100,165,0,0,0,2,6,0.884998365671656,1.51767939999991
11,3,1,0,0,1,52,18.5,100,85,0,0,0,2,6,0.624582562937718,0.928232300000673
11,3,1,0,0,1,30,8,100,90,0,0,0,2,6,0.0388968544081578,0.952721099998598
11,3,1,0,0,1,58,14,100,20,0,0,0,2,6,7.16000386979735,0.977964800000336
11,3,1,0,0,1,24,19,100,150,0,0,0,2,6,0.453061529526948,1.69802820000041
11,3,1,0,0,1,9,2,100,19,0,0,0,2,6,0.0144031376959184,1.14629069999864
11,3,1,0,0,1,4,8.5,100,90,0,0,0,2,6,3.84963110623006,0.930773699999918
11,3,1,0,0,1,78,8.25,100,5,0,0,0,2,6,4.14186145198363,2.10051190000013
11,3,1,0,0,1,41,19,100,245,0,0,0,2,6,0.363387547020398,0.901097100000698
11,3,1,0,0,1,28,6,100,7,0,0,0,5,6,2.34920736764313,1.93592929999977
11,3,1,0,0,1,16,16,100,95,0,0,0,5,6,0.911127339944308,2.06406500000048
11,3,1,0,0,1,51,1,100,3,0,0,0,5,6,0,1.43711040000017
11,3,1,0,0,1,38,15.5,100,215,0,0,0,5,6,2.49730025103421,2.95606880000014
11,3,1,0,0,1,76,4,100,70,0,0,0,5,6,0.0242983466025528,1.05542940000123
11,3,1,0,0,1,23,7.75,100,120,0,0,0,5,6,0.0730036544438626,2.25293150000107
11,3,1,0,0,1,68,2.5,100,25,0,0,0,5,6,0.209798667415658,1.18367810000018
11,3,1,0,0,1,64,19.5,100,45,0,0,0,5,6,5.17039293953326,3.09810939999988
11,3,1,0,0,1,29,7,100,55,0,0,0,5,6,4.71484351315309,1.01261400000112
11,3,1,0,0,1,69,1.5,100,20,0,0,0,5,6,0.0290691939660874,1.16430369999944
11,3,1,0,0,1,10,19.5,100,125,0,0,0,5,6,2.78662155795447,1.91948310000043
11,3,1,0,0,1,17,3.25,100,205,0,0,0,5,6,2.49233423275134,1.17162790000111
11,3,1,0,0,1,65,1.75,100,10,0,0,0,5,6,0.0433067994797796,1.83179479999853
11,3,1,0,0,1,84,11,100,110,0,0,0,5,6,1.46540463526817,0.874146899999687
11,3,1,0,0,1,44,5,100,65,0,0,0,4,6,2.60986387477626,0.615345100000923
11,3,1,0,0,1,62,10,100,135,0,0,0,4,6,2.21913094105375,1.0351445999986
11,3,1,0,0,1,20,15.75,100,30,0,0,0,4,6,5,1.61053689999972
11,3,1,0,0,1,61,15,100,225,0,0,0,4,6,0.0707326195514995,1.26800639999965
11,3,1,0,0,1,36,14,100,40,0,0,0,4,6,5.34618545993222,1.34574130000146
11,3,1,0,0,1,82,9.5,100,25,0,0,0,4,6,4.47318006930294,2.68512460000056
11,3,1,0,0,1,39,17,100,15,0,0,0,4,6,8.98150654849517,1.8256736000003
11,3,1,0,0,1,77,12,100,25,0,0,0,4,6,6.0966376202642,1.66521029999967
11,3,1,0,0,1,34,12,100,85,0,0,0,4,6,0.462182477079178,2.00252929999988
11,3,1,0,0,1,26,4,100,50,0,0,0,4,6,0.266858504669056,1.01082499999939
11,3,1,0,0,1,43,3,100,0,0,0,0,4,6,1.04913929273178,2.23738739999862
11,3,1,0,0,1,6,19,100,175,0,0,0,4,6,0.0580047522114597,1.08079989999896
11,3,1,0,0,1,54,9.25,100,4,0,0,0,4,6,2.89326850784671,1.81061309999859
11,3,1,0,0,1,31,8.5,100,22,0,0,0,4,6,4.6407645009954,1.1992263000011
11,3,1,0,0,1,45,13.5,100,65,0,0,0,6,6,2.26436931488059,1.2419342000012
11,3,1,0,0,1,1,5,100,0,0,0,0,6,6,3.08362793627759,2.13519489999999
11,3,1,0,0,1,71,6,100,45,0,0,0,6,6,3.20242723372545,1.4171910999994
11,3,1,0,0,1,72,6.5,100,60,0,0,0,6,6,0.466881817573292,1.08975060000012
11,3,1,0,0,1,67,8.5,100,105,0,0,0,6,6,0.258529479114415,1.00811000000067
11,3,1,0,0,1,46,2,100,70,0,0,0,6,6,0.164606352320785,2.74058719999994
11,3,1,0,0,1,79,10,100,140,0,0,0,6,6,0.603816667985264,0.925748100000419
11,3,1,0,0,1,66,10,100,80,0,0,0,6,6,2.13735957255878,0.854773600000044
11,3,1,0,0,1,8,16,100,20,0,0,0,6,6,6.0902858031445,1.21576660000028
11,3,1,0,0,1,40,18,100,110,0,0,0,6,6,0.56027234101899,1.77347569999984
11,3,1,0,0,1,47,16,100,5,0,0,0,6,6,8.85123216189544,0.851554399998349
11,3,1,0,0,1,83,17,100,200,0,0,0,6,6,0.486552067528045,1.01866759999939
11,3,1,0,0,1,53,14,100,60,0,0,0,6,6,4.05707908617269,1.92938599999979
11,3,1,0,0,1,63,5.5,100,40,0,0,0,6,6,1.25665916378002,0.715725599999132
11,3,1,0,0,1,81,14,100,5,0,0,0,1,6,7.22117898674077,0.90784899999926
11,3,1,0,0,1,33,11,100,190,0,0,0,1,6,0.15220615517984,0.912374499999714
11,3,1,0,0,1,37,14.5,100,175,0,0,0,1,6,0.358885575738682,0.720187000000806
11,3,1,0,0,1,50,2.5,100,10,0,0,0,1,6,0.228285875658408,0.867875100000674
11,3,1,0,0,1,14,16.75,100,145,0,0,0,1,6,0.629076122253885,1.02698439999949
11,3,1,0,0,1,19,17.5,100,40,0,0,0,1,6,5.92629619819214,0.815295100001094
11,3,1,0,0,1,35,13,100,30,0,0,0,1,6,3.597282221468,1.18092239999896
11,3,1,0,0,1,60,15,100,31,0,0,0,1,6,6.13733024270827,0.958669300000111
11,3,1,0,0,1,70,3.5,100,3,0,0,0,1,6,0.339209168310273,0.966753800001243
11,3,1,0,0,1,3,15,100,14,0,0,0,1,6,6.50782604279572,3.45502169999963
11,3,1,0,0,1,32,9.5,100,170,0,0,0,1,6,0.31030026285703,0.977789500000654
11,3,1,0,0,1,27,5.25,100,120,0,0,0,1,6,0.233517147519031,2.69232469999952
11,3,1,0,0,1,15,17.25,100,55,0,0,0,1,6,4.3128454184562,2.36443330000111
11,3,1,0,0,1,12,12,100,1,0,0,0,1,6,7.24339906939338,0.8933018000007
11,3,2,1,0,1,33,6,100,45,11,100,190,4,5,0,10.1864729999998
11,3,2,1,0,1,15,17.25,100,55,10,100,95,4,5,1,3.36893569999847
11,3,2,1,0,1,19,17.5,100,40,15,100,225,4,5,1,3.08807390000038
11,3,2,1,0,1,36,8.25,100,5,14,100,40,4,5,0,5.40731969999979
11,3,2,1,0,1,10,19.5,100,125,18.5,100,85,4,5,0,3.38055879999956
11,3,2,1,0,1,37,10,100,140,14.5,100,175,4,5,0,6.76109030000043
11,3,2,1,0,1,2,5,100,65,7.5,100,25,4,5,1,2.38693140000032
11,3,2,1,0,1,24,19,100,150,10,100,80,6,5,0,4.40807450000102
11,3,2,1,0,1,30,8,100,90,6.5,100,60,6,5,0,2.98639539999931
11,3,2,1,0,1,12,9.25,100,4,12,100,1,6,5,1,2.28200880000077
11,3,2,1,0,1,8,16,100,20,2.5,100,10,6,5,0,8.00143320000097
11,3,2,1,0,1,28,6,100,7,3.5,100,3,6,5,1,9.22661309999967
11,3,2,1,0,1,22,20,100,165,19.5,100,45,6,5,0,3.48242199999913
11,3,2,1,0,1,25,9,100,160,8.5,100,105,6,5,0,3.28200529999958
11,3,2,1,0,1,23,7.75,100,120,1.75,100,10,3,5,0,4.49104019999868
11,3,2,1,0,1,41,19,100,245,17,100,200,3,5,0,5.83790779999981
11,3,2,1,0,1,16,16,100,95,14,100,20,3,5,0,4.88355229999979
11,3,2,1,0,1,20,10,100,135,15.75,100,30,3,5,1,3.60044930000004
11,3,2,1,0,1,4,8.5,100,90,2,100,70,3,5,0,10.1543484000013
11,3,2,1,0,1,26,4,100,50,2.5,100,25,3,5,0,13.0296791000001
11,3,2,1,0,1,40,9.5,100,25,18,100,110,3,5,0,3.12980159999825
11,3,2,1,0,1,6,19,100,175,7,100,70,2,5,0,4.02473590000045
11,3,2,1,0,1,9,2,100,19,1,100,3,2,5,0,2.86724830000094
11,3,2,1,0,1,13,19.5,100,7,16.5,100,155,2,5,1,3.02505930000007
11,3,2,1,0,1,3,13.5,100,65,15,100,14,2,5,1,3.4247663999995
11,3,2,1,0,1,14,16.75,100,145,12,100,210,2,5,1,4.56729110000015
11,3,2,1,0,1,27,5.25,100,120,1.5,100,20,2,5,0,3.4810925999991
11,3,2,1,0,1,7,16,100,20,16.75,100,75,2,5,0,2.57667570000012
11,3,2,1,0,1,1,5,100,0,3,100,0,1,5,1,4.44290849999925
11,3,2,1,0,1,42,20,100,170,11,100,110,1,5,0,5.39358979999997
11,3,2,1,0,1,17,3.25,100,205,2,100,110,1,5,0,4.00998000000072
11,3,2,1,0,1,32,7,100,120,9.5,100,170,1,5,0,5.61467110000012
11,3,2,1,0,1,38,8,100,125,15.5,100,215,1,5,0,2.93056369999977
11,3,2,1,0,1,35,12,100,25,13,100,30,1,5,1,5.89364870000099
11,3,2,1,0,1,39,17,100,15,14,100,5,1,5,0,4.03232819999903
11,3,2,1,0,1,11,14,100,60,18.25,100,55,5,5,1,5.5781834999998
11,3,2,1,0,1,29,7,100,55,6,100,45,5,5,0,5.61756659999992
11,3,2,1,0,1,21,5.5,100,40,6,100,55,5,5,0,3.83439360000011
11,3,2,1,0,1,5,16,100,5,20,100,15,5,5,0,2.24943069999972
11,3,2,1,0,1,31,5,100,14,8.5,100,22,5,5,0,2.05614179999975
11,3,2,1,0,1,18,18.75,100,250,15,100,31,5,5,0,2.64174329999878
11,3,2,1,0,1,34,4,100,70,12,100,85,5,5,0,2.60227740000119
12,1,1,0,1,0,43,3,30,0,0,0,0,4,4,0.998478980309287,23.1434302999987
12,1,1,0,1,0,25,9,60,0,0,0,0,4,4,2.99733077512318,8.75976719999744
12,1,1,0,1,0,22,20,90,0,0,0,0,4,4,8.03003578181906,10.0631393999938
12,1,1,0,1,0,65,1.75,80,0,0,0,0,4,4,0.234592291730667,5.33226229999855
12,1,1,0,1,0,81,14,55,0,0,0,0,4,4,5.01035153189121,5.88738369999919
12,1,1,0,1,0,14,16.75,45,0,0,0,0,4,4,5.95916134529742,4.6889269999956
12,1,1,0,1,0,7,16.75,65,0,0,0,0,4,4,5.97336422222401,3.76102449999598
12,1,1,0,1,0,69,1.5,95,0,0,0,0,4,4,0.455002257953311,3.8329223000037
12,1,1,0,1,0,8,16,15,0,0,0,0,4,4,2.68467025853172,7.96358850000252
12,1,1,0,1,0,1,5,50,0,0,0,0,4,4,2.02100507773903,4.73198169999523
12,1,1,0,1,0,82,9.5,20,0,0,0,0,4,4,1.05136913422507,3.34586629999103
12,1,1,0,1,0,27,5.25,50,0,0,0,0,4,4,2.03914122086579,7.28558239999984
12,1,1,0,1,0,77,12,75,0,0,0,0,4,4,5.02053605045794,4.65733390000241
12,1,1,0,1,0,57,10,50,0,0,0,0,4,4,3.49286428443251,2.36663459999545
12,1,1,0,1,0,80,8,45,0,0,0,0,1,4,1.25378503407747,7.70292880000488
12,1,1,0,1,0,19,17.5,25,0,0,0,0,1,4,1.04654443054575,3.02112380000472
12,1,1,0,1,0,9,2,30,0,0,0,0,1,4,0.465344102970153,4.693923800005
12,1,1,0,1,0,33,11,65,0,0,0,0,1,4,2.02060852873471,2.47437009999703
12,1,1,0,1,0,63,5.5,70,0,0,0,0,1,4,1.65528104365939,3.52954169998702
12,1,1,0,1,0,58,14,45,0,0,0,0,1,4,1.06590380697004,3.37754010000208
12,1,1,0,1,0,46,2,55,0,0,0,0,1,4,1.02767665810933,5.43519139999989
12,1,1,0,1,0,20,15.75,35,0,0,0,0,1,4,1.05848750366659,2.32377560000168
12,1,1,0,1,0,37,14.5,5,0,0,0,0,1,4,0.202033662716868,4.23732430000382
12,1,1,0,1,0,17,3.25,85,0,0,0,0,1,4,1.07794513732549,6.66947150000487
12,1,1,0,1,0,78,8.25,20,0,0,0,0,1,4,0.706086884657861,1.98715790000279
12,1,1,0,1,0,16,16,65,0,0,0,0,1,4,3.61797449690334,2.63756079999439
12,1,1,0,1,0,34,12,15,0,0,0,0,1,4,1.30818302035021,5.10936590000347
12,1,1,0,1,0,38,15.5,40,0,0,0,0,1,4,2.74870398150682,3.47160990000702
12,1,1,0,1,0,3,15,85,0,0,0,0,2,4,4.01485459360784,4.36144050001167
12,1,1,0,1,0,44,5,40,0,0,0,0,2,4,0.726893127356874,2.59907930000918
12,1,1,0,1,0,32,9.5,30,0,0,0,0,2,4,0.733564469960886,5.03566500000306
12,1,1,0,1,0,51,1,40,0,0,0,0,2,4,0.217439247102995,2.24207229999593
12,1,1,0,1,0,61,15,75,0,0,0,0,2,4,4.49384372227714,2.75990970000566
12,1,1,0,1,0,11,18.25,70,0,0,0,0,2,4,4.86760217867635,4.25730979999935
12,1,1,0,1,0,49,16,50,0,0,0,0,2,4,1.8037718147487,1.66114820000075
12,1,1,0,1,0,60,15,35,0,0,0,0,2,4,2.37392667687138,3.0810702000017
12,1,1,0,1,0,5,20,85,0,0,0,0,2,4,6.02453600451532,2.0892509999976
12,1,1,0,1,0,47,16,100,0,0,0,0,2,4,0,7.72269540000707
12,1,1,0,1,0,15,17.25,25,0,0,0,0,2,4,0.0432088233078609,23.4108103999897
12,1,1,0,1,0,64,19.5,65,0,0,0,0,2,4,2.02550983171412,2.95756300000357
12,1,1,0,1,0,72,6.5,90,0,0,0,0,2,4,1.00373666938081,2.22328170000401
12,1,1,0,1,0,74,7,40,0,0,0,0,2,4,1.01116708270736,3.65521589999844
12,1,1,0,1,0,31,8.5,50,0,0,0,0,5,4,1.01803856063574,4.46692759999132
12,1,1,0,1,0,45,13.5,55,0,0,0,0,5,4,1.25099024477645,2.92019889999938
12,1,1,0,1,0,84,11,50,0,0,0,0,5,4,1.03938909995913,2.13321390000056
12,1,1,0,1,0,10,19.5,10,0,0,0,0,5,4,0.145654161625821,1.48223789999611
12,1,1,0,1,0,39,17,35,0,0,0,0,5,4,1.0918569389994,1.9719594999915
12,1,1,0,1,0,66,10,90,0,0,0,0,5,4,3.05634859555906,1.77582890000485
12,1,1,0,1,0,67,8.5,50,0,0,0,0,5,4,1.0199134531522,4.6834486000007
12,1,1,0,1,0,76,4,35,0,0,0,0,5,4,0.161320703589837,1.38939660000324
12,1,1,0,1,0,59,2,80,0,0,0,0,5,4,0.160950009586411,1.1340654999949
12,1,1,0,1,0,4,8.5,20,0,0,0,0,5,4,0.662284628592818,1.35596190000069
12,1,1,0,1,0,41,19,65,0,0,0,0,5,4,1.9928098882287,1.13140709999425
12,1,1,0,1,0,24,19,70,0,0,0,0,5,4,1.07056605372122,1.12370900000678
12,1,1,0,1,0,40,18,15,0,0,0,0,5,4,1.12292323283226,2.13560029999644
12,1,1,0,1,0,26,4,45,0,0,0,0,5,4,0.348484263148066,2.3692224999977
12,1,1,0,1,0,83,17,80,0,0,0,0,6,4,2.52226432233717,4.33939709998958
12,1,1,0,1,0,73,5,70,0,0,0,0,6,4,1.00146715062697,1.50967979998677
12,1,1,0,1,0,42,20,30,0,0,0,0,6,4,0.289173578055532,2.22170460000052
12,1,1,0,1,0,52,18.5,10,0,0,0,0,6,4,0.374051184825532,4.89744580000115
12,1,1,0,1,0,13,19.5,5,0,0,0,0,6,4,0.0588084678001479,3.97647850000067
12,1,1,0,1,0,71,6,25,0,0,0,0,6,4,0.482029643492019,2.71022059999814
12,1,1,0,1,0,2,7.5,75,0,0,0,0,6,4,0.833253392349754,2.69950299999618
12,1,1,0,1,0,23,7.75,60,0,0,0,0,6,4,1.01757090488666,3.23934720001125
12,1,1,0,1,0,36,14,15,0,0,0,0,6,4,0.628700450407766,2.2887475000025
12,1,1,0,1,0,29,7,20,0,0,0,0,6,4,0.494314764815229,3.94308810000075
12,1,1,0,1,0,50,2.5,90,0,0,0,0,6,4,0.467475950871645,1.70238509999763
12,1,1,0,1,0,48,7,45,0,0,0,0,6,4,0.571855813547543,20.8425286999991
12,1,1,0,1,0,56,12,90,0,0,0,0,6,4,1.98336870024632,1.31151379999937
12,1,1,0,1,0,62,10,95,0,0,0,0,6,4,4.03287949041479,1.40150349999021
12,1,1,0,1,0,30,8,75,0,0,0,0,3,4,3.02327278471964,3.21397160000924
12,1,1,0,1,0,35,13,70,0,0,0,0,3,4,2.49864969516958,2.52008460000798
12,1,1,0,1,0,70,3.5,40,0,0,0,0,3,4,0.795312557068421,3.80815949999669
12,1,1,0,1,0,21,6,95,0,0,0,0,3,4,1.89173787215422,1.18194130000484
12,1,1,0,1,0,75,6,85,0,0,0,0,3,4,1.82762312522665,2.48264760000166
12,1,1,0,1,0,53,14,90,0,0,0,0,3,4,4.02976760110337,1.39613259999896
12,1,1,0,1,0,6,19,20,0,0,0,0,3,4,0.51347237800157,3.48604200000409
12,1,1,0,1,0,55,16.5,25,0,0,0,0,3,4,0.913730011199096,5.18058899999596
12,1,1,0,1,0,12,12,35,0,0,0,0,3,4,0.899189225064639,1.31368099999963
12,1,1,0,1,0,68,2.5,65,0,0,0,0,3,4,0.589142810997121,3.5675845000078
12,1,1,0,1,0,79,10,10,0,0,0,0,3,4,0.275986237572926,9.72888489998877
12,1,1,0,1,0,28,6,25,0,0,0,0,3,4,0.523264926664609,2.68158570000378
12,1,1,0,1,0,18,18.75,80,0,0,0,0,3,4,4.03904421761704,1.7849816000089
12,1,1,0,1,0,54,9.25,40,0,0,0,0,3,4,1.98831450784873,7.65253449999727
12,1,2,1,1,0,40,9.5,20,0,18,15,0,2,3,1,10.5468758000061
12,1,2,1,1,0,23,1.75,80,0,7.75,60,0,2,3,1,5.41253339999821
12,1,2,1,1,0,26,2.5,65,0,4,45,0,2,3,1,9.65261509999982
12,1,2,1,1,0,7,16,50,0,16.75,65,0,2,3,1,4.4452225999994
12,1,2,1,1,0,6,19,20,0,7,45,0,2,3,1,4.79706330000772
12,1,2,1,1,0,30,8,75,0,6.5,90,0,2,3,0,3.86089900000661
12,1,2,1,1,0,32,7,40,0,9.5,30,0,2,3,0,4.46049660000426
12,1,2,1,1,0,35,13,70,0,12,75,0,5,3,0,8.63575679999485
12,1,2,1,1,0,14,12,90,0,16.75,45,0,5,3,0,2.78063150000526
12,1,2,1,1,0,37,10,10,0,14.5,5,0,5,3,0,4.21279550000327
12,1,2,1,1,0,15,10,50,0,17.25,25,0,5,3,0,4.7246707000013
12,1,2,1,1,0,20,15.75,35,0,10,95,0,5,3,0,2.02833320001082
12,1,2,1,1,0,28,3.5,40,0,6,25,0,5,3,0,4.84415110001282
12,1,2,1,1,0,1,5,50,0,3,30,0,5,3,1,3.90768289999687
12,1,2,1,1,0,19,17.5,25,0,15,75,0,3,3,0,4.76345840000431
12,1,2,1,1,0,25,9,60,0,8.5,50,0,3,3,1,3.82912870000291
12,1,2,1,1,0,17,2,80,0,3.25,85,0,3,3,1,2.41285789999529
12,1,2,1,1,0,41,17,80,0,19,65,0,3,3,0,2.1091088999965
12,1,2,1,1,0,27,1.5,95,0,5.25,50,0,3,3,0,2.28534210000362
12,1,2,1,1,0,4,2,55,0,8.5,20,0,3,3,1,6.36644389999856
12,1,2,1,1,0,16,16,65,0,14,45,0,3,3,1,3.01307889999589
12,1,2,1,1,0,31,8.5,50,0,5,70,0,1,3,0,3.49500439999974
12,1,2,1,1,0,12,9.25,40,0,12,35,0,1,3,0,4.89407490000303
12,1,2,1,1,0,10,19.5,10,0,18.5,10,0,1,3,1,3.20498509999015
12,1,2,1,1,0,8,2.5,90,0,16,15,0,1,3,0,5.07721909999964
12,1,2,1,1,0,39,17,35,0,14,55,0,1,3,0,2.54088570000022
12,1,2,1,1,0,38,8,45,0,15.5,40,0,1,3,1,3.87639109999873
12,1,2,1,1,0,11,18.25,70,0,14,90,0,1,3,0,3.30907620000653
12,1,2,1,1,0,18,15,35,0,18.75,80,0,4,3,1,3.02099610000732
12,1,2,1,1,0,34,12,15,0,4,35,0,4,3,0,4.1330839000002
12,1,2,1,1,0,33,11,65,0,6,85,0,4,3,0,3.0369786000083
12,1,2,1,1,0,36,14,15,0,8.25,20,0,4,3,1,3.02920780000568
12,1,2,1,1,0,5,16,100,0,20,85,0,4,3,0,3.62775789998705
12,1,2,1,1,0,13,19.5,5,0,16.5,25,0,4,3,0,3.78542280000693
12,1,2,1,1,0,29,6,25,0,7,20,0,4,3,1,5.54282970000349
12,1,2,1,1,0,2,5,40,0,7.5,75,0,6,3,1,2.74879379999766
12,1,2,1,1,0,24,10,90,0,19,70,0,6,3,0,4.16440619999776
12,1,2,1,1,0,22,20,90,0,19.5,65,0,6,3,1,2.14101259999734
12,1,2,1,1,0,42,11,50,0,20,30,0,6,3,0,5.5357428999996
12,1,2,1,1,0,21,5.5,70,0,6,95,0,6,3,1,3.9013949999935
12,1,2,1,1,0,3,15,85,0,13.5,55,0,6,3,1,3.63664090000384
12,1,2,1,1,0,9,1,40,0,2,30,0,6,3,0,1.42101289999846
12,2,1,1,0,1,6,19,100,175,7,100,70,1,5,1,4.71004320000065
12,2,1,1,0,1,19,15,100,225,17.5,100,40,1,5,1,5.59188100000028
12,2,1,1,0,1,10,19.5,100,125,18.5,100,85,1,5,0,7.91855000000214
12,2,1,1,0,1,33,11,100,190,6,100,45,1,5,0,6.1685421000002
12,2,1,1,0,1,15,17.25,100,55,10,100,95,1,5,1,4.17298380000284
12,2,1,1,0,1,11,18.25,100,55,14,100,60,1,5,1,5.24835639999947
12,2,1,1,0,1,18,18.75,100,250,15,100,31,1,5,0,4.0217879999982
12,2,1,1,0,1,34,4,100,70,12,100,85,3,5,1,5.64074400000391
12,2,1,1,0,1,12,9.25,100,4,12,100,1,3,5,1,4.21684290000121
12,2,1,1,0,1,21,6,100,55,5.5,100,40,3,5,0,7.41814899999008
12,2,1,1,0,1,27,5.25,100,120,1.5,100,20,3,5,1,5.54411519999849
12,2,1,1,0,1,24,10,100,80,19,100,150,3,5,1,3.34090809999907
12,2,1,1,0,1,30,6.5,100,60,8,100,90,3,5,1,4.92113629999221
12,2,1,1,0,1,35,13,100,30,12,100,25,3,5,1,4.08123779999733
12,2,1,1,0,1,38,8,100,125,15.5,100,215,4,5,1,4.66376399999717
12,2,1,1,0,1,41,19,100,245,17,100,200,4,5,1,3.24934350000694
12,2,1,1,0,1,26,4,100,50,2.5,100,25,4,5,1,2.6977906999964
12,2,1,1,0,1,31,5,100,14,8.5,100,22,4,5,1,2.47287859999051
12,2,1,1,0,1,3,13.5,100,65,15,100,14,4,5,1,4.66456350000226
12,2,1,1,0,1,13,16.5,100,155,19.5,100,7,4,5,1,2.51268189999973
12,2,1,1,0,1,23,1.75,100,10,7.75,100,120,4,5,1,3.75355749999289
12,2,1,1,0,1,20,15.75,100,30,10,100,135,6,5,1,3.40072569999029
12,2,1,1,0,1,1,5,100,0,3,100,0,6,5,1,3.73710480000591
12,2,1,1,0,1,2,5,100,65,7.5,100,25,6,5,1,5.81384210000397
12,2,1,1,0,1,22,19.5,100,45,20,100,165,6,5,0,4.39066740000271
12,2,1,1,0,1,16,14,100,20,16,100,95,6,5,0,6.23337919999904
12,2,1,1,0,1,17,3.25,100,205,2,100,110,6,5,0,4.55303840000124
12,2,1,1,0,1,29,6,100,45,7,100,55,6,5,1,5.12934520000999
12,2,1,1,0,1,9,2,100,19,1,100,3,5,5,1,9.46887100000458
12,2,1,1,0,1,8,16,100,20,2.5,100,10,5,5,1,4.2395145999908
12,2,1,1,0,1,7,16.75,100,75,16,100,20,5,5,0,3.32072509999853
12,2,1,1,0,1,28,3.5,100,3,6,100,7,5,5,1,2.6974707999907
12,2,1,1,0,1,39,17,100,15,14,100,5,5,5,1,3.23316980000527
12,2,1,1,0,1,40,18,100,110,9.5,100,25,5,5,1,2.07312159999856
12,2,1,1,0,1,42,20,100,170,11,100,110,5,5,1,2.24111420000554
12,2,1,1,0,1,25,8.5,100,105,9,100,160,2,5,0,5.35597319999943
12,2,1,1,0,1,36,14,100,40,8.25,100,5,2,5,0,4.85669930001313
12,2,1,1,0,1,37,14.5,100,175,10,100,140,2,5,0,4.03923729999224
12,2,1,1,0,1,5,20,100,15,16,100,5,2,5,1,5.28797580000537
12,2,1,1,0,1,32,7,100,120,9.5,100,170,2,5,0,3.22619980000309
12,2,1,1,0,1,4,2,100,70,8.5,100,90,2,5,1,2.96895450000011
12,2,1,1,0,1,14,12,100,210,16.75,100,145,2,5,1,5.70780150000064
12,2,2,0,0,1,64,19.5,100,45,0,0,0,5,6,4.0613858613435,16.9110722000041
12,2,2,0,0,1,84,11,100,110,0,0,0,5,6,1.00537839182461,7.92961900000228
12,2,2,0,0,1,25,9,100,160,0,0,0,5,6,1.02734586061814,8.70452990000194
12,2,2,0,0,1,70,3.5,100,3,0,0,0,5,6,0.996199999994484,2.14055919999373
12,2,2,0,0,1,30,8,100,90,0,0,0,5,6,2.00185987571388,5.96420889999717
12,2,2,0,0,1,6,19,100,175,0,0,0,5,6,2.06694220716932,2.15247069999168
12,2,2,0,0,1,42,20,100,170,0,0,0,5,6,2.04369094153031,1.63803370000096
12,2,2,0,0,1,19,17.5,100,40,0,0,0,5,6,2.00185987571388,3.35051560000284
12,2,2,0,0,1,67,8.5,100,105,0,0,0,5,6,1.04895128484505,1.77866660000291
12,2,2,0,0,1,60,15,100,31,0,0,0,5,6,2.99709806937205,5.53498730000865
12,2,2,0,0,1,69,1.5,100,20,0,0,0,5,6,0.277887182402512,2.40591709999717
12,2,2,0,0,1,17,3.25,100,205,0,0,0,5,6,1.03206305929602,4.37818020000122
12,2,2,0,0,1,65,1.75,100,10,0,0,0,5,6,0.749822116018834,3.6393173999968
12,2,2,0,0,1,74,7,100,120,0,0,0,5,6,0.693088844611744,1.06761379999807
12,2,2,0,0,1,41,19,100,245,0,0,0,1,6,1.09493938892155,4.28251380000438
12,2,2,0,0,1,21,6,100,55,0,0,0,1,6,1.06101488097066,1.96218670000962
12,2,2,0,0,1,55,16.5,100,155,0,0,0,1,6,1.0730146040872,2.54861939999682
12,2,2,0,0,1,73,5,100,14,0,0,0,1,6,1.04414849718111,0.511205500006326
12,2,2,0,0,1,54,9.25,100,4,0,0,0,1,6,1.03206305929602,0.822117000003345
12,2,2,0,0,1,46,2,100,70,0,0,0,1,6,1.04414849718111,1.4175857000082
12,2,2,0,0,1,44,5,100,65,0,0,0,1,6,2.02040590619034,0.927626999997301
12,2,2,0,0,1,75,6,100,45,0,0,0,1,6,1.02500325524284,3.47568010000396
12,2,2,0,0,1,66,10,100,80,0,0,0,1,6,1.00537839182461,1.88505430000077
12,2,2,0,0,1,47,16,100,5,0,0,0,1,6,2.0112614124296,2.12412150000455
12,2,2,0,0,1,20,15.75,100,30,0,0,0,1,6,1.9928098882287,1.36449360000552
12,2,2,0,0,1,57,10,100,95,0,0,0,1,6,1.02500325524284,2.2299900999933
12,2,2,0,0,1,2,7.5,100,25,0,0,0,1,6,1.02500325524284,7.45193000001018
12,2,2,0,0,1,8,16,100,20,0,0,0,1,6,4.03214513455646,3.83885879999434
12,2,2,0,0,1,35,13,100,30,0,0,0,4,6,2.05752734828067,6.56646539999929
12,2,2,0,0,1,77,12,100,25,0,0,0,4,6,1.02267121716315,2.77842079999391
12,2,2,0,0,1,81,14,100,5,0,0,0,4,6,1.0199134531522,3.0055435999966
12,2,2,0,0,1,32,9.5,100,170,0,0,0,4,6,1.04895128484505,1.25800319999689
12,2,2,0,0,1,13,19.5,100,7,0,0,0,4,6,1.04176341126402,0.886056700008339
12,2,2,0,0,1,49,16,100,20,0,0,0,4,6,1.00306810563501,1.12345620000269
12,2,2,0,0,1,37,14.5,100,175,0,0,0,4,6,1.02734586061814,0.709570700011682
12,2,2,0,0,1,1,5,100,0,0,0,0,4,6,1.04654443054575,0.96627219999209
12,2,2,0,0,1,80,8,100,125,0,0,0,4,6,1.96939269792888,4.49083910000627
12,2,2,0,0,1,82,9.5,100,25,0,0,0,4,6,2.03907445914171,2.2959603999916
12,2,2,0,0,1,52,18.5,100,85,0,0,0,4,6,4.01711878533162,1.48485940000683
12,2,2,0,0,1,3,15,100,14,0,0,0,4,6,4.02118179370215,0.92878090000886
12,2,2,0,0,1,36,14,100,40,0,0,0,4,6,2.9911317509229,1.69745069999772
12,2,2,0,0,1,62,10,100,135,0,0,0,4,6,1.9655349456796,2.55237130000023
12,2,2,0,0,1,24,19,100,150,0,0,0,2,6,2.04832764699134,2.05803960000048
12,2,2,0,0,1,22,20,100,165,0,0,0,2,6,9.94172979460803,2.23935799999163
12,2,2,0,0,1,76,4,100,70,0,0,0,2,6,1.04895128484505,1.3282218999957
12,2,2,0,0,1,26,4,100,50,0,0,0,2,6,1.025365500544,1.2029021000053
12,2,2,0,0,1,14,16.75,100,145,0,0,0,2,6,6.00760431843443,2.05252270000346
12,2,2,0,0,1,51,1,100,3,0,0,0,2,6,0.586437000404228,1.10389399999985
12,2,2,0,0,1,56,12,100,210,0,0,0,2,6,2.02534508357163,1.7330357000028
12,2,2,0,0,1,79,10,100,140,0,0,0,2,6,2.0064147342708,1.58109399999375
12,2,2,0,0,1,48,7,100,70,0,0,0,2,6,1.01757090488666,1.42128910000611
12,2,2,0,0,1,31,8.5,100,22,0,0,0,2,6,1.02969910463968,0.742012100003194
12,2,2,0,0,1,28,6,100,7,0,0,0,2,6,1.0199134531522,0.661718900009873
12,2,2,0,0,1,50,2.5,100,10,0,0,0,2,6,0.456051908397924,0.626265099999728
12,2,2,0,0,1,7,16.75,100,75,0,0,0,2,6,0.986287214316132,0.844819999998435
12,2,2,0,0,1,71,6,100,45,0,0,0,2,6,1.03206305929602,0.675267900005565
12,2,2,0,0,1,12,12,100,1,0,0,0,3,6,3.99119641041539,2.62294200000179
12,2,2,0,0,1,72,6.5,100,60,0,0,0,3,6,3.0036932398579,1.96427119999134
12,2,2,0,0,1,16,16,100,95,0,0,0,3,6,10,2.46954419999383
12,2,2,0,0,1,68,2.5,100,25,0,0,0,3,6,1.01523900157096,4.49882570000773
12,2,2,0,0,1,11,18.25,100,55,0,0,0,3,6,0.996199999994484,1.68411500001093
12,2,2,0,0,1,4,8.5,100,90,0,0,0,3,6,1.00076832543155,1.28370030000224
12,2,2,0,0,1,33,11,100,190,0,0,0,3,6,1.07514123330803,0.822515499996371
12,2,2,0,0,1,15,17.25,100,55,0,0,0,3,6,0.97954595687246,1.10137419999228
12,2,2,0,0,1,59,2,100,110,0,0,0,3,6,0.279169084892128,2.34840679999616
12,2,2,0,0,1,83,17,100,200,0,0,0,3,6,2.02976735636013,1.79310819999955
12,2,2,0,0,1,61,15,100,225,0,0,0,3,6,1.00537839182461,0.331802100001369
12,2,2,0,0,1,27,5.25,100,120,0,0,0,3,6,1.02734586061814,1.58127870000317
12,2,2,0,0,1,10,19.5,100,125,0,0,0,3,6,4.09076339587436,1.38277599999856
12,2,2,0,0,1,63,5.5,100,40,0,0,0,3,6,1.03702549107566,1.51624079998874
12,2,2,0,0,1,38,15.5,100,215,0,0,0,6,6,3.04383423693261,3.06615280000551
12,2,2,0,0,1,43,3,100,0,0,0,0,6,6,0.132609935998001,1.31581640000513
12,2,2,0,0,1,34,12,100,85,0,0,0,6,6,1.937782503238,2.97723230000702
12,2,2,0,0,1,45,13.5,100,65,0,0,0,6,6,3.00423006684671,1.77694599999813
12,2,2,0,0,1,39,17,100,15,0,0,0,6,6,3.00423006684671,1.57637429999886
12,2,2,0,0,1,53,14,100,60,0,0,0,6,6,2.0064147342708,2.56721259999904
12,2,2,0,0,1,29,7,100,55,0,0,0,6,6,1.03938909995913,1.66066989999672
12,2,2,0,0,1,23,7.75,100,120,0,0,0,6,6,1.04895128484505,1.46337479999056
12,2,2,0,0,1,18,18.75,100,250,0,0,0,6,6,1.95539705527773,2.1326670999988
12,2,2,0,0,1,40,18,100,110,0,0,0,6,6,2.9911317509229,3.45633200000157
12,2,2,0,0,1,5,20,100,15,0,0,0,6,6,1.97441285270029,13.415880200002
12,2,2,0,0,1,78,8.25,100,5,0,0,0,6,6,1.04895128484505,1.30226029999903
12,2,2,0,0,1,9,2,100,19,0,0,0,6,6,0.294521075935759,1.20138159999624
12,2,2,0,0,1,58,14,100,20,0,0,0,6,6,2.0112614124296,1.6900547999976
12,3,1,1,1,1,37,14.5,5,175,10,10,140,2,1,1,8.1112761000004
12,3,1,1,1,1,16,14,45,20,16,65,95,2,1,0,6.99893150000025
12,3,1,1,1,1,18,15,35,31,18.75,80,250,2,1,1,5.57664000000113
12,3,1,1,1,1,24,10,90,80,19,70,150,2,1,0,5.0077194000005
12,3,1,1,1,1,31,5,70,14,8.5,50,22,2,1,0,2.95152489999964
12,3,1,1,1,1,25,9,60,160,8.5,50,105,2,1,1,4.33577019999939
12,3,1,1,1,1,40,18,15,110,9.5,20,25,2,1,0,3.75893700000051
12,3,1,1,1,1,35,13,70,30,12,75,25,3,1,0,5.53102939999917
12,3,1,1,1,1,36,14,15,40,8.25,20,5,3,1,1,7.51654810000036
12,3,1,1,1,1,3,13.5,55,65,15,85,14,3,1,1,3.26427879999937
12,3,1,1,1,1,19,15,75,225,17.5,25,40,3,1,0,5.85835970000153
12,3,1,1,1,1,15,17.25,25,55,10,50,95,3,1,0,4.53929269999935
12,3,1,1,1,1,41,19,65,245,17,80,200,3,1,0,3.51261689999956
12,3,1,1,1,1,14,16.75,45,145,12,90,210,3,1,0,2.87318650000088
12,3,1,1,1,1,28,6,25,7,3.5,40,3,6,1,1,8.03176439999879
12,3,1,1,1,1,38,15.5,40,215,8,45,125,6,1,1,3.48847519999981
12,3,1,1,1,1,34,4,35,70,12,15,85,6,1,1,5.78420370000094
12,3,1,1,1,1,30,6.5,90,60,8,75,90,6,1,0,2.67178430000058
12,3,1,1,1,1,33,11,65,190,6,85,45,6,1,1,3.79269000000022
12,3,1,1,1,1,13,19.5,5,7,16.5,25,155,6,1,0,3.07111850000001
12,3,1,1,1,1,20,10,95,135,15.75,35,30,6,1,0,2.5704010999998
12,3,1,1,1,1,27,1.5,95,20,5.25,50,120,4,1,0,4.6645953999996
12,3,1,1,1,1,4,2,55,70,8.5,20,90,4,1,0,4.20965889999934
12,3,1,1,1,1,39,17,35,15,14,55,5,4,1,0,2.40096400000039
12,3,1,1,1,1,2,5,40,65,7.5,75,25,4,1,1,4.86369860000013
12,3,1,1,1,1,32,9.5,30,170,7,40,120,4,1,1,3.08036589999938
12,3,1,1,1,1,5,16,100,5,20,85,15,4,1,0,4.89664679999987
12,3,1,1,1,1,9,1,40,3,2,30,19,4,1,1,4.71384189999844
12,3,1,1,1,1,11,18.25,70,55,14,90,60,1,1,0,3.52148190000116
12,3,1,1,1,1,42,11,50,110,20,30,170,1,1,1,3.23351660000117
12,3,1,1,1,1,7,16.75,65,75,16,50,20,1,1,1,3.33799399999953
12,3,1,1,1,1,22,19.5,65,45,20,90,165,1,1,1,4.01877260000037
12,3,1,1,1,1,23,7.75,60,120,1.75,80,10,1,1,1,3.36171800000011
12,3,1,1,1,1,17,3.25,85,205,2,80,110,1,1,1,5.29035209999893
12,3,1,1,1,1,29,7,20,55,6,25,45,1,1,0,3.62439239999912
12,3,1,1,1,1,10,18.5,10,85,19.5,10,125,5,1,1,5.53692939999928
12,3,1,1,1,1,26,4,45,50,2.5,65,25,5,1,1,8.33713780000107
12,3,1,1,1,1,1,5,50,0,3,30,0,5,1,1,3.73178399999961
12,3,1,1,1,1,6,7,45,70,19,20,175,5,1,1,6.4895918000002
12,3,1,1,1,1,8,16,15,20,2.5,90,10,5,1,1,4.37763090000044
12,3,1,1,1,1,21,6,95,55,5.5,70,40,5,1,1,2.96464489999926
12,3,1,1,1,1,12,9.25,40,4,12,35,1,5,1,0,6.20310560000144
12,3,2,0,1,1,49,16,50,20,0,0,0,4,2,5.01031797755171,7.87541989999954
12,3,2,0,1,1,35,13,70,30,0,0,0,4,2,5.02060250970488,2.68701879999935
12,3,2,0,1,1,8,16,15,20,0,0,0,4,2,2.00671910402213,3.12531040000067
12,3,2,0,1,1,46,2,55,70,0,0,0,4,2,0.614171127961793,4.19357619999937
12,3,2,0,1,1,10,19.5,10,125,0,0,0,4,2,1.01291767143232,2.80053020000014
12,3,2,0,1,1,63,5.5,70,40,0,0,0,4,2,1.45265765091671,1.81068369999957
12,3,2,0,1,1,71,6,25,45,0,0,0,4,2,1.58808246292395,6.12365359999967
12,3,2,0,1,1,70,3.5,40,3,0,0,0,4,2,1.0199134531522,2.48549699999967
12,3,2,0,1,1,73,5,70,14,0,0,0,4,2,1.01523900157096,1.66561829999955
12,3,2,0,1,1,52,18.5,10,85,0,0,0,4,2,0.204818424420349,1.51786429999993
12,3,2,0,1,1,42,20,30,170,0,0,0,4,2,1.98831450784873,2.54653589999907
12,3,2,0,1,1,55,16.5,25,155,0,0,0,4,2,2.05295088345068,1.93391209999936
12,3,2,0,1,1,57,10,50,95,0,0,0,4,2,2.06215716410116,1.2007623999998
12,3,2,0,1,1,22,20,90,165,0,0,0,4,2,3.00423006684671,1.29577280000012
12,3,2,0,1,1,68,2.5,65,25,0,0,0,1,2,0.615580722238786,3.53475120000076
12,3,2,0,1,1,43,3,30,0,0,0,0,1,2,0.497717828038919,2.55097589999968
12,3,2,0,1,1,39,17,35,15,0,0,0,1,2,1.62331326996968,1.70269449999978
12,3,2,0,1,1,83,17,80,200,0,0,0,1,2,3.57638353379641,1.57892280000124
12,3,2,0,1,1,58,14,45,20,0,0,0,1,2,2.03447807263204,2.11304149999887
12,3,2,0,1,1,21,6,95,55,0,0,0,1,2,1.18448314383726,1.8537322000011
12,3,2,0,1,1,66,10,90,80,0,0,0,1,2,1.78169214281246,1.83206590000009
12,3,2,0,1,1,20,15.75,35,30,0,0,0,1,2,1.21061152037919,1.97965719999956
12,3,2,0,1,1,65,1.75,80,10,0,0,0,1,2,0.619848472821488,1.34341060000042
12,3,2,0,1,1,72,6.5,90,60,0,0,0,1,2,1.20508893312919,2.01000810000005
12,3,2,0,1,1,14,16.75,45,145,0,0,0,1,2,1.15287165778345,1.41599159999896
12,3,2,0,1,1,15,17.25,25,55,0,0,0,1,2,0.704465749545545,2.57110479999938
12,3,2,0,1,1,64,19.5,65,45,0,0,0,1,2,1.37459149493447,1.47837869999967
12,3,2,0,1,1,2,7.5,75,25,0,0,0,1,2,1.51711832756556,1.40835460000017
12,3,2,0,1,1,75,6,85,45,0,0,0,2,2,0.5744950866256,3.30272870000044
12,3,2,0,1,1,36,14,15,40,0,0,0,2,2,0.706086884657861,1.62026020000121
12,3,2,0,1,1,19,17.5,25,40,0,0,0,2,2,0.441388437861182,1.38847739999983
12,3,2,0,1,1,37,14.5,5,175,0,0,0,2,2,0.102671705863635,1.46473049999986
12,3,2,0,1,1,48,7,45,70,0,0,0,2,2,0.676892581503978,2.65815190000103
12,3,2,0,1,1,4,8.5,20,90,0,0,0,2,2,0.279169084892128,2.35476230000131
12,3,2,0,1,1,30,8,75,90,0,0,0,2,2,1.01757090488666,1.9710240000004
12,3,2,0,1,1,23,7.75,60,120,0,0,0,2,2,0.583755861251362,1.60419910000019
12,3,2,0,1,1,74,7,40,120,0,0,0,2,2,0.673789406515283,1.67730779999874
12,3,2,0,1,1,34,12,15,85,0,0,0,2,2,0.338621374603612,1.37335489999896
12,3,2,0,1,1,29,7,20,55,0,0,0,2,2,0.426720274880314,1.24911810000049
12,3,2,0,1,1,80,8,45,125,0,0,0,2,2,0.762632434958558,1.08715140000095
12,3,2,0,1,1,53,14,90,60,0,0,0,2,2,1.68082885479879,1.80292460000055
12,3,2,0,1,1,27,5.25,50,120,0,0,0,2,2,0.500012634268963,1.92941820000124
12,3,2,0,1,1,12,12,35,1,0,0,0,6,2,0.589142810997121,6.96727089999877
12,3,2,0,1,1,25,9,60,160,0,0,0,6,2,0.748102369651065,2.5694526999996
12,3,2,0,1,1,9,2,30,19,0,0,0,6,2,0.337063828799529,8.46007099999952
12,3,2,0,1,1,32,9.5,30,170,0,0,0,6,2,0.380929839872771,1.54324360000101
12,3,2,0,1,1,40,18,15,110,0,0,0,6,2,0.248097630343416,2.19745380000131
12,3,2,0,1,1,50,2.5,90,10,0,0,0,6,2,0.736946068348718,1.65331220000007
12,3,2,0,1,1,79,10,10,140,0,0,0,6,2,0.0878040558254654,1.15318539999862
12,3,2,0,1,1,77,12,75,25,0,0,0,6,2,1.00076832543155,1.4373269000007
12,3,2,0,1,1,60,15,35,31,0,0,0,6,2,0.48424754974803,2.10105789999943
12,3,2,0,1,1,16,16,65,95,0,0,0,6,2,1.02969910463968,2.71430259999943
12,3,2,0,1,1,84,11,50,110,0,0,0,6,2,0.83899993617166,1.15792529999999
12,3,2,0,1,1,26,4,45,50,0,0,0,6,2,0.189327620336417,1.81031020000046
12,3,2,0,1,1,62,10,95,135,0,0,0,6,2,2.0112614124296,2.39429789999849
12,3,2,0,1,1,3,15,85,14,0,0,0,6,2,1.63743106157329,1.00681210000039
12,3,2,0,1,1,28,6,25,7,0,0,0,3,2,0.232451808831129,1.70508259999951
12,3,2,0,1,1,13,19.5,5,7,0,0,0,3,2,0.247530473893047,1.24540390000038
12,3,2,0,1,1,18,18.75,80,250,0,0,0,3,2,1.47116887946524,1.83824139999888
12,3,2,0,1,1,7,16.75,65,75,0,0,0,3,2,0.603784282393384,2.21535380000023
12,3,2,0,1,1,61,15,75,225,0,0,0,3,2,0.986287214316132,1.00787769999988
12,3,2,0,1,1,5,20,85,15,0,0,0,3,2,1.2681504829308,1.47957880000104
12,3,2,0,1,1,59,2,80,110,0,0,0,3,2,0.263278673806141,2.58758660000058
12,3,2,0,1,1,78,8.25,20,5,0,0,0,3,2,0.160950009586411,1.30616279999958
12,3,2,0,1,1,44,5,40,65,0,0,0,3,2,0.730213628257321,1.29020359999959
12,3,2,0,1,1,82,9.5,20,25,0,0,0,3,2,0.541431157054337,1.17052310000145
12,3,2,0,1,1,76,4,35,70,0,0,0,3,2,0.294521075935759,1.29224599999907
12,3,2,0,1,1,69,1.5,95,20,0,0,0,3,2,0.51347237800157,1.80388810000113
12,3,2,0,1,1,67,8.5,50,105,0,0,0,3,2,0.726893127356874,4.00138009999864
12,3,2,0,1,1,45,13.5,55,65,0,0,0,3,2,0.70285201124711,1.30818379999982
12,3,2,0,1,1,38,15.5,40,215,0,0,0,5,2,0.425737716710039,1.45275089999996
12,3,2,0,1,1,47,16,100,5,0,0,0,5,2,3.99119641041539,2.34636089999913
12,3,2,0,1,1,33,11,65,190,0,0,0,5,2,1.89489897753193,6.77892269999938
12,3,2,0,1,1,81,14,55,5,0,0,0,5,2,1.2681504829308,6.65744549999908
12,3,2,0,1,1,41,19,65,245,0,0,0,5,2,1.13840629277257,1.90209270000014
12,3,2,0,1,1,51,1,40,3,0,0,0,5,2,0.424759666284192,1.98949729999913
12,3,2,0,1,1,6,19,20,175,0,0,0,5,2,0.467475950871645,4.00159800000074
12,3,2,0,1,1,1,5,50,0,0,0,0,5,2,1.00306810563501,1.92266490000111
12,3,2,0,1,1,17,3.25,85,205,0,0,0,5,2,1.03443779722067,4.20455559999937
12,3,2,0,1,1,56,12,90,210,0,0,0,5,2,2.0112614124296,3.05570799999987
12,3,2,0,1,1,11,18.25,70,55,0,0,0,5,2,1.16732499650336,3.47462499999892
12,3,2,0,1,1,54,9.25,40,4,0,0,0,5,2,0.618419350028113,2.75696489999973
12,3,2,0,1,1,31,8.5,50,22,0,0,0,5,2,0.840933002398828,1.70415730000059
12,3,2,0,1,1,24,19,70,150,0,0,0,5,2,1.57744506831431,1.21174029999929
14,1,1,0,0,1,44,5,100,65,0,0,0,6,6,1.98430195505509,26.4371577999846
14,1,1,0,0,1,14,16.75,100,145,0,0,0,6,6,10,15.4642502999923
14,1,1,0,0,1,25,9,100,160,0,0,0,6,6,3.01730093241385,4.63952110000537
14,1,1,0,0,1,56,12,100,210,0,0,0,6,6,6.00325440429245,16.8887078999833
14,1,1,0,0,1,78,8.25,100,5,0,0,0,6,6,1.9984155015077,5.41995449998649
14,1,1,0,0,1,21,6,100,55,0,0,0,6,6,2.0028555794319,6.55441329997848
14,1,1,0,0,1,31,8.5,100,22,0,0,0,6,6,1.99732496911206,4.35060530001647
14,1,1,0,0,1,79,10,100,140,0,0,0,6,6,4.00606868516234,8.60218289998011
14,1,1,0,0,1,35,13,100,30,0,0,0,6,6,8.86537069531111,5.38230500000645
14,1,1,0,0,1,1,5,100,0,0,0,0,6,6,0,9.92375139999785
14,1,1,0,0,1,54,9.25,100,4,0,0,0,6,6,6.34603194544389,7.44556259998353
14,1,1,0,0,1,32,9.5,100,170,0,0,0,6,6,3.05688918042794,3.23596649998217
14,1,1,0,0,1,28,6,100,7,0,0,0,6,6,3.74334083621997,18.1918220999942
14,1,1,0,0,1,47,16,100,5,0,0,0,6,6,11.6524089733351,4.548547399987
14,1,1,0,0,1,50,2.5,100,10,0,0,0,4,6,1.02500325524284,12.0411452999979
14,1,1,0,0,1,33,11,100,190,0,0,0,4,6,5.32934717189375,16.053890900017
14,1,1,0,0,1,77,12,100,25,0,0,0,4,6,7.9195895547331,4.30035040000803
14,1,1,0,0,1,62,10,100,135,0,0,0,4,6,3.37846724867482,24.3055237999943
14,1,1,0,0,1,40,18,100,110,0,0,0,4,6,5.21659410805519,7.49472459999379
14,1,1,0,0,1,13,19.5,100,7,0,0,0,4,6,11.3027902239072,3.19814049999695
14,1,1,0,0,1,66,10,100,80,0,0,0,4,6,3.31225623121868,19.6278592000017
14,1,1,0,0,1,36,14,100,40,0,0,0,4,6,6.31724931765699,16.5970387000125
14,1,1,0,0,1,17,3.25,100,205,0,0,0,4,6,0.144990819102194,9.95950799999991
14,1,1,0,0,1,72,6.5,100,60,0,0,0,4,6,2.56412939786857,11.6877344999812
14,1,1,0,0,1,58,14,100,20,0,0,0,4,6,8.54962202546777,2.41524930001469
14,1,1,0,0,1,59,2,100,110,0,0,0,4,6,0.203416516447277,2.18441289998009
14,1,1,0,0,1,16,16,100,95,0,0,0,4,6,6.93069056663547,23.7707137999823
14,1,1,0,0,1,51,1,100,3,0,0,0,4,6,0.337840808210185,5.26091569999699
14,1,1,0,0,1,34,12,100,85,0,0,0,2,6,4.64897512952348,24.8406329000136
14,1,1,0,0,1,48,7,100,70,0,0,0,2,6,2.66398273709961,3.42218090000097
14,1,1,0,0,1,30,8,100,90,0,0,0,2,6,2.59108847479865,4.07764070000849
14,1,1,0,0,1,2,7.5,100,25,0,0,0,2,6,3.76358948843275,2.27049140000599
14,1,1,0,0,1,71,6,100,45,0,0,0,2,6,2.57762116818313,13.479297199985
14,1,1,0,0,1,15,17.25,100,55,0,0,0,2,6,10.0146013453224,3.48938590000034
14,1,1,0,0,1,68,2.5,100,25,0,0,0,2,6,0.87857363366205,3.27818369999295
14,1,1,0,0,1,39,17,100,15,0,0,0,2,6,12.6393543271412,3.95255770001677
14,1,1,0,0,1,10,19.5,100,125,0,0,0,2,6,8.49020786779067,2.81054730000324
14,1,1,0,0,1,53,14,100,60,0,0,0,2,6,6.28491730670425,17.1237641000189
14,1,1,0,0,1,5,20,100,15,0,0,0,2,6,12.1454081038766,2.44355669998913
14,1,1,0,0,1,49,16,100,20,0,0,0,2,6,7.13399594389587,6.40117600001395
14,1,1,0,0,1,70,3.5,100,3,0,0,0,2,6,1.58446432566773,4.39926100001321
14,1,1,0,0,1,57,10,100,95,0,0,0,2,6,3.31225623121868,1.89570709998952
14,1,1,0,0,1,9,2,100,19,0,0,0,3,6,0.276616991333238,18.6120572000218
14,1,1,0,0,1,43,3,100,0,0,0,0,3,6,0,5.10105040000053
14,1,1,0,0,1,6,19,100,175,0,0,0,3,6,8.75775049410082,6.94903139999951
14,1,1,0,0,1,26,4,100,50,0,0,0,3,6,1.04414849718111,3.89041290001478
14,1,1,0,0,1,22,20,100,165,0,0,0,3,6,6.35750937250589,2.5385994000244
14,1,1,0,0,1,73,5,100,14,0,0,0,3,6,2.16159323381968,2.45987300001434
14,1,1,0,0,1,7,16.75,100,75,0,0,0,3,6,7.44161199905244,16.2039274999988
14,1,1,0,0,1,11,18.25,100,55,0,0,0,3,6,7.74846657500759,4.62807079998311
14,1,1,0,0,1,45,13.5,100,65,0,0,0,3,6,6.43605605746446,3.70894670000416
14,1,1,0,0,1,42,20,100,170,0,0,0,3,6,8.84214306702283,2.49732719999156
14,1,1,0,0,1,80,8,100,125,0,0,0,3,6,3.15339635567696,2.82207029999699
14,1,1,0,0,1,29,7,100,55,0,0,0,3,6,3.06254778184119,12.9494198999892
14,1,1,0,0,1,3,15,100,14,0,0,0,3,6,7.55373808743389,4.10669109999435
14,1,1,0,0,1,24,19,100,150,0,0,0,3,6,8.39128564018029,2.76582070000586
14,1,1,0,0,1,41,19,100,245,0,0,0,5,6,4.46386478587669,11.3046927000105
14,1,1,0,0,1,82,9.5,100,25,0,0,0,5,6,3.59333719134992,2.84128789999522
14,1,1,0,0,1,19,17.5,100,40,0,0,0,5,6,8.09004616042737,24.890188600024
14,1,1,0,0,1,27,5.25,100,120,0,0,0,5,6,0.312374843836277,3.05477560000145
14,1,1,0,0,1,37,14.5,100,175,0,0,0,5,6,5.10234162872785,4.83404079999309
14,1,1,0,0,1,67,8.5,100,105,0,0,0,5,6,3.15339635567696,9.28250619999017
14,1,1,0,0,1,55,16.5,100,155,0,0,0,5,6,7.53707268643528,12.3889973999758
14,1,1,0,0,1,61,15,100,225,0,0,0,5,6,6.08693411464525,10.7220013000187
14,1,1,0,0,1,75,6,100,45,0,0,0,5,6,3.93496218527868,2.00663180000265
14,1,1,0,0,1,18,18.75,100,250,0,0,0,5,6,7.97482206087602,4.30221009999514
14,1,1,0,0,1,74,7,100,120,0,0,0,5,6,2.7761424463054,4.5191548000148
14,1,1,0,0,1,52,18.5,100,85,0,0,0,5,6,8.33060517439237,14.1911233999999
14,1,1,0,0,1,63,5.5,100,40,0,0,0,5,6,1.59171681557179,4.64869930001441
14,1,1,0,0,1,4,8.5,100,90,0,0,0,5,6,3.11487243238487,9.78661310000462
14,1,1,0,0,1,60,15,100,31,0,0,0,1,6,6.94418646334381,17.5752499999944
14,1,1,0,0,1,76,4,100,70,0,0,0,1,6,0.932076544506671,2.93769219997921
14,1,1,0,0,1,69,1.5,100,20,0,0,0,1,6,0.0876026958266785,7.03609450001386
14,1,1,0,0,1,46,2,100,70,0,0,0,1,6,0.161693108703986,29.9170854000258
14,1,1,0,0,1,84,11,100,110,0,0,0,1,6,3.78386350804666,13.3112741000077
14,1,1,0,0,1,23,7.75,100,120,0,0,0,1,6,2.8796299809408,8.80639030001475
14,1,1,0,0,1,20,15.75,100,30,0,0,0,1,6,6.25259130636325,2.78592870000284
14,1,1,0,0,1,83,17,100,200,0,0,0,1,6,6.5620664926042,3.44392130000051
14,1,1,0,0,1,8,16,100,20,0,0,0,1,6,12.3132391142356,2.09017290000338
14,1,1,0,0,1,12,12,100,1,0,0,0,1,6,4.89632516408684,2.55998269998236
14,1,1,0,0,1,65,1.75,100,10,0,0,0,1,6,0.678988355900845,7.84969869998167
14,1,1,0,0,1,64,19.5,100,45,0,0,0,1,6,7.24515761810623,5.30655809998279
14,1,1,0,0,1,81,14,100,5,0,0,0,1,6,11.4853549041306,2.31398890001583
14,1,1,0,0,1,38,15.5,100,215,0,0,0,1,6,6.35834696397064,2.18062170001213
14,1,2,1,0,1,32,9.5,100,170,7,100,120,6,5,1,6.26249759999337
14,1,2,1,0,1,24,10,100,80,19,100,150,6,5,1,10.2303553999809
14,1,2,1,0,1,4,2,100,70,8.5,100,90,6,5,1,1.87869230000069
14,1,2,1,0,1,3,13.5,100,65,15,100,14,6,5,1,5.52149029998691
14,1,2,1,0,1,21,6,100,55,5.5,100,40,6,5,1,4.38961230000132
14,1,2,1,0,1,11,14,100,60,18.25,100,55,6,5,1,2.54364700001315
14,1,2,1,0,1,30,8,100,90,6.5,100,60,6,5,1,2.3683100999915
14,1,2,1,0,1,37,10,100,140,14.5,100,175,3,5,1,3.85703509999439
14,1,2,1,0,1,22,20,100,165,19.5,100,45,3,5,0,2.83267860001069
14,1,2,1,0,1,38,8,100,125,15.5,100,215,3,5,0,16.939129699982
14,1,2,1,0,1,40,9.5,100,25,18,100,110,3,5,0,11.8414587999869
14,1,2,1,0,1,33,11,100,190,6,100,45,3,5,0,5.01709179999307
14,1,2,1,0,1,8,2.5,100,10,16,100,20,3,5,1,1.97928319999482
14,1,2,1,0,1,12,12,100,1,9.25,100,4,3,5,1,2.62545339998906
14,1,2,1,0,1,34,12,100,85,4,100,70,2,5,1,6.75878430000739
14,1,2,1,0,1,17,2,100,110,3.25,100,205,2,5,0,4.0484147000243
14,1,2,1,0,1,5,16,100,5,20,100,15,2,5,0,2.48214730000473
14,1,2,1,0,1,41,19,100,245,17,100,200,2,5,1,3.61908569998923
14,1,2,1,0,1,10,19.5,100,125,18.5,100,85,2,5,0,5.56182200001786
14,1,2,1,0,1,39,17,100,15,14,100,5,2,5,0,6.44344480001018
14,1,2,1,0,1,6,7,100,70,19,100,175,2,5,1,6.05959340001573
14,1,2,1,0,1,26,2.5,100,25,4,100,50,1,5,0,5.24197550001554
14,1,2,1,0,1,2,7.5,100,25,5,100,65,1,5,1,3.71753110000282
14,1,2,1,0,1,36,8.25,100,5,14,100,40,1,5,0,5.11222420001286
14,1,2,1,0,1,15,17.25,100,55,10,100,95,1,5,1,5.80528850000701
14,1,2,1,0,1,27,1.5,100,20,5.25,100,120,1,5,0,12.6757441000082
14,1,2,1,0,1,13,19.5,100,7,16.5,100,155,1,5,1,2.6315995999903
14,1,2,1,0,1,14,16.75,100,145,12,100,210,1,5,1,4.07126130000688
14,1,2,1,0,1,16,14,100,20,16,100,95,5,5,0,9.76147379999747
14,1,2,1,0,1,29,7,100,55,6,100,45,5,5,1,4.60113329999149
14,1,2,1,0,1,31,8.5,100,22,5,100,14,5,5,1,2.5563893999788
14,1,2,1,0,1,28,6,100,7,3.5,100,3,5,5,0,6.34077599999728
14,1,2,1,0,1,20,10,100,135,15.75,100,30,5,5,1,3.45197660001577
14,1,2,1,0,1,19,17.5,100,40,15,100,225,5,5,1,6.17038080000202
14,1,2,1,0,1,7,16,100,20,16.75,100,75,5,5,0,2.07323510001879
14,1,2,1,0,1,18,15,100,31,18.75,100,250,4,5,0,9.20407460001297
14,1,2,1,0,1,9,1,100,3,2,100,19,4,5,0,2.37664599998971
14,1,2,1,0,1,23,1.75,100,10,7.75,100,120,4,5,0,5.47338839998702
14,1,2,1,0,1,1,3,100,0,5,100,0,4,5,1,5.10485690002679
14,1,2,1,0,1,42,20,100,170,11,100,110,4,5,1,2.91240039997501
14,1,2,1,0,1,25,9,100,160,8.5,100,105,4,5,0,3.07330950000323
14,1,2,1,0,1,35,13,100,30,12,100,25,4,5,1,2.44229350000387
14,2,1,1,1,1,9,1,40,3,2,30,19,6,1,0,7.18913060001796
14,2,1,1,1,1,2,5,40,65,7.5,75,25,6,1,1,3.69530540000414
14,2,1,1,1,1,31,8.5,50,22,5,70,14,6,1,1,9.84710129999439
14,2,1,1,1,1,18,15,35,31,18.75,80,250,6,1,1,3.04721489999793
14,2,1,1,1,1,23,7.75,60,120,1.75,80,10,6,1,1,5.81924230000004
14,2,1,1,1,1,36,8.25,20,5,14,15,40,6,1,0,6.56636880000588
14,2,1,1,1,1,11,14,90,60,18.25,70,55,6,1,0,3.1451183000172
14,2,1,1,1,1,5,16,100,5,20,85,15,2,1,0,4.49638639998739
14,2,1,1,1,1,24,10,90,80,19,70,150,2,1,0,3.6802303000004
14,2,1,1,1,1,33,6,85,45,11,65,190,2,1,0,8.33480699997745
14,2,1,1,1,1,12,12,35,1,9.25,40,4,2,1,1,5.31822730001295
14,2,1,1,1,1,22,19.5,65,45,20,90,165,2,1,1,9.83278689999133
14,2,1,1,1,1,17,2,80,110,3.25,85,205,2,1,0,4.1769564000133
14,2,1,1,1,1,34,4,35,70,12,15,85,2,1,0,3.49727480000001
14,2,1,1,1,1,21,5.5,70,40,6,95,55,5,1,1,4.32113150000805
14,2,1,1,1,1,42,20,30,170,11,50,110,5,1,0,6.79224280000199
14,2,1,1,1,1,40,18,15,110,9.5,20,25,5,1,1,3.93673580000177
14,2,1,1,1,1,27,5.25,50,120,1.5,95,20,5,1,0,5.32049499999266
14,2,1,1,1,1,15,10,50,95,17.25,25,55,5,1,1,6.61992130000726
14,2,1,1,1,1,38,15.5,40,215,8,45,125,5,1,1,2.7471063999983
14,2,1,1,1,1,41,19,65,245,17,80,200,5,1,0,6.27220770000713
14,2,1,1,1,1,14,16.75,45,145,12,90,210,3,1,0,4.84016909997445
14,2,1,1,1,1,6,7,45,70,19,20,175,3,1,0,3.2811610000208
14,2,1,1,1,1,10,18.5,10,85,19.5,10,125,3,1,0,5.82495660000131
14,2,1,1,1,1,4,2,55,70,8.5,20,90,3,1,0,12.2489651999786
14,2,1,1,1,1,28,3.5,40,3,6,25,7,3,1,0,9.19245560001582
14,2,1,1,1,1,8,2.5,90,10,16,15,20,3,1,0,6.17429570000968
14,2,1,1,1,1,26,2.5,65,25,4,45,50,3,1,0,6.58408150001196
14,2,1,1,1,1,1,5,50,0,3,30,0,1,1,1,7.04070809998666
14,2,1,1,1,1,35,13,70,30,12,75,25,1,1,0,4.92843139998149
14,2,1,1,1,1,39,14,55,5,17,35,15,1,1,0,6.45628350001061
14,2,1,1,1,1,25,8.5,50,105,9,60,160,1,1,1,5.02766580000753
14,2,1,1,1,1,29,7,20,55,6,25,45,1,1,0,11.2884563000116
14,2,1,1,1,1,37,14.5,5,175,10,10,140,1,1,1,9.0000946999935
14,2,1,1,1,1,19,17.5,25,40,15,75,225,1,1,0,6.91988549998496
14,2,1,1,1,1,32,9.5,30,170,7,40,120,4,1,1,21.5612296999898
14,2,1,1,1,1,3,13.5,55,65,15,85,14,4,1,1,9.39293329999782
14,2,1,1,1,1,16,14,45,20,16,65,95,4,1,1,2.53635029998259
14,2,1,1,1,1,7,16.75,65,75,16,50,20,4,1,1,7.88041730000987
14,2,1,1,1,1,30,8,75,90,6.5,90,60,4,1,1,4.24044730002061
14,2,1,1,1,1,20,10,95,135,15.75,35,30,4,1,0,9.00359840001329
14,2,1,1,1,1,13,16.5,25,155,19.5,5,7,4,1,0,20.784227199998
14,2,2,0,1,1,81,14,55,5,0,0,0,3,2,3.16509289886299,9.44175229998655
14,2,2,0,1,1,68,2.5,65,25,0,0,0,3,2,0.33399129143427,10.7208474999934
14,2,2,0,1,1,74,7,40,120,0,0,0,3,2,1.47864581449965,8.93216940001003
14,2,2,0,1,1,4,8.5,20,90,0,0,0,3,2,0.441388437861182,2.96002399999998
14,2,2,0,1,1,16,16,65,95,0,0,0,3,2,4.34376209846994,27.1914461000124
14,2,2,0,1,1,82,9.5,20,25,0,0,0,3,2,1.77171065565809,2.19411310000578
14,2,2,0,1,1,61,15,75,225,0,0,0,3,2,4.29781033105954,4.58191790001001
14,2,2,0,1,1,50,2.5,90,10,0,0,0,3,2,1.03702549107566,3.39525629999116
14,2,2,0,1,1,3,15,85,14,0,0,0,3,2,5.76112318674889,10.3489584000199
14,2,2,0,1,1,48,7,45,70,0,0,0,3,2,1.82267050956321,2.93949449999491
14,2,2,0,1,1,39,17,35,15,0,0,0,3,2,4.638086451037,2.99564229999669
14,2,2,0,1,1,37,14.5,5,175,0,0,0,3,2,0.152870555962625,4.04312049999135
14,2,2,0,1,1,43,3,30,0,0,0,0,3,2,0.229313303161884,2.43890249999822
14,2,2,0,1,1,59,2,80,110,0,0,0,3,2,0.748005260300072,2.82566070000757
14,2,2,0,1,1,24,19,70,150,0,0,0,6,2,6.45603623829967,8.63952390002669
14,2,2,0,1,1,46,2,55,70,0,0,0,6,2,0.11070532183388,3.21332870001788
14,2,2,0,1,1,54,9.25,40,4,0,0,0,6,2,2.29767370489441,15.788074400014
14,2,2,0,1,1,38,15.5,40,215,0,0,0,6,2,3.86420348515154,3.23204989999067
14,2,2,0,1,1,76,4,35,70,0,0,0,6,2,0.806174177785756,2.38882829999784
14,2,2,0,1,1,5,20,85,15,0,0,0,6,2,5.04120458786978,4.41461040001013
14,2,2,0,1,1,51,1,40,3,0,0,0,6,2,0.0580047522114597,13.8410092999984
14,2,2,0,1,1,67,8.5,50,105,0,0,0,6,2,1.46696399386558,13.6099688000104
14,2,2,0,1,1,2,7.5,75,25,0,0,0,6,2,1.76771555249652,2.06401179998647
14,2,2,0,1,1,20,15.75,35,30,0,0,0,6,2,2.15434431019285,2.13754549997975
14,2,2,0,1,1,65,1.75,80,10,0,0,0,6,2,0.261665873392051,1.96247619998758
14,2,2,0,1,1,1,5,50,0,0,0,0,6,2,1.00830644677874,2.24901509998017
14,2,2,0,1,1,29,7,20,55,0,0,0,6,2,1.11878474432105,16.6007804999826
14,2,2,0,1,1,11,18.25,70,55,0,0,0,6,2,5.2882390217317,3.21610990000772
14,2,2,0,1,1,66,10,90,80,0,0,0,5,2,4.82520490488971,2.60314070002642
14,2,2,0,1,1,52,18.5,10,85,0,0,0,5,2,0.580910209474705,2.42054079999798
14,2,2,0,1,1,70,3.5,40,3,0,0,0,5,2,0.696631397453519,2.29251310002292
14,2,2,0,1,1,10,19.5,10,125,0,0,0,5,2,0.451946618508902,1.47899630002212
14,2,2,0,1,1,47,16,100,5,0,0,0,5,2,7.99239374468432,2.85846060002223
14,2,2,0,1,1,14,16.75,45,145,0,0,0,5,2,2.41422401425706,9.15859090001322
14,2,2,0,1,1,73,5,70,14,0,0,0,5,2,1.31717800715278,1.6303973000031
14,2,2,0,1,1,45,13.5,55,65,0,0,0,5,2,2.7220637990482,20.3370910999947
14,2,2,0,1,1,7,16.75,65,75,0,0,0,5,2,3.44041739245261,2.51538759999676
14,2,2,0,1,1,41,19,65,245,0,0,0,5,2,3.81504716472758,1.81269150000298
14,2,2,0,1,1,27,5.25,50,120,0,0,0,5,2,0.987186343040655,6.96261400001822
14,2,2,0,1,1,15,17.25,25,55,0,0,0,5,2,1.42014822171815,3.55510580001283
14,2,2,0,1,1,32,9.5,30,170,0,0,0,5,2,1.04176341126402,1.42717069998616
14,2,2,0,1,1,78,8.25,20,5,0,0,0,5,2,0.866091698518908,1.89075779999257
14,2,2,0,1,1,26,4,45,50,0,0,0,1,2,0.919805426215088,3.32500360000995
14,2,2,0,1,1,49,16,50,20,0,0,0,1,2,3.44546192208119,18.2591631000105
14,2,2,0,1,1,79,10,10,140,0,0,0,1,2,0.202033662716868,1.42019599999185
14,2,2,0,1,1,34,12,15,85,0,0,0,1,2,0.699646524331598,2.0026754999999
14,2,2,0,1,1,40,18,15,110,0,0,0,1,2,0.965150509026294,2.01414130002377
14,2,2,0,1,1,57,10,50,95,0,0,0,1,2,1.98917240148254,2.76693419998628
14,2,2,0,1,1,44,5,40,65,0,0,0,1,2,0.748102369651065,2.87880410000798
14,2,2,0,1,1,21,6,95,55,0,0,0,1,2,2.41171519401173,2.11095410000416
14,2,2,0,1,1,30,8,75,90,0,0,0,1,2,2.34359327842528,2.3388091000088
14,2,2,0,1,1,72,6.5,90,60,0,0,0,1,2,2.85297952020425,1.82968090000213
14,2,2,0,1,1,25,9,60,160,0,0,0,1,2,1.89925303771037,1.76520080000046
14,2,2,0,1,1,83,17,80,200,0,0,0,1,2,3.69653140242347,1.91503060000832
14,2,2,0,1,1,13,19.5,5,7,0,0,0,1,2,0.142396778417709,1.59197079998557
14,2,2,0,1,1,55,16.5,25,155,0,0,0,1,2,1.85130885477867,8.73302109999349
14,2,2,0,1,1,42,20,30,170,0,0,0,2,2,1.33897609815662,6.58117270001094
14,2,2,0,1,1,71,6,25,45,0,0,0,2,2,0.674136309054536,4.77134989999468
14,2,2,0,1,1,77,12,75,25,0,0,0,2,2,4.05010257550903,2.68224520000513
14,2,2,0,1,1,9,2,30,19,0,0,0,2,2,0.112113221550782,2.19742199999746
14,2,2,0,1,1,19,17.5,25,40,0,0,0,2,2,1.04176341126402,2.26971880000201
14,2,2,0,1,1,84,11,50,110,0,0,0,2,2,2.08775988840982,4.25856760001625
14,2,2,0,1,1,56,12,90,210,0,0,0,2,2,5.35164339356352,2.27591900000698
14,2,2,0,1,1,35,13,70,30,0,0,0,2,2,3.67536266536062,8.99170380001306
14,2,2,0,1,1,62,10,95,135,0,0,0,2,2,4.843741754008,3.13314250000985
14,2,2,0,1,1,80,8,45,125,0,0,0,2,2,1.16732499650336,7.45465100000729
14,2,2,0,1,1,28,6,25,7,0,0,0,2,2,0.435360984896377,1.60708300000988
14,2,2,0,1,1,31,8.5,50,22,0,0,0,2,2,1.96112491332557,2.71885960001964
14,2,2,0,1,1,75,6,85,45,0,0,0,2,2,1.65067223057933,9.52927860000636
14,2,2,0,1,1,64,19.5,65,45,0,0,0,2,2,3.87721818166245,11.5234667999903
14,2,2,0,1,1,22,20,90,165,0,0,0,4,2,8.66022096088408,3.60245289999875
14,2,2,0,1,1,12,12,35,1,0,0,0,4,2,3.16509289886299,3.73688740000944
14,2,2,0,1,1,8,16,15,20,0,0,0,4,2,2.9582490012101,2.39805749998777
14,2,2,0,1,1,69,1.5,95,20,0,0,0,4,2,0.993435437462566,4.84608869999647
14,2,2,0,1,1,6,19,20,175,0,0,0,4,2,2.09479541826879,5.50197159999516
14,2,2,0,1,1,23,7.75,60,120,0,0,0,4,2,2.02534508357163,3.6771318000101
14,2,2,0,1,1,33,11,65,190,0,0,0,4,2,3.16084458373049,11.9558246999804
14,2,2,0,1,1,18,18.75,80,250,0,0,0,4,2,7.15311156171034,2.57426709998981
14,2,2,0,1,1,60,15,35,31,0,0,0,4,2,2.04375751301425,3.79339950002031
14,2,2,0,1,1,58,14,45,20,0,0,0,4,2,2.88604377360348,3.13165180000942
14,2,2,0,1,1,17,3.25,85,205,0,0,0,4,2,1.05136913422507,3.20481220001238
14,2,2,0,1,1,53,14,90,60,0,0,0,4,2,6.67695310229072,2.57138119998854
14,2,2,0,1,1,36,14,15,40,0,0,0,4,2,2.01256286750259,2.20419429999311
14,2,2,0,1,1,63,5.5,70,40,0,0,0,4,2,1.92047286227787,2.11434609998832
14,3,1,1,1,0,7,16.75,65,0,16,50,0,5,3,1,4.76726710000366
14,3,1,1,1,0,19,17.5,25,0,15,75,0,5,3,0,5.55002039999817
14,3,1,1,1,0,39,17,35,0,14,55,0,5,3,0,4.82375310000498
14,3,1,1,1,0,38,15.5,40,0,8,45,0,5,3,1,2.43927930000063
14,3,1,1,1,0,18,18.75,80,0,15,35,0,5,3,1,2.14014859999588
14,3,1,1,1,0,24,10,90,0,19,70,0,5,3,1,2.85552599999937
14,3,1,1,1,0,41,17,80,0,19,65,0,5,3,0,4.91377870000724
14,3,1,1,1,0,34,4,35,0,12,15,0,3,3,1,12.7305062999949
14,3,1,1,1,0,30,6.5,90,0,8,75,0,3,3,1,3.46489120001206
14,3,1,1,1,0,13,16.5,25,0,19.5,5,0,3,3,0,1.7320672999922
14,3,1,1,1,0,37,10,10,0,14.5,5,0,3,3,1,4.8491992999916
14,3,1,1,1,0,2,5,40,0,7.5,75,0,3,3,1,2.0192640999885
14,3,1,1,1,0,28,6,25,0,3.5,40,0,3,3,0,6.91508310000063
14,3,1,1,1,0,8,2.5,90,0,16,15,0,3,3,0,3.39781090000179
14,3,1,1,1,0,33,6,85,0,11,65,0,4,3,0,9.2174296000012
14,3,1,1,1,0,1,3,30,0,5,50,0,4,3,1,3.5296401999949
14,3,1,1,1,0,3,13.5,55,0,15,85,0,4,3,1,1.75985860000947
14,3,1,1,1,0,11,14,90,0,18.25,70,0,4,3,0,2.20917550000013
14,3,1,1,1,0,4,8.5,20,0,2,55,0,4,3,1,7.9789749999909
14,3,1,1,1,0,29,7,20,0,6,25,0,4,3,1,6.71318939999037
14,3,1,1,1,0,35,13,70,0,12,75,0,4,3,0,2.30401789999451
14,3,1,1,1,0,26,4,45,0,2.5,65,0,6,3,1,5.53711679999833
14,3,1,1,1,0,21,6,95,0,5.5,70,0,6,3,1,3.27380430001358
14,3,1,1,1,0,32,7,40,0,9.5,30,0,6,3,0,6.90429839999706
14,3,1,1,1,0,12,9.25,40,0,12,35,0,6,3,0,3.70457070000703
14,3,1,1,1,0,23,7.75,60,0,1.75,80,0,6,3,1,2.96198670000012
14,3,1,1,1,0,20,15.75,35,0,10,95,0,6,3,0,3.31230140000116
14,3,1,1,1,0,31,5,70,0,8.5,50,0,6,3,1,15.4191457999987
14,3,1,1,1,0,15,10,50,0,17.25,25,0,1,3,1,9.15438870000071
14,3,1,1,1,0,14,16.75,45,0,12,90,0,1,3,0,5.27534580000793
14,3,1,1,1,0,22,20,90,0,19.5,65,0,1,3,1,1.63327230000868
14,3,1,1,1,0,27,5.25,50,0,1.5,95,0,1,3,0,5.66683289999492
14,3,1,1,1,0,42,11,50,0,20,30,0,1,3,1,9.57097770000109
14,3,1,1,1,0,10,18.5,10,0,19.5,10,0,1,3,1,2.59550349999336
14,3,1,1,1,0,5,20,85,0,16,100,0,1,3,0,2.77749150000454
14,3,1,1,1,0,16,14,45,0,16,65,0,2,3,1,4.8819508000015
14,3,1,1,1,0,17,3.25,85,0,2,80,0,2,3,1,2.51348189999408
14,3,1,1,1,0,40,9.5,20,0,18,15,0,2,3,1,3.75052220000362
14,3,1,1,1,0,36,14,15,0,8.25,20,0,2,3,1,2.88371769999503
14,3,1,1,1,0,6,7,45,0,19,20,0,2,3,0,5.07535100000678
14,3,1,1,1,0,25,8.5,50,0,9,60,0,2,3,1,2.5937830000039
14,3,1,1,1,0,9,1,40,0,2,30,0,2,3,1,5.98595580000256
14,3,2,0,1,0,66,10,90,0,0,0,0,2,4,4.76202546209977,10.0452613000089
14,3,2,0,1,0,25,9,60,0,0,0,0,2,4,2.39273121593926,6.21633060000022
14,3,2,0,1,0,30,8,75,0,0,0,0,2,4,2.75783792616545,2.68145819999336
14,3,2,0,1,0,78,8.25,20,0,0,0,0,2,4,0.693761127382039,3.02338990000135
14,3,2,0,1,0,79,10,10,0,0,0,0,2,4,0.701245619459179,6.91076290000638
14,3,2,0,1,0,5,20,85,0,0,0,0,2,4,9.08228466890235,9.54791600001045
14,3,2,0,1,0,53,14,90,0,0,0,0,2,4,6.10014485985353,2.51352819999738
14,3,2,0,1,0,80,8,45,0,0,0,0,2,4,1.50398404101491,1.78911840000364
14,3,2,0,1,0,17,3.25,85,0,0,0,0,2,4,0.561701502006024,2.37973270000657
14,3,2,0,1,0,28,6,25,0,0,0,0,2,4,0.565362244170842,6.5346806999878
14,3,2,0,1,0,49,16,50,0,0,0,0,2,4,2.72930576687986,2.63202019999153
14,3,2,0,1,0,68,2.5,65,0,0,0,0,2,4,0.196685228879883,13.6998122000077
14,3,2,0,1,0,50,2.5,90,0,0,0,0,2,4,0.984029924482826,3.04143880000629
14,3,2,0,1,0,12,12,35,0,0,0,0,2,4,1.96786033208402,4.23685359999945
14,3,2,0,1,0,26,4,45,0,0,0,0,1,4,0.602394970983404,7.69698700000299
14,3,2,0,1,0,19,17.5,25,0,0,0,0,1,4,1.79970255068365,9.90395649999846
14,3,2,0,1,0,3,15,85,0,0,0,0,1,4,5.03055751439338,2.49411090000649
14,3,2,0,1,0,57,10,50,0,0,0,0,1,4,2.33854674938033,3.75563510000939
14,3,2,0,1,0,6,19,20,0,0,0,0,1,4,1.31349870451191,2.28851629998826
14,3,2,0,1,0,36,14,15,0,0,0,0,1,4,1.83434022170806,7.81812539999373
14,3,2,0,1,0,56,12,90,0,0,0,0,1,4,5.35331445776269,2.44338880000578
14,3,2,0,1,0,4,8.5,20,0,0,0,0,1,4,1.5402814103234,11.3123773999978
14,3,2,0,1,0,60,15,35,0,0,0,0,1,4,1.56667981500144,4.16469240000879
14,3,2,0,1,0,37,14.5,5,0,0,0,0,1,4,0.241799172280594,3.17091820000496
14,3,2,0,1,0,82,9.5,20,0,0,0,0,1,4,0.910896538446252,5.86457070001052
14,3,2,0,1,0,20,15.75,35,0,0,0,0,1,4,1.25954632808262,1.97377060000144
14,3,2,0,1,0,74,7,40,0,0,0,0,1,4,0.651774571302948,2.76858319999883
14,3,2,0,1,0,39,17,35,0,0,0,0,1,4,1.24562590320852,2.58963719999883
14,3,2,0,1,0,72,6.5,90,0,0,0,0,3,4,3.27455246408126,5.50994610000635
14,3,2,0,1,0,84,11,50,0,0,0,0,3,4,1.92387765233649,4.09909679999691
14,3,2,0,1,0,47,16,100,0,0,0,0,3,4,7.60476896832914,3.53133969999908
14,3,2,0,1,0,7,16.75,65,0,0,0,0,3,4,2.76580400103073,24.1409779999958
14,3,2,0,1,0,2,7.5,75,0,0,0,0,3,4,1.31416616076064,9.09289099999296
14,3,2,0,1,0,40,18,15,0,0,0,0,3,4,0.926132820519744,1.64306309999665
14,3,2,0,1,0,71,6,25,0,0,0,0,3,4,0.206239783049874,3.27636270000949
14,3,2,0,1,0,48,7,45,0,0,0,0,3,4,1.08495087554315,18.5238581000012
14,3,2,0,1,0,8,16,15,0,0,0,0,3,4,0.649165474021292,3.11566300000413
14,3,2,0,1,0,10,19.5,10,0,0,0,0,3,4,1.0730146040872,1.81374409999989
14,3,2,0,1,0,42,20,30,0,0,0,0,3,4,1.0585870423836,18.940577100002
14,3,2,0,1,0,64,19.5,65,0,0,0,0,3,4,3.49845088105905,3.46979339999962
14,3,2,0,1,0,21,6,95,0,0,0,0,3,4,3.05372690017291,1.96495219999633
14,3,2,0,1,0,27,5.25,50,0,0,0,0,3,4,0.701245619459179,2.47313869999198
14,3,2,0,1,0,11,18.25,70,0,0,0,0,6,4,3.78705311739113,12.7330173999944
14,3,2,0,1,0,22,20,90,0,0,0,0,6,4,9.02930143497645,2.60773359998711
14,3,2,0,1,0,73,5,70,0,0,0,0,6,4,0.913730011199096,23.0128745000111
14,3,2,0,1,0,52,18.5,10,0,0,0,0,6,4,0.451280297478952,1.91442559999996
14,3,2,0,1,0,46,2,55,0,0,0,0,6,4,0.129376448902654,1.84798799999407
14,3,2,0,1,0,58,14,45,0,0,0,0,6,4,1.72870966704239,3.9017862000037
14,3,2,0,1,0,15,17.25,25,0,0,0,0,6,4,1.83589194906094,2.84736649999104
14,3,2,0,1,0,23,7.75,60,0,0,0,0,6,4,1.41828794211423,1.97371579999162
14,3,2,0,1,0,43,3,30,0,0,0,0,6,4,0.219882768442954,2.18637909999234
14,3,2,0,1,0,38,15.5,40,0,0,0,0,6,4,2.34166213799926,3.84363390000362
14,3,2,0,1,0,65,1.75,80,0,0,0,0,6,4,0.460917183594297,2.03387010000006
14,3,2,0,1,0,77,12,75,0,0,0,0,6,4,3.13557735739895,7.83536850000382
14,3,2,0,1,0,59,2,80,0,0,0,0,6,4,0.276616991333238,2.0424728999933
14,3,2,0,1,0,83,17,80,0,0,0,0,6,4,5.6241756211252,15.6164038999996
14,3,2,0,1,0,76,4,35,0,0,0,0,5,4,0.276616991333238,7.94519360001141
14,3,2,0,1,0,9,2,30,0,0,0,0,5,4,0.0713669399104582,2.03971660000389
14,3,2,0,1,0,16,16,65,0,0,0,0,5,4,3.77150966886131,2.2049463000003
14,3,2,0,1,0,51,1,40,0,0,0,0,5,4,0.0850666212803119,2.53369160000875
14,3,2,0,1,0,75,6,85,0,0,0,0,5,4,1.86385182821547,15.9362901999993
14,3,2,0,1,0,33,11,65,0,0,0,0,5,4,2.7429156733174,27.1750706999883
14,3,2,0,1,0,70,3.5,40,0,0,0,0,5,4,0.426621815328165,1.87217200000305
14,3,2,0,1,0,67,8.5,50,0,0,0,0,5,4,1.15670465021409,3.0450858999975
14,3,2,0,1,0,61,15,75,0,0,0,0,5,4,4.4715659627673,2.14107009999861
14,3,2,0,1,0,45,13.5,55,0,0,0,0,5,4,2.84688843828966,2.79634870000882
14,3,2,0,1,0,13,19.5,5,0,0,0,0,5,4,0.854343510371571,1.79136239999207
14,3,2,0,1,0,1,5,50,0,0,0,0,5,4,0.496136541192364,4.21027369999501
14,3,2,0,1,0,41,19,65,0,0,0,0,5,4,5.7660501195903,15.523692399991
14,3,2,0,1,0,54,9.25,40,0,0,0,0,5,4,1.98131751428238,1.88440870000341
14,3,2,0,1,0,24,19,70,0,0,0,0,4,4,6.31038107610116,3.75789570000779
14,3,2,0,1,0,35,13,70,0,0,0,0,4,4,3.82316358355873,8.95040810000501
14,3,2,0,1,0,69,1.5,95,0,0,0,0,4,4,0.753988497004318,2.01044490000641
14,3,2,0,1,0,63,5.5,70,0,0,0,0,4,4,1.40321389391615,15.2435892999929
14,3,2,0,1,0,31,8.5,50,0,0,0,0,4,4,2.04832764699134,2.16142859999673
14,3,2,0,1,0,29,7,20,0,0,0,0,4,4,0.375747480475152,2.90259440000227
14,3,2,0,1,0,62,10,95,0,0,0,0,4,4,4.61992022064728,2.03662839999015
14,3,2,0,1,0,18,18.75,80,0,0,0,0,4,4,6.49753586147126,4.63631000000169
14,3,2,0,1,0,34,12,15,0,0,0,0,4,4,0.558551979562779,2.23202599999786
14,3,2,0,1,0,14,16.75,45,0,0,0,0,4,4,3.74334083621997,3.80761139999959
14,3,2,0,1,0,81,14,55,0,0,0,0,4,4,2.54111814091533,4.8205120999919
14,3,2,0,1,0,44,5,40,0,0,0,0,4,4,0.526865528279895,10.6857367000048
14,3,2,0,1,0,32,9.5,30,0,0,0,0,4,4,0.931179246991963,3.12592669999867
14,3,2,0,1,0,55,16.5,25,0,0,0,0,4,4,1.08693411464525,17.4302861999895
16,1,1,0,1,0,36,14,15,0,0,0,0,1,4,0.0144031376959184,23.1222481000004
16,1,1,0,1,0,55,16.5,25,0,0,0,0,1,4,3.04151192114618,8.88355490000686
16,1,1,0,1,0,34,12,15,0,0,0,0,1,4,0.124540152812255,16.1236906000122
16,1,1,0,1,0,67,8.5,50,0,0,0,0,1,4,4.03429916267946,12.4494155999855
16,1,1,0,1,0,60,15,35,0,0,0,0,1,4,2.99686772360027,3.38396310000098
16,1,1,0,1,0,30,8,75,0,0,0,0,1,4,2.02212945033838,18.5883776999835
16,1,1,0,1,0,38,15.5,40,0,0,0,0,1,4,3.04196697459242,6.37387999999919
16,1,1,0,1,0,78,8.25,20,0,0,0,0,1,4,0.139587225439591,3.4553824000177
16,1,1,0,1,0,66,10,90,0,0,0,0,1,4,0.114436171198925,44.4007305999985
16,1,1,0,1,0,1,5,50,0,0,0,0,1,4,0.129610549777681,2.10733540001092
16,1,1,0,1,0,24,19,70,0,0,0,0,1,4,5.03075433913086,5.35947940000915
16,1,1,0,1,0,10,19.5,10,0,0,0,0,1,4,0,1.20630520000122
16,1,1,0,1,0,54,9.25,40,0,0,0,0,1,4,0.0694972143083206,1.62114809997729
16,1,1,0,1,0,58,14,45,0,0,0,0,1,4,0.0432088233078609,2.18075069997576
16,1,1,0,1,0,50,2.5,90,0,0,0,0,2,4,2.01674506833987,61.7346368000144
16,1,1,0,1,0,68,2.5,65,0,0,0,0,2,4,1.05848750366659,2.27375280001434
16,1,1,0,1,0,9,2,30,0,0,0,0,2,4,0.0872027336657659,1.37347640001099
16,1,1,0,1,0,18,18.75,80,0,0,0,0,2,4,8.974634499456,1.40300940000452
16,1,1,0,1,0,76,4,35,0,0,0,0,2,4,0.0712072956577643,1.55006520001916
16,1,1,0,1,0,4,8.5,20,0,0,0,0,2,4,0.130496023829327,1.53115150000667
16,1,1,0,1,0,74,7,40,0,0,0,0,2,4,1.08939001982536,4.37850230000913
16,1,1,0,1,0,8,16,15,0,0,0,0,2,4,1.03702549107566,1.1069453000091
16,1,1,0,1,0,48,7,45,0,0,0,0,2,4,1.02267121716315,1.33421890001046
16,1,1,0,1,0,59,2,80,0,0,0,0,2,4,1.05136913422507,2.65447929999209
16,1,1,0,1,0,52,18.5,10,0,0,0,0,2,4,0.114952701015788,1.1510808999883
16,1,1,0,1,0,37,14.5,5,0,0,0,0,2,4,0.132609935998001,2.01759609999135
16,1,1,0,1,0,63,5.5,70,0,0,0,0,2,4,2.06680712403991,2.29132289998233
16,1,1,0,1,0,82,9.5,20,0,0,0,0,2,4,1.0372220514598,1.1271751000022
16,1,1,0,1,0,43,3,30,0,0,0,0,3,4,0.117066301435692,2.78957429999718
16,1,1,0,1,0,35,13,70,0,0,0,0,3,4,4.01043666878389,3.02762710000388
16,1,1,0,1,0,84,11,50,0,0,0,0,3,4,5.01028464004099,4.35651469998993
16,1,1,0,1,0,20,15.75,35,0,0,0,0,3,4,2.02990165582899,2.30093969998416
16,1,1,0,1,0,23,7.75,60,0,0,0,0,3,4,1.05136913422507,6.68345889999182
16,1,1,0,1,0,72,6.5,90,0,0,0,0,3,4,3.01001672711843,2.17272490001051
16,1,1,0,1,0,33,11,65,0,0,0,0,3,4,2.00671910402213,6.85661700001219
16,1,1,0,1,0,81,14,55,0,0,0,0,3,4,1.9617490503553,3.35954599999241
16,1,1,0,1,0,83,17,80,0,0,0,0,3,4,9.97106293690963,2.17251840000972
16,1,1,0,1,0,61,15,75,0,0,0,0,3,4,8.96297450892434,1.39878459999454
16,1,1,0,1,0,64,19.5,65,0,0,0,0,3,4,4.96982867270172,1.42701049998868
16,1,1,0,1,0,73,5,70,0,0,0,0,3,4,2.04379008701584,2.22198980001849
16,1,1,0,1,0,69,1.5,95,0,0,0,0,3,4,1.01803856063574,3.17105100001208
16,1,1,0,1,0,25,9,60,0,0,0,0,3,4,3.02327278471964,1.76703730001464
16,1,1,0,1,0,79,10,10,0,0,0,0,5,4,0.144661408064319,1.94046740001068
16,1,1,0,1,0,29,7,20,0,0,0,0,5,4,0.304301408621097,8.11800019998918
16,1,1,0,1,0,2,7.5,75,0,0,0,0,5,4,2.99733077512318,1.90270350000355
16,1,1,0,1,0,15,17.25,25,0,0,0,0,5,4,0.971795806950578,1.7890888999973
16,1,1,0,1,0,11,18.25,70,0,0,0,0,5,4,9.95629681200706,2.94692499999655
16,1,1,0,1,0,7,16.75,65,0,0,0,0,5,4,5.11385481088855,3.36833800000022
16,1,1,0,1,0,80,8,45,0,0,0,0,5,4,3.01031529969813,7.28385259999777
16,1,1,0,1,0,28,6,25,0,0,0,0,5,4,0.245287531045168,3.13840290001826
16,1,1,0,1,0,31,8.5,50,0,0,0,0,5,4,1.99876872246893,2.51469740000903
16,1,1,0,1,0,70,3.5,40,0,0,0,0,5,4,0.129904369767491,1.42311460000928
16,1,1,0,1,0,19,17.5,25,0,0,0,0,5,4,3.0031672681068,1.41564510000171
16,1,1,0,1,0,16,16,65,0,0,0,0,5,4,5.90624766875442,4.52500439999858
16,1,1,0,1,0,22,20,90,0,0,0,0,5,4,14.9595802401262,2.58951829999569
16,1,1,0,1,0,17,3.25,85,0,0,0,0,5,4,2.07557226407481,2.958164199983
16,1,1,0,1,0,27,5.25,50,0,0,0,0,6,4,1.08939001982536,2.96792799999821
16,1,1,0,1,0,42,20,30,0,0,0,0,6,4,3.98915783697319,1.96491129999049
16,1,1,0,1,0,32,9.5,30,0,0,0,0,6,4,1.08939001982536,2.52400479998323
16,1,1,0,1,0,53,14,90,0,0,0,0,6,4,10.1157362973344,6.99175630000536
16,1,1,0,1,0,49,16,50,0,0,0,0,6,4,5.96402836604692,1.89283050000085
16,1,1,0,1,0,47,16,100,0,0,0,0,6,4,15.1647838419417,10.7292132000148
16,1,1,0,1,0,62,10,95,0,0,0,0,6,4,7.04832764699133,1.72594689999823
16,1,1,0,1,0,14,16.75,45,0,0,0,0,6,4,4.05876170744279,3.10963240001001
16,1,1,0,1,0,12,12,35,0,0,0,0,6,4,1.13720030704702,2.36671599998954
16,1,1,0,1,0,6,19,20,0,0,0,0,6,4,3.0036932398579,2.15988369999104
16,1,1,0,1,0,75,6,85,0,0,0,0,6,4,2.99709806937205,1.72731930000009
16,1,1,0,1,0,51,1,40,0,0,0,0,6,4,0.218934213377931,2.30891079999856
16,1,1,0,1,0,45,13.5,55,0,0,0,0,6,4,3.06198278092228,4.02570180001203
16,1,1,0,1,0,56,12,90,0,0,0,0,6,4,8.01868248571761,1.24614659999497
16,1,1,0,1,0,26,4,45,0,0,0,0,4,4,0.274733315170536,5.50635839998722
16,1,1,0,1,0,44,5,40,0,0,0,0,4,4,1.01291767143232,2.96567559998948
16,1,1,0,1,0,41,19,65,0,0,0,0,4,4,7.99780341313587,2.93897009998909
16,1,1,0,1,0,77,12,75,0,0,0,0,4,4,6.10965077048612,1.64259169998695
16,1,1,0,1,0,39,17,35,0,0,0,0,4,4,2.97760376854777,14.110858
16,1,1,0,1,0,13,19.5,5,0,0,0,0,4,4,0.0563365623238639,1.46654459999991
16,1,1,0,1,0,3,15,85,0,0,0,0,4,4,7.9424056962001,1.19593359998544
16,1,1,0,1,0,40,18,15,0,0,0,0,4,4,2.07147735485869,1.97719449998112
16,1,1,0,1,0,57,10,50,0,0,0,0,4,4,3.04383423693261,1.24492519997875
16,1,1,0,1,0,21,6,95,0,0,0,0,4,4,3.9144777721632,1.94193010000163
16,1,1,0,1,0,65,1.75,80,0,0,0,0,4,4,0.926132820519744,1.89016049998463
16,1,1,0,1,0,5,20,85,0,0,0,0,4,4,13.9130658853547,1.10909469999024
16,1,1,0,1,0,71,6,25,0,0,0,0,4,4,0.160581014930035,1.27545909999753
16,1,1,0,1,0,46,2,55,0,0,0,0,4,4,0,1.69353910000063
16,1,2,1,1,0,18,15,35,0,18.75,80,0,4,3,1,2.19408660000772
16,1,2,1,1,0,21,6,95,0,5.5,70,0,4,3,1,2.78331940001226
16,1,2,1,1,0,5,16,100,0,20,85,0,4,3,0,2.83394820001558
16,1,2,1,1,0,1,5,50,0,3,30,0,4,3,1,1.760388900002
16,1,2,1,1,0,32,9.5,30,0,7,40,0,4,3,1,15.0480422999826
16,1,2,1,1,0,28,6,25,0,3.5,40,0,4,3,0,5.0004287000047
16,1,2,1,1,0,39,14,55,0,17,35,0,4,3,0,3.15533129998948
16,1,2,1,1,0,34,12,15,0,4,35,0,2,3,0,3.14600400000927
16,1,2,1,1,0,24,10,90,0,19,70,0,2,3,1,4.03700979999849
16,1,2,1,1,0,37,14.5,5,0,10,10,0,2,3,0,9.14812150000944
16,1,2,1,1,0,33,6,85,0,11,65,0,2,3,1,12.8899126999895
16,1,2,1,1,0,17,2,80,0,3.25,85,0,2,3,1,4.13106399998651
16,1,2,1,1,0,23,1.75,80,0,7.75,60,0,2,3,1,2.52983559999848
16,1,2,1,1,0,41,19,65,0,17,80,0,2,3,0,8.81754710001405
16,1,2,1,1,0,14,12,90,0,16.75,45,0,3,3,0,4.4431673999934
16,1,2,1,1,0,20,10,95,0,15.75,35,0,3,3,0,1.77218540001195
16,1,2,1,1,0,4,2,55,0,8.5,20,0,3,3,1,27.9784863999812
16,1,2,1,1,0,16,14,45,0,16,65,0,3,3,1,8.77693110000109
16,1,2,1,1,0,36,8.25,20,0,14,15,0,3,3,1,10.8416650000145
16,1,2,1,1,0,7,16,50,0,16.75,65,0,3,3,1,12.6700956999848
16,1,2,1,1,0,40,18,15,0,9.5,20,0,3,3,1,4.60837279999396
16,1,2,1,1,0,9,1,40,0,2,30,0,6,3,1,9.83564259999548
16,1,2,1,1,0,30,8,75,0,6.5,90,0,6,3,0,34.8254555999883
16,1,2,1,1,0,6,19,20,0,7,45,0,6,3,1,19.3326954000222
16,1,2,1,1,0,11,14,90,0,18.25,70,0,6,3,0,5.61000549999881
16,1,2,1,1,0,19,17.5,25,0,15,75,0,6,3,0,7.61703090000083
16,1,2,1,1,0,2,5,40,0,7.5,75,0,6,3,1,3.39192539997748
16,1,2,1,1,0,12,12,35,0,9.25,40,0,6,3,1,4.03978829999687
16,1,2,1,1,0,26,4,45,0,2.5,65,0,5,3,1,37.8739249999926
16,1,2,1,1,0,13,19.5,5,0,16.5,25,0,5,3,0,3.70140239998
16,1,2,1,1,0,10,18.5,10,0,19.5,10,0,5,3,1,4.82380800001556
16,1,2,1,1,0,29,6,25,0,7,20,0,5,3,0,10.9562083000201
16,1,2,1,1,0,3,13.5,55,0,15,85,0,5,3,1,4.43520760000683
16,1,2,1,1,0,42,11,50,0,20,30,0,5,3,1,19.2638604000094
16,1,2,1,1,0,27,1.5,95,0,5.25,50,0,5,3,1,18.2686516999966
16,1,2,1,1,0,35,12,75,0,13,70,0,1,3,0,26.3424445999844
16,1,2,1,1,0,8,16,15,0,2.5,90,0,1,3,1,37.9731860999891
16,1,2,1,1,0,38,15.5,40,0,8,45,0,1,3,1,5.86031829999411
16,1,2,1,1,0,31,8.5,50,0,5,70,0,1,3,1,13.7405506000214
16,1,2,1,1,0,22,20,90,0,19.5,65,0,1,3,1,18.8925397999992
16,1,2,1,1,0,25,9,60,0,8.5,50,0,1,3,1,5.43110549999983
16,1,2,1,1,0,15,10,50,0,17.25,25,0,1,3,0,16.591861199995
16,2,1,0,1,1,37,14.5,5,175,0,0,0,6,2,0.155242336366264,12.0740404999815
16,2,1,0,1,1,35,13,70,30,0,0,0,6,2,4.99000597724655,5.87467449999531
16,2,1,0,1,1,21,6,95,55,0,0,0,6,2,1.04901738046294,3.29171019999194
16,2,1,0,1,1,45,13.5,55,65,0,0,0,6,2,0.0726703334468652,3.16310819998034
16,2,1,0,1,1,7,16.75,65,75,0,0,0,6,2,0.18803750343363,8.11242449999554
16,2,1,0,1,1,60,15,35,31,0,0,0,6,2,0.158402087913618,1.73546310001984
16,2,1,0,1,1,24,19,70,150,0,0,0,6,2,4.95879541213021,2.69733150000684
16,2,1,0,1,1,20,15.75,35,30,0,0,0,6,2,0.246965903293823,1.90557929998613
16,2,1,0,1,1,55,16.5,25,155,0,0,0,6,2,0.160213707964587,1.21665149999899
16,2,1,0,1,1,73,5,70,14,0,0,0,6,2,0.144990819102194,1.19846879999386
16,2,1,0,1,1,16,16,65,95,0,0,0,6,2,0.173975749584176,1.59916499999235
16,2,1,0,1,1,43,3,30,0,0,0,0,6,2,0.175172228353748,2.26389040000504
16,2,1,0,1,1,5,20,85,15,0,0,0,6,2,2.05285230701389,2.17556800000602
16,2,1,0,1,1,39,17,35,15,0,0,0,6,2,0.115212718281118,1.52613789998577
16,2,1,0,1,1,1,5,50,0,0,0,0,4,2,1.03955363605521,2.15843110001879
16,2,1,0,1,1,77,12,75,25,0,0,0,4,2,3.99769174250672,3.41238039999735
16,2,1,0,1,1,18,18.75,80,250,0,0,0,4,2,9.97086428706705,4.12707329998375
16,2,1,0,1,1,64,19.5,65,45,0,0,0,4,2,1.07547427356447,6.05057160000433
16,2,1,0,1,1,34,12,15,85,0,0,0,4,2,0.291155993724384,1.48591399998986
16,2,1,0,1,1,53,14,90,60,0,0,0,4,2,3.04861203333111,1.78352950001135
16,2,1,0,1,1,72,6.5,90,60,0,0,0,4,2,0.144007055335234,1.7653949999949
16,2,1,0,1,1,33,11,65,190,0,0,0,4,2,0.161693108703986,1.96101230001659
16,2,1,0,1,1,38,15.5,40,215,0,0,0,4,2,0.0146013453224398,1.52598299999954
16,2,1,0,1,1,54,9.25,40,4,0,0,0,4,2,0.189761601124559,1.36435530000017
16,2,1,0,1,1,70,3.5,40,3,0,0,0,4,2,0.145988113833102,0.950146399991354
16,2,1,0,1,1,29,7,20,55,0,0,0,4,2,0.248097630343416,1.30212569999276
16,2,1,0,1,1,48,7,45,70,0,0,0,4,2,0.263884612862373,1.91574310002034
16,2,1,0,1,1,6,19,20,175,0,0,0,4,2,0.102671705863635,1.49132149998331
16,2,1,0,1,1,32,9.5,30,170,0,0,0,5,2,0.0147025090193118,2.17899690000922
16,2,1,0,1,1,15,17.25,25,55,0,0,0,5,2,0.203416516447277,1.02141059999121
16,2,1,0,1,1,27,5.25,50,120,0,0,0,5,2,0.143036549058337,1.82255450001685
16,2,1,0,1,1,12,12,35,1,0,0,0,5,2,0.232983260883916,1.67021129999193
16,2,1,0,1,1,41,19,65,245,0,0,0,5,2,1.07721918593785,1.46111969999038
16,2,1,0,1,1,69,1.5,95,20,0,0,0,5,2,0.206239783049874,1.06643969999277
16,2,1,0,1,1,19,17.5,25,40,0,0,0,5,2,0.187187146432919,4.36563149999711
16,2,1,0,1,1,68,2.5,65,25,0,0,0,5,2,0.129610549777681,1.23174059999292
16,2,1,0,1,1,75,6,85,45,0,0,0,5,2,0.172795500563016,0.505909300001804
16,2,1,0,1,1,40,18,15,110,0,0,0,5,2,0.0580047522114597,5.72939520000364
16,2,1,0,1,1,58,14,45,20,0,0,0,5,2,0.1906355570774,1.01628130002064
16,2,1,0,1,1,49,16,50,20,0,0,0,5,2,3.98715250760416,1.21533540001838
16,2,1,0,1,1,62,10,95,135,0,0,0,5,2,5.02073672706284,2.69936009999947
16,2,1,0,1,1,56,12,90,210,0,0,0,5,2,4.92777719248559,1.5028998000198
16,2,1,0,1,1,25,9,60,160,0,0,0,2,2,0.971795806950578,2.53599509998458
16,2,1,0,1,1,47,16,100,5,0,0,0,2,2,7.99747154649781,6.07445670000743
16,2,1,0,1,1,74,7,40,120,0,0,0,2,2,0.200669477511248,2.73996999999508
16,2,1,0,1,1,31,8.5,50,22,0,0,0,2,2,0.11573629733444,3.46427940001013
16,2,1,0,1,1,57,10,50,95,0,0,0,2,2,0.0983660874424181,2.86791270002141
16,2,1,0,1,1,2,7.5,75,25,0,0,0,2,2,0.198878956471784,1.81445160001749
16,2,1,0,1,1,26,4,45,50,0,0,0,2,2,0.176793363466064,1.15129919999163
16,2,1,0,1,1,82,9.5,20,25,0,0,0,2,2,0.143770573928101,0.988775200006785
16,2,1,0,1,1,81,14,55,5,0,0,0,2,2,0.101502523558381,1.46703219998744
16,2,1,0,1,1,78,8.25,20,5,0,0,0,2,2,0.0800737358352954,0.996692099986831
16,2,1,0,1,1,9,2,30,19,0,0,0,2,2,0.465344102970153,0.823844099999405
16,2,1,0,1,1,84,11,50,110,0,0,0,2,2,0.256374777440243,1.05927820000215
16,2,1,0,1,1,61,15,75,225,0,0,0,2,2,2.02080823170083,1.68265839997912
16,2,1,0,1,1,83,17,80,200,0,0,0,2,2,4.00625727971506,2.13030680001248
16,2,1,0,1,1,52,18.5,10,85,0,0,0,1,2,0.0713936169039364,1.40858680001111
16,2,1,0,1,1,30,8,75,90,0,0,0,1,2,0.0748929886649421,14.3714979000215
16,2,1,0,1,1,76,4,35,70,0,0,0,1,2,0.0512358975635188,2.28381529997569
16,2,1,0,1,1,79,10,10,140,0,0,0,1,2,0.16844228508419,1.10604139999487
16,2,1,0,1,1,65,1.75,80,10,0,0,0,1,2,0.235281641861636,0.967458300001454
16,2,1,0,1,1,10,19.5,10,125,0,0,0,1,2,0.0687282094075705,1.37848189999931
16,2,1,0,1,1,63,5.5,70,40,0,0,0,1,2,0.796435979367267,1.51470870000776
16,2,1,0,1,1,44,5,40,65,0,0,0,1,2,0.47392271995583,1.03639280001516
16,2,1,0,1,1,46,2,55,70,0,0,0,1,2,0.0171133935191499,1.82529199999408
16,2,1,0,1,1,17,3.25,85,205,0,0,0,1,2,0.0857348531928892,4.18112959997961
16,2,1,0,1,1,51,1,40,3,0,0,0,1,2,0.164190233769599,1.79892970001674
16,2,1,0,1,1,28,6,25,7,0,0,0,1,2,0.230892819142344,0.877853000012692
16,2,1,0,1,1,11,18.25,70,55,0,0,0,1,2,2.05298470374926,3.45741989999078
16,2,1,0,1,1,66,10,90,80,0,0,0,1,2,4.8879664869416,1.41211350000231
16,2,1,0,1,1,67,8.5,50,105,0,0,0,3,2,0.43166226119116,1.31861180000124
16,2,1,0,1,1,23,7.75,60,120,0,0,0,3,2,0.146211600543008,0.954765100002987
16,2,1,0,1,1,36,14,15,40,0,0,0,3,2,0.0306556108388847,6.17138849999174
16,2,1,0,1,1,14,16.75,45,145,0,0,0,3,2,0.121942894820055,1.16185419997782
16,2,1,0,1,1,50,2.5,90,10,0,0,0,3,2,0.207519871048241,1.0750044999877
16,2,1,0,1,1,3,15,85,14,0,0,0,3,2,5.02060250970488,2.75547239999287
16,2,1,0,1,1,59,2,80,110,0,0,0,3,2,0.134649485076814,0.939588499983074
16,2,1,0,1,1,13,19.5,5,7,0,0,0,3,2,0.366672940815548,1.1304955999949
16,2,1,0,1,1,80,8,45,125,0,0,0,3,2,0.309671843953421,1.34453259999282
16,2,1,0,1,1,4,8.5,20,90,0,0,0,3,2,0.156964430024875,0.694249099993613
16,2,1,0,1,1,8,16,15,20,0,0,0,3,2,0.175172228353748,6.53818480001064
16,2,1,0,1,1,42,20,30,170,0,0,0,3,2,0.0546441319939888,2.39525040000444
16,2,1,0,1,1,71,6,25,45,0,0,0,3,2,0.450230574782108,1.20286539997323
16,2,1,0,1,1,22,20,90,165,0,0,0,3,2,4.02976760110337,1.47614449998946
16,2,2,1,1,1,36,14,15,40,8.25,20,5,5,1,0,16.3204329999862
16,2,2,1,1,1,10,19.5,10,125,18.5,10,85,5,1,0,4.13459760000114
16,2,2,1,1,1,41,17,80,200,19,65,245,5,1,0,5.48006910001277
16,2,2,1,1,1,22,19.5,65,45,20,90,165,5,1,1,13.8608516000095
16,2,2,1,1,1,30,8,75,90,6.5,90,60,5,1,0,3.98789899999974
16,2,2,1,1,1,9,2,30,19,1,40,3,5,1,0,5.18400039998232
16,2,2,1,1,1,28,6,25,7,3.5,40,3,5,1,0,2.9288588000054
16,2,2,1,1,1,25,8.5,50,105,9,60,160,4,1,1,2.28859740000917
16,2,2,1,1,1,6,7,45,70,19,20,175,4,1,0,15.529483899998
16,2,2,1,1,1,18,15,35,31,18.75,80,250,4,1,1,2.61726379999891
16,2,2,1,1,1,17,2,80,110,3.25,85,205,4,1,0,5.07169640000211
16,2,2,1,1,1,40,9.5,20,25,18,15,110,4,1,0,3.25455010001315
16,2,2,1,1,1,12,9.25,40,4,12,35,1,4,1,1,3.24946349998936
16,2,2,1,1,1,37,10,10,140,14.5,5,175,4,1,0,12.3844861999969
16,2,2,1,1,1,35,13,70,30,12,75,25,3,1,0,3.78449690001435
16,2,2,1,1,1,20,10,95,135,15.75,35,30,3,1,0,5.08829299997888
16,2,2,1,1,1,1,3,30,0,5,50,0,3,1,1,5.45815700001549
16,2,2,1,1,1,11,18.25,70,55,14,90,60,3,1,0,5.43048950002412
16,2,2,1,1,1,33,11,65,190,6,85,45,3,1,0,2.28037089999998
16,2,2,1,1,1,2,5,40,65,7.5,75,25,3,1,1,1.98368040000787
16,2,2,1,1,1,4,2,55,70,8.5,20,90,3,1,0,6.51179719998618
16,2,2,1,1,1,31,8.5,50,22,5,70,14,1,1,0,7.16900180000812
16,2,2,1,1,1,16,16,65,95,14,45,20,1,1,0,2.70349620000343
16,2,2,1,1,1,38,8,45,125,15.5,40,215,1,1,0,4.56916149999597
16,2,2,1,1,1,34,4,35,70,12,15,85,1,1,1,13.5052422000153
16,2,2,1,1,1,23,7.75,60,120,1.75,80,10,1,1,1,8.69625589999487
16,2,2,1,1,1,19,15,75,225,17.5,25,40,1,1,0,27.0163022999768
16,2,2,1,1,1,32,7,40,120,9.5,30,170,1,1,0,9.47960099999909
16,2,2,1,1,1,27,1.5,95,20,5.25,50,120,6,1,0,5.17667059999076
16,2,2,1,1,1,13,19.5,5,7,16.5,25,155,6,1,0,7.01599889999488
16,2,2,1,1,1,21,6,95,55,5.5,70,40,6,1,1,13.3871249000076
16,2,2,1,1,1,39,17,35,15,14,55,5,6,1,0,2.30371619999642
16,2,2,1,1,1,7,16.75,65,75,16,50,20,6,1,1,2.99267929999041
16,2,2,1,1,1,29,7,20,55,6,25,45,6,1,0,2.96865360002266
16,2,2,1,1,1,26,2.5,65,25,4,45,50,6,1,0,3.69051509999554
16,2,2,1,1,1,14,16.75,45,145,12,90,210,2,1,0,2.36914500000421
16,2,2,1,1,1,3,13.5,55,65,15,85,14,2,1,1,3.76118129998213
16,2,2,1,1,1,24,10,90,80,19,70,150,2,1,0,4.34527289998368
16,2,2,1,1,1,5,16,100,5,20,85,15,2,1,0,2.67995600000722
16,2,2,1,1,1,8,16,15,20,2.5,90,10,2,1,0,15.2638139000046
16,2,2,1,1,1,15,10,50,95,17.25,25,55,2,1,0,19.728707000002
16,2,2,1,1,1,42,11,50,110,20,30,170,2,1,0,12.1878385000164
16,3,1,0,0,1,19,17.5,100,40,0,0,0,6,6,5.03046004374814,12.289161
16,3,1,0,0,1,41,19,100,245,0,0,0,6,6,4.98961469481823,3.25276360000004
16,3,1,0,0,1,20,15.75,100,30,0,0,0,6,6,5.0416085429692,2.58472740000002
16,3,1,0,0,1,48,7,100,70,0,0,0,6,6,3.04289105162242,1.6908431
16,3,1,0,0,1,40,18,100,110,0,0,0,6,6,6.03957677299256,17.8715743
16,3,1,0,0,1,52,18.5,100,85,0,0,0,6,6,8.07612234766351,4.2831521
16,3,1,0,0,1,84,11,100,110,0,0,0,6,6,4.01262752307277,1.12546729999997
16,3,1,0,0,1,53,14,100,60,0,0,0,6,6,5.99695851276626,1.43145829999997
16,3,1,0,0,1,63,5.5,100,40,0,0,0,6,6,1.07514123330803,1.46542430000005
16,3,1,0,0,1,18,18.75,100,250,0,0,0,6,6,5.08267324476541,4.27147189999999
16,3,1,0,0,1,68,2.5,100,25,0,0,0,6,6,0.146323600643697,1.2036397
16,3,1,0,0,1,70,3.5,100,3,0,0,0,6,6,0.312374843836277,2.07564189999999
16,3,1,0,0,1,10,19.5,100,125,0,0,0,6,6,6.01608573930937,2.62378430000001
16,3,1,0,0,1,21,6,100,55,0,0,0,6,6,0.248667390442254,1.17550010000002
16,3,1,0,0,1,54,9.25,100,4,0,0,0,5,6,3.93841225862202,1.59184799999997
16,3,1,0,0,1,29,7,100,55,0,0,0,5,6,2.44371498225776,2.74070339999997
16,3,1,0,0,1,11,18.25,100,55,0,0,0,5,6,3.98715250760416,2.46689040000001
16,3,1,0,0,1,72,6.5,100,60,0,0,0,5,6,1.82106003711498,1.01532700000001
16,3,1,0,0,1,78,8.25,100,5,0,0,0,5,6,1.92477210692049,0.950973900000008
16,3,1,0,0,1,59,2,100,110,0,0,0,5,6,0.0874022572098667,0.932527499999992
16,3,1,0,0,1,42,20,100,170,0,0,0,5,6,5.09255531921526,1.92663180000005
16,3,1,0,0,1,45,13.5,100,65,0,0,0,5,6,1.09433494567967,2.02824820000001
16,3,1,0,0,1,4,8.5,100,90,0,0,0,5,6,0.465344102970153,0.958816599999977
16,3,1,0,0,1,16,16,100,95,0,0,0,5,6,5.92954290267028,1.68569559999997
16,3,1,0,0,1,27,5.25,100,120,0,0,0,5,6,1.17228952919645,2.6148498
16,3,1,0,0,1,67,8.5,100,105,0,0,0,5,6,1.13791985468156,1.1401315
16,3,1,0,0,1,7,16.75,100,75,0,0,0,5,6,5.05158880366486,1.0157433
16,3,1,0,0,1,23,7.75,100,120,0,0,0,5,6,2.28237099011072,1.00636000000003
16,3,1,0,0,1,28,6,100,7,0,0,0,1,6,3.06086987797305,1.5293446
16,3,1,0,0,1,69,1.5,100,20,0,0,0,1,6,0.04037703400137,1.2779855
16,3,1,0,0,1,30,8,100,90,0,0,0,1,6,2.01205340865895,1.43778409999999
16,3,1,0,0,1,73,5,100,14,0,0,0,1,6,0.311289007577336,1.06585030000002
16,3,1,0,0,1,26,4,100,50,0,0,0,1,6,0.0903861859792094,2.71622430000002
16,3,1,0,0,1,24,19,100,150,0,0,0,1,6,5.08161344825054,1.30455699999999
16,3,1,0,0,1,1,5,100,0,0,0,0,1,6,1.06328637549705,0.909639400000003
16,3,1,0,0,1,2,7.5,100,25,0,0,0,1,6,0.983671013621496,4.50532730000003
16,3,1,0,0,1,79,10,100,140,0,0,0,1,6,0.237747348955949,3.3428662
16,3,1,0,0,1,25,9,100,160,0,0,0,1,6,1.11118708492884,1.30269700000002
16,3,1,0,0,1,43,3,100,0,0,0,0,1,6,0.330414564720009,0.955042700000035
16,3,1,0,0,1,58,14,100,20,0,0,0,1,6,0.369052862594003,1.43910249999999
16,3,1,0,0,1,75,6,100,45,0,0,0,1,6,0.959681268341196,1.0154417
16,3,1,0,0,1,57,10,100,95,0,0,0,1,6,0.5716602391614,1.47813430000002
16,3,1,0,0,1,62,10,100,135,0,0,0,4,6,1.1234713231246,1.64296589999998
16,3,1,0,0,1,15,17.25,100,55,0,0,0,4,6,5.06101600117396,1.44360029999996
16,3,1,0,0,1,83,17,100,200,0,0,0,4,6,3.01630158162037,1.30227029999998
16,3,1,0,0,1,76,4,100,70,0,0,0,4,6,0.222849707932067,1.07878820000008
16,3,1,0,0,1,61,15,100,225,0,0,0,4,6,2.0213904407969,0.91956760000005
16,3,1,0,0,1,47,16,100,5,0,0,0,4,6,3.83131033090796,1.08104919999994
16,3,1,0,0,1,66,10,100,80,0,0,0,4,6,1.95304598654105,1.85261379999997
16,3,1,0,0,1,35,13,100,30,0,0,0,4,6,2.90028135854778,1.7151599
16,3,1,0,0,1,6,19,100,175,0,0,0,4,6,3.87357734965721,1.8742929
16,3,1,0,0,1,39,17,100,15,0,0,0,4,6,3.89953519855846,2.0802392999999
16,3,1,0,0,1,9,2,100,19,0,0,0,4,6,0.0255156859107366,1.12054590000002
16,3,1,0,0,1,22,20,100,165,0,0,0,4,6,5,1.24736599999994
16,3,1,0,0,1,56,12,100,210,0,0,0,4,6,3.92346815995925,1.28498160000004
16,3,1,0,0,1,3,15,100,14,0,0,0,4,6,3.99239568156557,0.909275500000035
16,3,1,0,0,1,46,2,100,70,0,0,0,3,6,0.0616064419178777,1.04566999999997
16,3,1,0,0,1,51,1,100,3,0,0,0,3,6,0.247739124481587,1.47314559999995
16,3,1,0,0,1,36,14,100,40,0,0,0,3,6,3.9619562209322,1.42879630000004
16,3,1,0,0,1,71,6,100,45,0,0,0,3,6,0.16676178747705,0.876949100000047
16,3,1,0,0,1,38,15.5,100,215,0,0,0,3,6,2.7865186532794,1.00759219999998
16,3,1,0,0,1,80,8,100,125,0,0,0,3,6,0.50503725652765,1.11080620000007
16,3,1,0,0,1,77,12,100,25,0,0,0,3,6,0.942061330396662,0.904298799999992
16,3,1,0,0,1,60,15,100,31,0,0,0,3,6,3.91167709878784,1.2511604
16,3,1,0,0,1,65,1.75,100,10,0,0,0,3,6,0.480379475633971,0.854240199999936
16,3,1,0,0,1,34,12,100,85,0,0,0,3,6,2.14807471875559,0.673168000000032
16,3,1,0,0,1,17,3.25,100,205,0,0,0,3,6,0.100049879666813,0.606442399999992
16,3,1,0,0,1,31,8.5,100,22,0,0,0,3,6,2.37974273275168,0.491673600000013
16,3,1,0,0,1,14,16.75,100,145,0,0,0,3,6,4.03214513455646,0.507792899999913
16,3,1,0,0,1,74,7,100,120,0,0,0,3,6,1.19637996584719,0.655780800000002
16,3,1,0,0,1,64,19.5,100,45,0,0,0,2,6,1.98520877468707,0.647782099999972
16,3,1,0,0,1,37,14.5,100,175,0,0,0,2,6,2.82686094033362,1.06131089999997
16,3,1,0,0,1,44,5,100,65,0,0,0,2,6,0.501554273111253,0.867690699999912
16,3,1,0,0,1,5,20,100,15,0,0,0,2,6,5.05092849533338,0.772311599999966
16,3,1,0,0,1,12,12,100,1,0,0,0,2,6,0.733437467323103,0.759277200000042
16,3,1,0,0,1,49,16,100,20,0,0,0,2,6,4.6400333004331,0.575088999999934
16,3,1,0,0,1,32,9.5,100,170,0,0,0,2,6,1.86517825755843,0.984560800000054
16,3,1,0,0,1,81,14,100,5,0,0,0,2,6,2.02119912771988,0.563700999999924
16,3,1,0,0,1,8,16,100,20,0,0,0,2,6,4.96884430555114,0.565269400000034
16,3,1,0,0,1,33,11,100,190,0,0,0,2,6,1.95304598654105,0.525666999999999
16,3,1,0,0,1,50,2.5,100,10,0,0,0,2,6,0.0338025021063082,0.642839299999991
16,3,1,0,0,1,13,19.5,100,7,0,0,0,2,6,6.00019501361792,0.506400900000017
16,3,1,0,0,1,82,9.5,100,25,0,0,0,2,6,2.97079000642287,1.90090480000003
16,3,1,0,0,1,55,16.5,100,155,0,0,0,2,6,5.05931068509253,0.501764100000059
16,3,2,1,0,1,37,10,100,140,14.5,100,175,4,5,1,16.9129927
16,3,2,1,0,1,18,15,100,31,18.75,100,250,4,5,0,19.7512079999999
16,3,2,1,0,1,31,8.5,100,22,5,100,14,4,5,1,3.73573650000003
16,3,2,1,0,1,19,15,100,225,17.5,100,40,4,5,1,46.6243277
16,3,2,1,0,1,26,2.5,100,25,4,100,50,4,5,0,4.53961249999998
16,3,2,1,0,1,25,8.5,100,105,9,100,160,4,5,0,2.16081640000004
16,3,2,1,0,1,21,5.5,100,40,6,100,55,4,5,0,4.68929420000006
16,3,2,1,0,1,2,7.5,100,25,5,100,65,2,5,1,21.6667913
16,3,2,1,0,1,30,8,100,90,6.5,100,60,2,5,0,8.46386860000007
16,3,2,1,0,1,1,5,100,0,3,100,0,2,5,1,8.74679920000005
16,3,2,1,0,1,10,19.5,100,125,18.5,100,85,2,5,0,2.16224850000003
16,3,2,1,0,1,33,11,100,190,6,100,45,2,5,0,5.37664039999993
16,3,2,1,0,1,24,10,100,80,19,100,150,2,5,0,3.10504030000004
16,3,2,1,0,1,20,15.75,100,30,10,100,135,2,5,1,12.0827952999999
16,3,2,1,0,1,14,16.75,100,145,12,100,210,6,5,1,3.6245136
16,3,2,1,0,1,32,9.5,100,170,7,100,120,6,5,0,5.24328030000004
16,3,2,1,0,1,41,17,100,200,19,100,245,6,5,0,4.18575550000003
16,3,2,1,0,1,35,12,100,25,13,100,30,6,5,0,6.99486689999992
16,3,2,1,0,1,29,6,100,45,7,100,55,6,5,0,1.80253279999999
16,3,2,1,0,1,34,4,100,70,12,100,85,6,5,1,4.77600810000001
16,3,2,1,0,1,39,17,100,15,14,100,5,6,5,0,2.69745289999992
16,3,2,1,0,1,9,2,100,19,1,100,3,1,5,0,3.76901720000001
16,3,2,1,0,1,7,16,100,20,16.75,100,75,1,5,0,2.17824699999994
16,3,2,1,0,1,38,8,100,125,15.5,100,215,1,5,1,9.4425516
16,3,2,1,0,1,17,2,100,110,3.25,100,205,1,5,0,4.93051420000006
16,3,2,1,0,1,4,2,100,70,8.5,100,90,1,5,1,3.99370970000007
16,3,2,1,0,1,27,5.25,100,120,1.5,100,20,1,5,0,3.49060580000003
16,3,2,1,0,1,13,19.5,100,7,16.5,100,155,1,5,1,7.01715799999999
16,3,2,1,0,1,11,18.25,100,55,14,100,60,5,5,1,4.25822410000001
16,3,2,1,0,1,3,13.5,100,65,15,100,14,5,5,1,5.31205179999995
16,3,2,1,0,1,12,9.25,100,4,12,100,1,5,5,1,2.85313859999997
16,3,2,1,0,1,16,14,100,20,16,100,95,5,5,0,2.98103379999998
16,3,2,1,0,1,6,19,100,175,7,100,70,5,5,1,4.46075910000002
16,3,2,1,0,1,28,6,100,7,3.5,100,3,5,5,1,1.94117659999995
16,3,2,1,0,1,42,11,100,110,20,100,170,5,5,1,6.38362110000003
16,3,2,1,0,1,36,8.25,100,5,14,100,40,3,5,0,3.19673980000005
16,3,2,1,0,1,5,16,100,5,20,100,15,3,5,0,11.9250433999999
16,3,2,1,0,1,22,20,100,165,19.5,100,45,3,5,0,3.33252979999997
16,3,2,1,0,1,8,16,100,20,2.5,100,10,3,5,1,3.39699389999998
16,3,2,1,0,1,15,17.25,100,55,10,100,95,3,5,1,1.90045310000005
16,3,2,1,0,1,23,1.75,100,10,7.75,100,120,3,5,1,2.82874979999997
16,3,2,1,0,1,40,18,100,110,9.5,100,25,3,5,0,2.16407770000001
17,1,1,1,1,1,26,2.5,65,25,4,45,50,3,1,0,5.64672900000005
17,1,1,1,1,1,12,12,35,1,9.25,40,4,3,1,0,6.90051919999996
17,1,1,1,1,1,21,5.5,70,40,6,95,55,3,1,1,4.85475270000006
17,1,1,1,1,1,22,20,90,165,19.5,65,45,3,1,1,1.78771659999984
17,1,1,1,1,1,36,8.25,20,5,14,15,40,3,1,0,6.00232959999994
17,1,1,1,1,1,17,2,80,110,3.25,85,205,3,1,1,3.85574450000013
17,1,1,1,1,1,39,14,55,5,17,35,15,3,1,0,3.23425889999999
17,1,1,1,1,1,32,7,40,120,9.5,30,170,4,1,0,11.7179197
17,1,1,1,1,1,23,7.75,60,120,1.75,80,10,4,1,1,4.6250500000001
17,1,1,1,1,1,16,16,65,95,14,45,20,4,1,0,6.69444510000039
17,1,1,1,1,1,15,17.25,25,55,10,50,95,4,1,0,7.95204039999999
17,1,1,1,1,1,10,19.5,10,125,18.5,10,85,4,1,0,5.93231849999984
17,1,1,1,1,1,42,20,30,170,11,50,110,4,1,0,4.94485200000008
17,1,1,1,1,1,30,8,75,90,6.5,90,60,4,1,0,3.32185710000022
17,1,1,1,1,1,2,7.5,75,25,5,40,65,5,1,1,3.54654769999979
17,1,1,1,1,1,14,16.75,45,145,12,90,210,5,1,1,12.1429513999997
17,1,1,1,1,1,33,6,85,45,11,65,190,5,1,0,3.7358621000003
17,1,1,1,1,1,18,15,35,31,18.75,80,250,5,1,1,8.25716059999968
17,1,1,1,1,1,40,9.5,20,25,18,15,110,5,1,0,8.42191920000005
17,1,1,1,1,1,9,1,40,3,2,30,19,5,1,0,3.28096049999976
17,1,1,1,1,1,20,15.75,35,30,10,95,135,5,1,0,10.8401220999999
17,1,1,1,1,1,38,8,45,125,15.5,40,215,1,1,1,8.59325540000009
17,1,1,1,1,1,37,10,10,140,14.5,5,175,1,1,0,3.51844200000005
17,1,1,1,1,1,1,5,50,0,3,30,0,1,1,1,6.00287889999981
17,1,1,1,1,1,25,8.5,50,105,9,60,160,1,1,0,3.19495619999998
17,1,1,1,1,1,34,12,15,85,4,35,70,1,1,0,4.38579629999958
17,1,1,1,1,1,35,12,75,25,13,70,30,1,1,0,4.2816742
17,1,1,1,1,1,5,16,100,5,20,85,15,1,1,0,5.8325261
17,1,1,1,1,1,19,15,75,225,17.5,25,40,2,1,1,13.6178606000003
17,1,1,1,1,1,41,17,80,200,19,65,245,2,1,0,4.96843880000006
17,1,1,1,1,1,13,16.5,25,155,19.5,5,7,2,1,0,27.2900429000001
17,1,1,1,1,1,24,19,70,150,10,90,80,2,1,0,5.66629450000028
17,1,1,1,1,1,4,8.5,20,90,2,55,70,2,1,0,5.60906680000016
17,1,1,1,1,1,27,5.25,50,120,1.5,95,20,2,1,0,5.84929629999988
17,1,1,1,1,1,28,3.5,40,3,6,25,7,2,1,0,9.84938170000032
17,1,1,1,1,1,11,14,90,60,18.25,70,55,6,1,0,9.0844376
17,1,1,1,1,1,6,19,20,175,7,45,70,6,1,0,3.80048570000008
17,1,1,1,1,1,31,8.5,50,22,5,70,14,6,1,0,12.6720356999999
17,1,1,1,1,1,8,16,15,20,2.5,90,10,6,1,0,3.08067180000035
17,1,1,1,1,1,7,16,50,20,16.75,65,75,6,1,1,9.33691080000017
17,1,1,1,1,1,29,6,25,45,7,20,55,6,1,0,5.1766548999999
17,1,1,1,1,1,3,15,85,14,13.5,55,65,6,1,1,5.9462410000001
17,1,2,0,1,1,33,11,65,190,0,0,0,4,2,1.99769373642336,21.4162228
17,1,2,0,1,1,22,20,90,165,0,0,0,4,2,10,10.5545587000001
17,1,2,0,1,1,23,7.75,60,120,0,0,0,4,2,2.72930576687986,6.08105979999982
17,1,2,0,1,1,76,4,35,70,0,0,0,4,2,0.748102369651065,4.31956099999979
17,1,2,0,1,1,32,9.5,30,170,0,0,0,4,2,2.70393322852708,7.8245922000001
17,1,2,0,1,1,66,10,90,80,0,0,0,4,2,5.27931224846419,5.68428500000027
17,1,2,0,1,1,81,14,55,5,0,0,0,4,2,5.29106097726608,7.79679869999973
17,1,2,0,1,1,58,14,45,20,0,0,0,4,2,4.17517453678926,7.2730203000001
17,1,2,0,1,1,48,7,45,70,0,0,0,4,2,1.98874654256517,3.82201020000002
17,1,2,0,1,1,13,19.5,5,7,0,0,0,4,2,2.03437690732758,7.30211680000002
17,1,2,0,1,1,6,19,20,175,0,0,0,4,2,3.03707545485702,5.68250249999983
17,1,2,0,1,1,17,3.25,85,205,0,0,0,4,2,0.944953248986533,4.00151759999972
17,1,2,0,1,1,73,5,70,14,0,0,0,4,2,1.74760399502435,4.89808230000017
17,1,2,0,1,1,83,17,80,200,0,0,0,4,2,6.00880358958461,6.47822330000008
17,1,2,0,1,1,1,5,50,0,0,0,0,5,2,2.03437690732758,4.15920240000014
17,1,2,0,1,1,27,5.25,50,120,0,0,0,5,2,1.2938879658477,3.97788119999996
17,1,2,0,1,1,41,19,65,245,0,0,0,5,2,5.32062640432018,6.45686860000023
17,1,2,0,1,1,80,8,45,125,0,0,0,5,2,1.63372798041795,6.21674709999979
17,1,2,0,1,1,8,16,15,20,0,0,0,5,2,2.45491448239809,3.34666809999999
17,1,2,0,1,1,69,1.5,95,20,0,0,0,5,2,0.967355565143176,10.7902057000001
17,1,2,0,1,1,70,3.5,40,3,0,0,0,5,2,1.17001028084882,5.49514289999979
17,1,2,0,1,1,47,16,100,5,0,0,0,5,2,9.97079746297372,5.99751109999988
17,1,2,0,1,1,7,16.75,65,75,0,0,0,5,2,4.8467503696407,3.38097170000037
17,1,2,0,1,1,35,13,70,30,0,0,0,5,2,4.18506902206481,4.55040170000029
17,1,2,0,1,1,74,7,40,120,0,0,0,5,2,1.70142426231181,5.38386790000004
17,1,2,0,1,1,67,8.5,50,105,0,0,0,5,2,2.3512510907587,5.39245170000004
17,1,2,0,1,1,61,15,75,225,0,0,0,5,2,7.06779608086971,5.83309200000031
17,1,2,0,1,1,37,14.5,5,175,0,0,0,5,2,0.733564469960886,4.42627700000003
17,1,2,0,1,1,49,16,50,20,0,0,0,2,2,4.67937359567982,2.87884780000013
17,1,2,0,1,1,71,6,25,45,0,0,0,2,2,1.43505018769481,7.50043789999972
17,1,2,0,1,1,29,7,20,55,0,0,0,2,2,1.75556819206436,3.11531800000012
17,1,2,0,1,1,54,9.25,40,4,0,0,0,2,2,3.83277068112029,5.60479729999997
17,1,2,0,1,1,75,6,85,45,0,0,0,2,2,2.68467025853172,9.08153539999967
17,1,2,0,1,1,3,15,85,14,0,0,0,2,2,8.25459579677603,6.41932910000014
17,1,2,0,1,1,18,18.75,80,250,0,0,0,2,2,7.01584732818816,16.0464589999997
17,1,2,0,1,1,34,12,15,85,0,0,0,2,2,1.15934177964765,4.33094810000011
17,1,2,0,1,1,14,16.75,45,145,0,0,0,2,2,6.04966830666103,6.64125950000016
17,1,2,0,1,1,50,2.5,90,10,0,0,0,2,2,0.824446099473469,5.27108769999995
17,1,2,0,1,1,78,8.25,20,5,0,0,0,2,2,1.73746245399791,5.70710869999994
17,1,2,0,1,1,60,15,35,31,0,0,0,2,2,3.89759349536826,6.8121887999996
17,1,2,0,1,1,84,11,50,110,0,0,0,2,2,4.87518858732495,4.71681069999977
17,1,2,0,1,1,79,10,10,140,0,0,0,2,2,1.35406412865375,5.8672360999999
17,1,2,0,1,1,82,9.5,20,25,0,0,0,1,2,1.68467426575848,5.67809840000018
17,1,2,0,1,1,36,14,15,40,0,0,0,1,2,2.0064147342708,6.20453140000018
17,1,2,0,1,1,44,5,40,65,0,0,0,1,2,1.07547427356447,3.34289760000001
17,1,2,0,1,1,52,18.5,10,85,0,0,0,1,2,2.69663753552926,9.7753544000002
17,1,2,0,1,1,19,17.5,25,40,0,0,0,1,2,3.00396027555258,3.55418580000014
17,1,2,0,1,1,62,10,95,135,0,0,0,1,2,7.95167235300866,7.54313129999991
17,1,2,0,1,1,38,15.5,40,215,0,0,0,1,2,3.00396027555258,11.8627226999997
17,1,2,0,1,1,57,10,50,95,0,0,0,1,2,3.41539315921658,7.09322079999993
17,1,2,0,1,1,11,18.25,70,55,0,0,0,1,2,8.75476001271517,11.7014044000002
17,1,2,0,1,1,39,17,35,15,0,0,0,1,2,4.83414313181064,11.0018076000001
17,1,2,0,1,1,5,20,85,15,0,0,0,1,2,9.35530141498724,5.34944829999995
17,1,2,0,1,1,42,20,30,170,0,0,0,1,2,5.35331445776269,4.34367120000024
17,1,2,0,1,1,64,19.5,65,45,0,0,0,1,2,7.50135030483042,14.649359
17,1,2,0,1,1,72,6.5,90,60,0,0,0,1,2,3.0699162966073,5.54539759999989
17,1,2,0,1,1,59,2,80,110,0,0,0,3,2,0.762632434958558,3.0481807000001
17,1,2,0,1,1,63,5.5,70,40,0,0,0,3,2,1.85827916581546,5.27718610000011
17,1,2,0,1,1,2,7.5,75,25,0,0,0,3,2,3.01031529969813,4.27315550000003
17,1,2,0,1,1,12,12,35,1,0,0,0,3,2,3.61458574778277,2.64029449999998
17,1,2,0,1,1,4,8.5,20,90,0,0,0,3,2,2.0112614124296,2.89301030000024
17,1,2,0,1,1,16,16,65,95,0,0,0,3,2,4.31830310088083,8.46470940000017
17,1,2,0,1,1,31,8.5,50,22,0,0,0,3,2,3.10120822414234,6.48898259999987
17,1,2,0,1,1,56,12,90,210,0,0,0,3,2,6.7717106556581,10.8922407
17,1,2,0,1,1,20,15.75,35,30,0,0,0,3,2,3.9144777721632,5.10233679999965
17,1,2,0,1,1,43,3,30,0,0,0,0,3,2,0.940621950442402,5.27667179999935
17,1,2,0,1,1,24,19,70,150,0,0,0,3,2,7.04832764699133,4.25368679999974
17,1,2,0,1,1,21,6,95,55,0,0,0,3,2,2.01605899932928,5.14226560000043
17,1,2,0,1,1,65,1.75,80,10,0,0,0,3,2,0.893026728465617,3.34840350000013
17,1,2,0,1,1,77,12,75,25,0,0,0,3,2,6.4610268806137,4.23516080000081
17,1,2,0,1,1,26,4,45,50,0,0,0,6,2,1.00889698489186,8.03135060000022
17,1,2,0,1,1,30,8,75,90,0,0,0,6,2,2.99780341313587,5.57103240000015
17,1,2,0,1,1,9,2,30,19,0,0,0,6,2,0.603784282393384,3.67174799999975
17,1,2,0,1,1,68,2.5,65,25,0,0,0,6,2,0.988554800503593,2.66667319999942
17,1,2,0,1,1,51,1,40,3,0,0,0,6,2,0.480928277179302,5.1753163000003
17,1,2,0,1,1,28,6,25,7,0,0,0,6,2,1.31416616076064,2.38230560000011
17,1,2,0,1,1,15,17.25,25,55,0,0,0,6,2,3.51869671938465,5.23766999999953
17,1,2,0,1,1,40,18,15,110,0,0,0,6,2,2.38698117676123,7.80176899999969
17,1,2,0,1,1,53,14,90,60,0,0,0,6,2,7.81228883937738,8.61535840000033
17,1,2,0,1,1,46,2,55,70,0,0,0,6,2,0.418984315269139,3.66053469999952
17,1,2,0,1,1,10,19.5,10,125,0,0,0,6,2,1.69115566734748,4.44413770000028
17,1,2,0,1,1,45,13.5,55,65,0,0,0,6,2,5.10367483591316,5.5021044999994
17,1,2,0,1,1,55,16.5,25,155,0,0,0,6,2,3.6846858830546,8.7400619
17,1,2,0,1,1,25,9,60,160,0,0,0,6,2,3.8373151060027,6.78722490000018
17,2,1,0,1,0,83,17,80,0,0,0,0,1,4,8.76342341226542,7.82235279999986
17,2,1,0,1,0,58,14,45,0,0,0,0,1,4,4.1698267581564,4.52360419999991
17,2,1,0,1,0,19,17.5,25,0,0,0,0,1,4,3.22115395423,3.23899819999997
17,2,1,0,1,0,80,8,45,0,0,0,0,1,4,2.9056841085248,4.25532599999997
17,2,1,0,1,0,79,10,10,0,0,0,0,1,4,1.81196429386132,2.43353760000014
17,2,1,0,1,0,5,20,85,0,0,0,0,1,4,9.70817715130103,3.43815359999985
17,2,1,0,1,0,68,2.5,65,0,0,0,0,1,4,0.924014106518165,2.74576630000001
17,2,1,0,1,0,57,10,50,0,0,0,0,1,4,3.94692456784643,3.46441249999998
17,2,1,0,1,0,7,16.75,65,0,0,0,0,1,4,5.96472487569647,4.1040473999999
17,2,1,0,1,0,56,12,90,0,0,0,0,1,4,6.56715840451518,2.36296570000013
17,2,1,0,1,0,26,4,45,0,0,0,0,1,4,1.33155215244497,2.78026599999998
17,2,1,0,1,0,20,15.75,35,0,0,0,0,1,4,3.70258468544956,2.88039500000014
17,2,1,0,1,0,66,10,90,0,0,0,0,1,4,4.87518858732495,3.12043560000006
17,2,1,0,1,0,24,19,70,0,0,0,0,1,4,6.88428670145655,1.50565649999999
17,2,1,0,1,0,63,5.5,70,0,0,0,0,5,4,1.78380218475286,2.63380340000003
17,2,1,0,1,0,84,11,50,0,0,0,0,5,4,3.90601973690527,1.57909159999986
17,2,1,0,1,0,77,12,75,0,0,0,0,5,4,4.78199365464606,2.1363851000001
17,2,1,0,1,0,25,9,60,0,0,0,0,5,4,2.9063851250036,3.82871950000003
17,2,1,0,1,0,15,17.25,25,0,0,0,0,5,4,6.28100396948381,2.07670009999993
17,2,1,0,1,0,32,9.5,30,0,0,0,0,5,4,2.98415267181184,1.83269339999993
17,2,1,0,1,0,34,12,15,0,0,0,0,5,4,1.30578454424744,2.03983599999992
17,2,1,0,1,0,82,9.5,20,0,0,0,0,5,4,1.77373167074057,2.46301560000006
17,2,1,0,1,0,54,9.25,40,0,0,0,0,5,4,2.6490616983986,4.21840639999982
17,2,1,0,1,0,49,16,50,0,0,0,0,5,4,4.03214513455646,1.47073050000017
17,2,1,0,1,0,40,18,15,0,0,0,0,5,4,1.87656094033143,3.92636059999995
17,2,1,0,1,0,14,16.75,45,0,0,0,0,5,4,3.57001666799885,7.12269130000004
17,2,1,0,1,0,29,7,20,0,0,0,0,5,4,1.05136913422507,2.17585289999988
17,2,1,0,1,0,27,5.25,50,0,0,0,0,5,4,1.75957687545199,2.68917110000007
17,2,1,0,1,0,72,6.5,90,0,0,0,0,6,4,3.06930943336453,2.14158960000009
17,2,1,0,1,0,44,5,40,0,0,0,0,6,4,1.2681504829308,2.28933480000001
17,2,1,0,1,0,12,12,35,0,0,0,0,6,4,2.05295088345068,2.36006640000005
17,2,1,0,1,0,62,10,95,0,0,0,0,6,4,4.92730595888013,2.52699829999983
17,2,1,0,1,0,75,6,85,0,0,0,0,6,4,2.47706990663267,3.07546790000015
17,2,1,0,1,0,53,14,90,0,0,0,0,6,4,6.30927117030613,1.65364309999995
17,2,1,0,1,0,21,6,95,0,0,0,0,6,4,2.70995150131732,1.88738410000019
17,2,1,0,1,0,11,18.25,70,0,0,0,0,6,4,6.44687494829258,3.38381199999981
17,2,1,0,1,0,81,14,55,0,0,0,0,6,4,3.76358948843275,1.57013910000001
17,2,1,0,1,0,6,19,20,0,0,0,0,6,4,1.72333009708507,1.45777709999993
17,2,1,0,1,0,30,8,75,0,0,0,0,6,4,3.03034432397244,2.29208419999986
17,2,1,0,1,0,23,7.75,60,0,0,0,0,6,4,1.91861231418443,4.59117450000008
17,2,1,0,1,0,13,19.5,5,0,0,0,0,6,4,0.688324309176608,2.12039410000011
17,2,1,0,1,0,50,2.5,90,0,0,0,0,6,4,1.09932451885949,1.9991579
17,2,1,0,1,0,76,4,35,0,0,0,0,2,4,0.717372366882646,2.22479180000005
17,2,1,0,1,0,41,19,65,0,0,0,0,2,4,5.16639863766861,1.41363720000004
17,2,1,0,1,0,31,8.5,50,0,0,0,0,2,4,2.21412453621203,2.03106600000001
17,2,1,0,1,0,37,14.5,5,0,0,0,0,2,4,0.751549750501365,2.94183659999999
17,2,1,0,1,0,47,16,100,0,0,0,0,2,4,8.00267503088794,1.42368690000012
17,2,1,0,1,0,46,2,55,0,0,0,0,2,4,1.09242522713596,1.36992110000006
17,2,1,0,1,0,51,1,40,0,0,0,0,2,4,0.201576878781108,1.885356
17,2,1,0,1,0,3,15,85,0,0,0,0,2,4,6.01738014738712,2.44768550000003
17,2,1,0,1,0,16,16,65,0,0,0,0,2,4,5.25864612100457,2.1807816999999
17,2,1,0,1,0,71,6,25,0,0,0,0,2,4,0.739620098527979,1.98458000000005
17,2,1,0,1,0,8,16,15,0,0,0,0,2,4,1.27105578718893,1.43755539999984
17,2,1,0,1,0,35,13,70,0,0,0,0,2,4,5.37283556564541,1.43846580000013
17,2,1,0,1,0,17,3.25,85,0,0,0,0,2,4,0.715733344370559,3.43534180000006
17,2,1,0,1,0,43,3,30,0,0,0,0,2,4,0.602394970983404,1.98695679999992
17,2,1,0,1,0,65,1.75,80,0,0,0,0,3,4,0.601012019561246,3.45313350000015
17,2,1,0,1,0,22,20,90,0,0,0,0,3,4,9.00606868516234,1.68921309999996
17,2,1,0,1,0,42,20,30,0,0,0,0,3,4,3.02364068989547,1.56672029999982
17,2,1,0,1,0,61,15,75,0,0,0,0,3,4,4.51284333320864,5.23787189999985
17,2,1,0,1,0,64,19.5,65,0,0,0,0,3,4,5.04147301409681,2.12404560000004
17,2,1,0,1,0,38,15.5,40,0,0,0,0,3,4,3.16139905101858,1.79002360000004
17,2,1,0,1,0,9,2,30,0,0,0,0,3,4,0.350079601474192,1.5947597000004
17,2,1,0,1,0,10,19.5,10,0,0,0,0,3,4,0.870079442616703,2.5334697000003
17,2,1,0,1,0,2,7.5,75,0,0,0,0,3,4,2.58530053445077,1.80093930000021
17,2,1,0,1,0,59,2,80,0,0,0,0,3,4,0.862140118147543,1.88462119999986
17,2,1,0,1,0,4,8.5,20,0,0,0,0,3,4,0.822554474129724,2.70375199999989
17,2,1,0,1,0,70,3.5,40,0,0,0,0,3,4,1.62637074619409,1.46032859999968
17,2,1,0,1,0,60,15,35,0,0,0,0,3,4,1.68467426575848,1.69271219999973
17,2,1,0,1,0,74,7,40,0,0,0,0,3,4,1.43833636029598,1.17384289999973
17,2,1,0,1,0,18,18.75,80,0,0,0,0,4,4,7.29862873004832,4.25281069999983
17,2,1,0,1,0,67,8.5,50,0,0,0,0,4,4,2.16406394432578,2.06987720000006
17,2,1,0,1,0,48,7,45,0,0,0,0,4,4,1.57744506831431,1.4985515000003
17,2,1,0,1,0,45,13.5,55,0,0,0,0,4,4,3.64603074337467,2.29746030000024
17,2,1,0,1,0,52,18.5,10,0,0,0,0,4,4,0.909547559907335,2.92570150000029
17,2,1,0,1,0,36,14,15,0,0,0,0,4,4,1.09493938892155,1.57660110000006
17,2,1,0,1,0,28,6,25,0,0,0,0,4,4,0.748102369651065,1.25929959999985
17,2,1,0,1,0,39,17,35,0,0,0,0,4,4,2.58922418885347,2.21806369999968
17,2,1,0,1,0,1,5,50,0,0,0,0,4,4,1.23657658773458,0.947996200000034
17,2,1,0,1,0,69,1.5,95,0,0,0,0,4,4,0.654743372003473,1.61926570000014
17,2,1,0,1,0,73,5,70,0,0,0,0,4,4,1.81196429386132,1.61285950000001
17,2,1,0,1,0,78,8.25,20,0,0,0,0,4,4,0.840933002398828,2.07654439999988
17,2,1,0,1,0,33,11,65,0,0,0,0,4,4,3.21270331383979,2.35708239999985
17,2,1,0,1,0,55,16.5,25,0,0,0,0,4,4,2.64471200570903,2.93224929999997
17,2,2,1,1,0,19,17.5,25,0,15,75,0,1,3,0,4.64731110000002
17,2,2,1,1,0,10,18.5,10,0,19.5,10,0,1,3,1,3.32087060000003
17,2,2,1,1,0,23,7.75,60,0,1.75,80,0,1,3,1,2.77562490000037
17,2,2,1,1,0,1,3,30,0,5,50,0,1,3,1,10.4521592999999
17,2,2,1,1,0,16,16,65,0,14,45,0,1,3,1,4.14946800000007
17,2,2,1,1,0,42,11,50,0,20,30,0,1,3,0,14.3607963000004
17,2,2,1,1,0,35,12,75,0,13,70,0,1,3,0,8.06036450000011
17,2,2,1,1,0,37,14.5,5,0,10,10,0,5,3,0,3.24905169999965
17,2,2,1,1,0,39,14,55,0,17,35,0,5,3,0,3.61783799999967
17,2,2,1,1,0,33,11,65,0,6,85,0,5,3,1,2.97516599999972
17,2,2,1,1,0,3,13.5,55,0,15,85,0,5,3,1,2.15292170000021
17,2,2,1,1,0,7,16.75,65,0,16,50,0,5,3,1,3.85673630000019
17,2,2,1,1,0,30,8,75,0,6.5,90,0,5,3,0,3.8729257
17,2,2,1,1,0,20,15.75,35,0,10,95,0,5,3,0,3.24799849999999
17,2,2,1,1,0,4,2,55,0,8.5,20,0,6,3,1,4.56997039999987
17,2,2,1,1,0,5,20,85,0,16,100,0,6,3,0,4.5893603999998
17,2,2,1,1,0,2,5,40,0,7.5,75,0,6,3,1,2.23441239999966
17,2,2,1,1,0,13,16.5,25,0,19.5,5,0,6,3,0,3.01643009999998
17,2,2,1,1,0,32,9.5,30,0,7,40,0,6,3,0,4.66456489999973
17,2,2,1,1,0,14,12,90,0,16.75,45,0,6,3,0,2.00874350000004
17,2,2,1,1,0,12,12,35,0,9.25,40,0,6,3,0,8.75536209999973
17,2,2,1,1,0,27,1.5,95,0,5.25,50,0,2,3,0,2.45771190000005
17,2,2,1,1,0,9,1,40,0,2,30,0,2,3,0,2.35358799999995
17,2,2,1,1,0,21,5.5,70,0,6,95,0,2,3,1,2.26513799999975
17,2,2,1,1,0,22,20,90,0,19.5,65,0,2,3,1,1.87356720000025
17,2,2,1,1,0,26,4,45,0,2.5,65,0,2,3,1,3.86767099999997
17,2,2,1,1,0,40,9.5,20,0,18,15,0,2,3,1,3.44464970000035
17,2,2,1,1,0,31,5,70,0,8.5,50,0,2,3,1,7.14377120000017
17,2,2,1,1,0,38,8,45,0,15.5,40,0,4,3,1,2.36877499999991
17,2,2,1,1,0,24,19,70,0,10,90,0,4,3,1,2.76862880000044
17,2,2,1,1,0,41,19,65,0,17,80,0,4,3,0,2.37893800000029
17,2,2,1,1,0,8,2.5,90,0,16,15,0,4,3,0,3.1368650999998
17,2,2,1,1,0,28,6,25,0,3.5,40,0,4,3,0,4.58569129999978
17,2,2,1,1,0,34,4,35,0,12,15,0,4,3,0,7.00681269999995
17,2,2,1,1,0,25,9,60,0,8.5,50,0,4,3,1,4.79451139999992
17,2,2,1,1,0,15,10,50,0,17.25,25,0,3,3,0,2.71406000000025
17,2,2,1,1,0,11,18.25,70,0,14,90,0,3,3,0,2.57790900000009
17,2,2,1,1,0,6,7,45,0,19,20,0,3,3,1,5.86019319999969
17,2,2,1,1,0,17,3.25,85,0,2,80,0,3,3,1,2.62066989999994
17,2,2,1,1,0,36,8.25,20,0,14,15,0,3,3,1,3.93817660000013
17,2,2,1,1,0,18,18.75,80,0,15,35,0,3,3,1,1.72008800000003
17,2,2,1,1,0,29,7,20,0,6,25,0,3,3,0,5.7703706999996
17,3,1,0,0,1,19,17.5,100,40,0,0,0,5,6,8.00267503088794,2.83462389999477
17,3,1,0,0,1,25,9,100,160,0,0,0,5,6,2.16808279658187,3.18396080000093
17,3,1,0,0,1,40,18,100,110,0,0,0,5,6,2.51666602105884,2.28552180000406
17,3,1,0,0,1,76,4,100,70,0,0,0,5,6,1.14237704765918,1.67672669999592
17,3,1,0,0,1,67,8.5,100,105,0,0,0,5,6,1.58066265541687,2.39572970000154
17,3,1,0,0,1,75,6,100,45,0,0,0,5,6,2.8211019933154,2.65176749999227
17,3,1,0,0,1,16,16,100,95,0,0,0,5,6,5.74795941182922,1.7868729000038
17,3,1,0,0,1,47,16,100,5,0,0,0,5,6,9.76754819116887,2.06616040000517
17,3,1,0,0,1,62,10,100,135,0,0,0,5,6,3.74740869363675,2.15239090000978
17,3,1,0,0,1,69,1.5,100,20,0,0,0,5,6,0.884939431401566,2.26872500000172
17,3,1,0,0,1,37,14.5,100,175,0,0,0,5,6,5.31080483587045,3.14313989999937
17,3,1,0,0,1,48,7,100,70,0,0,0,5,6,2.6045312639859,2.37918439999339
17,3,1,0,0,1,44,5,100,65,0,0,0,5,6,2.13578256223013,2.70592560000659
17,3,1,0,0,1,63,5.5,100,40,0,0,0,5,6,2.48747615611531,1.95183910000196
17,3,1,0,0,1,3,15,100,14,0,0,0,6,6,8.13749394868525,2.52379700000165
17,3,1,0,0,1,29,7,100,55,0,0,0,6,6,3.16139905101858,4.64357159999781
17,3,1,0,0,1,79,10,100,140,0,0,0,6,6,1.37459149493447,1.49073409999255
17,3,1,0,0,1,64,19.5,100,45,0,0,0,6,6,8.96061090004087,2.53776160000416
17,3,1,0,0,1,41,19,100,245,0,0,0,6,6,5.10333828852427,1.90890129999025
17,3,1,0,0,1,35,13,100,30,0,0,0,6,6,6.57470418890355,1.73326449999877
17,3,1,0,0,1,24,19,100,150,0,0,0,6,6,7.04178479449163,5.10174130000814
17,3,1,0,0,1,36,14,100,40,0,0,0,6,6,6.52938742975505,3.06949800001166
17,3,1,0,0,1,33,11,100,190,0,0,0,6,6,2.4468536277303,1.31776449999597
17,3,1,0,0,1,84,11,100,110,0,0,0,6,6,2.85323384258042,2.07995640000445
17,3,1,0,0,1,54,9.25,100,4,0,0,0,6,6,6.77454133476175,2.47529260000738
17,3,1,0,0,1,31,8.5,100,22,0,0,0,6,6,4.51598936552634,2.13920520000102
17,3,1,0,0,1,81,14,100,5,0,0,0,6,6,9.1110351933942,1.81940039999608
17,3,1,0,0,1,15,17.25,100,55,0,0,0,6,6,8.0614235085242,3.5900321000081
17,3,1,0,0,1,14,16.75,100,145,0,0,0,2,6,6.07703224860156,4.3202173000027
17,3,1,0,0,1,71,6,100,45,0,0,0,2,6,2.76814593363277,3.6432477000053
17,3,1,0,0,1,7,16.75,100,75,0,0,0,2,6,6.95616576306739,3.59955310000805
17,3,1,0,0,1,61,15,100,225,0,0,0,2,6,3.9011481191532,3.17072110000299
17,3,1,0,0,1,72,6.5,100,60,0,0,0,2,6,2.02976735636013,2.28106999999727
17,3,1,0,0,1,78,8.25,100,5,0,0,0,2,6,4.98958070042653,1.42538620000414
17,3,1,0,0,1,23,7.75,100,120,0,0,0,2,6,1.3428388864111,2.11490590000176
17,3,1,0,0,1,28,6,100,7,0,0,0,2,6,4.52394293124771,2.05836450000061
17,3,1,0,0,1,65,1.75,100,10,0,0,0,2,6,0.942782661486124,1.71597119999933
17,3,1,0,0,1,52,18.5,100,85,0,0,0,2,6,6.80586069585558,3.10936380000203
17,3,1,0,0,1,20,15.75,100,30,0,0,0,2,6,7.7142725195498,5.64469210000243
17,3,1,0,0,1,9,2,100,19,0,0,0,2,6,1.34591253281493,3.87015520001296
17,3,1,0,0,1,38,15.5,100,215,0,0,0,2,6,4.00514393026287,4.14007579999452
17,3,1,0,0,1,42,20,100,170,0,0,0,2,6,7.02226352353768,1.83648189999803
17,3,1,0,0,1,22,20,100,165,0,0,0,4,6,5.68390759369711,2.89573530000052
17,3,1,0,0,1,12,12,100,1,0,0,0,4,6,8.93187145204099,1.91162240000267
17,3,1,0,0,1,66,10,100,80,0,0,0,4,6,3.49845088105905,4.84431849999237
17,3,1,0,0,1,58,14,100,20,0,0,0,4,6,7.2238575536946,1.8824248000019
17,3,1,0,0,1,50,2.5,100,10,0,0,0,4,6,1.49275757208625,1.52430980000645
17,3,1,0,0,1,49,16,100,20,0,0,0,4,6,8.40133966062809,1.63972500000091
17,3,1,0,0,1,5,20,100,15,0,0,0,4,6,12.0021965868641,1.49755640000512
17,3,1,0,0,1,53,14,100,60,0,0,0,4,6,5.7660501195903,3.0627184999903
17,3,1,0,0,1,4,8.5,100,90,0,0,0,4,6,2.78054384049116,4.44874419999542
17,3,1,0,0,1,43,3,100,0,0,0,0,4,6,2.0064147342708,2.7904916999978
17,3,1,0,0,1,46,2,100,70,0,0,0,4,6,0.736946068348718,1.71665899999789
17,3,1,0,0,1,18,18.75,100,250,0,0,0,4,6,6.8574647554796,5.7733481000032
17,3,1,0,0,1,59,2,100,110,0,0,0,4,6,0.529293521191796,1.88099580000562
17,3,1,0,0,1,30,8,100,90,0,0,0,4,6,2.61622710927072,1.84401069999149
17,3,1,0,0,1,51,1,100,3,0,0,0,3,6,0.722334591357058,1.55961710000702
17,3,1,0,0,1,80,8,100,125,0,0,0,3,6,1.83589194906094,1.45333070000925
17,3,1,0,0,1,27,5.25,100,120,0,0,0,3,6,1.41750357343074,1.67921220000426
17,3,1,0,0,1,74,7,100,120,0,0,0,3,6,2.49218672160093,1.04127719999815
17,3,1,0,0,1,17,3.25,100,205,0,0,0,3,6,0.633047863517643,2.92885209999804
17,3,1,0,0,1,77,12,100,25,0,0,0,3,6,6.15516588633359,1.66446580000047
17,3,1,0,0,1,83,17,100,200,0,0,0,3,6,5.71358310489277,1.35808180000458
17,3,1,0,0,1,45,13.5,100,65,0,0,0,3,6,5.45395741999721,2.94931660000293
17,3,1,0,0,1,1,5,100,0,0,0,0,3,6,3.84855766363925,2.35876230000576
17,3,1,0,0,1,56,12,100,210,0,0,0,3,6,2.83306127703753,2.18812120000075
17,3,1,0,0,1,55,16.5,100,155,0,0,0,3,6,5.87715848281094,2.41132749999815
17,3,1,0,0,1,6,19,100,175,0,0,0,3,6,5.07245765818289,1.92117130001134
17,3,1,0,0,1,70,3.5,100,3,0,0,0,3,6,1.71021299573899,2.29911909998918
17,3,1,0,0,1,68,2.5,100,25,0,0,0,3,6,1.26237901644007,1.47723440000846
17,3,1,0,0,1,10,19.5,100,125,0,0,0,1,6,5.89464772000189,1.6407707999897
17,3,1,0,0,1,2,7.5,100,25,0,0,0,1,6,3.76342341226542,2.1015122999961
17,3,1,0,0,1,57,10,100,95,0,0,0,1,6,3.39025138809645,1.67857530000038
17,3,1,0,0,1,34,12,100,85,0,0,0,1,6,4.25872253078402,3.42141180000908
17,3,1,0,0,1,82,9.5,100,25,0,0,0,1,6,4.76202546209977,2.97025569999823
17,3,1,0,0,1,21,6,100,55,0,0,0,1,6,2.52570829333221,3.13251880000462
17,3,1,0,0,1,13,19.5,100,7,0,0,0,1,6,12.6684778271737,4.57782690000022
17,3,1,0,0,1,60,15,100,31,0,0,0,1,6,7.54764357513051,2.15912450000178
17,3,1,0,0,1,8,16,100,20,0,0,0,1,6,8.45104542552333,3.67651789999218
17,3,1,0,0,1,73,5,100,14,0,0,0,1,6,3.00423006684671,3.13163930000155
17,3,1,0,0,1,11,18.25,100,55,0,0,0,1,6,8.39128564018029,4.49924929998815
17,3,1,0,0,1,26,4,100,50,0,0,0,1,6,1.2883889304755,2.62542190001113
17,3,1,0,0,1,32,9.5,100,170,0,0,0,1,6,2.4819248630709,2.09353949999786
17,3,1,0,0,1,39,17,100,15,0,0,0,1,6,9.73732449045339,2.89284790000238
17,3,2,1,0,1,3,15,100,14,13.5,100,65,6,5,1,3.5372464999964
17,3,2,1,0,1,4,2,100,70,8.5,100,90,6,5,1,2.59062689999701
17,3,2,1,0,1,15,10,100,95,17.25,100,55,6,5,1,5.93753530000686
17,3,2,1,0,1,30,6.5,100,60,8,100,90,6,5,0,3.09556430000521
17,3,2,1,0,1,9,1,100,3,2,100,19,6,5,0,4.13103460001003
17,3,2,1,0,1,11,14,100,60,18.25,100,55,6,5,1,4.24031769999419
17,3,2,1,0,1,27,5.25,100,120,1.5,100,20,6,5,0,2.96107449999545
17,3,2,1,0,1,7,16,100,20,16.75,100,75,1,5,0,4.81027829999221
17,3,2,1,0,1,10,18.5,100,85,19.5,100,125,1,5,0,1.89861930000188
17,3,2,1,0,1,20,10,100,135,15.75,100,30,1,5,1,2.04850340000121
17,3,2,1,0,1,24,10,100,80,19,100,150,1,5,0,3.13087500000256
17,3,2,1,0,1,5,16,100,5,20,100,15,1,5,0,7.89042569999583
17,3,2,1,0,1,1,3,100,0,5,100,0,1,5,1,1.83151849999558
17,3,2,1,0,1,29,7,100,55,6,100,45,1,5,0,2.88196379999863
17,3,2,1,0,1,14,12,100,210,16.75,100,145,4,5,1,5.75419350000448
17,3,2,1,0,1,26,4,100,50,2.5,100,25,4,5,0,5.38307749999512
17,3,2,1,0,1,41,17,100,200,19,100,245,4,5,0,3.48050269999658
17,3,2,1,0,1,13,19.5,100,7,16.5,100,155,4,5,1,3.74584980000509
17,3,2,1,0,1,22,20,100,165,19.5,100,45,4,5,0,3.53070889999799
17,3,2,1,0,1,2,5,100,65,7.5,100,25,4,5,1,2.85662520000187
17,3,2,1,0,1,37,14.5,100,175,10,100,140,4,5,0,4.14444030000595
17,3,2,1,0,1,40,9.5,100,25,18,100,110,5,5,0,4.36452889999782
17,3,2,1,0,1,38,15.5,100,215,8,100,125,5,5,0,6.97691399999894
17,3,2,1,0,1,6,7,100,70,19,100,175,5,5,1,7.08791380000184
17,3,2,1,0,1,42,20,100,170,11,100,110,5,5,1,6.63262770000438
17,3,2,1,0,1,34,12,100,85,4,100,70,5,5,1,4.73009150000871
17,3,2,1,0,1,31,8.5,100,22,5,100,14,5,5,1,2.72917669999879
17,3,2,1,0,1,39,14,100,5,17,100,15,5,5,0,5.06382499999017
17,3,2,1,0,1,16,14,100,20,16,100,95,3,5,0,2.60975200000394
17,3,2,1,0,1,8,16,100,20,2.5,100,10,3,5,1,5.19296539999777
17,3,2,1,0,1,32,7,100,120,9.5,100,170,3,5,0,10.6394984000071
17,3,2,1,0,1,21,6,100,55,5.5,100,40,3,5,0,2.61527610001212
17,3,2,1,0,1,36,14,100,40,8.25,100,5,3,5,0,4.23313310000231
17,3,2,1,0,1,25,8.5,100,105,9,100,160,3,5,0,2.37809700000798
17,3,2,1,0,1,23,7.75,100,120,1.75,100,10,3,5,1,4.30517410000903
17,3,2,1,0,1,28,6,100,7,3.5,100,3,2,5,1,4.6175355000014
17,3,2,1,0,1,18,18.75,100,250,15,100,31,2,5,0,3.55504249999649
17,3,2,1,0,1,19,15,100,225,17.5,100,40,2,5,1,3.98544229999243
17,3,2,1,0,1,35,13,100,30,12,100,25,2,5,0,5.61130789999152
17,3,2,1,0,1,17,2,100,110,3.25,100,205,2,5,0,2.3620848999999
17,3,2,1,0,1,12,9.25,100,4,12,100,1,2,5,1,3.27363250000053
17,3,2,1,0,1,33,6,100,45,11,100,190,2,5,0,4.65713219999452
18,1,1,1,0,1,29,7,100,55,6,100,45,4,5,1,9.2935607999998
18,1,1,1,0,1,16,14,100,20,16,100,95,4,5,1,3.44528780000019
18,1,1,1,0,1,22,19.5,100,45,20,100,165,4,5,0,3.08671830000003
18,1,1,1,0,1,18,18.75,100,250,15,100,31,4,5,0,3.63135950000014
18,1,1,1,0,1,19,15,100,225,17.5,100,40,4,5,1,3.39719520000017
18,1,1,1,0,1,38,15.5,100,215,8,100,125,4,5,0,4.1918270999995
18,1,1,1,0,1,6,19,100,175,7,100,70,4,5,1,4.15324689999943
18,1,1,1,0,1,42,11,100,110,20,100,170,3,5,1,10.8081231000006
18,1,1,1,0,1,40,9.5,100,25,18,100,110,3,5,1,2.66530469999998
18,1,1,1,0,1,24,10,100,80,19,100,150,3,5,1,1.72051420000025
18,1,1,1,0,1,36,8.25,100,5,14,100,40,3,5,0,2.74618230000033
18,1,1,1,0,1,30,8,100,90,6.5,100,60,3,5,1,2.0871232999998
18,1,1,1,0,1,3,15,100,14,13.5,100,65,3,5,1,3.51162629999999
18,1,1,1,0,1,7,16.75,100,75,16,100,20,3,5,0,2.4806808000003
18,1,1,1,0,1,25,8.5,100,105,9,100,160,5,5,0,7.55421569999999
18,1,1,1,0,1,34,4,100,70,12,100,85,5,5,1,3.64969010000004
18,1,1,1,0,1,1,3,100,0,5,100,0,5,5,1,3.70537349999995
18,1,1,1,0,1,13,19.5,100,7,16.5,100,155,5,5,1,3.6020436000008
18,1,1,1,0,1,2,7.5,100,25,5,100,65,5,5,1,2.60295010000027
18,1,1,1,0,1,11,18.25,100,55,14,100,60,5,5,1,3.77031360000001
18,1,1,1,0,1,26,2.5,100,25,4,100,50,5,5,1,3.13941580000028
18,1,1,1,0,1,10,18.5,100,85,19.5,100,125,6,5,0,6.26644270000088
18,1,1,1,0,1,33,11,100,190,6,100,45,6,5,0,2.17640970000048
18,1,1,1,0,1,21,6,100,55,5.5,100,40,6,5,1,3.45791519999966
18,1,1,1,0,1,27,5.25,100,120,1.5,100,20,6,5,0,10.3500843000002
18,1,1,1,0,1,9,2,100,19,1,100,3,6,5,0,3.65693330000067
18,1,1,1,0,1,32,7,100,120,9.5,100,170,6,5,0,3.05743159999929
18,1,1,1,0,1,41,19,100,245,17,100,200,6,5,0,3.69656399999985
18,1,1,1,0,1,37,10,100,140,14.5,100,175,1,5,0,3.27231669999946
18,1,1,1,0,1,23,1.75,100,10,7.75,100,120,1,5,0,2.82534010000018
18,1,1,1,0,1,14,12,100,210,16.75,100,145,1,5,1,2.52894730000025
18,1,1,1,0,1,8,2.5,100,10,16,100,20,1,5,1,2.05621680000058
18,1,1,1,0,1,35,13,100,30,12,100,25,1,5,0,3.26467769999999
18,1,1,1,0,1,39,17,100,15,14,100,5,1,5,1,2.53892069999984
18,1,1,1,0,1,15,17.25,100,55,10,100,95,1,5,1,2.28056740000011
18,1,1,1,0,1,17,3.25,100,205,2,100,110,2,5,0,6.29731339999944
18,1,1,1,0,1,20,10,100,135,15.75,100,30,2,5,1,3.59300609999991
18,1,1,1,0,1,31,5,100,14,8.5,100,22,2,5,0,6.70607689999997
18,1,1,1,0,1,12,9.25,100,4,12,100,1,2,5,1,11.3867859000002
18,1,1,1,0,1,4,2,100,70,8.5,100,90,2,5,1,5.36067189999994
18,1,1,1,0,1,28,6,100,7,3.5,100,3,2,5,1,1.43499250000059
18,1,1,1,0,1,5,20,100,15,16,100,5,2,5,0,5.30167309999979
18,1,2,0,0,1,14,16.75,100,145,0,0,0,5,6,0.999794867100167,14.6604663999997
18,1,2,0,0,1,27,5.25,100,120,0,0,0,5,6,0.500012634268963,4.44902269999966
18,1,2,0,0,1,60,15,100,31,0,0,0,5,6,0.998478980309287,3.19836789999954
18,1,2,0,0,1,18,18.75,100,250,0,0,0,5,6,1.49952592008842,2.94587909999973
18,1,2,0,0,1,41,19,100,245,0,0,0,5,6,0.998478980309287,2.87953169999946
18,1,2,0,0,1,62,10,100,135,0,0,0,5,6,0,4.3986445999999
18,1,2,0,0,1,82,9.5,100,25,0,0,0,5,6,0.0588084678001479,2.47605850000036
18,1,2,0,0,1,52,18.5,100,85,0,0,0,5,6,1.01060684333609,3.11782959999982
18,1,2,0,0,1,73,5,100,14,0,0,0,5,6,0.0585380993158324,1.65003299999989
18,1,2,0,0,1,61,15,100,225,0,0,0,5,6,1.00537839182461,3.37876750000032
18,1,2,0,0,1,51,1,100,3,0,0,0,5,6,0.014634911515401,2.44814270000006
18,1,2,0,0,1,6,19,100,175,0,0,0,5,6,0.52445965900484,3.6076110999993
18,1,2,0,0,1,68,2.5,100,25,0,0,0,5,6,0.0147025090193118,1.66444159999992
18,1,2,0,0,1,76,4,100,70,0,0,0,5,6,0,1.64666980000038
18,1,2,0,0,1,75,6,100,45,0,0,0,4,6,0.495443947238414,2.40513100000044
18,1,2,0,0,1,1,5,100,0,0,0,0,4,6,0.0145679327496886,3.51117309999972
18,1,2,0,0,1,15,17.25,100,55,0,0,0,4,6,0.571855813547543,2.28980920000049
18,1,2,0,0,1,2,7.5,100,25,0,0,0,4,6,0.320957949982553,4.2296838000002
18,1,2,0,0,1,24,19,100,150,0,0,0,4,6,1.08743104679034,1.59648060000018
18,1,2,0,0,1,8,16,100,20,0,0,0,4,6,0.984029924482826,2.48595589999968
18,1,2,0,0,1,40,18,100,110,0,0,0,4,6,0.83899993617166,1.25124229999983
18,1,2,0,0,1,83,17,100,200,0,0,0,4,6,0.735251398281822,1.88556799999969
18,1,2,0,0,1,35,13,100,30,0,0,0,4,6,0.350882755159915,1.4560763999998
18,1,2,0,0,1,37,14.5,100,175,0,0,0,4,6,1.15552517554981,1.41524190000018
18,1,2,0,0,1,67,8.5,100,105,0,0,0,4,6,0.04380342150262,1.82463060000009
18,1,2,0,0,1,11,18.25,100,55,0,0,0,4,6,2.06205774300792,1.57891879999988
18,1,2,0,0,1,21,6,100,55,0,0,0,4,6,0.103146954843652,3.44000309999956
18,1,2,0,0,1,78,8.25,100,5,0,0,0,4,6,0.117066301435692,1.74392590000025
18,1,2,0,0,1,4,8.5,100,90,0,0,0,2,6,0.191517597927227,1.93850340000063
18,1,2,0,0,1,65,1.75,100,10,0,0,0,2,6,0,3.87363350000032
18,1,2,0,0,1,70,3.5,100,3,0,0,0,2,6,0.102200815837222,1.34231649999947
18,1,2,0,0,1,55,16.5,100,155,0,0,0,2,6,0.686750597962138,2.14901340000051
18,1,2,0,0,1,3,15,100,14,0,0,0,2,6,1.06345377749977,1.25185920000058
18,1,2,0,0,1,7,16.75,100,75,0,0,0,2,6,1.40786715485385,2.38067099999989
18,1,2,0,0,1,44,5,100,65,0,0,0,2,6,0,1.37455069999942
18,1,2,0,0,1,45,13.5,100,65,0,0,0,2,6,0.775377424227266,2.88506149999921
18,1,2,0,0,1,23,7.75,100,120,0,0,0,2,6,0.571855813547543,1.11325229999966
18,1,2,0,0,1,72,6.5,100,60,0,0,0,2,6,0.0736795541237321,3.58402239999941
18,1,2,0,0,1,84,11,100,110,0,0,0,2,6,0.265104892265423,2.09745829999974
18,1,2,0,0,1,29,7,100,55,0,0,0,2,6,0.204348980378708,7.3963160000003
18,1,2,0,0,1,32,9.5,100,170,0,0,0,2,6,0.204818424420349,1.25381599999946
18,1,2,0,0,1,81,14,100,5,0,0,0,2,6,0.998478980309287,1.1268968000004
18,1,2,0,0,1,48,7,100,70,0,0,0,6,6,0.407346001445042,2.29900249999992
18,1,2,0,0,1,19,17.5,100,40,0,0,0,6,6,1.33155215244497,1.71580129999984
18,1,2,0,0,1,38,15.5,100,215,0,0,0,6,6,1.05136913422507,1.3830711999999
18,1,2,0,0,1,46,2,100,70,0,0,0,6,6,0.0577417065705745,1.76356560000022
18,1,2,0,0,1,71,6,100,45,0,0,0,6,6,0.145988113833102,1.42614450000019
18,1,2,0,0,1,80,8,100,125,0,0,0,6,6,0.393734217636531,1.60871039999984
18,1,2,0,0,1,64,19.5,100,45,0,0,0,6,6,0.757422563047427,2.10574009999982
18,1,2,0,0,1,20,15.75,100,30,0,0,0,6,6,0.965150509026294,12.5231980999997
18,1,2,0,0,1,43,3,100,0,0,0,0,6,6,0.397370486110816,4.69752249999965
18,1,2,0,0,1,56,12,100,210,0,0,0,6,6,1.01060684333609,5.17821510000067
18,1,2,0,0,1,74,7,100,120,0,0,0,6,6,0.1906355570774,1.58770469999945
18,1,2,0,0,1,50,2.5,100,10,0,0,0,6,6,0.162067236801349,1.14799249999942
18,1,2,0,0,1,79,10,100,140,0,0,0,6,6,0.0730036544438626,2.05358119999983
18,1,2,0,0,1,63,5.5,100,40,0,0,0,6,6,0.13109309120334,8.54814480000005
18,1,2,0,0,1,54,9.25,100,4,0,0,0,1,6,0.0286763723706862,2.0536975999994
18,1,2,0,0,1,39,17,100,15,0,0,0,1,6,1.0585870423836,2.25330160000067
18,1,2,0,0,1,53,14,100,60,0,0,0,1,6,0.512294368740069,1.60357480000039
18,1,2,0,0,1,13,19.5,100,7,0,0,0,1,6,2.0064147342708,1.84582829999999
18,1,2,0,0,1,47,16,100,5,0,0,0,1,6,1.64488668403005,2.58505229999992
18,1,2,0,0,1,5,20,100,15,0,0,0,1,6,0.972895512886033,2.77094900000066
18,1,2,0,0,1,57,10,100,95,0,0,0,1,6,0.143682093480152,1.50603730000057
18,1,2,0,0,1,10,19.5,100,125,0,0,0,1,6,0.720672938878906,1.29317310000079
18,1,2,0,0,1,33,11,100,190,0,0,0,1,6,0.129318055740441,4.82578569999987
18,1,2,0,0,1,30,8,100,90,0,0,0,1,6,0.216453889612772,1.12177030000021
18,1,2,0,0,1,49,16,100,20,0,0,0,1,6,1.02734586061814,1.19202730000052
18,1,2,0,0,1,25,9,100,160,0,0,0,1,6,0.117335978444171,1.37681489999977
18,1,2,0,0,1,69,1.5,100,20,0,0,0,1,6,0.0439041158341666,2.71762969999963
18,1,2,0,0,1,34,12,100,85,0,0,0,1,6,0.984029924482826,2.17557479999959
18,1,2,0,0,1,12,12,100,1,0,0,0,3,6,1.01291767143232,2.45352869999988
18,1,2,0,0,1,28,6,100,7,0,0,0,3,6,0.145654161625821,1.50254719999975
18,1,2,0,0,1,58,14,100,20,0,0,0,3,6,1.00438697815057,3.59288319999996
18,1,2,0,0,1,66,10,100,80,0,0,0,3,6,0.39105033727726,2.76904450000075
18,1,2,0,0,1,59,2,100,110,0,0,0,3,6,0,2.88232960000005
18,1,2,0,0,1,17,3.25,100,205,0,0,0,3,6,0.263278673806141,2.70015770000009
18,1,2,0,0,1,77,12,100,25,0,0,0,3,6,0.987186343040655,1.91380079999999
18,1,2,0,0,1,36,14,100,40,0,0,0,3,6,0.304301408621097,2.27762499999972
18,1,2,0,0,1,16,16,100,95,0,0,0,3,6,1.48199290387799,1.39116890000059
18,1,2,0,0,1,42,20,100,170,0,0,0,3,6,1.00537839182461,1.69274640000003
18,1,2,0,0,1,26,4,100,50,0,0,0,3,6,0.216453889612772,1.12051419999989
18,1,2,0,0,1,31,8.5,100,22,0,0,0,3,6,0.102435719737645,2.64358640000046
18,1,2,0,0,1,22,20,100,165,0,0,0,3,6,1.00537839182461,1.77332250000018
18,1,2,0,0,1,9,2,100,19,0,0,0,3,6,0,1.53074399999969
18,2,1,0,1,1,21,6,95,55,0,0,0,6,2,1.00373666938081,19.374512800001
18,2,1,0,1,1,83,17,80,200,0,0,0,6,2,0.497717828038919,3.07878359999449
18,2,1,0,1,1,69,1.5,95,20,0,0,0,6,2,0.0440052741727648,2.04335519998858
18,2,1,0,1,1,8,16,15,20,0,0,0,6,2,0.0439041158341666,4.83947890000127
18,2,1,0,1,1,42,20,30,170,0,0,0,6,2,1.00373666938081,3.66522960001021
18,2,1,0,1,1,64,19.5,65,45,0,0,0,6,2,2.0112614124296,2.76803990000917
18,2,1,0,1,1,22,20,90,165,0,0,0,6,2,1.57727627439446,4.9499480999948
18,2,1,0,1,1,63,5.5,70,40,0,0,0,6,2,0.161320703589837,1.73489360000531
18,2,1,0,1,1,20,15.75,35,30,0,0,0,6,2,0.581099058578744,1.65457120000792
18,2,1,0,1,1,76,4,35,70,0,0,0,6,2,0.0713669399104582,3.26220060000196
18,2,1,0,1,1,65,1.75,80,10,0,0,0,6,2,0.0145015642656752,1.20654039998772
18,2,1,0,1,1,66,10,90,80,0,0,0,6,2,0.952918248238227,1.69453300000168
18,2,1,0,1,1,78,8.25,20,5,0,0,0,6,2,0.191517597927227,1.33906969999953
18,2,1,0,1,1,35,13,70,30,0,0,0,6,2,1.01291767143232,1.47969390000799
18,2,1,0,1,1,31,8.5,50,22,0,0,0,3,2,0.467475950871645,6.72950729999866
18,2,1,0,1,1,48,7,45,70,0,0,0,3,2,0.204818424420349,4.85060499999963
18,2,1,0,1,1,11,18.25,70,55,0,0,0,3,2,1.98874654256517,2.23352629999863
18,2,1,0,1,1,1,5,50,0,0,0,0,3,2,0.508792481753979,2.64009629999055
18,2,1,0,1,1,49,16,50,20,0,0,0,3,2,0.969570641810968,26.6726494000031
18,2,1,0,1,1,19,17.5,25,40,0,0,0,3,2,0.0588084678001479,3.1521042999957
18,2,1,0,1,1,71,6,25,45,0,0,0,3,2,0.146323600643697,1.53348430000187
18,2,1,0,1,1,70,3.5,40,3,0,0,0,3,2,0,1.18598049999855
18,2,1,0,1,1,9,2,30,19,0,0,0,3,2,0.0439041158341666,3.24007770000026
18,2,1,0,1,1,72,6.5,90,60,0,0,0,3,2,1.04176341126402,14.1316365999955
18,2,1,0,1,1,15,17.25,25,55,0,0,0,3,2,0.264493345896152,1.78226089999953
18,2,1,0,1,1,38,15.5,40,215,0,0,0,3,2,0.0983660874424181,2.72936879999179
18,2,1,0,1,1,40,18,15,110,0,0,0,3,2,0.0147025090193118,1.99551709998923
18,2,1,0,1,1,61,15,75,225,0,0,0,3,2,1.04895128484505,2.66659860000073
18,2,1,0,1,1,2,7.5,75,25,0,0,0,1,2,1.41750357343074,2.46370439999737
18,2,1,0,1,1,27,5.25,50,120,0,0,0,1,2,0.30922452820629,2.10785870000836
18,2,1,0,1,1,53,14,90,60,0,0,0,1,2,2.01582363763051,1.84503050000058
18,2,1,0,1,1,26,4,45,50,0,0,0,1,2,0.101966986735448,1.60802789998706
18,2,1,0,1,1,34,12,15,85,0,0,0,1,2,0.0735094086326811,1.79759080000804
18,2,1,0,1,1,75,6,85,45,0,0,0,1,2,1.52752032714253,2.36714059999213
18,2,1,0,1,1,45,13.5,55,65,0,0,0,1,2,0.990832753075264,3.01934899999469
18,2,1,0,1,1,3,15,85,14,0,0,0,1,2,3.06369532490512,1.91252510000777
18,2,1,0,1,1,24,19,70,150,0,0,0,1,2,0.890991168372366,6.61941949999891
18,2,1,0,1,1,13,19.5,5,7,0,0,0,1,2,0.0870041189426018,1.53208749998885
18,2,1,0,1,1,47,16,100,5,0,0,0,1,2,3.03034432397244,2.82988049999403
18,2,1,0,1,1,43,3,30,0,0,0,0,1,2,0.0288714470679921,4.53960489999736
18,2,1,0,1,1,23,7.75,60,120,0,0,0,1,2,0.998478980309287,2.8470290999976
18,2,1,0,1,1,5,20,85,15,0,0,0,1,2,2.00185987571388,2.08769610000309
18,2,1,0,1,1,44,5,40,65,0,0,0,2,2,0.367155766212878,2.18953809999221
18,2,1,0,1,1,28,6,25,7,0,0,0,2,2,0.0292696683503415,1.40985280000314
18,2,1,0,1,1,56,12,90,210,0,0,0,2,2,2.0112614124296,1.82813960000931
18,2,1,0,1,1,57,10,50,95,0,0,0,2,2,0.353314457762693,2.53490120000788
18,2,1,0,1,1,46,2,55,70,0,0,0,2,2,0,3.92359590000706
18,2,1,0,1,1,77,12,75,25,0,0,0,2,2,1.03206305929602,14.5849233000044
18,2,1,0,1,1,33,11,65,190,0,0,0,2,2,0.218934213377931,1.93435630000022
18,2,1,0,1,1,10,19.5,10,125,0,0,0,2,2,0.0425352092979843,1.52879039999971
18,2,1,0,1,1,12,12,35,1,0,0,0,2,2,0.717372366882646,2.8350105999998
18,2,1,0,1,1,73,5,70,14,0,0,0,2,2,0.497717828038919,1.96839789999649
18,2,1,0,1,1,52,18.5,10,85,0,0,0,2,2,0,1.45424809999531
18,2,1,0,1,1,60,15,35,31,0,0,0,2,2,0,1.56439849999151
18,2,1,0,1,1,41,19,65,245,0,0,0,2,2,1.07271621498899,2.89870340000198
18,2,1,0,1,1,79,10,10,140,0,0,0,2,2,0.0726703334468652,1.88907199999085
18,2,1,0,1,1,59,2,80,110,0,0,0,5,2,0.057872930500217,3.06639579999319
18,2,1,0,1,1,36,14,15,40,0,0,0,5,2,0,3.81953949999297
18,2,1,0,1,1,16,16,65,95,0,0,0,5,2,0.9924899610502,1.95762009998725
18,2,1,0,1,1,14,16.75,45,145,0,0,0,5,2,0.397370486110816,3.0517511999933
18,2,1,0,1,1,18,18.75,80,250,0,0,0,5,2,1.01060684333609,1.99681480000436
18,2,1,0,1,1,51,1,40,3,0,0,0,5,2,0,1.74996870000905
18,2,1,0,1,1,32,9.5,30,170,0,0,0,5,2,0.408277724536628,3.52965150000819
18,2,1,0,1,1,50,2.5,90,10,0,0,0,5,2,0.48424754974803,2.91268310000305
18,2,1,0,1,1,25,9,60,160,0,0,0,5,2,0.265104892265423,2.66358369999216
18,2,1,0,1,1,84,11,50,110,0,0,0,5,2,0.405495237728207,12.4713959000073
18,2,1,0,1,1,17,3.25,85,205,0,0,0,5,2,1.025365500544,1.25321470000199
18,2,1,0,1,1,62,10,95,135,0,0,0,5,2,1.03206305929602,5.8917461999954
18,2,1,0,1,1,55,16.5,25,155,0,0,0,5,2,0.360509705171491,1.70116959999723
18,2,1,0,1,1,7,16.75,65,75,0,0,0,5,2,1.09242522713596,2.44677429999865
18,2,1,0,1,1,54,9.25,40,4,0,0,0,4,2,0.686750597962138,3.13108560000546
18,2,1,0,1,1,4,8.5,20,90,0,0,0,4,2,0.0440052741727648,2.38675150000199
18,2,1,0,1,1,80,8,45,125,0,0,0,4,2,0.423786092698926,2.52377710001019
18,2,1,0,1,1,6,19,20,175,0,0,0,4,2,0.0567129560320829,1.77683869999601
18,2,1,0,1,1,74,7,40,120,0,0,0,4,2,0.294521075935759,1.45222529998864
18,2,1,0,1,1,81,14,55,5,0,0,0,4,2,1.04895128484505,1.86768879998999
18,2,1,0,1,1,58,14,45,20,0,0,0,4,2,0.234592291730667,1.82992359998752
18,2,1,0,1,1,68,2.5,65,25,0,0,0,4,2,0.0293371090287913,3.6514457000012
18,2,1,0,1,1,30,8,75,90,0,0,0,4,2,0.257947843314749,2.77888910000911
18,2,1,0,1,1,67,8.5,50,105,0,0,0,4,2,0.173187134023422,2.08751759999723
18,2,1,0,1,1,29,7,20,55,0,0,0,4,2,0.0144686062786938,2.18902750000416
18,2,1,0,1,1,82,9.5,20,25,0,0,0,4,2,0.558551979562779,2.49665429999004
18,2,1,0,1,1,37,14.5,5,175,0,0,0,4,2,0,1.52586929999234
18,2,1,0,1,1,39,17,35,15,0,0,0,4,2,0.946428209467332,6.74521609999647
18,2,2,1,1,1,35,12,75,25,13,70,30,2,1,0,4.37484659999609
18,2,2,1,1,1,16,16,65,95,14,45,20,2,1,1,3.39979280000261
18,2,2,1,1,1,33,11,65,190,6,85,45,2,1,0,3.36098090000451
18,2,2,1,1,1,8,2.5,90,10,16,15,20,2,1,0,2.90497699999833
18,2,2,1,1,1,22,20,90,165,19.5,65,45,2,1,1,3.26036260000546
18,2,2,1,1,1,29,6,25,45,7,20,55,2,1,1,8.69682860000466
18,2,2,1,1,1,7,16,50,20,16.75,65,75,2,1,1,3.3628880000033
18,2,2,1,1,1,21,5.5,70,40,6,95,55,6,1,1,2.86607740000181
18,2,2,1,1,1,2,5,40,65,7.5,75,25,6,1,1,3.5061912000092
18,2,2,1,1,1,25,9,60,160,8.5,50,105,6,1,1,4.97364339999331
18,2,2,1,1,1,10,19.5,10,125,18.5,10,85,6,1,0,10.7302450000134
18,2,2,1,1,1,15,17.25,25,55,10,50,95,6,1,0,22.2217646000063
18,2,2,1,1,1,24,10,90,80,19,70,150,6,1,0,3.0486469000025
18,2,2,1,1,1,19,17.5,25,40,15,75,225,6,1,0,7.41517619999649
18,2,2,1,1,1,41,17,80,200,19,65,245,5,1,0,3.48211979999905
18,2,2,1,1,1,27,5.25,50,120,1.5,95,20,5,1,0,3.10058250000293
18,2,2,1,1,1,40,18,15,110,9.5,20,25,5,1,0,5.56287110000267
18,2,2,1,1,1,38,15.5,40,215,8,45,125,5,1,1,4.26442249999673
18,2,2,1,1,1,36,14,15,40,8.25,20,5,5,1,0,3.6813458000106
18,2,2,1,1,1,37,14.5,5,175,10,10,140,5,1,0,8.12571480000042
18,2,2,1,1,1,1,5,50,0,3,30,0,5,1,1,2.30548749999434
18,2,2,1,1,1,14,12,90,210,16.75,45,145,3,1,0,4.73121119999269
18,2,2,1,1,1,11,14,90,60,18.25,70,55,3,1,0,2.5310490999982
18,2,2,1,1,1,31,8.5,50,22,5,70,14,3,1,0,14.5690543000092
18,2,2,1,1,1,30,8,75,90,6.5,90,60,3,1,0,2.13747569998668
18,2,2,1,1,1,39,14,55,5,17,35,15,3,1,0,3.33410840001306
18,2,2,1,1,1,4,8.5,20,90,2,55,70,3,1,0,2.77766600000905
18,2,2,1,1,1,34,4,35,70,12,15,85,3,1,1,4.84860160000972
18,2,2,1,1,1,9,1,40,3,2,30,19,1,1,0,5.95522669999627
18,2,2,1,1,1,6,7,45,70,19,20,175,1,1,0,2.90746149999904
18,2,2,1,1,1,32,7,40,120,9.5,30,170,1,1,0,3.85994439999922
18,2,2,1,1,1,26,4,45,50,2.5,65,25,1,1,0,3.4277771999914
18,2,2,1,1,1,42,11,50,110,20,30,170,1,1,0,2.03966470000159
18,2,2,1,1,1,28,6,25,7,3.5,40,3,1,1,0,3.93002489999344
18,2,2,1,1,1,17,2,80,110,3.25,85,205,1,1,1,5.52052180000464
18,2,2,1,1,1,13,19.5,5,7,16.5,25,155,4,1,0,6.42627769999672
18,2,2,1,1,1,18,15,35,31,18.75,80,250,4,1,1,2.76044149999507
18,2,2,1,1,1,12,9.25,40,4,12,35,1,4,1,0,4.02702259999933
18,2,2,1,1,1,3,15,85,14,13.5,55,65,4,1,1,3.10453779999807
18,2,2,1,1,1,20,10,95,135,15.75,35,30,4,1,0,4.62438439999823
18,2,2,1,1,1,5,20,85,15,16,100,5,4,1,0,2.46735590000753
18,2,2,1,1,1,23,1.75,80,10,7.75,60,120,4,1,0,4.68856019999657
18,3,1,0,1,0,4,8.5,20,0,0,0,0,5,4,0.512294368740069,11.8207502000732
18,3,1,0,1,0,66,10,90,0,0,0,0,5,4,2.04369094153031,4.43243040004745
18,3,1,0,1,0,44,5,40,0,0,0,0,5,4,0.967355565143176,2.30298320006113
18,3,1,0,1,0,15,17.25,25,0,0,0,0,5,4,1.49895398605675,2.38506589992903
18,3,1,0,1,0,50,2.5,90,0,0,0,0,5,4,1.41883831798592,4.26335639995523
18,3,1,0,1,0,63,5.5,70,0,0,0,0,5,4,1.39208974546128,3.67095379997045
18,3,1,0,1,0,27,5.25,50,0,0,0,0,5,4,0.51112174069592,2.2669347000774
18,3,1,0,1,0,67,8.5,50,0,0,0,0,5,4,0.971795806950578,1.96144889993593
18,3,1,0,1,0,28,6,25,0,0,0,0,5,4,0.517371816544006,1.59936979995109
18,3,1,0,1,0,47,16,100,0,0,0,0,5,4,4.0526500198099,1.86187149991747
18,3,1,0,1,0,54,9.25,40,0,0,0,0,5,4,0.393734217636531,9.94622310006525
18,3,1,0,1,0,57,10,50,0,0,0,0,5,4,0.733564469960886,1.58981190004852
18,3,1,0,1,0,34,12,15,0,0,0,0,5,4,0.0431112894459496,1.24916310003027
18,3,1,0,1,0,62,10,95,0,0,0,0,5,4,2.9712807028812,1.66822480002884
18,3,1,0,1,0,24,19,70,0,0,0,0,6,4,0.940621950442402,2.80980780010577
18,3,1,0,1,0,38,15.5,40,0,0,0,0,6,4,1.02734586061814,2.96272670000326
18,3,1,0,1,0,64,19.5,65,0,0,0,0,6,4,1.53101881616787,1.65240719995927
18,3,1,0,1,0,37,14.5,5,0,0,0,0,6,4,0.0142102391754371,1.87697490002029
18,3,1,0,1,0,11,18.25,70,0,0,0,0,6,4,1.98036370535647,2.05334820004646
18,3,1,0,1,0,16,16,65,0,0,0,0,6,4,1.03443779722067,1.97633370000403
18,3,1,0,1,0,55,16.5,25,0,0,0,0,6,4,0.147339375189432,1.60582329996396
18,3,1,0,1,0,33,11,65,0,0,0,0,6,4,1.15934177964765,2.34239639993757
18,3,1,0,1,0,31,8.5,50,0,0,0,0,6,4,0.409213713777447,1.57438130001538
18,3,1,0,1,0,68,2.5,65,0,0,0,0,6,4,0.714101762959139,2.0477200000314
18,3,1,0,1,0,17,3.25,85,0,0,0,0,6,4,0.917715331097646,1.49064699991141
18,3,1,0,1,0,8,16,15,0,0,0,0,6,4,0.086609591235387,1.54986359993927
18,3,1,0,1,0,77,12,75,0,0,0,0,6,4,1.44163735897485,1.38737059989944
18,3,1,0,1,0,75,6,85,0,0,0,0,6,4,1.8202294829483,1.75335999997333
18,3,1,0,1,0,23,7.75,60,0,0,0,0,3,4,0.637388376319016,2.83329630002845
18,3,1,0,1,0,46,2,55,0,0,0,0,3,4,0.014178590640622,1.2731092000613
18,3,1,0,1,0,22,20,90,0,0,0,0,3,4,3.02954244748226,5.4743041000329
18,3,1,0,1,0,12,12,35,0,0,0,0,3,4,0.573172420067337,12.0709735000273
18,3,1,0,1,0,49,16,50,0,0,0,0,3,4,1.01523900157096,3.05887730000541
18,3,1,0,1,0,56,12,90,0,0,0,0,3,4,1.50293273267278,1.33127850003075
18,3,1,0,1,0,21,6,95,0,0,0,0,3,4,1.00537839182461,1.60426020005252
18,3,1,0,1,0,30,8,75,0,0,0,0,3,4,0.176385273868952,1.23255749989767
18,3,1,0,1,0,73,5,70,0,0,0,0,3,4,1.02267121716315,1.99709700001404
18,3,1,0,1,0,48,7,45,0,0,0,0,3,4,0.464285440987716,1.66512180003338
18,3,1,0,1,0,80,8,45,0,0,0,0,3,4,0.366311653380752,1.63446329999715
18,3,1,0,1,0,81,14,55,0,0,0,0,3,4,0.962955406142925,2.59811640006956
18,3,1,0,1,0,65,1.75,80,0,0,0,0,3,4,0.0292025370262792,1.82583540002815
18,3,1,0,1,0,78,8.25,20,0,0,0,0,3,4,0.573172420067337,18.4718180999625
18,3,1,0,1,0,2,7.5,75,0,0,0,0,1,4,0.542675533769426,2.89011409995146
18,3,1,0,1,0,84,11,50,0,0,0,0,1,4,0.248667390442254,1.24151930003427
18,3,1,0,1,0,3,15,85,0,0,0,0,1,4,1.13978286230721,1.51310370001011
18,3,1,0,1,0,58,14,45,0,0,0,0,1,4,0.394637039424488,1.16528049996123
18,3,1,0,1,0,83,17,80,0,0,0,0,1,4,1.53523115032222,1.69966829998884
18,3,1,0,1,0,60,15,35,0,0,0,0,1,4,0.678454871920476,4.80142999999225
18,3,1,0,1,0,42,20,30,0,0,0,0,1,4,0.656237901530055,1.0866079000989
18,3,1,0,1,0,26,4,45,0,0,0,0,1,4,0.471798679141362,19.6230467000278
18,3,1,0,1,0,29,7,20,0,0,0,0,1,4,0.471798679141362,1.48546420002822
18,3,1,0,1,0,79,10,10,0,0,0,0,1,4,0,1.8231219999725
18,3,1,0,1,0,43,3,30,0,0,0,0,1,4,0.0581371757982438,2.55693389999215
18,3,1,0,1,0,1,5,50,0,0,0,0,1,4,0.562805814808577,2.3426622999832
18,3,1,0,1,0,59,2,80,0,0,0,0,1,4,0.293165758379018,1.32199660001788
18,3,1,0,1,0,36,14,15,0,0,0,0,1,4,0.116530648832672,2.51815439993516
18,3,1,0,1,0,45,13.5,55,0,0,0,0,4,4,0.648832479057493,1.8701388000045
18,3,1,0,1,0,71,6,25,0,0,0,0,4,4,0.1755747192,1.42891149991192
18,3,1,0,1,0,35,13,70,0,0,0,0,4,4,0.913563313170236,2.09961849998217
18,3,1,0,1,0,32,9.5,30,0,0,0,0,4,4,0.631592082611636,2.1064994999906
18,3,1,0,1,0,25,9,60,0,0,0,0,4,4,1.17906149971465,6.11223590001464
18,3,1,0,1,0,82,9.5,20,0,0,0,0,4,4,0.379186594620762,2.45656389999203
18,3,1,0,1,0,51,1,40,0,0,0,0,4,4,0.0431112894459496,1.1495133000426
18,3,1,0,1,0,18,18.75,80,0,0,0,0,4,4,2.0112614124296,1.76663609989919
18,3,1,0,1,0,61,15,75,0,0,0,0,4,4,1.34792456295916,1.70815399999265
18,3,1,0,1,0,10,19.5,10,0,0,0,0,4,4,0.685184038519562,2.26042460009921
18,3,1,0,1,0,19,17.5,25,0,0,0,0,4,4,0.592845465282178,4.85263239999767
18,3,1,0,1,0,76,4,35,0,0,0,0,4,4,0.0434052209772879,1.41060579998884
18,3,1,0,1,0,53,14,90,0,0,0,0,4,4,2.04832764699134,1.65984810004011
18,3,1,0,1,0,74,7,40,0,0,0,0,4,4,0.440372317438911,9.21535179996863
18,3,1,0,1,0,69,1.5,95,0,0,0,0,2,4,0.646180725499025,2.34028160001617
18,3,1,0,1,0,72,6.5,90,0,0,0,0,2,4,1.03702549107566,1.81201480003074
18,3,1,0,1,0,13,19.5,5,0,0,0,0,2,4,0.0586729721000196,1.16162180004176
18,3,1,0,1,0,40,18,15,0,0,0,0,2,4,0.808024650338123,3.93327540007886
18,3,1,0,1,0,9,2,30,0,0,0,0,2,4,0.142715946866751,3.34946379996836
18,3,1,0,1,0,14,16.75,45,0,0,0,0,2,4,0.565362244170842,6.28904599999078
18,3,1,0,1,0,7,16.75,65,0,0,0,0,2,4,0.835160190696609,1.89971400005743
18,3,1,0,1,0,41,19,65,0,0,0,0,2,4,1.45265765091671,12.8694847999141
18,3,1,0,1,0,52,18.5,10,0,0,0,0,2,4,0.175172228353748,1.68758679996245
18,3,1,0,1,0,6,19,20,0,0,0,0,2,4,0.797147137386922,1.58062070002779
18,3,1,0,1,0,70,3.5,40,0,0,0,0,2,4,0.231922774752949,1.19402279995847
18,3,1,0,1,0,20,15.75,35,0,0,0,0,2,4,0.410153998494586,2.06525759992655
18,3,1,0,1,0,5,20,85,0,0,0,0,2,4,1.98831450784873,14.8970016000094
18,3,1,0,1,0,39,17,35,0,0,0,0,2,4,0.712477572302568,1.09887510002591
18,3,2,1,1,0,29,7,20,0,6,25,0,1,3,0,5.6844261001097
18,3,2,1,1,0,9,1,40,0,2,30,0,1,3,0,12.4211565000005
18,3,2,1,1,0,10,18.5,10,0,19.5,10,0,1,3,1,5.68969909998123
18,3,2,1,1,0,16,14,45,0,16,65,0,1,3,1,2.80089050007518
18,3,2,1,1,0,26,2.5,65,0,4,45,0,1,3,0,4.69320520001929
18,3,2,1,1,0,7,16,50,0,16.75,65,0,1,3,1,2.77845269988757
18,3,2,1,1,0,23,1.75,80,0,7.75,60,0,1,3,1,4.96987029991578
18,3,2,1,1,0,25,8.5,50,0,9,60,0,6,3,1,9.80236139998306
18,3,2,1,1,0,13,19.5,5,0,16.5,25,0,6,3,0,2.48098370002117
18,3,2,1,1,0,22,20,90,0,19.5,65,0,6,3,1,1.79774449998513
18,3,2,1,1,0,36,14,15,0,8.25,20,0,6,3,1,5.98550259997137
18,3,2,1,1,0,31,8.5,50,0,5,70,0,6,3,0,6.80115610000212
18,3,2,1,1,0,39,14,55,0,17,35,0,6,3,0,5.76237809995655
18,3,2,1,1,0,3,15,85,0,13.5,55,0,6,3,1,5.53920130000915
18,3,2,1,1,0,4,8.5,20,0,2,55,0,5,3,0,6.77935870003421
18,3,2,1,1,0,34,12,15,0,4,35,0,5,3,1,4.64231750008184
18,3,2,1,1,0,11,14,90,0,18.25,70,0,5,3,0,2.81112440000288
18,3,2,1,1,0,40,18,15,0,9.5,20,0,5,3,1,3.64190059993416
18,3,2,1,1,0,2,7.5,75,0,5,40,0,5,3,1,4.35349999996834
18,3,2,1,1,0,32,9.5,30,0,7,40,0,5,3,0,5.54278919997159
18,3,2,1,1,0,21,6,95,0,5.5,70,0,5,3,1,2.6279513000045
18,3,2,1,1,0,41,19,65,0,17,80,0,3,3,0,4.13700280000921
18,3,2,1,1,0,27,1.5,95,0,5.25,50,0,3,3,0,3.8920105000725
18,3,2,1,1,0,38,15.5,40,0,8,45,0,3,3,1,4.40328640001826
18,3,2,1,1,0,15,10,50,0,17.25,25,0,3,3,0,4.18396689998917
18,3,2,1,1,0,37,14.5,5,0,10,10,0,3,3,0,6.20149419992231
18,3,2,1,1,0,42,20,30,0,11,50,0,3,3,0,4.20195190003142
18,3,2,1,1,0,24,10,90,0,19,70,0,3,3,0,4.5544552000938
18,3,2,1,1,0,1,5,50,0,3,30,0,4,3,1,2.31454970000777
18,3,2,1,1,0,33,6,85,0,11,65,0,4,3,0,5.4348081999924
18,3,2,1,1,0,35,13,70,0,12,75,0,4,3,1,6.10687059990596
18,3,2,1,1,0,30,8,75,0,6.5,90,0,4,3,0,3.52975159999914
18,3,2,1,1,0,14,16.75,45,0,12,90,0,4,3,0,3.28815919999033
18,3,2,1,1,0,5,20,85,0,16,100,0,4,3,0,2.79763499996625
18,3,2,1,1,0,17,2,80,0,3.25,85,0,4,3,1,6.57078780001029
18,3,2,1,1,0,28,6,25,0,3.5,40,0,2,3,0,4.27460369991604
18,3,2,1,1,0,8,2.5,90,0,16,15,0,2,3,1,5.00820239994209
18,3,2,1,1,0,20,10,95,0,15.75,35,0,2,3,0,4.44323590002023
18,3,2,1,1,0,18,18.75,80,0,15,35,0,2,3,1,3.12270810001064
18,3,2,1,1,0,19,17.5,25,0,15,75,0,2,3,0,4.52867369994055
18,3,2,1,1,0,12,12,35,0,9.25,40,0,2,3,1,4.40247940004338
18,3,2,1,1,0,6,19,20,0,7,45,0,2,3,0,4.58017219998874
21,1,1,1,0,1,10,19.5,100,125,18.5,100,85,1,5,1,6.04987309999706
21,1,1,1,0,1,9,2,100,19,1,100,3,1,5,1,4.32381069999246
21,1,1,1,0,1,33,11,100,190,6,100,45,1,5,1,4.09651649999432
21,1,1,1,0,1,12,9.25,100,4,12,100,1,1,5,1,1.4171892000013
21,1,1,1,0,1,36,8.25,100,5,14,100,40,1,5,1,2.1926492999919
21,1,1,1,0,1,14,12,100,210,16.75,100,145,1,5,1,3.05865749999066
21,1,1,1,0,1,32,9.5,100,170,7,100,120,1,5,1,3.89910550000786
21,1,1,1,0,1,15,10,100,95,17.25,100,55,2,5,1,1.75286320000305
21,1,1,1,0,1,25,9,100,160,8.5,100,105,2,5,0,5.3203446999978
21,1,1,1,0,1,19,17.5,100,40,15,100,225,2,5,1,2.52899729998899
21,1,1,1,0,1,3,15,100,14,13.5,100,65,2,5,1,3.45159480000439
21,1,1,1,0,1,7,16.75,100,75,16,100,20,2,5,0,3.68367299999227
21,1,1,1,0,1,2,5,100,65,7.5,100,25,2,5,1,2.68747829999484
21,1,1,1,0,1,23,1.75,100,10,7.75,100,120,2,5,1,5.42874630000733
21,1,1,1,0,1,13,19.5,100,7,16.5,100,155,5,5,1,3.39506209999672
21,1,1,1,0,1,27,1.5,100,20,5.25,100,120,5,5,1,3.00452319999749
21,1,1,1,0,1,17,3.25,100,205,2,100,110,5,5,0,4.90017360000638
21,1,1,1,0,1,42,11,100,110,20,100,170,5,5,1,3.42429830000037
21,1,1,1,0,1,8,2.5,100,10,16,100,20,5,5,1,2.65097899999819
21,1,1,1,0,1,22,20,100,165,19.5,100,45,5,5,0,3.81184429999848
21,1,1,1,0,1,38,8,100,125,15.5,100,215,5,5,1,3.0814137999987
21,1,1,1,0,1,20,15.75,100,30,10,100,135,3,5,1,3.26869899999292
21,1,1,1,0,1,26,4,100,50,2.5,100,25,3,5,1,5.6333575000026
21,1,1,1,0,1,29,6,100,45,7,100,55,3,5,0,2.4706656000053
21,1,1,1,0,1,35,13,100,30,12,100,25,3,5,1,2.93267569999443
21,1,1,1,0,1,41,19,100,245,17,100,200,3,5,1,3.0127771999978
21,1,1,1,0,1,24,19,100,150,10,100,80,3,5,1,2.76704170000448
21,1,1,1,0,1,6,7,100,70,19,100,175,3,5,1,3.92422310000984
21,1,1,1,0,1,28,6,100,7,3.5,100,3,6,5,1,2.40945860001375
21,1,1,1,0,1,40,9.5,100,25,18,100,110,6,5,1,3.7070848000003
21,1,1,1,0,1,16,16,100,95,14,100,20,6,5,0,3.68010969999887
21,1,1,1,0,1,39,14,100,5,17,100,15,6,5,1,4.07694810000248
21,1,1,1,0,1,4,2,100,70,8.5,100,90,6,5,1,2.80881010000303
21,1,1,1,0,1,31,5,100,14,8.5,100,22,6,5,1,2.46890079999866
21,1,1,1,0,1,21,5.5,100,40,6,100,55,6,5,1,4.68210580000596
21,1,1,1,0,1,30,8,100,90,6.5,100,60,4,5,0,7.26523309999902
21,1,1,1,0,1,11,14,100,60,18.25,100,55,4,5,1,2.44992299999285
21,1,1,1,0,1,1,5,100,0,3,100,0,4,5,1,2.47077499999432
21,1,1,1,0,1,37,14.5,100,175,10,100,140,4,5,1,2.66004610000527
21,1,1,1,0,1,34,4,100,70,12,100,85,4,5,1,2.53743550000945
21,1,1,1,0,1,5,20,100,15,16,100,5,4,5,1,2.5969255999953
21,1,1,1,0,1,18,15,100,31,18.75,100,250,4,5,0,3.62305779999588
21,1,2,0,0,1,62,10,100,135,0,0,0,2,6,1.02500325524284,19.3969808999973
21,1,2,0,0,1,1,5,100,0,0,0,0,2,6,1.01523900157096,8.86190139999962
21,1,2,0,0,1,27,5.25,100,120,0,0,0,2,6,0.336290411726104,5.6569703000132
21,1,2,0,0,1,35,13,100,30,0,0,0,2,6,1.43833636029598,5.94249750000017
21,1,2,0,0,1,47,16,100,5,0,0,0,2,6,3.00423006684671,2.05249990000448
21,1,2,0,0,1,75,6,100,45,0,0,0,2,6,0.545181484061033,3.44461829999636
21,1,2,0,0,1,80,8,100,125,0,0,0,2,6,1.06345377749977,5.57244519999949
21,1,2,0,0,1,41,19,100,245,0,0,0,2,6,3.03034432397244,3.27867179999885
21,1,2,0,0,1,54,9.25,100,4,0,0,0,2,6,2.03447807263204,2.66087900000275
21,1,2,0,0,1,60,15,100,31,0,0,0,2,6,3.02401239525638,2.97886479999579
21,1,2,0,0,1,38,15.5,100,215,0,0,0,2,6,2.00185987571388,3.30653359999997
21,1,2,0,0,1,51,1,100,3,0,0,0,2,6,0,4.2005111000035
21,1,2,0,0,1,9,2,100,19,0,0,0,2,6,0.263884612862373,1.48475470000994
21,1,2,0,0,1,36,14,100,40,0,0,0,2,6,2.43874434261411,7.89172349999717
21,1,2,0,0,1,19,17.5,100,40,0,0,0,3,6,3.9879173398629,16.9406241999968
21,1,2,0,0,1,43,3,100,0,0,0,0,3,6,1.00076832543155,4.02406189999601
21,1,2,0,0,1,83,17,100,200,0,0,0,3,6,1.99360523212874,3.31080929999007
21,1,2,0,0,1,5,20,100,15,0,0,0,3,6,4.04703440007355,3.77848520000407
21,1,2,0,0,1,23,7.75,100,120,0,0,0,3,6,0.990832753075264,1.74704840000777
21,1,2,0,0,1,42,20,100,170,0,0,0,3,6,3.9879173398629,2.37350169999991
21,1,2,0,0,1,59,2,100,110,0,0,0,3,6,0.0878040558254654,2.10675479999918
21,1,2,0,0,1,24,19,100,150,0,0,0,3,6,2.52006217855832,2.4327273999952
21,1,2,0,0,1,7,16.75,100,75,0,0,0,3,6,3.03075148701263,6.5263152000116
21,1,2,0,0,1,52,18.5,100,85,0,0,0,3,6,3.99445447814545,7.89043409998703
21,1,2,0,0,1,58,14,100,20,0,0,0,3,6,4.04703440007355,2.41351659999054
21,1,2,0,0,1,79,10,100,140,0,0,0,3,6,2.00219658686413,1.95842650000122
21,1,2,0,0,1,8,16,100,20,0,0,0,3,6,2.49539489021195,2.51389899999776
21,1,2,0,0,1,12,12,100,1,0,0,0,3,6,3.02290862175008,2.18578409998736
21,1,2,0,0,1,25,9,100,160,0,0,0,4,6,1.01523900157096,2.26111880000099
21,1,2,0,0,1,72,6.5,100,60,0,0,0,4,6,1.03206305929602,2.9198166999995
21,1,2,0,0,1,56,12,100,210,0,0,0,4,6,2.00219658686413,1.87711580000177
21,1,2,0,0,1,53,14,100,60,0,0,0,4,6,2.99780341313587,5.7831092000124
21,1,2,0,0,1,34,12,100,85,0,0,0,4,6,3.02327278471964,7.5412279000011
21,1,2,0,0,1,55,16.5,100,155,0,0,0,4,6,4.01802830470264,7.99753349999082
21,1,2,0,0,1,61,15,100,225,0,0,0,4,6,3.61693071994887,7.43874040000082
21,1,2,0,0,1,18,18.75,100,250,0,0,0,4,6,3.03707545485702,3.25142889999552
21,1,2,0,0,1,66,10,100,80,0,0,0,4,6,2.02990165582899,9.86703120000311
21,1,2,0,0,1,82,9.5,100,25,0,0,0,4,6,1.48125526826403,8.55650109999988
21,1,2,0,0,1,13,19.5,100,7,0,0,0,4,6,3.98261985261288,2.81997879999108
21,1,2,0,0,1,44,5,100,65,0,0,0,4,6,0.470710533228758,2.23275510000531
21,1,2,0,0,1,45,13.5,100,65,0,0,0,4,6,2.48508453305458,3.70693359999859
21,1,2,0,0,1,46,2,100,70,0,0,0,4,6,0.206239783049874,1.91471900000761
21,1,2,0,0,1,2,7.5,100,25,0,0,0,6,6,1.55958260754739,6.3070308999886
21,1,2,0,0,1,17,3.25,100,205,0,0,0,6,6,0.453957419997209,3.58013509999728
21,1,2,0,0,1,65,1.75,100,10,0,0,0,6,6,0.276616991333238,3.15157940000063
21,1,2,0,0,1,31,8.5,100,22,0,0,0,6,6,1.54178008761096,13.0779607000004
21,1,2,0,0,1,30,8,100,90,0,0,0,6,6,1.01757090488666,3.01933309999004
21,1,2,0,0,1,20,15.75,100,30,0,0,0,6,6,3.89401603214567,2.17457440000726
21,1,2,0,0,1,67,8.5,100,105,0,0,0,6,6,1.6873152513557,11.7519126000116
21,1,2,0,0,1,57,10,100,95,0,0,0,6,6,2.00219658686413,2.71139769999718
21,1,2,0,0,1,3,15,100,14,0,0,0,6,6,3.02954244748226,2.39752410000074
21,1,2,0,0,1,32,9.5,100,170,0,0,0,6,6,2.03907445914171,2.85288600000786
21,1,2,0,0,1,26,4,100,50,0,0,0,6,6,0.509954457159594,2.22381969999697
21,1,2,0,0,1,6,19,100,175,0,0,0,6,6,3.19539308632864,6.5884919000091
21,1,2,0,0,1,76,4,100,70,0,0,0,6,6,0.441388437861182,2.11316069999884
21,1,2,0,0,1,77,12,100,25,0,0,0,6,6,1.9928098882287,3.35710819999804
21,1,2,0,0,1,69,1.5,100,20,0,0,0,1,6,0.235677377406827,1.76629899999534
21,1,2,0,0,1,29,7,100,55,0,0,0,1,6,0.811751059256757,4.32539060000272
21,1,2,0,0,1,15,17.25,100,55,0,0,0,1,6,3.00423006684671,2.36630140000489
21,1,2,0,0,1,14,16.75,100,145,0,0,0,1,6,2.02990165582899,4.82324470000458
21,1,2,0,0,1,48,7,100,70,0,0,0,1,6,0.853544957361272,4.6661815999978
21,1,2,0,0,1,63,5.5,100,40,0,0,0,1,6,0.5744950866256,2.69968590000644
21,1,2,0,0,1,39,17,100,15,0,0,0,1,6,3.99769174250672,1.95580749999499
21,1,2,0,0,1,21,6,100,55,0,0,0,1,6,0.826346396169402,1.95747740000661
21,1,2,0,0,1,49,16,100,20,0,0,0,1,6,4.381865686584,6.10698779999802
21,1,2,0,0,1,74,7,100,120,0,0,0,1,6,0.751549750501365,7.91908509998757
21,1,2,0,0,1,33,11,100,190,0,0,0,1,6,2.04369094153031,3.12428139999975
21,1,2,0,0,1,40,18,100,110,0,0,0,1,6,4.3551582782391,9.11028180000721
21,1,2,0,0,1,37,14.5,100,175,0,0,0,1,6,3.42286588746738,4.01988779999374
21,1,2,0,0,1,16,16,100,95,0,0,0,1,6,4.00304148723374,11.757122199997
21,1,2,0,0,1,4,8.5,100,90,0,0,0,5,6,1.54178008761096,6.84997840000142
21,1,2,0,0,1,84,11,100,110,0,0,0,5,6,2.03447807263204,9.69620849999774
21,1,2,0,0,1,10,19.5,100,125,0,0,0,5,6,4.77273239012364,13.3615284999978
21,1,2,0,0,1,71,6,100,45,0,0,0,5,6,1.07056605372122,11.3553256000014
21,1,2,0,0,1,68,2.5,100,25,0,0,0,5,6,0.250392473068274,2.54007669999555
21,1,2,0,0,1,70,3.5,100,3,0,0,0,5,6,0.523264926664609,2.95102049999696
21,1,2,0,0,1,78,8.25,100,5,0,0,0,5,6,1.33673289961532,2.95602329999383
21,1,2,0,0,1,50,2.5,100,10,0,0,0,5,6,0.249239772150485,1.34331850000308
21,1,2,0,0,1,11,18.25,100,55,0,0,0,5,6,3.97737578631234,3.794550599996
21,1,2,0,0,1,28,6,100,7,0,0,0,5,6,0.526865528279895,3.36769520000962
21,1,2,0,0,1,81,14,100,5,0,0,0,5,6,3.10275084561329,6.64823489999981
21,1,2,0,0,1,73,5,100,14,0,0,0,5,6,1.01291767143232,1.81363380000403
21,1,2,0,0,1,22,20,100,165,0,0,0,5,6,4.08493118619894,2.82504399999743
21,1,2,0,0,1,64,19.5,100,45,0,0,0,5,6,4.65761512007329,3.58645100001013
21,2,1,1,1,0,23,1.75,80,0,7.75,60,0,4,3,1,5.47555080000893
21,2,1,1,1,0,32,7,40,0,9.5,30,0,4,3,1,5.24151320000237
21,2,1,1,1,0,41,17,80,0,19,65,0,4,3,0,2.64971610000066
21,2,1,1,1,0,26,2.5,65,0,4,45,0,4,3,1,3.12091099999088
21,2,1,1,1,0,36,8.25,20,0,14,15,0,4,3,1,2.39971240000159
21,2,1,1,1,0,22,19.5,65,0,20,90,0,4,3,1,1.78174060001038
21,2,1,1,1,0,29,7,20,0,6,25,0,4,3,0,3.55251490000228
21,2,1,1,1,0,13,16.5,25,0,19.5,5,0,1,3,0,3.48493209999288
21,2,1,1,1,0,25,8.5,50,0,9,60,0,1,3,1,2.66115859999263
21,2,1,1,1,0,33,6,85,0,11,65,0,1,3,1,9.06881919999432
21,2,1,1,1,0,37,10,10,0,14.5,5,0,1,3,0,3.04112890000397
21,2,1,1,1,0,38,15.5,40,0,8,45,0,1,3,1,2.67562460000045
21,2,1,1,1,0,17,2,80,0,3.25,85,0,1,3,1,1.84967520000646
21,2,1,1,1,0,30,8,75,0,6.5,90,0,1,3,0,3.07291859999532
21,2,1,1,1,0,19,15,75,0,17.5,25,0,6,3,0,2.90674630001013
21,2,1,1,1,0,42,11,50,0,20,30,0,6,3,1,12.4048470999987
21,2,1,1,1,0,31,5,70,0,8.5,50,0,6,3,0,2.55495859999792
21,2,1,1,1,0,35,12,75,0,13,70,0,6,3,0,2.75513619999401
21,2,1,1,1,0,10,19.5,10,0,18.5,10,0,6,3,1,2.07365229999414
21,2,1,1,1,0,2,5,40,0,7.5,75,0,6,3,1,3.05714079999598
21,2,1,1,1,0,27,5.25,50,0,1.5,95,0,6,3,1,2.90656540000055
21,2,1,1,1,0,9,1,40,0,2,30,0,3,3,0,3.46618060000765
21,2,1,1,1,0,3,15,85,0,13.5,55,0,3,3,1,2.93758420000086
21,2,1,1,1,0,15,17.25,25,0,10,50,0,3,3,0,2.73753060000308
21,2,1,1,1,0,1,5,50,0,3,30,0,3,3,1,1.50663779999013
21,2,1,1,1,0,34,12,15,0,4,35,0,3,3,1,5.50564960000338
21,2,1,1,1,0,11,18.25,70,0,14,90,0,3,3,0,2.51310160000867
21,2,1,1,1,0,12,12,35,0,9.25,40,0,3,3,1,2.96873989999585
21,2,1,1,1,0,24,10,90,0,19,70,0,5,3,0,3.95398450001085
21,2,1,1,1,0,18,15,35,0,18.75,80,0,5,3,1,2.4188492000103
21,2,1,1,1,0,5,20,85,0,16,100,0,5,3,0,4.80998149998777
21,2,1,1,1,0,40,9.5,20,0,18,15,0,5,3,1,5.94571179999912
21,2,1,1,1,0,14,16.75,45,0,12,90,0,5,3,0,2.28995900000155
21,2,1,1,1,0,16,14,45,0,16,65,0,5,3,1,1.41156019999471
21,2,1,1,1,0,7,16,50,0,16.75,65,0,5,3,1,1.93767610000214
21,2,1,1,1,0,20,10,95,0,15.75,35,0,2,3,0,3.21120170000358
21,2,1,1,1,0,4,8.5,20,0,2,55,0,2,3,0,2.67269020000822
21,2,1,1,1,0,6,19,20,0,7,45,0,2,3,1,3.34683130000485
21,2,1,1,1,0,8,2.5,90,0,16,15,0,2,3,0,4.37076580000576
21,2,1,1,1,0,21,6,95,0,5.5,70,0,2,3,1,1.63347739999881
21,2,1,1,1,0,28,6,25,0,3.5,40,0,2,3,0,3.2643631999963
21,2,1,1,1,0,39,17,35,0,14,55,0,2,3,0,1.93890799999645
21,2,2,0,1,0,45,13.5,55,0,0,0,0,4,4,2.55061321865853,23.7249922000046
21,2,2,0,1,0,20,15.75,35,0,0,0,0,4,4,2.97787054966162,5.04284149999148
21,2,2,0,1,0,60,15,35,0,0,0,0,4,4,2.7558511281575,3.01693949999753
21,2,2,0,1,0,30,8,75,0,0,0,0,4,4,1.04654443054575,2.35054309999396
21,2,2,0,1,0,29,7,20,0,0,0,0,4,4,0.456051908397924,1.97570229999837
21,2,2,0,1,0,2,7.5,75,0,0,0,0,4,4,0.870079442616703,3.77179339999566
21,2,2,0,1,0,61,15,75,0,0,0,0,4,4,3.46565991569097,2.17283649998717
21,2,2,0,1,0,23,7.75,60,0,0,0,0,4,4,1.02969910463968,2.21540200000163
21,2,2,0,1,0,44,5,40,0,0,0,0,4,4,0.48424754974803,4.66772650000348
21,2,2,0,1,0,79,10,10,0,0,0,0,4,4,0.486485920403332,1.2315579999995
21,2,2,0,1,0,73,5,70,0,0,0,0,4,4,0.689905221056048,4.98435489999247
21,2,2,0,1,0,22,20,90,0,0,0,0,4,4,5,4.60583920001227
21,2,2,0,1,0,70,3.5,40,0,0,0,0,4,4,0.234592291730667,1.84785790000751
21,2,2,0,1,0,63,5.5,70,0,0,0,0,4,4,1.0730146040872,2.08393829999841
21,2,2,0,1,0,65,1.75,80,0,0,0,0,1,4,0.589142810997121,3.46138100000098
21,2,2,0,1,0,56,12,90,0,0,0,0,1,4,4.03214513455646,2.47183720000612
21,2,2,0,1,0,26,4,45,0,0,0,0,1,4,0.557268608155763,2.29909339999722
21,2,2,0,1,0,67,8.5,50,0,0,0,0,1,4,1.00537839182461,2.45926669999608
21,2,2,0,1,0,77,12,75,0,0,0,0,1,4,2.55061321865853,1.93843330000527
21,2,2,0,1,0,32,9.5,30,0,0,0,0,1,4,0.795312557068421,4.12382249999791
21,2,2,0,1,0,69,1.5,95,0,0,0,0,1,4,0.526865528279895,12.6327684999997
21,2,2,0,1,0,48,7,45,0,0,0,0,1,4,0.811751059256757,1.84665210000821
21,2,2,0,1,0,78,8.25,20,0,0,0,0,1,4,0.368003773960872,2.30780740000773
21,2,2,0,1,0,62,10,95,0,0,0,0,1,4,2.45491448239809,1.74800949999189
21,2,2,0,1,0,64,19.5,65,0,0,0,0,1,4,2.99756587730808,4.39342940000643
21,2,2,0,1,0,4,8.5,20,0,0,0,0,1,4,0.512294368740069,1.21284849999938
21,2,2,0,1,0,38,15.5,40,0,0,0,0,1,4,1.57370615115074,4.05758269999933
21,2,2,0,1,0,37,14.5,5,0,0,0,0,1,4,0.588844616019081,1.5106123000005
21,2,2,0,1,0,28,6,25,0,0,0,0,6,4,0.396455144963468,2.65716470000916
21,2,2,0,1,0,14,16.75,45,0,0,0,0,6,4,2.01605899932928,3.55807059998915
21,2,2,0,1,0,1,5,50,0,0,0,0,6,4,0.601012019561246,4.11460720001196
21,2,2,0,1,0,5,20,85,0,0,0,0,6,4,4.21598932912211,3.57627800000773
21,2,2,0,1,0,33,11,65,0,0,0,0,6,4,2.50553976901769,2.82392139999138
21,2,2,0,1,0,11,18.25,70,0,0,0,0,6,4,3.00423006684671,1.72999039999559
21,2,2,0,1,0,6,19,20,0,0,0,0,6,4,1.55248144181025,1.97068990000116
21,2,2,0,1,0,71,6,25,0,0,0,0,6,4,0.5534535483676,1.89098689999082
21,2,2,0,1,0,72,6.5,90,0,0,0,0,6,4,1.48873191323132,1.78644229999918
21,2,2,0,1,0,47,16,100,0,0,0,0,6,4,4.98971535995901,7.34666929999366
21,2,2,0,1,0,42,20,30,0,0,0,0,6,4,2.02976735636013,2.1190260000003
21,2,2,0,1,0,7,16.75,65,0,0,0,0,6,4,2.42237883181687,8.07238640000287
21,2,2,0,1,0,16,16,65,0,0,0,0,6,4,2.20801953547155,2.38348759998917
21,2,2,0,1,0,51,1,40,0,0,0,0,6,4,0.144661408064319,2.35110369999893
21,2,2,0,1,0,80,8,45,0,0,0,0,3,4,0.866091698518908,2.76367799998843
21,2,2,0,1,0,58,14,45,0,0,0,0,3,4,2.03907445914171,5.38881929998752
21,2,2,0,1,0,18,18.75,80,0,0,0,0,3,4,4.03214513455646,1.59084179998899
21,2,2,0,1,0,84,11,50,0,0,0,0,3,4,2.00701908506628,1.61723850000999
21,2,2,0,1,0,34,12,15,0,0,0,0,3,4,1.36833538658604,10.079682399999
21,2,2,0,1,0,50,2.5,90,0,0,0,0,3,4,0.628700450407766,2.00387549999868
21,2,2,0,1,0,36,14,15,0,0,0,0,3,4,0.976276677386885,1.87731900000654
21,2,2,0,1,0,31,8.5,50,0,0,0,0,3,4,0.768349181926027,1.98180510000384
21,2,2,0,1,0,57,10,50,0,0,0,0,3,4,1.54178008761096,9.15528530000302
21,2,2,0,1,0,12,12,35,0,0,0,0,3,4,1.54895457447667,10.9883059999993
21,2,2,0,1,0,19,17.5,25,0,0,0,0,3,4,2.02060852873471,1.77504330000374
21,2,2,0,1,0,3,15,85,0,0,0,0,3,4,3.47773348162539,2.0018912999949
21,2,2,0,1,0,25,9,60,0,0,0,0,3,4,1.77572338612174,4.63890659999743
21,2,2,0,1,0,46,2,55,0,0,0,0,3,4,0.337840808210185,1.6804387000011
21,2,2,0,1,0,13,19.5,5,0,0,0,0,5,4,1.00830644677874,2.78412930000923
21,2,2,0,1,0,35,13,70,0,0,0,0,5,4,1.9838387037688,4.53828310000245
21,2,2,0,1,0,24,19,70,0,0,0,0,5,4,2.88638030675978,2.70560780000233
21,2,2,0,1,0,75,6,85,0,0,0,0,5,4,1.52752032714253,6.79537809999601
21,2,2,0,1,0,66,10,90,0,0,0,0,5,4,3.01730093241385,1.56549639999866
21,2,2,0,1,0,43,3,30,0,0,0,0,5,4,0.338621374603612,1.22721349999483
21,2,2,0,1,0,39,17,35,0,0,0,0,5,4,1.75556819206436,2.25279769999906
21,2,2,0,1,0,83,17,80,0,0,0,0,5,4,3.45034130915886,2.00624400000379
21,2,2,0,1,0,10,19.5,10,0,0,0,0,5,4,1.36337744727783,1.96049000001221
21,2,2,0,1,0,82,9.5,20,0,0,0,0,5,4,0.676892581503978,2.19650580000598
21,2,2,0,1,0,17,3.25,85,0,0,0,0,5,4,0.884638987889787,1.68087890000606
21,2,2,0,1,0,52,18.5,10,0,0,0,0,5,4,1.74540420322397,1.72306670001126
21,2,2,0,1,0,54,9.25,40,0,0,0,0,5,4,1.76567443965061,1.49761890000082
21,2,2,0,1,0,27,5.25,50,0,0,0,0,5,4,0.631592082611636,1.89952130000165
21,2,2,0,1,0,59,2,80,0,0,0,0,2,4,0.468549203240954,1.50641560000076
21,2,2,0,1,0,9,2,30,0,0,0,0,2,4,0.234053485496549,1.35106570000062
21,2,2,0,1,0,81,14,55,0,0,0,0,2,4,1.70918030623478,1.75875459999952
21,2,2,0,1,0,41,19,65,0,0,0,0,2,4,2.53920161213577,2.4429506999877
21,2,2,0,1,0,68,2.5,65,0,0,0,0,2,4,0.55599110580448,1.73129910000716
21,2,2,0,1,0,76,4,35,0,0,0,0,2,4,0.559841260458729,3.6046239999996
21,2,2,0,1,0,8,16,15,0,0,0,0,2,4,1.53477015854115,4.52311569999438
21,2,2,0,1,0,55,16.5,25,0,0,0,0,2,4,2.01582363763051,3.44218440000259
21,2,2,0,1,0,21,6,95,0,0,0,0,2,4,2.00671910402213,1.25848509999923
21,2,2,0,1,0,49,16,50,0,0,0,0,2,4,1.98874654256517,2.22317849998944
21,2,2,0,1,0,15,17.25,25,0,0,0,0,2,4,1.9928098882287,3.28173389998847
21,2,2,0,1,0,40,18,15,0,0,0,0,2,4,2.01205340865895,2.14368150000519
21,2,2,0,1,0,74,7,40,0,0,0,0,2,4,0.872087030571603,1.90446689999953
21,2,2,0,1,0,53,14,90,0,0,0,0,2,4,3.81623304445128,1.90772029999061
21,3,1,0,1,1,19,17.5,25,40,0,0,0,3,2,2.56412939786857,14.370125100002
21,3,1,0,1,1,54,9.25,40,4,0,0,0,3,2,1.02267121716315,5.51407000000472
21,3,1,0,1,1,67,8.5,50,105,0,0,0,3,2,0.557268608155763,2.12058160000015
21,3,1,0,1,1,13,19.5,5,7,0,0,0,3,2,1.00537839182461,2.9684089999937
21,3,1,0,1,1,53,14,90,60,0,0,0,3,2,4.00410464649634,2.45419080001011
21,3,1,0,1,1,55,16.5,25,155,0,0,0,3,2,1.6270035855817,2.84432299999753
21,3,1,0,1,1,2,7.5,75,25,0,0,0,3,2,1.0199134531522,1.85101099999156
21,3,1,0,1,1,78,8.25,20,5,0,0,0,3,2,0.624412150856603,1.52237950000563
21,3,1,0,1,1,26,4,45,50,0,0,0,3,2,0.455002257953311,1.68323439999949
21,3,1,0,1,1,72,6.5,90,60,0,0,0,3,2,1.42852192988503,1.58275630000571
21,3,1,0,1,1,41,19,65,245,0,0,0,3,2,2.57762116818313,13.7567214999872
21,3,1,0,1,1,60,15,35,31,0,0,0,3,2,1.50293273267278,2.85433249999187
21,3,1,0,1,1,35,13,70,30,0,0,0,3,2,2.54489531151521,3.79767270000593
21,3,1,0,1,1,65,1.75,80,10,0,0,0,3,2,0.51112174069592,2.40129569999408
21,3,1,0,1,1,43,3,30,0,0,0,0,6,2,0.469627386029739,5.47248890000628
21,3,1,0,1,1,51,1,40,3,0,0,0,6,2,0.307095263434729,2.20475179998903
21,3,1,0,1,1,25,9,60,160,0,0,0,6,2,1.03702549107566,4.88250049999624
21,3,1,0,1,1,71,6,25,45,0,0,0,6,2,0.424759666284192,2.15585409999767
21,3,1,0,1,1,62,10,95,135,0,0,0,6,2,3.61693071994887,3.94850290000613
21,3,1,0,1,1,16,16,65,95,0,0,0,6,2,2.80863580395033,11.5068131000007
21,3,1,0,1,1,20,15.75,35,30,0,0,0,6,2,1.83434022170806,1.92313670000294
21,3,1,0,1,1,31,8.5,50,22,0,0,0,6,2,0.83899993617166,1.54022419999819
21,3,1,0,1,1,18,18.75,80,250,0,0,0,6,2,2.59656812927578,5.77310810000927
21,3,1,0,1,1,48,7,45,70,0,0,0,6,2,0.806174177785756,9.5223810000025
21,3,1,0,1,1,56,12,90,210,0,0,0,6,2,2.57953696641711,5.95299740000337
21,3,1,0,1,1,58,14,45,20,0,0,0,6,2,1.77975385759916,17.7763643999933
21,3,1,0,1,1,44,5,40,65,0,0,0,6,2,0.83899993617166,1.20570799999405
21,3,1,0,1,1,64,19.5,65,45,0,0,0,6,2,2.80790177908056,4.54661360000318
21,3,1,0,1,1,76,4,35,70,0,0,0,5,2,0.30922452820629,1.98300550000567
21,3,1,0,1,1,32,9.5,30,170,0,0,0,5,2,0.83899993617166,1.89557209999475
21,3,1,0,1,1,46,2,55,70,0,0,0,5,2,0.33399129143427,2.48859079999966
21,3,1,0,1,1,70,3.5,40,3,0,0,0,5,2,0.396455144963468,2.82025150000118
21,3,1,0,1,1,27,5.25,50,120,0,0,0,5,2,0.766145490481403,3.27837389998604
21,3,1,0,1,1,29,7,20,55,0,0,0,5,2,0.248667390442254,4.50078079999366
21,3,1,0,1,1,36,14,15,40,0,0,0,5,2,0.824446099473469,2.25831370000378
21,3,1,0,1,1,23,7.75,60,120,0,0,0,5,2,1.01523900157096,2.24304760000086
21,3,1,0,1,1,34,12,15,85,0,0,0,5,2,0.986287214316132,2.01731760000985
21,3,1,0,1,1,63,5.5,70,40,0,0,0,5,2,1.00076832543155,11.3532334000047
21,3,1,0,1,1,79,10,10,140,0,0,0,5,2,0.537731952921952,1.29840499999409
21,3,1,0,1,1,17,3.25,85,205,0,0,0,5,2,0.820671461251916,1.52484539999568
21,3,1,0,1,1,49,16,50,20,0,0,0,5,2,1.64863944086872,1.59049180000147
21,3,1,0,1,1,22,20,90,165,0,0,0,5,2,4.55560695168212,1.90225489999284
21,3,1,0,1,1,37,14.5,5,175,0,0,0,2,2,0.500012634268963,1.54994019999867
21,3,1,0,1,1,33,11,65,190,0,0,0,2,2,1.98520877468707,5.42350170000282
21,3,1,0,1,1,45,13.5,55,65,0,0,0,2,2,1.04414849718111,11.1747073000006
21,3,1,0,1,1,1,5,50,0,0,0,0,2,2,0.627264508667221,1.80668850000075
21,3,1,0,1,1,73,5,70,14,0,0,0,2,2,1.00537839182461,3.32521559999441
21,3,1,0,1,1,81,14,55,5,0,0,0,2,2,1.5102605351144,2.88990639999975
21,3,1,0,1,1,74,7,40,120,0,0,0,2,2,0.728549610907045,1.83250160000171
21,3,1,0,1,1,11,18.25,70,55,0,0,0,2,2,2.61794948308567,1.42907670000568
21,3,1,0,1,1,47,16,100,5,0,0,0,2,2,5,5.47763649999979
21,3,1,0,1,1,21,6,95,55,0,0,0,2,2,1.76969412176175,2.16339889999654
21,3,1,0,1,1,42,20,30,170,0,0,0,2,2,0.9817828615978,2.05417119999765
21,3,1,0,1,1,68,2.5,65,25,0,0,0,2,2,0.586437000404228,2.03052689999458
21,3,1,0,1,1,9,2,30,19,0,0,0,2,2,0.191075559896653,1.59529219999968
21,3,1,0,1,1,80,8,45,125,0,0,0,2,2,0.880586215070622,4.4231504000054
21,3,1,0,1,1,82,9.5,20,25,0,0,0,1,2,0.514655805526182,4.39695619999839
21,3,1,0,1,1,59,2,80,110,0,0,0,1,2,0.660762561552612,1.80765000000247
21,3,1,0,1,1,84,11,50,110,0,0,0,1,2,1.02500325524284,1.62770589999855
21,3,1,0,1,1,52,18.5,10,85,0,0,0,1,2,1.04654443054575,1.41974480000499
21,3,1,0,1,1,5,20,85,15,0,0,0,1,2,3.56857855368654,9.10795570000482
21,3,1,0,1,1,61,15,75,225,0,0,0,1,2,2.52660197593666,6.45109799999045
21,3,1,0,1,1,40,18,15,110,0,0,0,1,2,0.570545225625498,3.59139439999126
21,3,1,0,1,1,50,2.5,90,10,0,0,0,1,2,1.01523900157096,2.65710319999198
21,3,1,0,1,1,83,17,80,200,0,0,0,1,2,2.98415267181184,6.49768129999575
21,3,1,0,1,1,12,12,35,1,0,0,0,1,2,1.03938909995913,2.56566510000266
21,3,1,0,1,1,7,16.75,65,75,0,0,0,1,2,1.55254813778748,12.5896522999974
21,3,1,0,1,1,6,19,20,175,0,0,0,1,2,1.02500325524284,1.34488319999946
21,3,1,0,1,1,24,19,70,150,0,0,0,1,2,2.02534508357163,3.55489210000087
21,3,1,0,1,1,66,10,90,80,0,0,0,1,2,2.59690093275312,8.20238299999619
21,3,1,0,1,1,38,15.5,40,215,0,0,0,4,2,1.54895457447667,2.82750870000746
21,3,1,0,1,1,10,19.5,10,125,0,0,0,4,2,0.720672938878906,2.11607410000579
21,3,1,0,1,1,30,8,75,90,0,0,0,4,2,0.719018881297551,4.22751339999377
21,3,1,0,1,1,75,6,85,45,0,0,0,4,2,0.56924061523646,5.88956779999717
21,3,1,0,1,1,14,16.75,45,145,0,0,0,4,2,0.660762561552612,24.1609912999993
21,3,1,0,1,1,28,6,25,7,0,0,0,4,2,0.394637039424488,1.53158249999979
21,3,1,0,1,1,39,17,35,15,0,0,0,4,2,1.54530864553941,1.610783000011
21,3,1,0,1,1,4,8.5,20,90,0,0,0,4,2,0.557268608155763,2.40320430000429
21,3,1,0,1,1,57,10,50,95,0,0,0,4,2,0.789858876175433,3.06746840001142
21,3,1,0,1,1,8,16,15,20,0,0,0,4,2,0.523264926664609,2.02492270000221
21,3,1,0,1,1,3,15,85,14,0,0,0,4,2,2.50096987276623,25.3199659999955
21,3,1,0,1,1,15,17.25,25,55,0,0,0,4,2,1.06590380697004,4.58084809999855
21,3,1,0,1,1,77,12,75,25,0,0,0,4,2,1.49895398605675,2.55647539999336
21,3,1,0,1,1,69,1.5,95,20,0,0,0,4,2,0.55599110580448,5.08644759999879
21,3,2,1,1,1,2,5,40,65,7.5,75,25,1,1,1,2.86395920001087
21,3,2,1,1,1,28,3.5,40,3,6,25,7,1,1,0,9.01562390000618
21,3,2,1,1,1,33,6,85,45,11,65,190,1,1,0,3.57822399999714
21,3,2,1,1,1,5,16,100,5,20,85,15,1,1,0,2.76233109999157
21,3,2,1,1,1,24,10,90,80,19,70,150,1,1,0,3.82041749999917
21,3,2,1,1,1,15,17.25,25,55,10,50,95,1,1,1,9.31371189998754
21,3,2,1,1,1,9,1,40,3,2,30,19,1,1,0,2.69838190000155
21,3,2,1,1,1,23,7.75,60,120,1.75,80,10,2,1,0,6.33091330000025
21,3,2,1,1,1,36,14,15,40,8.25,20,5,2,1,1,5.38546350000252
21,3,2,1,1,1,13,16.5,25,155,19.5,5,7,2,1,0,5.25717640000221
21,3,2,1,1,1,3,13.5,55,65,15,85,14,2,1,1,3.15309510000225
21,3,2,1,1,1,39,17,35,15,14,55,5,2,1,1,2.47338789999776
21,3,2,1,1,1,17,3.25,85,205,2,80,110,2,1,1,6.23441140000068
21,3,2,1,1,1,38,15.5,40,215,8,45,125,2,1,1,8.32534839998698
21,3,2,1,1,1,14,12,90,210,16.75,45,145,4,1,0,2.60943959999713
21,3,2,1,1,1,21,6,95,55,5.5,70,40,4,1,1,2.32868160000362
21,3,2,1,1,1,20,10,95,135,15.75,35,30,4,1,0,3.00746029999573
21,3,2,1,1,1,42,11,50,110,20,30,170,4,1,0,9.1861046999984
21,3,2,1,1,1,6,7,45,70,19,20,175,4,1,0,5.38626189999923
21,3,2,1,1,1,40,9.5,20,25,18,15,110,4,1,1,3.40114039999025
21,3,2,1,1,1,31,8.5,50,22,5,70,14,4,1,0,9.64162350000697
21,3,2,1,1,1,10,19.5,10,125,18.5,10,85,6,1,0,4.56934140001249
21,3,2,1,1,1,25,9,60,160,8.5,50,105,6,1,1,2.9143563000107
21,3,2,1,1,1,11,14,90,60,18.25,70,55,6,1,0,2.17009680000774
21,3,2,1,1,1,41,17,80,200,19,65,245,6,1,0,2.61894790000224
21,3,2,1,1,1,16,14,45,20,16,65,95,6,1,1,5.81821499999205
21,3,2,1,1,1,8,16,15,20,2.5,90,10,6,1,1,7.01949209999293
21,3,2,1,1,1,18,18.75,80,250,15,35,31,6,1,1,2.52227469999343
21,3,2,1,1,1,12,9.25,40,4,12,35,1,5,1,1,2.33075989999634
21,3,2,1,1,1,26,4,45,50,2.5,65,25,5,1,0,6.09929290000582
21,3,2,1,1,1,34,4,35,70,12,15,85,5,1,1,7.1395518000063
21,3,2,1,1,1,37,10,10,140,14.5,5,175,5,1,0,2.81628630000341
21,3,2,1,1,1,27,5.25,50,120,1.5,95,20,5,1,0,3.16142629999376
21,3,2,1,1,1,1,5,50,0,3,30,0,5,1,1,6.72078489999694
21,3,2,1,1,1,22,20,90,165,19.5,65,45,5,1,1,4.85512549999112
21,3,2,1,1,1,29,6,25,45,7,20,55,3,1,0,10.4095775000023
21,3,2,1,1,1,7,16.75,65,75,16,50,20,3,1,1,4.7375527999975
21,3,2,1,1,1,19,15,75,225,17.5,25,40,3,1,0,2.40856359999452
21,3,2,1,1,1,32,9.5,30,170,7,40,120,3,1,0,4.20049770000333
21,3,2,1,1,1,4,2,55,70,8.5,20,90,3,1,0,6.0343978000019
21,3,2,1,1,1,30,8,75,90,6.5,90,60,3,1,0,2.68699560000096
21,3,2,1,1,1,35,13,70,30,12,75,25,3,1,0,4.90635640000983
22,1,1,1,0,1,7,16.75,100,75,16,100,20,1,5,0,4.65783640000154
22,1,1,1,0,1,28,3.5,100,3,6,100,7,1,5,1,2.71108580000873
22,1,1,1,0,1,26,4,100,50,2.5,100,25,1,5,0,8.31029739999212
22,1,1,1,0,1,2,5,100,65,7.5,100,25,1,5,1,2.6221011000016
22,1,1,1,0,1,12,12,100,1,9.25,100,4,1,5,1,3.33376419999695
22,1,1,1,0,1,37,10,100,140,14.5,100,175,1,5,0,6.63413980000769
22,1,1,1,0,1,3,13.5,100,65,15,100,14,1,5,1,2.31340559999808
22,1,1,1,0,1,1,5,100,0,3,100,0,5,5,1,3.62079810000432
22,1,1,1,0,1,6,19,100,175,7,100,70,5,5,1,4.80972949998977
22,1,1,1,0,1,20,10,100,135,15.75,100,30,5,5,1,5.02577829999791
22,1,1,1,0,1,5,16,100,5,20,100,15,5,5,0,10.368232199995
22,1,1,1,0,1,30,6.5,100,60,8,100,90,5,5,0,5.33012159999635
22,1,1,1,0,1,16,16,100,95,14,100,20,5,5,0,1.95110199999181
22,1,1,1,0,1,24,10,100,80,19,100,150,5,5,1,13.3263205000112
22,1,1,1,0,1,22,20,100,165,19.5,100,45,2,5,0,2.91253359999973
22,1,1,1,0,1,27,5.25,100,120,1.5,100,20,2,5,0,5.8663186999911
22,1,1,1,0,1,14,12,100,210,16.75,100,145,2,5,1,2.7158841000055
22,1,1,1,0,1,11,14,100,60,18.25,100,55,2,5,1,3.48812540000654
22,1,1,1,0,1,25,9,100,160,8.5,100,105,2,5,0,2.85599530000763
22,1,1,1,0,1,19,17.5,100,40,15,100,225,2,5,1,2.15419229998952
22,1,1,1,0,1,31,8.5,100,22,5,100,14,2,5,0,4.48846510000294
22,1,1,1,0,1,42,11,100,110,20,100,170,3,5,1,6.32825720000255
22,1,1,1,0,1,33,11,100,190,6,100,45,3,5,0,2.92350770000485
22,1,1,1,0,1,4,2,100,70,8.5,100,90,3,5,1,3.25602900001104
22,1,1,1,0,1,21,6,100,55,5.5,100,40,3,5,1,3.7693428999919
22,1,1,1,0,1,36,14,100,40,8.25,100,5,3,5,0,5.87900739999895
22,1,1,1,0,1,13,16.5,100,155,19.5,100,7,3,5,1,1.48873339999409
22,1,1,1,0,1,35,12,100,25,13,100,30,3,5,1,2.30559009998979
22,1,1,1,0,1,8,16,100,20,2.5,100,10,6,5,1,2.64981129999796
22,1,1,1,0,1,41,17,100,200,19,100,245,6,5,0,4.61034020000079
22,1,1,1,0,1,39,14,100,5,17,100,15,6,5,0,3.53589310000825
22,1,1,1,0,1,23,7.75,100,120,1.75,100,10,6,5,0,2.21868380000524
22,1,1,1,0,1,18,18.75,100,250,15,100,31,6,5,0,3.7446018000046
22,1,1,1,0,1,10,18.5,100,85,19.5,100,125,6,5,0,3.58667499999865
22,1,1,1,0,1,9,2,100,19,1,100,3,6,5,0,3.91488569999638
22,1,1,1,0,1,15,17.25,100,55,10,100,95,4,5,1,2.27258769999025
22,1,1,1,0,1,34,4,100,70,12,100,85,4,5,1,9.53829320000659
22,1,1,1,0,1,29,7,100,55,6,100,45,4,5,0,5.32134339999175
22,1,1,1,0,1,38,8,100,125,15.5,100,215,4,5,0,5.56226580000657
22,1,1,1,0,1,17,3.25,100,205,2,100,110,4,5,0,3.18412459999672
22,1,1,1,0,1,32,7,100,120,9.5,100,170,4,5,0,7.94784390000859
22,1,1,1,0,1,40,18,100,110,9.5,100,25,4,5,1,4.64250439999159
22,1,2,0,0,1,84,11,100,110,0,0,0,5,6,1.00076832543155,29.4148475999973
22,1,2,0,0,1,15,17.25,100,55,0,0,0,5,6,1.99769373642336,8.15136170000187
22,1,2,0,0,1,52,18.5,100,85,0,0,0,5,6,2.01605899932928,5.30703689999063
22,1,2,0,0,1,81,14,100,5,0,0,0,5,6,2.00671910402213,6.97710640000878
22,1,2,0,0,1,17,3.25,100,205,0,0,0,5,6,0.0588084678001479,5.05832179999561
22,1,2,0,0,1,1,5,100,0,0,0,0,5,6,1.00306810563501,2.94569880000199
22,1,2,0,0,1,76,4,100,70,0,0,0,5,6,0.514655805526182,2.3805749000021
22,1,2,0,0,1,83,17,100,200,0,0,0,5,6,2.03437690732758,2.01017480000155
22,1,2,0,0,1,9,2,100,19,0,0,0,5,6,0.132303765761925,6.84328479999385
22,1,2,0,0,1,82,9.5,100,25,0,0,0,5,6,1.01523900157096,1.87114230000589
22,1,2,0,0,1,7,16.75,100,75,0,0,0,5,6,2.02060852873471,1.57160589999694
22,1,2,0,0,1,10,19.5,100,125,0,0,0,5,6,3.04861203333111,2.69335799998953
22,1,2,0,0,1,14,16.75,100,145,0,0,0,5,6,1.53545528177342,2.24887190001027
22,1,2,0,0,1,57,10,100,95,0,0,0,5,6,1.00438697815057,5.53836019999289
22,1,2,0,0,1,38,15.5,100,215,0,0,0,3,6,1.05373135961709,4.75654159999976
22,1,2,0,0,1,26,4,100,50,0,0,0,3,6,0.523264926664609,7.68890130000364
22,1,2,0,0,1,29,7,100,55,0,0,0,3,6,1.03955363605521,4.51080720000027
22,1,2,0,0,1,22,20,100,165,0,0,0,3,6,4.05412008468469,2.23844240000471
22,1,2,0,0,1,44,5,100,65,0,0,0,3,6,0.436354120472807,8.54035590001149
22,1,2,0,0,1,51,1,100,3,0,0,0,3,6,0.117335978444171,9.39544389999355
22,1,2,0,0,1,39,17,100,15,0,0,0,3,6,2.06567419186448,3.49399450000783
22,1,2,0,0,1,24,19,100,150,0,0,0,3,6,4.04920971854817,1.23289009998553
22,1,2,0,0,1,74,7,100,120,0,0,0,3,6,1.04898479061982,1.51769340000465
22,1,2,0,0,1,70,3.5,100,3,0,0,0,3,6,0.249814793594549,1.09276939999836
22,1,2,0,0,1,28,6,100,7,0,0,0,3,6,1.05136913422507,1.70190519999596
22,1,2,0,0,1,36,14,100,40,0,0,0,3,6,3.04289105162242,3.71829970000545
22,1,2,0,0,1,40,18,100,110,0,0,0,3,6,4.98974848273593,3.61332280001079
22,1,2,0,0,1,78,8.25,100,5,0,0,0,3,6,1.55609045335916,4.41220279999834
22,1,2,0,0,1,12,12,100,1,0,0,0,6,6,1.98036370535647,4.30637890000071
22,1,2,0,0,1,72,6.5,100,60,0,0,0,6,6,0.99393131483766,1.22127759999421
22,1,2,0,0,1,23,7.75,100,120,0,0,0,6,6,1.03702549107566,2.9396115999989
22,1,2,0,0,1,41,19,100,245,0,0,0,6,6,1.98874654256517,2.95912580000004
22,1,2,0,0,1,20,15.75,100,30,0,0,0,6,6,2.02119912771988,3.08059430000139
22,1,2,0,0,1,58,14,100,20,0,0,0,6,6,1.99805720948986,1.20730889998958
22,1,2,0,0,1,48,7,100,70,0,0,0,6,6,0.954273201350713,1.71386999999231
22,1,2,0,0,1,16,16,100,95,0,0,0,6,6,2.01281226802442,2.23838640000031
22,1,2,0,0,1,19,17.5,100,40,0,0,0,6,6,1.96939269792888,1.54250260000117
22,1,2,0,0,1,68,2.5,100,25,0,0,0,6,6,0.277887182402512,2.54226869999547
22,1,2,0,0,1,75,6,100,45,0,0,0,6,6,0.514655805526182,1.6491248000093
22,1,2,0,0,1,8,16,100,20,0,0,0,6,6,3.56394394253553,5.44431449999684
22,1,2,0,0,1,80,8,100,125,0,0,0,6,6,0.998478980309287,2.53058589999273
22,1,2,0,0,1,2,7.5,100,25,0,0,0,6,6,2.04832764699134,2.63858260000416
22,1,2,0,0,1,62,10,100,135,0,0,0,2,6,0.959497231635545,2.13984350000101
22,1,2,0,0,1,66,10,100,80,0,0,0,2,6,1.97938235278756,4.95662389999779
22,1,2,0,0,1,71,6,100,45,0,0,0,2,6,1.03443779722067,5.37646110000787
22,1,2,0,0,1,4,8.5,100,90,0,0,0,2,6,1.09620077145382,5.80546529999992
22,1,2,0,0,1,55,16.5,100,155,0,0,0,2,6,2.62548641451742,3.29402490000939
22,1,2,0,0,1,56,12,100,210,0,0,0,2,6,2.02176508462657,1.48688889999175
22,1,2,0,0,1,61,15,100,225,0,0,0,2,6,3.00913897615738,2.85588499999722
22,1,2,0,0,1,46,2,100,70,0,0,0,2,6,0.146660632657976,2.58516470000905
22,1,2,0,0,1,43,3,100,0,0,0,0,2,6,0.51584468869974,5.10077410000667
22,1,2,0,0,1,59,2,100,110,0,0,0,2,6,0.103146954843652,1.42891269999382
22,1,2,0,0,1,49,16,100,20,0,0,0,2,6,3.04910654650096,2.73196019999159
22,1,2,0,0,1,33,11,100,190,0,0,0,2,6,1.54895457447667,1.41553359999671
22,1,2,0,0,1,65,1.75,100,10,0,0,0,2,6,0.117606900649861,2.97081070000422
22,1,2,0,0,1,32,9.5,100,170,0,0,0,2,6,1.09442926670676,2.09382259999984
22,1,2,0,0,1,45,13.5,100,65,0,0,0,1,6,2.03029314077614,2.19810159999179
22,1,2,0,0,1,5,20,100,15,0,0,0,1,6,5.01995666730523,2.53358180000214
22,1,2,0,0,1,63,5.5,100,40,0,0,0,1,6,1.01573780261388,2.0855933999992
22,1,2,0,0,1,11,18.25,100,55,0,0,0,1,6,3.50913235535461,3.15700669999933
22,1,2,0,0,1,77,12,100,25,0,0,0,1,6,2.03477295266144,1.28352799999993
22,1,2,0,0,1,50,2.5,100,10,0,0,0,1,6,0.279814478620207,1.55811500000709
22,1,2,0,0,1,6,19,100,175,0,0,0,1,6,3.04336021889254,2.12303040000552
22,1,2,0,0,1,79,10,100,140,0,0,0,1,6,1.02500325524284,4.23166220000712
22,1,2,0,0,1,60,15,100,31,0,0,0,1,6,2.07500150370863,21.0695451999927
22,1,2,0,0,1,34,12,100,85,0,0,0,1,6,1.06570201295072,1.45472719999088
22,1,2,0,0,1,69,1.5,100,20,0,0,0,1,6,0.190197575450288,2.10051039999234
22,1,2,0,0,1,13,19.5,100,7,0,0,0,1,6,3.97358317224264,7.91946600000665
22,1,2,0,0,1,42,20,100,170,0,0,0,1,6,4.96924566086914,2.85771789999853
22,1,2,0,0,1,18,18.75,100,250,0,0,0,1,6,3.66391641424073,1.80778249999275
22,1,2,0,0,1,31,8.5,100,22,0,0,0,4,6,1.02267121716315,1.30853489998844
22,1,2,0,0,1,47,16,100,5,0,0,0,4,6,5,1.46761190000689
22,1,2,0,0,1,37,14.5,100,175,0,0,0,4,6,2.02990165582899,10.3915248999983
22,1,2,0,0,1,35,13,100,30,0,0,0,4,6,3.04336021889254,1.06785509998736
22,1,2,0,0,1,64,19.5,100,45,0,0,0,4,6,4.98981409233409,1.60392529999081
22,1,2,0,0,1,21,6,100,55,0,0,0,4,6,0.44240925077715,1.58330849999038
22,1,2,0,0,1,53,14,100,60,0,0,0,4,6,1.97052752226795,4.79469049999898
22,1,2,0,0,1,54,9.25,100,4,0,0,0,4,6,1.48464764238404,1.03842739999527
22,1,2,0,0,1,3,15,100,14,0,0,0,4,6,2.57762116818313,1.22944450000068
22,1,2,0,0,1,73,5,100,14,0,0,0,4,6,1.00127848341535,1.69060650000756
22,1,2,0,0,1,30,8,100,90,0,0,0,4,6,1.08276259871421,2.31796889999532
22,1,2,0,0,1,25,9,100,160,0,0,0,4,6,1.03378906783531,1.74968140000419
22,1,2,0,0,1,67,8.5,100,105,0,0,0,4,6,1.06550574546091,20.6093719999917
22,1,2,0,0,1,27,5.25,100,120,0,0,0,4,6,0.513899099857166,1.68484329999774
22,2,1,1,1,0,33,6,85,0,11,65,0,5,3,1,5.81867129998864
22,2,1,1,1,0,23,1.75,80,0,7.75,60,0,5,3,1,4.1877930000046
22,2,1,1,1,0,22,20,90,0,19.5,65,0,5,3,1,2.13269990000117
22,2,1,1,1,0,41,17,80,0,19,65,0,5,3,0,2.70077569999557
22,2,1,1,1,0,35,13,70,0,12,75,0,5,3,0,4.04467389998899
22,2,1,1,1,0,13,19.5,5,0,16.5,25,0,5,3,0,2.23660750000272
22,2,1,1,1,0,38,8,45,0,15.5,40,0,5,3,1,2.18045210000128
22,2,1,1,1,0,36,8.25,20,0,14,15,0,4,3,1,8.70112379999773
22,2,1,1,1,0,2,5,40,0,7.5,75,0,4,3,1,2.92541759999585
22,2,1,1,1,0,28,3.5,40,0,6,25,0,4,3,0,5.24490940000396
22,2,1,1,1,0,3,15,85,0,13.5,55,0,4,3,1,2.52498670000932
22,2,1,1,1,0,8,16,15,0,2.5,90,0,4,3,1,2.95712079999794
22,2,1,1,1,0,27,1.5,95,0,5.25,50,0,4,3,1,3.07716760000039
22,2,1,1,1,0,4,8.5,20,0,2,55,0,4,3,1,2.87684310000623
22,2,1,1,1,0,11,18.25,70,0,14,90,0,3,3,0,2.583529800002
22,2,1,1,1,0,12,12,35,0,9.25,40,0,3,3,1,5.90058539999882
22,2,1,1,1,0,24,19,70,0,10,90,0,3,3,0,8.73341299999447
22,2,1,1,1,0,25,8.5,50,0,9,60,0,3,3,1,7.20514010000625
22,2,1,1,1,0,32,9.5,30,0,7,40,0,3,3,0,3.24529659999826
22,2,1,1,1,0,37,10,10,0,14.5,5,0,3,3,0,1.86069850000786
22,2,1,1,1,0,7,16.75,65,0,16,50,0,3,3,1,5.21327860000019
22,2,1,1,1,0,6,7,45,0,19,20,0,6,3,0,6.51710250000178
22,2,1,1,1,0,5,16,100,0,20,85,0,6,3,0,4.76561170000059
22,2,1,1,1,0,30,8,75,0,6.5,90,0,6,3,0,13.9650365999987
22,2,1,1,1,0,39,14,55,0,17,35,0,6,3,0,2.76518009998836
22,2,1,1,1,0,42,20,30,0,11,50,0,6,3,0,2.43720729999768
22,2,1,1,1,0,40,18,15,0,9.5,20,0,6,3,1,4.18197560000408
22,2,1,1,1,0,26,4,45,0,2.5,65,0,6,3,1,4.83701220000512
22,2,1,1,1,0,34,4,35,0,12,15,0,2,3,0,9.15718340000603
22,2,1,1,1,0,20,15.75,35,0,10,95,0,2,3,0,4.94116489999578
22,2,1,1,1,0,19,17.5,25,0,15,75,0,2,3,0,3.15515410000808
22,2,1,1,1,0,15,17.25,25,0,10,50,0,2,3,0,3.24501620000228
22,2,1,1,1,0,10,19.5,10,0,18.5,10,0,2,3,1,4.52615999999398
22,2,1,1,1,0,21,5.5,70,0,6,95,0,2,3,1,6.21873249999771
22,2,1,1,1,0,16,14,45,0,16,65,0,2,3,1,1.81325810000999
22,2,1,1,1,0,9,1,40,0,2,30,0,1,3,0,2.38125100001344
22,2,1,1,1,0,29,6,25,0,7,20,0,1,3,0,2.00841670000227
22,2,1,1,1,0,18,15,35,0,18.75,80,0,1,3,1,2.10857699999178
22,2,1,1,1,0,31,8.5,50,0,5,70,0,1,3,1,13.829724700001
22,2,1,1,1,0,17,2,80,0,3.25,85,0,1,3,1,2.661139799995
22,2,1,1,1,0,1,3,30,0,5,50,0,1,3,1,1.89036600000691
22,2,1,1,1,0,14,12,90,0,16.75,45,0,1,3,0,2.37153030000627
22,2,2,0,1,0,71,6,25,0,0,0,0,3,4,0.498862597500583,10.1023169000109
22,2,2,0,1,0,7,16.75,65,0,0,0,0,3,4,2.03029314077614,16.0212288000039
22,2,2,0,1,0,50,2.5,90,0,0,0,0,3,4,0.526865528279895,7.56176930000947
22,2,2,0,1,0,43,3,30,0,0,0,0,3,4,0.189327620336417,1.76022770001146
22,2,2,0,1,0,45,13.5,55,0,0,0,0,3,4,2.03029314077614,4.69845850000274
22,2,2,0,1,0,60,15,35,0,0,0,0,3,4,1.06062568564242,2.52986640000017
22,2,2,0,1,0,66,10,90,0,0,0,0,3,4,2.64782676192647,1.96963640001195
22,2,2,0,1,0,59,2,80,0,0,0,0,3,4,0.235133583291496,1.80473869999696
22,2,2,0,1,0,11,18.25,70,0,0,0,0,3,4,3.48946262954722,5.87396789999912
22,2,2,0,1,0,28,6,25,0,0,0,0,3,4,1.00601641188096,10.3907597999932
22,2,2,0,1,0,74,7,40,0,0,0,0,3,4,1.00663697220339,1.86208199999237
22,2,2,0,1,0,53,14,90,0,0,0,0,3,4,3.01597519363175,3.89122740000312
22,2,2,0,1,0,73,5,70,0,0,0,0,3,4,1.11362261472168,19.6100745000003
22,2,2,0,1,0,55,16.5,25,0,0,0,0,3,4,2.00317806551255,6.5569123000023
22,2,2,0,1,0,56,12,90,0,0,0,0,5,4,2.00252845350219,4.98226530000102
22,2,2,0,1,0,67,8.5,50,0,0,0,0,5,4,2.02157907446669,3.51961879999726
22,2,2,0,1,0,77,12,75,0,0,0,0,5,4,2.43854349718011,5.13488080000388
22,2,2,0,1,0,24,19,70,0,0,0,0,5,4,3.99785306317981,1.91013089999615
22,2,2,0,1,0,26,4,45,0,0,0,0,5,4,0.536510065680954,1.67725480000081
22,2,2,0,1,0,21,6,95,0,0,0,0,5,4,1.05376424236025,1.74990229999821
22,2,2,0,1,0,14,16.75,45,0,0,0,0,5,4,3.02836981943812,2.74676080000063
22,2,2,0,1,0,30,8,75,0,0,0,0,5,4,2.0438850812619,2.54651439998997
22,2,2,0,1,0,27,5.25,50,0,0,0,0,5,4,1.43177874325004,2.1602608999965
22,2,2,0,1,0,62,10,95,0,0,0,0,5,4,3.0031672681068,4.53261180000845
22,2,2,0,1,0,39,17,35,0,0,0,0,5,4,1.40612592543978,1.00790539999434
22,2,2,0,1,0,81,14,55,0,0,0,0,5,4,3.05688918042794,1.03318899999431
22,2,2,0,1,0,37,14.5,5,0,0,0,0,5,4,0.331723366254206,1.0560695999884
22,2,2,0,1,0,47,16,100,0,0,0,0,5,4,3.99037035241822,1.91597499999625
22,2,2,0,1,0,82,9.5,20,0,0,0,0,4,4,0.994719259350461,2.24361740000313
22,2,2,0,1,0,44,5,40,0,0,0,0,4,4,0.994719259350461,6.31310890000896
22,2,2,0,1,0,41,19,65,0,0,0,0,4,4,3.22545866523825,1.35098469999502
22,2,2,0,1,0,31,8.5,50,0,0,0,0,4,4,4.07104265635341,4.31750309999916
22,2,2,0,1,0,75,6,85,0,0,0,0,4,4,2.04832764699134,2.37142120000499
22,2,2,0,1,0,19,17.5,25,0,0,0,0,4,4,2.04832764699134,19.1356878999941
22,2,2,0,1,0,61,15,75,0,0,0,0,4,4,4.03498555863615,2.63893040000403
22,2,2,0,1,0,63,5.5,70,0,0,0,0,4,4,1.99769373642336,1.53658640000504
22,2,2,0,1,0,38,15.5,40,0,0,0,0,4,4,2.04832764699134,1.42698380000365
22,2,2,0,1,0,1,5,50,0,0,0,0,4,4,1.45117460562196,0.993607200012775
22,2,2,0,1,0,57,10,50,0,0,0,0,4,4,3.02254814418137,1.29878650000319
22,2,2,0,1,0,36,14,15,0,0,0,0,4,4,1.99041421982296,2.08114699998987
22,2,2,0,1,0,18,18.75,80,0,0,0,0,4,4,4.86032528713172,4.51230129999749
22,2,2,0,1,0,10,19.5,10,0,0,0,0,4,4,1.99979901320322,0.836653399994248
22,2,2,0,1,0,46,2,55,0,0,0,0,6,4,0.647669672889815,10.26598869999
22,2,2,0,1,0,29,7,20,0,0,0,0,6,4,2.00671910402213,4.47408850000647
22,2,2,0,1,0,17,3.25,85,0,0,0,0,6,4,0.479831922798493,1.41432170000917
22,2,2,0,1,0,20,15.75,35,0,0,0,0,6,4,2.09845415218992,1.47274570001173
22,2,2,0,1,0,16,16,65,0,0,0,0,6,4,4.03052282754336,1.16551099999924
22,2,2,0,1,0,34,12,15,0,0,0,0,6,4,1.025365500544,9.88392920000479
22,2,2,0,1,0,84,11,50,0,0,0,0,6,4,2.93873294455918,1.60715090000303
22,2,2,0,1,0,65,1.75,80,0,0,0,0,6,4,0.323177871749809,25.1570728000079
22,2,2,0,1,0,70,3.5,40,0,0,0,0,6,4,0.321694530412625,1.58535459999985
22,2,2,0,1,0,78,8.25,20,0,0,0,0,6,4,1.53256442398516,2.96476709999843
22,2,2,0,1,0,35,13,70,0,0,0,0,6,4,3.05924199649662,2.28629219999129
22,2,2,0,1,0,52,18.5,10,0,0,0,0,6,4,1.54905417548615,3.41005839999707
22,2,2,0,1,0,80,8,45,0,0,0,0,6,4,1.99321042916964,1.58455559999857
22,2,2,0,1,0,48,7,45,0,0,0,0,6,4,1.0372220514598,2.34546739999496
22,2,2,0,1,0,40,18,15,0,0,0,0,2,4,2.03090991282208,2.19532820000313
22,2,2,0,1,0,76,4,35,0,0,0,0,2,4,0.509340533189036,1.36441219999688
22,2,2,0,1,0,54,9.25,40,0,0,0,0,2,4,1.45337495427197,2.69205990000046
22,2,2,0,1,0,32,9.5,30,0,0,0,0,2,4,1.06050284061757,1.23280880000675
22,2,2,0,1,0,58,14,45,0,0,0,0,2,4,3.46944240892504,2.6368466999993
22,2,2,0,1,0,64,19.5,65,0,0,0,0,2,4,5.97407732556883,1.05481070000678
22,2,2,0,1,0,42,20,30,0,0,0,0,2,4,2.05733216393372,1.24249290001171
22,2,2,0,1,0,3,15,85,0,0,0,0,2,4,4.09102398388691,1.09031519999553
22,2,2,0,1,0,12,12,35,0,0,0,0,2,4,1.66539169974585,1.0608404000086
22,2,2,0,1,0,13,19.5,5,0,0,0,0,2,4,0.474424148146351,1.10268480000377
22,2,2,0,1,0,5,20,85,0,0,0,0,2,4,8.01390973338282,1.32652630000666
22,2,2,0,1,0,25,9,60,0,0,0,0,2,4,3.00342891776033,1.06576800000039
22,2,2,0,1,0,68,2.5,65,0,0,0,0,2,4,0.678988355900845,2.17306210000243
22,2,2,0,1,0,51,1,40,0,0,0,0,2,4,0.205290029554956,1.12843639998755
22,2,2,0,1,0,72,6.5,90,0,0,0,0,1,4,2.00349600976258,1.55678139999509
22,2,2,0,1,0,33,11,65,0,0,0,0,1,4,3.99411413572914,3.79595339999651
22,2,2,0,1,0,49,16,50,0,0,0,0,1,4,5.97330010695181,3.1700267999986
22,2,2,0,1,0,23,7.75,60,0,0,0,0,1,4,2.19511122194051,6.46575380000286
22,2,2,0,1,0,6,19,20,0,0,0,0,1,4,2.8880124977105,1.27569829999993
22,2,2,0,1,0,4,8.5,20,0,0,0,0,1,4,1.00146715062697,0.993926600000123
22,2,2,0,1,0,83,17,80,0,0,0,0,1,4,5.94786284554979,0.743403600004967
22,2,2,0,1,0,9,2,30,0,0,0,0,1,4,0.159121798240513,1.20641729999625
22,2,2,0,1,0,8,16,15,0,0,0,0,1,4,1.56648363218704,1.99236820000806
22,2,2,0,1,0,79,10,10,0,0,0,0,1,4,0.982739921532566,1.28163800000038
22,2,2,0,1,0,69,1.5,95,0,0,0,0,1,4,0.5534535483676,1.39370490000874
22,2,2,0,1,0,22,20,90,0,0,0,0,1,4,8.02061764721244,2.10349090000091
22,2,2,0,1,0,2,7.5,75,0,0,0,0,1,4,2.0575943037999,6.52445680000528
22,2,2,0,1,0,15,17.25,25,0,0,0,0,1,4,2.08404226655223,4.35995549999643
22,3,1,1,1,1,23,7.75,60,120,1.75,80,10,6,1,1,6.66483819999848
22,3,1,1,1,1,16,14,45,20,16,65,95,6,1,1,5.04948849999346
22,3,1,1,1,1,26,4,45,50,2.5,65,25,6,1,0,6.34415259999514
22,3,1,1,1,1,15,10,50,95,17.25,25,55,6,1,1,2.44301910001377
22,3,1,1,1,1,12,12,35,1,9.25,40,4,6,1,0,6.21242799999891
22,3,1,1,1,1,30,8,75,90,6.5,90,60,6,1,0,3.44937989999016
22,3,1,1,1,1,6,7,45,70,19,20,175,6,1,0,3.76144679999561
22,3,1,1,1,1,14,16.75,45,145,12,90,210,4,1,0,4.94339159999799
22,3,1,1,1,1,35,13,70,30,12,75,25,4,1,0,4.71472659999563
22,3,1,1,1,1,33,11,65,190,6,85,45,4,1,0,12.7287962999981
22,3,1,1,1,1,5,20,85,15,16,100,5,4,1,0,9.86694419999549
22,3,1,1,1,1,19,15,75,225,17.5,25,40,4,1,1,2.86033510000561
22,3,1,1,1,1,42,11,50,110,20,30,170,4,1,0,6.57317500001227
22,3,1,1,1,1,34,12,15,85,4,35,70,4,1,0,7.04060700000264
22,3,1,1,1,1,31,8.5,50,22,5,70,14,3,1,0,4.19551570000476
22,3,1,1,1,1,22,20,90,165,19.5,65,45,3,1,1,1.5927001000091
22,3,1,1,1,1,1,3,30,0,5,50,0,3,1,1,2.52050869999221
22,3,1,1,1,1,10,19.5,10,125,18.5,10,85,3,1,1,3.44158430000243
22,3,1,1,1,1,25,8.5,50,105,9,60,160,3,1,0,24.4483095000032
22,3,1,1,1,1,9,2,30,19,1,40,3,3,1,0,5.20477000001119
22,3,1,1,1,1,4,8.5,20,90,2,55,70,3,1,0,5.20824049999646
22,3,1,1,1,1,27,5.25,50,120,1.5,95,20,2,1,0,5.33761139999842
22,3,1,1,1,1,28,6,25,7,3.5,40,3,2,1,0,12.2735692999995
22,3,1,1,1,1,20,15.75,35,30,10,95,135,2,1,0,5.64059609999822
22,3,1,1,1,1,39,14,55,5,17,35,15,2,1,0,3.88469609999447
22,3,1,1,1,1,40,9.5,20,25,18,15,110,2,1,0,3.37943699999596
22,3,1,1,1,1,36,8.25,20,5,14,15,40,2,1,0,5.72834960000182
22,3,1,1,1,1,17,2,80,110,3.25,85,205,2,1,0,33.3683359999995
22,3,1,1,1,1,3,13.5,55,65,15,85,14,1,1,1,5.27354650000052
22,3,1,1,1,1,8,2.5,90,10,16,15,20,1,1,0,8.32939149999584
22,3,1,1,1,1,7,16.75,65,75,16,50,20,1,1,0,4.87432059999264
22,3,1,1,1,1,38,8,45,125,15.5,40,215,1,1,0,3.88237339998886
22,3,1,1,1,1,21,5.5,70,40,6,95,55,1,1,1,2.41861779999454
22,3,1,1,1,1,37,14.5,5,175,10,10,140,1,1,0,7.83266910001112
22,3,1,1,1,1,2,7.5,75,25,5,40,65,1,1,1,3.99533330000122
22,3,1,1,1,1,11,14,90,60,18.25,70,55,5,1,1,7.84803130000364
22,3,1,1,1,1,41,19,65,245,17,80,200,5,1,0,20.7914490999974
22,3,1,1,1,1,18,18.75,80,250,15,35,31,5,1,1,3.56896579999011
22,3,1,1,1,1,29,6,25,45,7,20,55,5,1,0,4.58564770000521
22,3,1,1,1,1,24,10,90,80,19,70,150,5,1,1,7.23339529999066
22,3,1,1,1,1,13,16.5,25,155,19.5,5,7,5,1,0,10.0637557000009
22,3,1,1,1,1,32,9.5,30,170,7,40,120,5,1,0,4.87331859998812
22,3,2,0,1,1,32,9.5,30,170,0,0,0,5,2,1.06570201295072,10.4028620000026
22,3,2,0,1,1,9,2,30,19,0,0,0,5,2,0.116797861060416,3.13495500000136
22,3,2,0,1,1,46,2,55,70,0,0,0,5,2,0.390163812835812,2.40551289998984
22,3,2,0,1,1,28,6,25,7,0,0,0,5,2,0.277887182402512,4.64610420000099
22,3,2,0,1,1,22,20,90,165,0,0,0,5,2,7.00927170922763,7.99266930000158
22,3,2,0,1,1,14,16.75,45,145,0,0,0,5,2,4.00715401749092,7.11242230000789
22,3,2,0,1,1,84,11,50,110,0,0,0,5,2,2.05275784650144,5.17127120000077
22,3,2,0,1,1,43,3,30,0,0,0,0,5,2,0.393734217636531,2.02081489999546
22,3,2,0,1,1,35,13,70,30,0,0,0,5,2,3.58809849985371,7.50162180000916
22,3,2,0,1,1,40,18,15,110,0,0,0,5,2,1.98131751428238,2.6981972999929
22,3,2,0,1,1,83,17,80,200,0,0,0,5,2,3.95026699982364,3.91761010000482
22,3,2,0,1,1,56,12,90,210,0,0,0,5,2,2.00701908506628,2.49963239999488
22,3,2,0,1,1,20,15.75,35,30,0,0,0,5,2,2.05278889203799,14.3955110999959
22,3,2,0,1,1,1,5,50,0,0,0,0,5,2,1.0703020084409,3.31868919999397
22,3,2,0,1,1,70,3.5,40,3,0,0,0,4,2,0.465344102970153,12.5143928999896
22,3,2,0,1,1,38,15.5,40,215,0,0,0,4,2,2.54050090243329,11.1389005000092
22,3,2,0,1,1,33,11,65,190,0,0,0,4,2,2.5684028170765,16.6419659000094
22,3,2,0,1,1,80,8,45,125,0,0,0,4,2,1.29345758471507,3.86771299999964
22,3,2,0,1,1,44,5,40,65,0,0,0,4,2,0.380929839872771,7.2206678000075
22,3,2,0,1,1,52,18.5,10,85,0,0,0,4,2,1.05363791450096,2.90021790000901
22,3,2,0,1,1,15,17.25,25,55,0,0,0,4,2,1.98084397979028,3.45330470000044
22,3,2,0,1,1,16,16,65,95,0,0,0,4,2,3.54421801551573,3.57724170001165
22,3,2,0,1,1,39,17,35,15,0,0,0,4,2,1.96356898565915,3.22752659999242
22,3,2,0,1,1,82,9.5,20,25,0,0,0,4,2,0.996199999994484,32.3274000000092
22,3,2,0,1,1,50,2.5,90,10,0,0,0,4,2,0.202953467330108,6.59299770000507
22,3,2,0,1,1,11,18.25,70,55,0,0,0,4,2,4.8865141701581,2.58932290000666
22,3,2,0,1,1,67,8.5,50,105,0,0,0,4,2,2.53085299893165,4.72580320000998
22,3,2,0,1,1,12,12,35,1,0,0,0,4,2,1.95673400023076,3.16483359999256
22,3,2,0,1,1,10,19.5,10,125,0,0,0,2,2,2.07951241090256,5.40948309999658
22,3,2,0,1,1,79,10,10,140,0,0,0,2,2,0.347692028734251,2.54740619999939
22,3,2,0,1,1,57,10,50,95,0,0,0,2,2,2.28734248030404,2.14549999999872
22,3,2,0,1,1,31,8.5,50,22,0,0,0,2,2,1.98430195505509,1.53711830000975
22,3,2,0,1,1,71,6,25,45,0,0,0,2,2,1.56302565627804,13.793399400005
22,3,2,0,1,1,53,14,90,60,0,0,0,2,2,5.07129843337973,3.26323419999972
22,3,2,0,1,1,62,10,95,135,0,0,0,2,2,3.50086181349558,2.16820819998975
22,3,2,0,1,1,8,16,15,20,0,0,0,2,2,2.01205340865895,5.55923140000959
22,3,2,0,1,1,48,7,45,70,0,0,0,2,2,1.13462930468888,3.42330350000702
22,3,2,0,1,1,23,7.75,60,120,0,0,0,2,2,1.93895356887414,1.74773800000548
22,3,2,0,1,1,60,15,35,31,0,0,0,2,2,1.94658332394302,1.36448340000061
22,3,2,0,1,1,25,9,60,160,0,0,0,2,2,1.54934208384854,2.56565990000672
22,3,2,0,1,1,47,16,100,5,0,0,0,2,2,4.00715401749092,3.21054939999885
22,3,2,0,1,1,4,8.5,20,90,0,0,0,2,2,1.0703020084409,3.02627579998807
22,3,2,0,1,1,81,14,55,5,0,0,0,1,2,3.03409859381446,7.58728999999585
22,3,2,0,1,1,37,14.5,5,175,0,0,0,1,2,1.04189563270048,1.46392229999765
22,3,2,0,1,1,73,5,70,14,0,0,0,1,2,1.01291767143232,4.52478999999585
22,3,2,0,1,1,41,19,65,245,0,0,0,1,2,4.01139881452826,5.45564790000208
22,3,2,0,1,1,72,6.5,90,60,0,0,0,1,2,1.5979327323434,4.08056619999115
22,3,2,0,1,1,21,6,95,55,0,0,0,1,2,1.99946037583998,2.87168060000113
22,3,2,0,1,1,65,1.75,80,10,0,0,0,1,2,0.249814793594549,4.61458280000079
22,3,2,0,1,1,18,18.75,80,250,0,0,0,1,2,4.06873355318168,12.4231497000001
22,3,2,0,1,1,75,6,85,45,0,0,0,1,2,1.29345758471507,1.4034290999989
22,3,2,0,1,1,64,19.5,65,45,0,0,0,1,2,4.33338807551174,2.69859729999735
22,3,2,0,1,1,74,7,40,120,0,0,0,1,2,2.03496266090805,4.18754650000483
22,3,2,0,1,1,59,2,80,110,0,0,0,1,2,0.330974214052539,3.38450259999081
22,3,2,0,1,1,55,16.5,25,155,0,0,0,1,2,1.54211229541013,2.69133020000299
22,3,2,0,1,1,78,8.25,20,5,0,0,0,1,2,1.08248188291225,6.89864610000222
22,3,2,0,1,1,5,20,85,15,0,0,0,6,2,6.15230461425385,16.3281186000095
22,3,2,0,1,1,3,15,85,14,0,0,0,6,2,3.61966585221647,2.11111979999987
22,3,2,0,1,1,19,17.5,25,40,0,0,0,6,2,2.01740257166807,1.66222190001281
22,3,2,0,1,1,30,8,75,90,0,0,0,6,2,2.07557226407481,6.0595803999895
22,3,2,0,1,1,29,7,20,55,0,0,0,6,2,1.02118680369,3.95740569999907
22,3,2,0,1,1,24,19,70,150,0,0,0,6,2,4.45168815018617,3.03947469999548
22,3,2,0,1,1,34,12,15,85,0,0,0,6,2,1.06328637549705,3.33628400000453
22,3,2,0,1,1,2,7.5,75,25,0,0,0,6,2,1.95372020864072,5.38941970000451
22,3,2,0,1,1,77,12,75,25,0,0,0,6,2,2.53441234487527,4.24806209999952
22,3,2,0,1,1,69,1.5,95,20,0,0,0,6,2,0.319494853776138,1.22558389999904
22,3,2,0,1,1,36,14,15,40,0,0,0,6,2,1.05369936754841,17.5009056999988
22,3,2,0,1,1,54,9.25,40,4,0,0,0,6,2,2.03920702612016,4.22943210000813
22,3,2,0,1,1,42,20,30,170,0,0,0,6,2,2.15025223424278,1.6307269000099
22,3,2,0,1,1,26,4,45,50,0,0,0,6,2,0.502652019575308,1.95300939999288
22,3,2,0,1,1,58,14,45,20,0,0,0,3,2,3.08696590049222,1.66282250000222
22,3,2,0,1,1,49,16,50,20,0,0,0,3,2,5.12280530014182,1.99466410001332
22,3,2,0,1,1,27,5.25,50,120,0,0,0,3,2,2.05288469540675,0.95998809998855
22,3,2,0,1,1,63,5.5,70,40,0,0,0,3,2,2.27417306661873,1.49108410000918
22,3,2,0,1,1,51,1,40,3,0,0,0,3,2,0.18761136164677,2.15283400000772
22,3,2,0,1,1,45,13.5,55,65,0,0,0,3,2,4.07045709732971,2.74334049999015
22,3,2,0,1,1,6,19,20,175,0,0,0,3,2,2.46489037169666,4.24976590000733
22,3,2,0,1,1,76,4,35,70,0,0,0,3,2,0.261477429567588,3.16818520000379
22,3,2,0,1,1,17,3.25,85,205,0,0,0,3,2,1.43947992014064,2.35654079999949
22,3,2,0,1,1,13,19.5,5,7,0,0,0,3,2,1.99399441952603,4.18664379999973
22,3,2,0,1,1,7,16.75,65,75,0,0,0,3,2,1.53206814796957,2.07142120000208
22,3,2,0,1,1,68,2.5,65,25,0,0,0,3,2,0.30922452820629,2.7813249000028
22,3,2,0,1,1,61,15,75,225,0,0,0,3,2,3.07897933502812,2.37239980000595
22,3,2,0,1,1,66,10,90,80,0,0,0,3,2,3.4915015662347,6.08312779999687
23,1,1,0,0,1,4,8.5,100,90,0,0,0,2,6,1.0199134531522,9.44331689999672
23,1,1,0,0,1,15,17.25,100,55,0,0,0,2,6,2.0112614124296,2.87184049999632
23,1,1,0,0,1,65,1.75,100,10,0,0,0,2,6,0.50116797470616,4.46014380000997
23,1,1,0,0,1,68,2.5,100,25,0,0,0,2,6,0.528076740296125,3.37046479999844
23,1,1,0,0,1,24,19,100,150,0,0,0,2,6,4.02031156416027,2.79747520000092
23,1,1,0,0,1,6,19,100,175,0,0,0,2,6,4.02118179370215,2.08090210000228
23,1,1,0,0,1,20,15.75,100,30,0,0,0,2,6,2.97138188051225,3.42778420000104
23,1,1,0,0,1,53,14,100,60,0,0,0,2,6,2.01152922605629,9.93709609999496
23,1,1,0,0,1,69,1.5,100,20,0,0,0,2,6,0.11573629733444,2.19687539999723
23,1,1,0,0,1,40,18,100,110,0,0,0,2,6,3.0299413320509,1.25703239999712
23,1,1,0,0,1,36,14,100,40,0,0,0,2,6,2.59085648741723,2.68614489999891
23,1,1,0,0,1,62,10,100,135,0,0,0,2,6,1.46696399386558,2.09322770001017
23,1,1,0,0,1,81,14,100,5,0,0,0,2,6,1.99769373642336,1.89040829999431
23,1,1,0,0,1,34,12,100,85,0,0,0,2,6,1.72568110642508,2.48316270000942
23,1,1,0,0,1,59,2,100,110,0,0,0,3,6,0.51112174069592,2.33993769998779
23,1,1,0,0,1,47,16,100,5,0,0,0,3,6,3.57001666799885,5.20125729999563
23,1,1,0,0,1,75,6,100,45,0,0,0,3,6,1.00830644677874,2.05921730000409
23,1,1,0,0,1,80,8,100,125,0,0,0,3,6,1.77369822903206,4.33297210000455
23,1,1,0,0,1,55,16.5,100,155,0,0,0,3,6,2.58530053445077,3.39539679999871
23,1,1,0,0,1,31,8.5,100,22,0,0,0,3,6,1.07547427356447,2.43648119999852
23,1,1,0,0,1,19,17.5,100,40,0,0,0,3,6,3.9858992931241,1.85730200000398
23,1,1,0,0,1,29,7,100,55,0,0,0,3,6,0.99167285580673,2.31883109999762
23,1,1,0,0,1,27,5.25,100,120,0,0,0,3,6,0.643223205019147,4.15017379999335
23,1,1,0,0,1,12,12,100,1,0,0,0,3,6,1.07056605372122,2.15070149999519
23,1,1,0,0,1,11,18.25,100,55,0,0,0,3,6,3.00423006684671,3.45883230000618
23,1,1,0,0,1,42,20,100,170,0,0,0,3,6,4.04956453771331,4.77335550000134
23,1,1,0,0,1,25,9,100,160,0,0,0,3,6,1.44275227383882,1.70104080000601
23,1,1,0,0,1,23,7.75,100,120,0,0,0,3,6,0.676892581503978,2.06873980000091
23,1,1,0,0,1,64,19.5,100,45,0,0,0,1,6,3.01031529969813,4.5825302000012
23,1,1,0,0,1,45,13.5,100,65,0,0,0,1,6,2.03437690732758,2.90213180000137
23,1,1,0,0,1,67,8.5,100,105,0,0,0,1,6,1.01344733272578,4.11826370000199
23,1,1,0,0,1,84,11,100,110,0,0,0,1,6,1.00537839182461,3.03857340000104
23,1,1,0,0,1,41,19,100,245,0,0,0,1,6,1.98336870024632,2.36775279999711
23,1,1,0,0,1,50,2.5,100,10,0,0,0,1,6,0.412047573014494,3.27741479998804
23,1,1,0,0,1,79,10,100,140,0,0,0,1,6,2.00701908506628,3.91764260000491
23,1,1,0,0,1,70,3.5,100,3,0,0,0,1,6,0.279814478620207,1.41673789999913
23,1,1,0,0,1,5,20,100,15,0,0,0,1,6,4.02118179370215,1.32084060000489
23,1,1,0,0,1,56,12,100,210,0,0,0,1,6,1.9838387037688,8.85548889999336
23,1,1,0,0,1,74,7,100,120,0,0,0,1,6,1.01291767143232,2.4067980999971
23,1,1,0,0,1,72,6.5,100,60,0,0,0,1,6,0.319494853776138,3.09266940000816
23,1,1,0,0,1,1,5,100,0,0,0,0,1,6,0.131999005840704,3.72434630000498
23,1,1,0,0,1,26,4,100,50,0,0,0,1,6,0.558551979562779,1.93199770001229
23,1,1,0,0,1,22,20,100,165,0,0,0,5,6,2.99072829077237,2.9548902999959
23,1,1,0,0,1,2,7.5,100,25,0,0,0,5,6,1.02034967565935,1.59309870000288
23,1,1,0,0,1,77,12,100,25,0,0,0,5,6,1.03938909995913,1.9760069999902
23,1,1,0,0,1,9,2,100,19,0,0,0,5,6,0.102671705863635,2.26674170000479
23,1,1,0,0,1,46,2,100,70,0,0,0,5,6,0.145988113833102,1.93498510000063
23,1,1,0,0,1,52,18.5,100,85,0,0,0,5,6,2.07114546226854,2.06670599999779
23,1,1,0,0,1,16,16,100,95,0,0,0,5,6,2.97138188051225,2.25891340000089
23,1,1,0,0,1,51,1,100,3,0,0,0,5,6,0.145654161625821,1.59296179999365
23,1,1,0,0,1,38,15.5,100,215,0,0,0,5,6,2.03920702612016,2.12052630000107
23,1,1,0,0,1,82,9.5,100,25,0,0,0,5,6,1.00889698489186,1.46242349999375
23,1,1,0,0,1,76,4,100,70,0,0,0,5,6,0.319494853776138,1.24633579999499
23,1,1,0,0,1,60,15,100,31,0,0,0,5,6,2.03447807263204,1.76723320000747
23,1,1,0,0,1,8,16,100,20,0,0,0,5,6,2.45995291833324,3.0154060000059
23,1,1,0,0,1,28,6,100,7,0,0,0,5,6,0.276616991333238,2.70628699999361
23,1,1,0,0,1,43,3,100,0,0,0,0,6,6,0.102671705863635,1.62137340000481
23,1,1,0,0,1,30,8,100,90,0,0,0,6,6,0.409213713777447,2.2988222999993
23,1,1,0,0,1,10,19.5,100,125,0,0,0,6,6,3.43294240834532,4.24651820000145
23,1,1,0,0,1,78,8.25,100,5,0,0,0,6,6,0.988554800503593,2.66056250000838
23,1,1,0,0,1,35,13,100,30,0,0,0,6,6,1.64780032144398,2.48193950000859
23,1,1,0,0,1,13,19.5,100,7,0,0,0,6,6,3.03707545485702,2.86914510000497
23,1,1,0,0,1,63,5.5,100,40,0,0,0,6,6,0.643223205019147,2.48199780000141
23,1,1,0,0,1,58,14,100,20,0,0,0,6,6,1.54530864553941,1.98216449999018
23,1,1,0,0,1,7,16.75,100,75,0,0,0,6,6,3.01730093241385,1.61389049999707
23,1,1,0,0,1,71,6,100,45,0,0,0,6,6,0.735251398281822,3.85172199999215
23,1,1,0,0,1,14,16.75,100,145,0,0,0,6,6,3.01663129975369,2.10114930001146
23,1,1,0,0,1,18,18.75,100,250,0,0,0,6,6,3.48314291018422,2.78187609999441
23,1,1,0,0,1,48,7,100,70,0,0,0,6,6,0.685184038519562,3.83680259999528
23,1,1,0,0,1,66,10,100,80,0,0,0,6,6,0.605846887534724,2.31652730000496
23,1,1,0,0,1,21,6,100,55,0,0,0,4,6,0.625835090219429,3.24532539999927
23,1,1,0,0,1,39,17,100,15,0,0,0,4,6,2.02080823170083,2.76582410000265
23,1,1,0,0,1,83,17,100,200,0,0,0,4,6,1.0585870423836,2.61020080000162
23,1,1,0,0,1,3,15,100,14,0,0,0,4,6,1.974945332696,2.08870519998891
23,1,1,0,0,1,49,16,100,20,0,0,0,4,6,2.05272723006679,1.60075689999212
23,1,1,0,0,1,57,10,100,95,0,0,0,4,6,1.08248188291225,2.63407549999829
23,1,1,0,0,1,32,9.5,100,170,0,0,0,4,6,0.977319142128717,1.86678289998963
23,1,1,0,0,1,33,11,100,190,0,0,0,4,6,0.736946068348718,1.480845699989
23,1,1,0,0,1,44,5,100,65,0,0,0,4,6,0.411098608284178,2.89060659999086
23,1,1,0,0,1,37,14.5,100,175,0,0,0,4,6,1.9788809721005,2.7574225999997
23,1,1,0,0,1,73,5,100,14,0,0,0,4,6,0.482029643492019,1.4518737999897
23,1,1,0,0,1,54,9.25,100,4,0,0,0,4,6,0.264493345896152,1.83799729999737
23,1,1,0,0,1,61,15,100,225,0,0,0,4,6,1.95607037074044,2.78774489999341
23,1,1,0,0,1,17,3.25,100,205,0,0,0,4,6,1.4493410419088,2.57811129999754
23,1,2,1,0,1,27,1.5,100,20,5.25,100,120,5,5,1,5.15254619999905
23,1,2,1,0,1,20,10,100,135,15.75,100,30,5,5,1,3.29698939999798
23,1,2,1,0,1,13,16.5,100,155,19.5,100,7,5,5,1,2.06555430000299
23,1,2,1,0,1,16,16,100,95,14,100,20,5,5,0,2.91297019999183
23,1,2,1,0,1,39,14,100,5,17,100,15,5,5,0,2.504774800007
23,1,2,1,0,1,35,12,100,25,13,100,30,5,5,1,4.73952099999588
23,1,2,1,0,1,25,9,100,160,8.5,100,105,5,5,1,2.40955569999642
23,1,2,1,0,1,15,10,100,95,17.25,100,55,1,5,1,3.30675760000304
23,1,2,1,0,1,17,2,100,110,3.25,100,205,1,5,0,2.47230819999822
23,1,2,1,0,1,12,9.25,100,4,12,100,1,1,5,0,1.78445989999454
23,1,2,1,0,1,40,9.5,100,25,18,100,110,1,5,1,3.97014069999568
23,1,2,1,0,1,2,5,100,65,7.5,100,25,1,5,1,2.7278704999917
23,1,2,1,0,1,4,8.5,100,90,2,100,70,1,5,1,2.3099469000008
23,1,2,1,0,1,11,14,100,60,18.25,100,55,1,5,1,2.25721360000898
23,1,2,1,0,1,28,6,100,7,3.5,100,3,2,5,1,3.00979080000252
23,1,2,1,0,1,31,5,100,14,8.5,100,22,2,5,1,2.87505499999679
23,1,2,1,0,1,19,15,100,225,17.5,100,40,2,5,1,1.58527060000051
23,1,2,1,0,1,24,19,100,150,10,100,80,2,5,1,7.76971569999296
23,1,2,1,0,1,7,16.75,100,75,16,100,20,2,5,0,3.89591740000469
23,1,2,1,0,1,1,3,100,0,5,100,0,2,5,1,1.59444710001117
23,1,2,1,0,1,14,12,100,210,16.75,100,145,2,5,1,2.08290549999219
23,1,2,1,0,1,36,14,100,40,8.25,100,5,4,5,0,3.72763370000757
23,1,2,1,0,1,32,7,100,120,9.5,100,170,4,5,1,4.8727063999977
23,1,2,1,0,1,18,18.75,100,250,15,100,31,4,5,0,2.98467969999183
23,1,2,1,0,1,6,7,100,70,19,100,175,4,5,1,6.37730480000027
23,1,2,1,0,1,23,7.75,100,120,1.75,100,10,4,5,1,3.1018325999903
23,1,2,1,0,1,37,10,100,140,14.5,100,175,4,5,1,2.7227331000031
23,1,2,1,0,1,26,2.5,100,25,4,100,50,4,5,1,4.21903570000723
23,1,2,1,0,1,9,1,100,3,2,100,19,3,5,1,7.27433280000696
23,1,2,1,0,1,5,16,100,5,20,100,15,3,5,1,3.23979819999659
23,1,2,1,0,1,38,15.5,100,215,8,100,125,3,5,1,3.793433800005
23,1,2,1,0,1,42,20,100,170,11,100,110,3,5,1,1.89838169999712
23,1,2,1,0,1,33,6,100,45,11,100,190,3,5,1,2.88496619999933
23,1,2,1,0,1,34,12,100,85,4,100,70,3,5,1,2.43325470000855
23,1,2,1,0,1,10,18.5,100,85,19.5,100,125,3,5,0,3.07332710000628
23,1,2,1,0,1,30,8,100,90,6.5,100,60,6,5,1,4.89157680000062
23,1,2,1,0,1,3,15,100,14,13.5,100,65,6,5,1,2.37695079999685
23,1,2,1,0,1,29,6,100,45,7,100,55,6,5,1,3.45660150000185
23,1,2,1,0,1,8,16,100,20,2.5,100,10,6,5,1,1.81678019999526
23,1,2,1,0,1,21,5.5,100,40,6,100,55,6,5,0,3.31296979999752
23,1,2,1,0,1,41,17,100,200,19,100,245,6,5,1,6.70329560000391
23,1,2,1,0,1,22,20,100,165,19.5,100,45,6,5,0,3.01880450001045
23,2,1,1,1,0,1,3,30,0,5,50,0,3,3,1,3.55064919999859
23,2,1,1,1,0,7,16.75,65,0,16,50,0,3,3,1,4.43665669999609
23,2,1,1,1,0,27,1.5,95,0,5.25,50,0,3,3,1,4.1305299000087
23,2,1,1,1,0,30,6.5,90,0,8,75,0,3,3,0,5.36836709998897
23,2,1,1,1,0,40,18,15,0,9.5,20,0,3,3,1,4.40407129999949
23,2,1,1,1,0,5,20,85,0,16,100,0,3,3,0,3.0753665999946
23,2,1,1,1,0,17,3.25,85,0,2,80,0,3,3,1,4.47347939999599
23,2,1,1,1,0,11,14,90,0,18.25,70,0,6,3,0,3.78077270000358
23,2,1,1,1,0,13,19.5,5,0,16.5,25,0,6,3,0,2.49668130000646
23,2,1,1,1,0,4,2,55,0,8.5,20,0,6,3,1,7.96030449999671
23,2,1,1,1,0,9,1,40,0,2,30,0,6,3,1,5.41077029998996
23,2,1,1,1,0,34,4,35,0,12,15,0,6,3,1,5.33239559999492
23,2,1,1,1,0,3,13.5,55,0,15,85,0,6,3,1,4.35299470000609
23,2,1,1,1,0,38,15.5,40,0,8,45,0,6,3,1,3.30607679999957
23,2,1,1,1,0,20,15.75,35,0,10,95,0,5,3,0,4.23441100001219
23,2,1,1,1,0,29,7,20,0,6,25,0,5,3,0,3.44190059999528
23,2,1,1,1,0,26,2.5,65,0,4,45,0,5,3,1,5.15221939999901
23,2,1,1,1,0,10,19.5,10,0,18.5,10,0,5,3,1,2.33764500000689
23,2,1,1,1,0,32,7,40,0,9.5,30,0,5,3,1,8.2096784000023
23,2,1,1,1,0,16,14,45,0,16,65,0,5,3,1,1.90251690000878
23,2,1,1,1,0,36,8.25,20,0,14,15,0,5,3,1,4.42619640000339
23,2,1,1,1,0,21,6,95,0,5.5,70,0,2,3,1,2.59431009998661
23,2,1,1,1,0,2,5,40,0,7.5,75,0,2,3,1,2.06628910001018
23,2,1,1,1,0,39,14,55,0,17,35,0,2,3,0,5.01613249999355
23,2,1,1,1,0,14,16.75,45,0,12,90,0,2,3,0,3.57779189999565
23,2,1,1,1,0,24,10,90,0,19,70,0,2,3,1,3.01875599999039
23,2,1,1,1,0,18,18.75,80,0,15,35,0,2,3,1,1.50481779999973
23,2,1,1,1,0,23,7.75,60,0,1.75,80,0,2,3,1,2.76906869999948
23,2,1,1,1,0,33,11,65,0,6,85,0,4,3,1,9.65784539999731
23,2,1,1,1,0,12,9.25,40,0,12,35,0,4,3,1,4.13102479999361
23,2,1,1,1,0,31,5,70,0,8.5,50,0,4,3,1,8.19067060000089
23,2,1,1,1,0,28,3.5,40,0,6,25,0,4,3,1,7.01836660000845
23,2,1,1,1,0,8,16,15,0,2.5,90,0,4,3,1,2.52870599999733
23,2,1,1,1,0,15,17.25,25,0,10,50,0,4,3,0,9.30588110000826
23,2,1,1,1,0,22,19.5,65,0,20,90,0,4,3,1,1.80956339999102
23,2,1,1,1,0,37,14.5,5,0,10,10,0,1,3,0,3.97614600000088
23,2,1,1,1,0,42,11,50,0,20,30,0,1,3,1,1.87349100000574
23,2,1,1,1,0,25,8.5,50,0,9,60,0,1,3,1,1.84238240000559
23,2,1,1,1,0,6,7,45,0,19,20,0,1,3,1,7.45845859999827
23,2,1,1,1,0,35,13,70,0,12,75,0,1,3,0,3.81716989999404
23,2,1,1,1,0,41,19,65,0,17,80,0,1,3,0,3.10637149999093
23,2,1,1,1,0,19,15,75,0,17.5,25,0,1,3,0,1.81208309999784
23,2,2,0,1,0,54,9.25,40,0,0,0,0,3,4,3.02401239525638,8.32179500001075
23,2,2,0,1,0,7,16.75,65,0,0,0,0,3,4,4.05315120313925,2.77584119999665
23,2,2,0,1,0,27,5.25,50,0,0,0,0,3,4,1.07056605372122,2.1882995999913
23,2,2,0,1,0,2,7.5,75,0,0,0,0,3,4,2.01179319743416,1.70451080000203
23,2,2,0,1,0,66,10,90,0,0,0,0,3,4,2.49539489021195,3.27953990000242
23,2,2,0,1,0,76,4,35,0,0,0,0,3,4,0.616996781448535,1.59755059999588
23,2,2,0,1,0,72,6.5,90,0,0,0,0,3,4,1.05848750366659,3.65188599999237
23,2,2,0,1,0,22,20,90,0,0,0,0,3,4,4.98968202244829,1.6978025999997
23,2,2,0,1,0,64,19.5,65,0,0,0,0,3,4,4.03597163395308,1.697153599991
23,2,2,0,1,0,75,6,85,0,0,0,0,3,4,1.70918030623478,2.91753789999348
23,2,2,0,1,0,57,10,50,0,0,0,0,3,4,2.00219658686413,2.40996080001059
23,2,2,0,1,0,30,8,75,0,0,0,0,3,4,1.49952592008842,1.65520269999979
23,2,2,0,1,0,31,8.5,50,0,0,0,0,3,4,1.70009395249444,1.7759201000008
23,2,2,0,1,0,48,7,45,0,0,0,0,3,4,1.47864581449965,1.48373979999451
23,2,2,0,1,0,43,3,30,0,0,0,0,2,4,0.486485920403332,4.10909579999861
23,2,2,0,1,0,41,19,65,0,0,0,0,2,4,3.0299413320509,2.01581989999977
23,2,2,0,1,0,18,18.75,80,0,0,0,0,2,4,4.0094525603169,7.15539120000903
23,2,2,0,1,0,39,17,35,0,0,0,0,2,4,2.52444414238419,1.52448380000715
23,2,2,0,1,0,59,2,80,0,0,0,0,2,4,0.509954457159594,3.63805500000308
23,2,2,0,1,0,1,5,50,0,0,0,0,2,4,1.01523900157096,1.70692449998751
23,2,2,0,1,0,77,12,75,0,0,0,0,2,4,3.03663709276969,1.87029159998929
23,2,2,0,1,0,29,7,20,0,0,0,0,2,4,1.48873191323132,3.83532189999823
23,2,2,0,1,0,40,18,15,0,0,0,0,2,4,1.02034967565935,5.95502900000429
23,2,2,0,1,0,62,10,95,0,0,0,0,2,4,3.03034432397244,4.38143700000364
23,2,2,0,1,0,83,17,80,0,0,0,0,2,4,4.48001006923032,1.88271299999906
23,2,2,0,1,0,37,14.5,5,0,0,0,0,2,4,3.06369532490512,5.4432467000006
23,2,2,0,1,0,32,9.5,30,0,0,0,0,2,4,1.76771555249652,2.55675960000372
23,2,2,0,1,0,42,20,30,0,0,0,0,2,4,2.0112614124296,1.72198279999429
23,2,2,0,1,0,26,4,45,0,0,0,0,1,4,1.03467251306039,3.92715389998921
23,2,2,0,1,0,60,15,35,0,0,0,0,1,4,1.57744506831431,3.26362919999519
23,2,2,0,1,0,71,6,25,0,0,0,0,1,4,1.03206305929602,7.69440029999532
23,2,2,0,1,0,74,7,40,0,0,0,0,1,4,1.75372144780421,1.78083869999682
23,2,2,0,1,0,51,1,40,0,0,0,0,1,4,0.248097630343416,1.07912930000748
23,2,2,0,1,0,61,15,75,0,0,0,0,1,4,2.0064147342708,3.99896989999979
23,2,2,0,1,0,67,8.5,50,0,0,0,0,1,4,1.01523900157096,3.30536100000609
23,2,2,0,1,0,47,16,100,0,0,0,0,1,4,4.49384372227714,2.57137199999124
23,2,2,0,1,0,16,16,65,0,0,0,0,1,4,3.05688918042794,6.50222709999071
23,2,2,0,1,0,21,6,95,0,0,0,0,1,4,2.02976735636013,1.90984089999984
23,2,2,0,1,0,28,6,25,0,0,0,0,1,4,0.735251398281822,1.75881020000088
23,2,2,0,1,0,20,15.75,35,0,0,0,0,1,4,1.9928098882287,2.25802350000595
23,2,2,0,1,0,15,17.25,25,0,0,0,0,1,4,2.02060852873471,1.96770349999133
23,2,2,0,1,0,33,11,65,0,0,0,0,1,4,1.73578891807899,1.77794970000105
23,2,2,0,1,0,73,5,70,0,0,0,0,4,4,0.748102369651065,4.29748750000726
23,2,2,0,1,0,63,5.5,70,0,0,0,0,4,4,1.04895128484505,2.59571709999
23,2,2,0,1,0,34,12,15,0,0,0,0,4,4,0.804332116427542,6.00781480000296
23,2,2,0,1,0,13,19.5,5,0,0,0,0,4,4,0.497717828038919,2.66059329999553
23,2,2,0,1,0,12,12,35,0,0,0,0,4,4,1.08248188291225,6.01888980000513
23,2,2,0,1,0,49,16,50,0,0,0,0,4,4,3.06086987797305,2.73549380000622
23,2,2,0,1,0,35,13,70,0,0,0,0,4,4,2.52105099494683,6.83595959999366
23,2,2,0,1,0,82,9.5,20,0,0,0,0,4,4,1.00830644677874,2.32165379999788
23,2,2,0,1,0,78,8.25,20,0,0,0,0,4,4,1.02734586061814,2.15155799999775
23,2,2,0,1,0,68,2.5,65,0,0,0,0,4,4,0.514655805526182,4.32452570000896
23,2,2,0,1,0,58,14,45,0,0,0,0,4,4,2.03914122086579,3.9880836999946
23,2,2,0,1,0,53,14,90,0,0,0,0,4,4,4.00304148723374,2.4759708000056
23,2,2,0,1,0,55,16.5,25,0,0,0,0,4,4,1.99769373642336,5.99543159999303
23,2,2,0,1,0,5,20,85,0,0,0,0,4,4,5.01031797755171,2.39046339999186
23,2,2,0,1,0,70,3.5,40,0,0,0,0,5,4,0.482029643492019,3.82570310001029
23,2,2,0,1,0,4,8.5,20,0,0,0,0,5,4,0.337063828799529,2.59000139999262
23,2,2,0,1,0,23,7.75,60,0,0,0,0,5,4,1.01757090488666,6.55521639999643
23,2,2,0,1,0,81,14,55,0,0,0,0,5,4,2.50001154103725,2.63957490000757
23,2,2,0,1,0,46,2,55,0,0,0,0,5,4,0.528076740296125,2.93448289998923
23,2,2,0,1,0,24,19,70,0,0,0,0,5,4,4.056180467799,2.11171630000172
23,2,2,0,1,0,65,1.75,80,0,0,0,0,5,4,0.263278673806141,4.66289710000274
23,2,2,0,1,0,44,5,40,0,0,0,0,5,4,1.02500325524284,4.4170310000045
23,2,2,0,1,0,10,19.5,10,0,0,0,0,5,4,0.746390457746514,10.6303982000099
23,2,2,0,1,0,56,12,90,0,0,0,0,5,4,3.04960613040668,2.6981148999912
23,2,2,0,1,0,6,19,20,0,0,0,0,5,4,0.996199999994484,5.56305339999381
23,2,2,0,1,0,11,18.25,70,0,0,0,0,5,4,2.99709806937205,5.84578129999863
23,2,2,0,1,0,52,18.5,10,0,0,0,0,5,4,0.735251398281822,9.79647190000105
23,2,2,0,1,0,50,2.5,90,0,0,0,0,5,4,1.00306810563501,6.18624769999587
23,2,2,0,1,0,79,10,10,0,0,0,0,6,4,0.50116797470616,3.02755330000946
23,2,2,0,1,0,80,8,45,0,0,0,0,6,4,1.94655118068263,6.09194610000122
23,2,2,0,1,0,69,1.5,95,0,0,0,0,6,4,0.595542950772867,1.95727929999703
23,2,2,0,1,0,38,15.5,40,0,0,0,0,6,4,2.51552307127231,5.24782440000854
23,2,2,0,1,0,3,15,85,0,0,0,0,6,4,3.53766079271442,5.19378659999347
23,2,2,0,1,0,84,11,50,0,0,0,0,6,4,2.00219658686413,4.36812009999994
23,2,2,0,1,0,8,16,15,0,0,0,0,6,4,1.00076832543155,1.57794889999786
23,2,2,0,1,0,9,2,30,0,0,0,0,6,4,1.04414849718111,5.12517440000374
23,2,2,0,1,0,19,17.5,25,0,0,0,0,6,4,1.66561718300563,6.67545070000051
23,2,2,0,1,0,17,3.25,85,0,0,0,0,6,4,1.04176341126402,4.76632010001049
23,2,2,0,1,0,14,16.75,45,0,0,0,0,6,4,3.03620320754046,6.6050694000005
23,2,2,0,1,0,45,13.5,55,0,0,0,0,6,4,3.64603074337467,27.3777502000012
23,2,2,0,1,0,25,9,60,0,0,0,0,6,4,1.99732496911206,2.81005640000512
23,2,2,0,1,0,36,14,15,0,0,0,0,6,4,1.03443779722067,1.57843629999843
23,3,1,1,1,1,15,17.25,25,55,10,50,95,4,1,1,7.07830719999038
23,3,1,1,1,1,28,3.5,40,3,6,25,7,4,1,0,7.51643570000306
23,3,1,1,1,1,29,6,25,45,7,20,55,4,1,0,3.87951830006205
23,3,1,1,1,1,4,8.5,20,90,2,55,70,4,1,1,2.88988190004602
23,3,1,1,1,1,37,10,10,140,14.5,5,175,4,1,0,6.94901209999807
23,3,1,1,1,1,27,1.5,95,20,5.25,50,120,4,1,1,4.59246750012971
23,3,1,1,1,1,9,2,30,19,1,40,3,4,1,0,3.92977439984679
23,3,1,1,1,1,12,12,35,1,9.25,40,4,3,1,1,5.86525719985366
23,3,1,1,1,1,34,4,35,70,12,15,85,3,1,1,4.48252289998345
23,3,1,1,1,1,7,16,50,20,16.75,65,75,3,1,0,4.26463410002179
23,3,1,1,1,1,38,15.5,40,215,8,45,125,3,1,1,6.39321830007248
23,3,1,1,1,1,16,14,45,20,16,65,95,3,1,1,3.44966050004587
23,3,1,1,1,1,20,10,95,135,15.75,35,30,3,1,0,6.6039758999832
23,3,1,1,1,1,3,13.5,55,65,15,85,14,3,1,1,3.30781250004657
23,3,1,1,1,1,24,19,70,150,10,90,80,5,1,0,2.80754700000398
23,3,1,1,1,1,8,16,15,20,2.5,90,10,5,1,0,4.02454530005343
23,3,1,1,1,1,13,19.5,5,7,16.5,25,155,5,1,0,5.94442519987933
23,3,1,1,1,1,23,1.75,80,10,7.75,60,120,5,1,1,3.96134999999776
23,3,1,1,1,1,32,9.5,30,170,7,40,120,5,1,0,7.43315299996175
23,3,1,1,1,1,14,12,90,210,16.75,45,145,5,1,1,3.33027829998173
23,3,1,1,1,1,18,18.75,80,250,15,35,31,5,1,1,5.95306230010465
23,3,1,1,1,1,21,5.5,70,40,6,95,55,6,1,1,12.8416742000263
23,3,1,1,1,1,36,8.25,20,5,14,15,40,6,1,1,7.1588272000663
23,3,1,1,1,1,26,2.5,65,25,4,45,50,6,1,1,8.38661739998497
23,3,1,1,1,1,1,3,30,0,5,50,0,6,1,1,3.89025290007703
23,3,1,1,1,1,41,17,80,200,19,65,245,6,1,0,5.11253440007567
23,3,1,1,1,1,42,20,30,170,11,50,110,6,1,0,9.60848479997367
23,3,1,1,1,1,11,18.25,70,55,14,90,60,6,1,1,5.52844349993393
23,3,1,1,1,1,39,14,55,5,17,35,15,1,1,0,8.13006730005145
23,3,1,1,1,1,5,16,100,5,20,85,15,1,1,0,6.12613840005361
23,3,1,1,1,1,40,9.5,20,25,18,15,110,1,1,1,6.43955049989745
23,3,1,1,1,1,6,7,45,70,19,20,175,1,1,0,22.2738040001132
23,3,1,1,1,1,22,19.5,65,45,20,90,165,1,1,1,2.84954169997945
23,3,1,1,1,1,17,3.25,85,205,2,80,110,1,1,1,4.84064520010725
23,3,1,1,1,1,25,8.5,50,105,9,60,160,1,1,1,3.33633910003118
23,3,1,1,1,1,33,11,65,190,6,85,45,2,1,0,4.8454660999123
23,3,1,1,1,1,10,19.5,10,125,18.5,10,85,2,1,1,5.54454550007358
23,3,1,1,1,1,30,8,75,90,6.5,90,60,2,1,1,14.868335200008
23,3,1,1,1,1,35,12,75,25,13,70,30,2,1,1,7.77971240016632
23,3,1,1,1,1,31,8.5,50,22,5,70,14,2,1,1,18.7148387001362
23,3,1,1,1,1,2,5,40,65,7.5,75,25,2,1,1,3.51689970004372
23,3,1,1,1,1,19,15,75,225,17.5,25,40,2,1,0,4.4880347000435
23,3,2,0,1,1,44,5,40,65,0,0,0,5,2,1.05617018740514,4.65617269999348
23,3,2,0,1,1,58,14,45,20,0,0,0,5,2,2.52006217855832,4.20993690006435
23,3,2,0,1,1,20,15.75,35,30,0,0,0,5,2,2.01605899932928,11.3239845000207
23,3,2,0,1,1,82,9.5,20,25,0,0,0,5,2,0.971795806950578,1.88025590009056
23,3,2,0,1,1,18,18.75,80,250,0,0,0,5,2,3.99445447814545,3.11638760007918
23,3,2,0,1,1,79,10,10,140,0,0,0,5,2,0.558551979562779,2.37003119988367
23,3,2,0,1,1,47,16,100,5,0,0,0,5,2,4.56269471393957,2.24082860001363
23,3,2,0,1,1,78,8.25,20,5,0,0,0,5,2,1.05376424236025,10.6353779998608
23,3,2,0,1,1,73,5,70,14,0,0,0,5,2,2.05298470374926,18.8346107997932
23,3,2,0,1,1,9,2,30,19,0,0,0,5,2,0.350882755159915,1.91323530022055
23,3,2,0,1,1,24,19,70,150,0,0,0,5,2,3.53121278810926,2.79042470012791
23,3,2,0,1,1,16,16,65,95,0,0,0,5,2,3.02364068989547,3.6547979998868
23,3,2,0,1,1,43,3,30,0,0,0,0,5,2,0.103146954843652,8.14653660007752
23,3,2,0,1,1,39,17,35,15,0,0,0,5,2,2.00671910402213,2.27731789997779
23,3,2,0,1,1,5,20,85,15,0,0,0,6,2,3.99119641041539,2.05911879986525
23,3,2,0,1,1,55,16.5,25,155,0,0,0,6,2,2.00252845350219,6.51581849996001
23,3,2,0,1,1,64,19.5,65,45,0,0,0,6,2,4.09083077801984,14.4367953999899
23,3,2,0,1,1,54,9.25,40,4,0,0,0,6,2,2.01152922605629,7.16908849985339
23,3,2,0,1,1,52,18.5,10,85,0,0,0,6,2,0.764384945722519,10.004552599974
23,3,2,0,1,1,6,19,20,175,0,0,0,6,2,0.962955406142925,5.75590250012465
23,3,2,0,1,1,50,2.5,90,10,0,0,0,6,2,1.02734586061814,2.94795349985361
23,3,2,0,1,1,71,6,25,45,0,0,0,6,2,0.50116797470616,6.34441799996421
23,3,2,0,1,1,15,17.25,25,55,0,0,0,6,2,2.04832764699134,5.06782280001789
23,3,2,0,1,1,27,5.25,50,120,0,0,0,6,2,1.01291767143232,5.90646730014123
23,3,2,0,1,1,74,7,40,120,0,0,0,6,2,1.48464764238404,7.7824596001301
23,3,2,0,1,1,45,13.5,55,65,0,0,0,6,2,2.0064147342708,6.07483029994182
23,3,2,0,1,1,53,14,90,60,0,0,0,6,2,3.53296463113706,4.31806769990362
23,3,2,0,1,1,63,5.5,70,40,0,0,0,6,2,1.54544337988275,10.168976200046
23,3,2,0,1,1,76,4,35,70,0,0,0,1,2,0.250392473068274,7.22720920015126
23,3,2,0,1,1,56,12,90,210,0,0,0,1,2,2.4819248630709,8.75766409980133
23,3,2,0,1,1,41,19,65,245,0,0,0,1,2,3.50811367434647,6.42126829992048
23,3,2,0,1,1,48,7,45,70,0,0,0,1,2,1.2394066376587,6.75531739997678
23,3,2,0,1,1,29,7,20,55,0,0,0,1,2,0.760887903585537,7.51247589988634
23,3,2,0,1,1,7,16.75,65,75,0,0,0,1,2,3.25241974412062,10.9157791000325
23,3,2,0,1,1,67,8.5,50,105,0,0,0,1,2,1.06101488097066,3.05697200004943
23,3,2,0,1,1,33,11,65,190,0,0,0,1,2,2.0575943037999,4.37978020007722
23,3,2,0,1,1,83,17,80,200,0,0,0,1,2,4.00728067270584,14.6384862000123
23,3,2,0,1,1,69,1.5,95,20,0,0,0,1,2,0.500012634268963,2.30130239995196
23,3,2,0,1,1,14,16.75,45,145,0,0,0,1,2,2.52105099494683,7.42118220007978
23,3,2,0,1,1,34,12,15,85,0,0,0,1,2,0.509954457159594,16.3277435998898
23,3,2,0,1,1,70,3.5,40,3,0,0,0,1,2,0.644698585012758,4.99849899997935
23,3,2,0,1,1,1,5,50,0,0,0,0,1,2,1.03206305929602,2.27762639988214
23,3,2,0,1,1,57,10,50,95,0,0,0,3,2,1.52093618661048,2.61823829985224
23,3,2,0,1,1,72,6.5,90,60,0,0,0,3,2,1.74977209119977,9.09426510008052
23,3,2,0,1,1,51,1,40,3,0,0,0,3,2,0.18761136164677,4.17175950016826
23,3,2,0,1,1,61,15,75,225,0,0,0,3,2,3.06870876682357,20.3510052999482
23,3,2,0,1,1,35,13,70,30,0,0,0,3,2,2.64200050905524,11.5714064999484
23,3,2,0,1,1,4,8.5,20,90,0,0,0,3,2,0.762632434958558,6.77385249990039
23,3,2,0,1,1,46,2,55,70,0,0,0,3,2,0.557268608155763,9.45767030003481
23,3,2,0,1,1,23,7.75,60,120,0,0,0,3,2,2.00671910402213,10.4635882999282
23,3,2,0,1,1,80,8,45,125,0,0,0,3,2,1.50635476994841,2.41498770006001
23,3,2,0,1,1,40,18,15,110,0,0,0,3,2,0.988554800503593,11.0045942999423
23,3,2,0,1,1,22,20,90,165,0,0,0,3,2,4.0094525603169,2.85072110011242
23,3,2,0,1,1,75,6,85,45,0,0,0,3,2,1.47864581449965,18.9562072001863
23,3,2,0,1,1,59,2,80,110,0,0,0,3,2,0.537731952921952,3.63386230007745
23,3,2,0,1,1,11,18.25,70,55,0,0,0,3,2,3.65189019545088,13.7348811998963
23,3,2,0,1,1,81,14,55,5,0,0,0,4,2,2.54339462847204,6.74919669982046
23,3,2,0,1,1,28,6,25,7,0,0,0,4,2,0.530515909372564,7.81178610003553
23,3,2,0,1,1,17,3.25,85,205,0,0,0,4,2,0.514655805526182,1.79350850009359
23,3,2,0,1,1,19,17.5,25,40,0,0,0,4,2,1.52057018505883,17.1418139000889
23,3,2,0,1,1,13,19.5,5,7,0,0,0,4,2,0.250392473068274,11.7769674998708
23,3,2,0,1,1,12,12,35,1,0,0,0,4,2,1.03206305929602,12.9654838000424
23,3,2,0,1,1,84,11,50,110,0,0,0,4,2,1.71308426156191,1.79796910006553
23,3,2,0,1,1,68,2.5,65,25,0,0,0,4,2,0.749822116018834,7.09445289988071
23,3,2,0,1,1,30,8,75,90,0,0,0,4,2,1.74142450106035,5.39778080000542
23,3,2,0,1,1,49,16,50,20,0,0,0,4,2,2.02976735636013,2.0608725999482
23,3,2,0,1,1,25,9,60,160,0,0,0,4,2,1.47864581449965,4.18462339998223
23,3,2,0,1,1,31,8.5,50,22,0,0,0,4,2,1.46121652010497,3.71291489992291
23,3,2,0,1,1,38,15.5,40,215,0,0,0,4,2,2.02517793912398,6.8143565999344
23,3,2,0,1,1,8,16,15,20,0,0,0,4,2,1.03206305929602,8.40385659993626
23,3,2,0,1,1,66,10,90,80,0,0,0,2,2,2.53137841449796,4.14541510003619
23,3,2,0,1,1,36,14,15,40,0,0,0,2,2,0.735251398281822,5.23000209988095
23,3,2,0,1,1,2,7.5,75,25,0,0,0,2,2,1.57015182482681,16.3619719999842
23,3,2,0,1,1,10,19.5,10,125,0,0,0,2,2,0.731885230692274,3.41509209992364
23,3,2,0,1,1,32,9.5,30,170,0,0,0,2,2,1.00373666938081,6.5340578998439
23,3,2,0,1,1,26,4,45,50,0,0,0,2,2,1.03702549107566,2.72011959995143
23,3,2,0,1,1,60,15,35,31,0,0,0,2,2,1.59171681557179,8.40332709997892
23,3,2,0,1,1,42,20,30,170,0,0,0,2,2,2.02976735636013,7.15106300008483
23,3,2,0,1,1,21,6,95,55,0,0,0,2,2,2.1039262135238,4.78719200007617
23,3,2,0,1,1,65,1.75,80,10,0,0,0,2,2,0.262675509546607,2.71634139982052
23,3,2,0,1,1,77,12,75,25,0,0,0,2,2,2.51783736688881,9.83560439990833
23,3,2,0,1,1,37,14.5,5,175,0,0,0,2,2,0.263884612862373,5.02151029999368
23,3,2,0,1,1,3,15,85,14,0,0,0,2,2,3.03620320754046,40.4163647999521
23,3,2,0,1,1,62,10,95,135,0,0,0,2,2,3.04242666104722,2.35851069982164
24,1,1,1,1,1,31,8.5,50,22,5,70,14,5,1,0,6.70581400000083
24,1,1,1,1,1,12,12,35,1,9.25,40,4,5,1,0,3.33171129999391
24,1,1,1,1,1,21,6,95,55,5.5,70,40,5,1,1,3.39219260000391
24,1,1,1,1,1,20,10,95,135,15.75,35,30,5,1,0,4.63268249999965
24,1,1,1,1,1,42,11,50,110,20,30,170,5,1,0,4.59281580000243
24,1,1,1,1,1,40,18,15,110,9.5,20,25,5,1,0,4.8481596000056
24,1,1,1,1,1,22,20,90,165,19.5,65,45,5,1,1,6.63653999999224
24,1,1,1,1,1,5,16,100,5,20,85,15,1,1,0,5.16138489999867
24,1,1,1,1,1,28,3.5,40,3,6,25,7,1,1,0,7.94579209999938
24,1,1,1,1,1,2,7.5,75,25,5,40,65,1,1,1,4.05777640000451
24,1,1,1,1,1,10,19.5,10,125,18.5,10,85,1,1,1,5.27077799999097
24,1,1,1,1,1,11,18.25,70,55,14,90,60,1,1,0,2.85487399999693
24,1,1,1,1,1,29,7,20,55,6,25,45,1,1,0,4.11279590000049
24,1,1,1,1,1,7,16,50,20,16.75,65,75,1,1,0,7.35977880000428
24,1,1,1,1,1,9,2,30,19,1,40,3,2,1,1,8.0369517999934
24,1,1,1,1,1,1,3,30,0,5,50,0,2,1,1,3.11606820000452
24,1,1,1,1,1,3,13.5,55,65,15,85,14,2,1,1,4.33689649999724
24,1,1,1,1,1,32,7,40,120,9.5,30,170,2,1,0,5.06919629999902
24,1,1,1,1,1,41,19,65,245,17,80,200,2,1,0,3.07211860000098
24,1,1,1,1,1,23,1.75,80,10,7.75,60,120,2,1,1,9.19380739999178
24,1,1,1,1,1,38,15.5,40,215,8,45,125,2,1,0,9.88189289999718
24,1,1,1,1,1,36,8.25,20,5,14,15,40,3,1,0,4.82540479999443
24,1,1,1,1,1,16,14,45,20,16,65,95,3,1,1,3.06594509999559
24,1,1,1,1,1,37,10,10,140,14.5,5,175,3,1,0,5.85820119999698
24,1,1,1,1,1,17,3.25,85,205,2,80,110,3,1,1,4.1954121000017
24,1,1,1,1,1,25,9,60,160,8.5,50,105,3,1,0,4.25705190000008
24,1,1,1,1,1,18,15,35,31,18.75,80,250,3,1,1,1.70472559999325
24,1,1,1,1,1,33,11,65,190,6,85,45,3,1,0,3.20047660000273
24,1,1,1,1,1,14,16.75,45,145,12,90,210,4,1,0,5.84938510000939
24,1,1,1,1,1,35,12,75,25,13,70,30,4,1,1,3.83349779999116
24,1,1,1,1,1,27,5.25,50,120,1.5,95,20,4,1,0,4.48956610000459
24,1,1,1,1,1,8,16,15,20,2.5,90,10,4,1,0,4.35262890000013
24,1,1,1,1,1,4,2,55,70,8.5,20,90,4,1,0,2.57192190000205
24,1,1,1,1,1,15,17.25,25,55,10,50,95,4,1,1,3.46618259999377
24,1,1,1,1,1,30,8,75,90,6.5,90,60,4,1,0,4.90369959999225
24,1,1,1,1,1,26,2.5,65,25,4,45,50,6,1,0,6.64217849999841
24,1,1,1,1,1,34,12,15,85,4,35,70,6,1,0,3.54752639999788
24,1,1,1,1,1,6,7,45,70,19,20,175,6,1,0,8.95897530000366
24,1,1,1,1,1,24,10,90,80,19,70,150,6,1,0,2.43475580000086
24,1,1,1,1,1,13,16.5,25,155,19.5,5,7,6,1,0,1.78467860000092
24,1,1,1,1,1,39,14,55,5,17,35,15,6,1,0,4.55230869998923
24,1,1,1,1,1,19,17.5,25,40,15,75,225,6,1,0,4.40438250001171
24,1,2,0,1,1,68,2.5,65,25,0,0,0,4,2,4.12565827202328,16.6380245000037
24,1,2,0,1,1,57,10,50,95,0,0,0,4,2,3.07546202710184,6.87183609999192
24,1,2,0,1,1,62,10,95,135,0,0,0,4,2,1.04895128484505,4.99686780000047
24,1,2,0,1,1,42,20,30,170,0,0,0,4,2,4.02348382980894,6.58531999999832
24,1,2,0,1,1,21,6,95,55,0,0,0,4,2,0.249814793594549,10.7085648999928
24,1,2,0,1,1,73,5,70,14,0,0,0,4,2,1.08992247198656,2.2475196000014
24,1,2,0,1,1,47,16,100,5,0,0,0,4,2,1.06101488097066,2.82140240000444
24,1,2,0,1,1,51,1,40,3,0,0,0,4,2,0.0440052741727648,2.57565529999556
24,1,2,0,1,1,23,7.75,60,120,0,0,0,4,2,2.0112614124296,2.8417635000078
24,1,2,0,1,1,49,16,50,20,0,0,0,4,2,4.01166046687026,2.38119060000463
24,1,2,0,1,1,19,17.5,25,40,0,0,0,4,2,4.04394648965637,2.47703490000276
24,1,2,0,1,1,55,16.5,25,155,0,0,0,4,2,3.03663709276969,2.45940629999677
24,1,2,0,1,1,40,18,15,110,0,0,0,4,2,1.03206305929602,1.98336620000191
24,1,2,0,1,1,33,11,65,190,0,0,0,4,2,4.97926327293716,6.48171079999884
24,1,2,0,1,1,17,3.25,85,205,0,0,0,5,2,3.01092170691353,2.75832480000099
24,1,2,0,1,1,60,15,35,31,0,0,0,5,2,4.04394648965637,6.44357319999835
24,1,2,0,1,1,8,16,15,20,0,0,0,5,2,1.974945332696,2.90876690000005
24,1,2,0,1,1,16,16,65,95,0,0,0,5,2,4.0526500198099,2.26300390000688
24,1,2,0,1,1,65,1.75,80,10,0,0,0,5,2,1.96493244739531,1.30458280000312
24,1,2,0,1,1,26,4,45,50,0,0,0,5,2,2.03437690732758,3.2055978999997
24,1,2,0,1,1,58,14,45,20,0,0,0,5,2,2.98448751455834,1.73625490000995
24,1,2,0,1,1,44,5,40,65,0,0,0,5,2,1.04414849718111,1.50236470000527
24,1,2,0,1,1,1,5,50,0,0,0,0,5,2,1.58423037380878,3.79229110000597
24,1,2,0,1,1,35,13,70,30,0,0,0,5,2,7.98873858757039,1.9935175999999
24,1,2,0,1,1,34,12,15,85,0,0,0,5,2,1.06812854795901,4.34562409999489
24,1,2,0,1,1,63,5.5,70,40,0,0,0,5,2,4.04703440007355,3.87082769999688
24,1,2,0,1,1,11,18.25,70,55,0,0,0,5,2,5.97100507316708,5.06896699999925
24,1,2,0,1,1,70,3.5,40,3,0,0,0,5,2,0.998478980309287,3.02714200000628
24,1,2,0,1,1,50,2.5,90,10,0,0,0,2,2,7.98417636236949,2.87870790000306
24,1,2,0,1,1,75,6,85,45,0,0,0,2,2,8.01569804494491,1.42224130000977
24,1,2,0,1,1,7,16.75,65,75,0,0,0,2,2,5.01025151726407,1.12560539999686
24,1,2,0,1,1,6,19,20,175,0,0,0,2,2,3.02327278471964,1.54835769999772
24,1,2,0,1,1,71,6,25,45,0,0,0,2,2,1.05617018740514,1.64332199998898
24,1,2,0,1,1,72,6.5,90,60,0,0,0,2,2,4.00625727971506,2.44970640000247
24,1,2,0,1,1,46,2,55,70,0,0,0,2,2,0.265104892265423,1.22408929999801
24,1,2,0,1,1,38,15.5,40,215,0,0,0,2,2,1.65904635312639,1.37993939999433
24,1,2,0,1,1,41,19,65,245,0,0,0,2,2,4.02348382980894,1.27717709999706
24,1,2,0,1,1,18,18.75,80,250,0,0,0,2,2,7.98847077394371,1.21408819999488
24,1,2,0,1,1,43,3,30,0,0,0,0,2,2,0.512294368740069,1.70793009999034
24,1,2,0,1,1,30,8,75,90,0,0,0,2,2,5.94989742449097,1.64414489999763
24,1,2,0,1,1,82,9.5,20,25,0,0,0,2,2,0.542675533769426,2.95039240000187
24,1,2,0,1,1,25,9,60,160,0,0,0,2,2,6.95663978110746,10.8039516999997
24,1,2,0,1,1,66,10,90,80,0,0,0,3,2,8.04392962925955,1.26387880000402
24,1,2,0,1,1,24,19,70,150,0,0,0,3,2,6.93688140026077,2.29529280000133
24,1,2,0,1,1,78,8.25,20,5,0,0,0,3,2,2.05752734828067,1.40708229999291
24,1,2,0,1,1,37,14.5,5,175,0,0,0,3,2,0.368003773960872,1.61281000000599
24,1,2,0,1,1,32,9.5,30,170,0,0,0,3,2,3.03707545485702,1.39302860001044
24,1,2,0,1,1,10,19.5,10,125,0,0,0,3,2,1.95096440688247,1.53050860000076
24,1,2,0,1,1,48,7,45,70,0,0,0,3,2,2.99733077512318,1.9660017999995
24,1,2,0,1,1,81,14,55,5,0,0,0,3,2,4.03214513455646,5.45179200000712
24,1,2,0,1,1,53,14,90,60,0,0,0,3,2,8.96532748693961,0.994024300001911
24,1,2,0,1,1,4,8.5,20,90,0,0,0,3,2,2.00252845350219,1.51500699999451
24,1,2,0,1,1,3,15,85,14,0,0,0,3,2,8.97732878283685,1.07532170000195
24,1,2,0,1,1,76,4,35,70,0,0,0,3,2,1.06590380697004,1.21949240000686
24,1,2,0,1,1,79,10,10,140,0,0,0,3,2,0.397370486110816,2.09133450000081
24,1,2,0,1,1,83,17,80,200,0,0,0,3,2,7.99328089597787,1.39649499999359
24,1,2,0,1,1,31,8.5,50,22,0,0,0,6,2,2.0112614124296,7.21162230000482
24,1,2,0,1,1,15,17.25,25,55,0,0,0,6,2,4.04147521751721,2.45000810000056
24,1,2,0,1,1,5,20,85,15,0,0,0,6,2,8.9800865468478,1.58034339999722
24,1,2,0,1,1,59,2,80,110,0,0,0,6,2,5.01038530518177,1.7124160000094
24,1,2,0,1,1,84,11,50,110,0,0,0,6,2,4.04083865470258,3.34485710000445
24,1,2,0,1,1,27,5.25,50,120,0,0,0,6,2,3.01092170691353,1.81883240000752
24,1,2,0,1,1,52,18.5,10,85,0,0,0,6,2,1.1043593405686,1.92875190000632
24,1,2,0,1,1,9,2,30,19,0,0,0,6,2,0.234592291730667,1.51334599999245
24,1,2,0,1,1,61,15,75,225,0,0,0,6,2,8.97732878283685,1.57712750000064
24,1,2,0,1,1,39,17,35,15,0,0,0,6,2,2.02534508357163,2.05987719999393
24,1,2,0,1,1,36,14,15,40,0,0,0,6,2,0.998478980309287,1.20698329999868
24,1,2,0,1,1,22,20,90,165,0,0,0,6,2,5.9915542715146,1.75841949999449
24,1,2,0,1,1,64,19.5,65,45,0,0,0,6,2,4.03527512430353,12.2960227000003
24,1,2,0,1,1,12,12,35,1,0,0,0,6,2,0.410153998494586,1.39615970000159
24,1,2,0,1,1,45,13.5,55,65,0,0,0,1,2,4.0094525603169,3.59439699999348
24,1,2,0,1,1,54,9.25,40,4,0,0,0,1,2,2.02040590619034,2.31648300000234
24,1,2,0,1,1,69,1.5,95,20,0,0,0,1,2,0.33399129143427,1.4499424000096
24,1,2,0,1,1,67,8.5,50,105,0,0,0,1,2,2.99072829077237,1.92718889999378
24,1,2,0,1,1,56,12,90,210,0,0,0,1,2,4.04209742499744,1.62256059999345
24,1,2,0,1,1,14,16.75,45,145,0,0,0,1,2,1.03467251306039,1.30800830000953
24,1,2,0,1,1,77,12,75,25,0,0,0,1,2,3.03707545485702,3.37334310000006
24,1,2,0,1,1,20,15.75,35,30,0,0,0,1,2,2.02517793912398,2.32420629999251
24,1,2,0,1,1,74,7,40,120,0,0,0,1,2,1.07056605372122,3.86432739999145
24,1,2,0,1,1,13,19.5,5,7,0,0,0,1,2,0.130793876220228,0.97974830000021
24,1,2,0,1,1,80,8,45,125,0,0,0,1,2,2.02990165582899,0.966926099994453
24,1,2,0,1,1,28,6,25,7,0,0,0,1,2,1.02267121716315,1.54711499999394
24,1,2,0,1,1,2,7.5,75,25,0,0,0,1,2,2.07616798433959,2.87255159999768
24,1,2,0,1,1,29,7,20,55,0,0,0,1,2,0.975102349792277,2.01792889999342
24,2,1,1,0,1,42,20,100,170,11,100,110,1,5,1,5.13230500000645
24,2,1,1,0,1,16,16,100,95,14,100,20,1,5,0,7.81542109999282
24,2,1,1,0,1,30,8,100,90,6.5,100,60,1,5,1,10.3077813999989
24,2,1,1,0,1,1,3,100,0,5,100,0,1,5,1,4.04108299998916
24,2,1,1,0,1,5,16,100,5,20,100,15,1,5,1,7.63076200000069
24,2,1,1,0,1,11,18.25,100,55,14,100,60,1,5,1,4.91195210001024
24,2,1,1,0,1,20,10,100,135,15.75,100,30,1,5,1,2.97698649999802
24,2,1,1,0,1,7,16.75,100,75,16,100,20,6,5,0,3.75453760000528
24,2,1,1,0,1,8,16,100,20,2.5,100,10,6,5,1,4.07178939999721
24,2,1,1,0,1,17,2,100,110,3.25,100,205,6,5,0,4.9852411000029
24,2,1,1,0,1,34,12,100,85,4,100,70,6,5,1,3.12673930000165
24,2,1,1,0,1,9,1,100,3,2,100,19,6,5,1,3.87228840000171
24,2,1,1,0,1,23,1.75,100,10,7.75,100,120,6,5,1,23.9925051000027
24,2,1,1,0,1,12,12,100,1,9.25,100,4,6,5,1,2.82516209999449
24,2,1,1,0,1,2,5,100,65,7.5,100,25,3,5,1,5.16901929999585
24,2,1,1,0,1,35,12,100,25,13,100,30,3,5,1,2.45766710001044
24,2,1,1,0,1,13,19.5,100,7,16.5,100,155,3,5,1,3.7788017999992
24,2,1,1,0,1,24,10,100,80,19,100,150,3,5,0,8.88034260000859
24,2,1,1,0,1,28,6,100,7,3.5,100,3,3,5,1,2.98697810000158
24,2,1,1,0,1,41,19,100,245,17,100,200,3,5,0,3.76790260001144
24,2,1,1,0,1,19,15,100,225,17.5,100,40,3,5,1,3.37020340000163
24,2,1,1,0,1,33,6,100,45,11,100,190,4,5,0,6.97755980001239
24,2,1,1,0,1,36,14,100,40,8.25,100,5,4,5,0,5.64945609999995
24,2,1,1,0,1,29,7,100,55,6,100,45,4,5,1,4.84678780000831
24,2,1,1,0,1,32,9.5,100,170,7,100,120,4,5,0,6.02580730000045
24,2,1,1,0,1,10,19.5,100,125,18.5,100,85,4,5,0,4.4571786000015
24,2,1,1,0,1,3,15,100,14,13.5,100,65,4,5,1,3.56212719999894
24,2,1,1,0,1,14,16.75,100,145,12,100,210,4,5,1,5.32094679999864
24,2,1,1,0,1,37,14.5,100,175,10,100,140,5,5,0,14.0406098000094
24,2,1,1,0,1,21,6,100,55,5.5,100,40,5,5,1,11.0448370000086
24,2,1,1,0,1,4,8.5,100,90,2,100,70,5,5,1,3.19407729999512
24,2,1,1,0,1,18,15,100,31,18.75,100,250,5,5,0,3.36200189999363
24,2,1,1,0,1,6,19,100,175,7,100,70,5,5,0,4.08159110000997
24,2,1,1,0,1,22,20,100,165,19.5,100,45,5,5,0,2.4801953999995
24,2,1,1,0,1,15,17.25,100,55,10,100,95,5,5,1,2.22578210000938
24,2,1,1,0,1,27,5.25,100,120,1.5,100,20,2,5,1,6.27215460001025
24,2,1,1,0,1,39,14,100,5,17,100,15,2,5,1,8.96095579999383
24,2,1,1,0,1,26,4,100,50,2.5,100,25,2,5,0,11.5555154000031
24,2,1,1,0,1,31,5,100,14,8.5,100,22,2,5,1,8.85640830000921
24,2,1,1,0,1,40,18,100,110,9.5,100,25,2,5,0,2.44111890000931
24,2,1,1,0,1,25,8.5,100,105,9,100,160,2,5,0,4.09107749999384
24,2,1,1,0,1,38,15.5,100,215,8,100,125,2,5,0,4.36877730001288
24,2,2,0,0,1,2,7.5,100,25,0,0,0,1,6,2.93220391913029,13.4816641999932
24,2,2,0,0,1,41,19,100,245,0,0,0,1,6,9.01281365695934,8.38485719999881
24,2,2,0,0,1,57,10,100,95,0,0,0,1,6,2.03907445914171,12.9786472999986
24,2,2,0,0,1,10,19.5,100,125,0,0,0,1,6,5.92682527348883,3.73174030000519
24,2,2,0,0,1,34,12,100,85,0,0,0,1,6,4.03214513455646,3.59602070000255
24,2,2,0,0,1,82,9.5,100,25,0,0,0,1,6,2.05739629858332,2.70964299999468
24,2,2,0,0,1,62,10,100,135,0,0,0,1,6,4.07344227844998,2.43928330000199
24,2,2,0,0,1,5,20,100,15,0,0,0,1,6,9.91219594417453,2.84587449999526
24,2,2,0,0,1,22,20,100,165,0,0,0,1,6,6.9963067601421,2.5288181000069
24,2,2,0,0,1,39,17,100,15,0,0,0,1,6,7.03541448473438,2.40898749999178
24,2,2,0,0,1,49,16,100,20,0,0,0,1,6,7.99328089597787,5.06787980000081
24,2,2,0,0,1,54,9.25,100,4,0,0,0,1,6,3.01663129975369,3.35792819999915
24,2,2,0,0,1,19,17.5,100,40,0,0,0,1,6,7.95624248698575,2.11522110000078
24,2,2,0,0,1,27,5.25,100,120,0,0,0,1,6,0.557268608155763,1.95613279999816
24,2,2,0,0,1,46,2,100,70,0,0,0,4,6,1.09493938892155,2.49356100001023
24,2,2,0,0,1,20,15.75,100,30,0,0,0,4,6,5.9616149114093,10.7476478000026
24,2,2,0,0,1,70,3.5,100,3,0,0,0,4,6,0.440372317438911,2.77791209999123
24,2,2,0,0,1,16,16,100,95,0,0,0,4,6,5.97968843583973,5.12593189999461
24,2,2,0,0,1,4,8.5,100,90,0,0,0,4,6,4.10834710402153,1.41689780000888
24,2,2,0,0,1,15,17.25,100,55,0,0,0,4,6,7.99298091493372,2.00131099999999
24,2,2,0,0,1,67,8.5,100,105,0,0,0,4,6,2.10825387868784,7.00389130000258
24,2,2,0,0,1,60,15,100,31,0,0,0,4,6,5.02047001859723,10.7274835999997
24,2,2,0,0,1,51,1,100,3,0,0,0,4,6,0.0147025090193118,2.90482739999425
24,2,2,0,0,1,33,11,100,190,0,0,0,4,6,2.0804104452669,2.76315950001299
24,2,2,0,0,1,30,8,100,90,0,0,0,4,6,1.06345377749977,2.56604049999441
24,2,2,0,0,1,21,6,100,55,0,0,0,4,6,2.60052106122581,2.81671240000287
24,2,2,0,0,1,47,16,100,5,0,0,0,4,6,6.0011899496464,2.67789200000698
24,2,2,0,0,1,17,3.25,100,205,0,0,0,4,6,0.426720274880314,1.78103280000505
24,2,2,0,0,1,44,5,100,65,0,0,0,2,6,1.07547427356447,1.84238449999248
24,2,2,0,0,1,35,13,100,30,0,0,0,2,6,5.14326643378447,3.53933349999716
24,2,2,0,0,1,13,19.5,100,7,0,0,0,2,6,11.9089441333601,3.30671750000329
24,2,2,0,0,1,55,16.5,100,155,0,0,0,2,6,5.0102186071529,1.87090579999494
24,2,2,0,0,1,18,18.75,100,250,0,0,0,2,6,7.96983549266676,5.64988620000076
24,2,2,0,0,1,31,8.5,100,22,0,0,0,2,6,2.48747615611531,1.62235589999182
24,2,2,0,0,1,25,9,100,160,0,0,0,2,6,2.01605899932928,4.85978169999726
24,2,2,0,0,1,50,2.5,100,10,0,0,0,2,6,0.203416516447277,10.4192301000003
24,2,2,0,0,1,75,6,100,45,0,0,0,2,6,2.0064147342708,5.94998259999556
24,2,2,0,0,1,73,5,100,14,0,0,0,2,6,0.364635005735391,1.58712900000683
24,2,2,0,0,1,26,4,100,50,0,0,0,2,6,1.06101488097066,5.17590760000166
24,2,2,0,0,1,66,10,100,80,0,0,0,2,6,1.97938235278756,6.66994279999926
24,2,2,0,0,1,32,9.5,100,170,0,0,0,2,6,4.01485459360784,2.06904440000653
24,2,2,0,0,1,78,8.25,100,5,0,0,0,2,6,3.05011086343691,3.54726419999497
24,2,2,0,0,1,6,19,100,175,0,0,0,5,6,8.05419376027413,5.5571951999882
24,2,2,0,0,1,80,8,100,125,0,0,0,5,6,2.00701908506628,2.79382039999473
24,2,2,0,0,1,63,5.5,100,40,0,0,0,5,6,1.08248188291225,3.47046409999894
24,2,2,0,0,1,45,13.5,100,65,0,0,0,5,6,4.061788288583,2.47171789999993
24,2,2,0,0,1,1,5,100,0,0,0,0,5,6,5,8.48770220000006
24,2,2,0,0,1,52,18.5,100,85,0,0,0,5,6,7.98394100067071,2.31759590000729
24,2,2,0,0,1,24,19,100,150,0,0,0,5,6,8.9414129576164,2.58788079999795
24,2,2,0,0,1,9,2,100,19,0,0,0,5,6,0.395544005677881,1.61837430000014
24,2,2,0,0,1,56,12,100,210,0,0,0,5,6,5.02060250970488,4.04808560000674
24,2,2,0,0,1,74,7,100,120,0,0,0,5,6,2.05288469540675,2.64312409999548
24,2,2,0,0,1,37,14.5,100,175,0,0,0,5,6,4.64042016222915,5.33592539999518
24,2,2,0,0,1,71,6,100,45,0,0,0,5,6,1.63071034860556,1.28239439999743
24,2,2,0,0,1,81,14,100,5,0,0,0,5,6,4.1582050115901,1.99269100000674
24,2,2,0,0,1,36,14,100,40,0,0,0,5,6,1.98430195505509,1.7902299999987
24,2,2,0,0,1,40,18,100,110,0,0,0,3,6,10.9054029657981,2.47399290000612
24,2,2,0,0,1,64,19.5,100,45,0,0,0,3,6,11.9793823527876,6.93314949999331
24,2,2,0,0,1,23,7.75,100,120,0,0,0,3,6,2.06215716410116,7.01685999998881
24,2,2,0,0,1,8,16,100,20,0,0,0,3,6,8.0161612962312,1.86374660000729
24,2,2,0,0,1,12,12,100,1,0,0,0,3,6,7.98394100067071,1.89557199999399
24,2,2,0,0,1,79,10,100,140,0,0,0,3,6,2.05752734828067,4.93307189999905
24,2,2,0,0,1,29,7,100,55,0,0,0,3,6,1.12135105137126,6.53481579999789
24,2,2,0,0,1,28,6,100,7,0,0,0,3,6,3.06930943336453,2.05045500000415
24,2,2,0,0,1,65,1.75,100,10,0,0,0,3,6,0.205763810734677,2.08960279999883
24,2,2,0,0,1,76,4,100,70,0,0,0,3,6,0.704465749545545,2.84592649999831
24,2,2,0,0,1,48,7,100,70,0,0,0,3,6,0.44240925077715,2.65218109999842
24,2,2,0,0,1,11,18.25,100,55,0,0,0,3,6,8.97693537459637,1.92162420001114
24,2,2,0,0,1,59,2,100,110,0,0,0,3,6,0.265104892265423,1.8779566000012
24,2,2,0,0,1,42,20,100,170,0,0,0,3,6,5.97336422222401,2.15905190000194
24,2,2,0,0,1,72,6.5,100,60,0,0,0,6,6,2.40602032977284,4.18849850000697
24,2,2,0,0,1,61,15,100,225,0,0,0,6,6,7.42814357312412,1.79113899999356
24,2,2,0,0,1,84,11,100,110,0,0,0,6,6,2.56611600409965,2.17340390000027
24,2,2,0,0,1,3,15,100,14,0,0,0,6,6,4.51598936552634,2.30759970001236
24,2,2,0,0,1,69,1.5,100,20,0,0,0,6,6,0.567941941687419,3.80972289999772
24,2,2,0,0,1,38,15.5,100,215,0,0,0,6,6,6.1300869220083,9.05828080000356
24,2,2,0,0,1,77,12,100,25,0,0,0,6,6,2.08507296893207,1.65354449998995
24,2,2,0,0,1,53,14,100,60,0,0,0,6,6,6.7956277500515,1.61868420000246
24,2,2,0,0,1,7,16.75,100,75,0,0,0,6,6,4.05876170744279,1.8367120000039
24,2,2,0,0,1,58,14,100,20,0,0,0,6,6,7.13268618562173,17.1702615999966
24,2,2,0,0,1,43,3,100,0,0,0,0,6,6,0.160581014930035,2.15503130000434
24,2,2,0,0,1,14,16.75,100,145,0,0,0,6,6,5.9412382925572,5.79972080000152
24,2,2,0,0,1,83,17,100,200,0,0,0,6,6,7.00313227639973,4.77284110001347
24,2,2,0,0,1,68,2.5,100,25,0,0,0,6,6,0.911501264941357,1.51719150001009
24,3,1,0,1,0,13,19.5,5,0,0,0,0,4,4,3.10120822414234,6.80448639998212
24,3,1,0,1,0,82,9.5,20,0,0,0,0,4,4,4.02348382980894,2.23343770008069
24,3,1,0,1,0,47,16,100,0,0,0,0,4,4,9.98549843573432,2.49712119996548
24,3,1,0,1,0,33,11,65,0,0,0,0,4,4,4.56801004879632,2.93837959994562
24,3,1,0,1,0,39,17,35,0,0,0,0,4,4,5.02066940050083,6.25914510001894
24,3,1,0,1,0,18,18.75,80,0,0,0,0,4,4,8.01125345743483,3.16968360007741
24,3,1,0,1,0,80,8,45,0,0,0,0,4,4,3.04196697459242,4.46803990006447
24,3,1,0,1,0,48,7,45,0,0,0,0,4,4,0.996199999994484,6.08406859997194
24,3,1,0,1,0,57,10,50,0,0,0,0,4,4,5.1653186143142,3.57237589999568
24,3,1,0,1,0,69,1.5,95,0,0,0,0,4,4,0.304995099315349,1.90069490007591
24,3,1,0,1,0,61,15,75,0,0,0,0,4,4,5.9905474396831,1.86598190001678
24,3,1,0,1,0,28,6,25,0,0,0,0,4,4,1.98917240148254,3.98191650002263
24,3,1,0,1,0,14,16.75,45,0,0,0,0,4,4,3.99769174250672,1.77030350000132
24,3,1,0,1,0,31,8.5,50,0,0,0,0,4,4,3.4755339661981,2.33947340003215
24,3,1,0,1,0,73,5,70,0,0,0,0,2,4,1.40468359198776,4.57999170001131
24,3,1,0,1,0,45,13.5,55,0,0,0,0,2,4,2.3229570649506,2.20543629990425
24,3,1,0,1,0,44,5,40,0,0,0,0,2,4,1.17368870049767,1.70095570001286
24,3,1,0,1,0,52,18.5,10,0,0,0,0,2,4,3.11916521509477,2.26203199999873
24,3,1,0,1,0,32,9.5,30,0,0,0,0,2,4,3.397691874721,2.68410760001279
24,3,1,0,1,0,35,13,70,0,0,0,0,2,4,6.06158774137797,1.83707060001325
24,3,1,0,1,0,55,16.5,25,0,0,0,0,2,4,4.97939749029512,2.10656119999476
24,3,1,0,1,0,62,10,95,0,0,0,0,2,4,4.27026257700813,1.88544939993881
24,3,1,0,1,0,5,20,85,0,0,0,0,2,4,8.99923167456845,1.65926059999038
24,3,1,0,1,0,23,7.75,60,0,0,0,0,2,4,3.09514841495743,4.56471459998284
24,3,1,0,1,0,70,3.5,40,0,0,0,0,2,4,2.01152922605629,2.01227569999173
24,3,1,0,1,0,38,15.5,40,0,0,0,0,2,4,3.99980498638207,3.09068530006334
24,3,1,0,1,0,81,14,55,0,0,0,0,2,4,3.02364068989547,2.82043049996719
24,3,1,0,1,0,42,20,30,0,0,0,0,2,4,4.061788288583,2.07124709989876
24,3,1,0,1,0,1,5,50,0,0,0,0,6,4,1.0466111398018,8.59414259996265
24,3,1,0,1,0,40,18,15,0,0,0,0,6,4,3.06930943336453,1.91519890003838
24,3,1,0,1,0,58,14,45,0,0,0,0,6,4,5.04120458786978,3.73574889998417
24,3,1,0,1,0,7,16.75,65,0,0,0,0,6,4,5.97881820629785,2.44725480000488
24,3,1,0,1,0,65,1.75,80,0,0,0,0,6,4,0.233517147519031,1.59299869998358
24,3,1,0,1,0,75,6,85,0,0,0,0,6,4,2.02060852873471,4.25708230002783
24,3,1,0,1,0,11,18.25,70,0,0,0,0,6,4,6.95236208648027,3.29962230008096
24,3,1,0,1,0,49,16,50,0,0,0,0,6,4,7.99328089597787,2.19579789997078
24,3,1,0,1,0,64,19.5,65,0,0,0,0,6,4,5.62938541192741,7.96777690004092
24,3,1,0,1,0,63,5.5,70,0,0,0,0,6,4,1.02969910463968,1.21726600010879
24,3,1,0,1,0,16,16,65,0,0,0,0,6,4,3.51194469402765,2.91728729999159
24,3,1,0,1,0,17,3.25,85,0,0,0,0,6,4,0.737946570890173,3.20391320006456
24,3,1,0,1,0,37,14.5,5,0,0,0,0,6,4,2.01605899932928,1.74104940006509
24,3,1,0,1,0,24,19,70,0,0,0,0,6,4,8.04833170141189,1.52643229998648
24,3,1,0,1,0,9,2,30,0,0,0,0,3,4,0.263278673806141,3.94374109990895
24,3,1,0,1,0,76,4,35,0,0,0,0,3,4,0.688324309176608,2.88193809997756
24,3,1,0,1,0,27,5.25,50,0,0,0,0,3,4,1.49212402999677,2.14881310006604
24,3,1,0,1,0,68,2.5,65,0,0,0,0,3,4,0.407346001445042,2.49964940000791
24,3,1,0,1,0,22,20,90,0,0,0,0,3,4,6.21185620867314,2.3578793000197
24,3,1,0,1,0,50,2.5,90,0,0,0,0,3,4,0.379186594620762,3.23128870001528
24,3,1,0,1,0,66,10,90,0,0,0,0,3,4,4.45272049784559,1.31573500006925
24,3,1,0,1,0,71,6,25,0,0,0,0,3,4,2.12256565458341,3.06968389998656
24,3,1,0,1,0,25,9,60,0,0,0,0,3,4,3.77992777664738,2.07079689996317
24,3,1,0,1,0,10,19.5,10,0,0,0,0,3,4,1.04414849718111,2.61678809998557
24,3,1,0,1,0,12,12,35,0,0,0,0,3,4,3.0106169437502,2.97129789995961
24,3,1,0,1,0,56,12,90,0,0,0,0,3,4,1.02969910463968,1.89278270001523
24,3,1,0,1,0,84,11,50,0,0,0,0,3,4,3.0036932398579,3.92650270008016
24,3,1,0,1,0,19,17.5,25,0,0,0,0,3,4,4.02118179370215,2.02467660000548
24,3,1,0,1,0,54,9.25,40,0,0,0,0,5,4,3.02327278471964,4.60690510005224
24,3,1,0,1,0,43,3,30,0,0,0,0,5,4,1.04414849718111,2.01245079992805
24,3,1,0,1,0,15,17.25,25,0,0,0,0,5,4,4.00625727971506,1.67768070008606
24,3,1,0,1,0,74,7,40,0,0,0,0,5,4,2.0808791412948,4.20063749991823
24,3,1,0,1,0,26,4,45,0,0,0,0,5,4,0.550938991053929,3.17159520008136
24,3,1,0,1,0,8,16,15,0,0,0,0,5,4,2.99709806937205,2.69765949994326
24,3,1,0,1,0,46,2,55,0,0,0,0,5,4,0.33399129143427,2.22603169991635
24,3,1,0,1,0,78,8.25,20,0,0,0,0,5,4,1.04898479061982,4.38826290005818
24,3,1,0,1,0,34,12,15,0,0,0,0,5,4,3.06198278092228,3.06580179999582
24,3,1,0,1,0,4,8.5,20,0,0,0,0,5,4,1.02734586061814,4.34752720000688
24,3,1,0,1,0,59,2,80,0,0,0,0,5,4,0.185925930496769,1.87880440009758
24,3,1,0,1,0,20,15.75,35,0,0,0,0,5,4,4.04147521751721,2.31657640007325
24,3,1,0,1,0,67,8.5,50,0,0,0,0,5,4,3.98391426069064,4.81092859990895
24,3,1,0,1,0,53,14,90,0,0,0,0,5,4,6.02453600451532,1.43249830009881
24,3,1,0,1,0,77,12,75,0,0,0,0,1,4,3.01630158162037,4.72376560000703
24,3,1,0,1,0,3,15,85,0,0,0,0,1,4,5.01028464004099,2.31817729992326
24,3,1,0,1,0,51,1,40,0,0,0,0,1,4,0.0728366126211455,1.60277860006317
24,3,1,0,1,0,36,14,15,0,0,0,0,1,4,1.10944002273815,3.20836299995426
24,3,1,0,1,0,6,19,20,0,0,0,0,1,4,3.11321629357632,4.34561679989565
24,3,1,0,1,0,79,10,10,0,0,0,0,1,4,0.2024925208481,1.82915560004767
24,3,1,0,1,0,83,17,80,0,0,0,0,1,4,7.00907101575259,2.56712749996223
24,3,1,0,1,0,60,15,35,0,0,0,0,1,4,2.06680712403991,2.34648860001471
24,3,1,0,1,0,30,8,75,0,0,0,0,1,4,3.03034432397244,2.85396819992457
24,3,1,0,1,0,41,19,65,0,0,0,0,1,4,8.0344650543204,4.66351829993073
24,3,1,0,1,0,29,7,20,0,0,0,0,1,4,2.06205774300792,3.34594930009916
24,3,1,0,1,0,72,6.5,90,0,0,0,0,1,4,1.08939001982536,1.64550049998797
24,3,1,0,1,0,21,6,95,0,0,0,0,1,4,1.10183623565636,1.71661330002826
24,3,1,0,1,0,2,7.5,75,0,0,0,0,1,4,2.00701908506628,2.1852390000131
24,3,2,1,1,0,38,15.5,40,0,8,45,0,2,3,1,8.3343814999098
24,3,2,1,1,0,27,1.5,95,0,5.25,50,0,2,3,1,4.91578320006374
24,3,2,1,1,0,7,16.75,65,0,16,50,0,2,3,1,3.30438849993516
24,3,2,1,1,0,19,17.5,25,0,15,75,0,2,3,0,2.34516000002623
24,3,2,1,1,0,41,17,80,0,19,65,0,2,3,0,7.54620159999467
24,3,2,1,1,0,30,8,75,0,6.5,90,0,2,3,0,4.3035614999244
24,3,2,1,1,0,40,18,15,0,9.5,20,0,2,3,0,4.36931109998841
24,3,2,1,1,0,14,12,90,0,16.75,45,0,3,3,0,5.04240219993517
24,3,2,1,1,0,16,16,65,0,14,45,0,3,3,1,6.0595715000527
24,3,2,1,1,0,13,19.5,5,0,16.5,25,0,3,3,0,4.16936139995232
24,3,2,1,1,0,26,4,45,0,2.5,65,0,3,3,1,6.14441579999402
24,3,2,1,1,0,23,1.75,80,0,7.75,60,0,3,3,1,3.81036460003816
24,3,2,1,1,0,4,2,55,0,8.5,20,0,3,3,0,5.08158660004847
24,3,2,1,1,0,36,8.25,20,0,14,15,0,3,3,1,9.36050880001858
24,3,2,1,1,0,21,5.5,70,0,6,95,0,4,3,1,3.43133910000324
24,3,2,1,1,0,8,2.5,90,0,16,15,0,4,3,0,4.50465610006358
24,3,2,1,1,0,33,11,65,0,6,85,0,4,3,0,5.4090691000456
24,3,2,1,1,0,28,6,25,0,3.5,40,0,4,3,1,9.71484849997796
24,3,2,1,1,0,34,4,35,0,12,15,0,4,3,0,6.43338659999426
24,3,2,1,1,0,18,15,35,0,18.75,80,0,4,3,1,3.12889839999843
24,3,2,1,1,0,37,10,10,0,14.5,5,0,4,3,0,3.28888240002561
24,3,2,1,1,0,39,14,55,0,17,35,0,6,3,0,4.17770850006491
24,3,2,1,1,0,12,9.25,40,0,12,35,0,6,3,1,6.26577569998335
24,3,2,1,1,0,9,1,40,0,2,30,0,6,3,1,18.2399230999872
24,3,2,1,1,0,29,6,25,0,7,20,0,6,3,1,4.77568169997539
24,3,2,1,1,0,1,5,50,0,3,30,0,6,3,1,3.01908849994652
24,3,2,1,1,0,17,2,80,0,3.25,85,0,6,3,1,6.17521010001656
24,3,2,1,1,0,11,18.25,70,0,14,90,0,6,3,1,4.61937249999028
24,3,2,1,1,0,20,15.75,35,0,10,95,0,1,3,0,5.78597480000462
24,3,2,1,1,0,10,19.5,10,0,18.5,10,0,1,3,1,6.00859400001355
24,3,2,1,1,0,22,19.5,65,0,20,90,0,1,3,1,3.45030580007005
24,3,2,1,1,0,6,7,45,0,19,20,0,1,3,0,4.60848019993864
24,3,2,1,1,0,2,5,40,0,7.5,75,0,1,3,1,3.34553369996138
24,3,2,1,1,0,5,20,85,0,16,100,0,1,3,0,3.61891080008354
24,3,2,1,1,0,42,20,30,0,11,50,0,1,3,0,8.80878680001479
24,3,2,1,1,0,25,9,60,0,8.5,50,0,5,3,1,4.53091610001866
24,3,2,1,1,0,31,5,70,0,8.5,50,0,5,3,1,5.98647180001717
24,3,2,1,1,0,32,9.5,30,0,7,40,0,5,3,0,3.24100269994233
24,3,2,1,1,0,3,13.5,55,0,15,85,0,5,3,1,1.94873429997824
24,3,2,1,1,0,15,17.25,25,0,10,50,0,5,3,0,3.03241059998982
24,3,2,1,1,0,24,10,90,0,19,70,0,5,3,1,3.05812890001107
24,3,2,1,1,0,35,12,75,0,13,70,0,5,3,0,4.76933289994486
25,1,1,0,0,1,57,10,100,95,0,0,0,4,6,1.03206305929602,26.2416112000064
25,1,1,0,0,1,66,10,100,80,0,0,0,4,6,1.06101488097066,8.21845890000986
25,1,1,0,0,1,18,18.75,100,250,0,0,0,4,6,1.93259134965689,9.91775959999359
25,1,1,0,0,1,12,12,100,1,0,0,0,4,6,2.99780341313587,5.66551710000203
25,1,1,0,0,1,84,11,100,110,0,0,0,4,6,1.98831450784873,23.4023988999979
25,1,1,0,0,1,4,8.5,100,90,0,0,0,4,6,1.01757090488666,4.69866019999608
25,1,1,0,0,1,62,10,100,135,0,0,0,4,6,1.31116786178612,7.30634849998751
25,1,1,0,0,1,43,3,100,0,0,0,0,4,6,0.55599110580448,14.8037280999997
25,1,1,0,0,1,69,1.5,100,20,0,0,0,4,6,0.131695646513599,5.33032690000255
25,1,1,0,0,1,23,7.75,100,120,0,0,0,4,6,2.04832764699134,14.6721189999953
25,1,1,0,0,1,64,19.5,100,45,0,0,0,4,6,5.01038530518177,4.09278039999481
25,1,1,0,0,1,35,13,100,30,0,0,0,4,6,5.99374272028493,4.18057599999884
25,1,1,0,0,1,48,7,100,70,0,0,0,4,6,2.01152922605629,14.3811624999944
25,1,1,0,0,1,33,11,100,190,0,0,0,4,6,1.02734586061814,18.2461033
25,1,1,0,0,1,2,7.5,100,25,0,0,0,1,6,2.98448751455834,8.05072179999843
25,1,1,0,0,1,3,15,100,14,0,0,0,1,6,4.98968202244829,4.26809169999615
25,1,1,0,0,1,6,19,100,175,0,0,0,1,6,5.92984583855984,3.73219039999822
25,1,1,0,0,1,67,8.5,100,105,0,0,0,1,6,1.96996421818094,4.4176182999945
25,1,1,0,0,1,82,9.5,100,25,0,0,0,1,6,2.02060852873471,34.4363016999996
25,1,1,0,0,1,45,13.5,100,65,0,0,0,1,6,3.03034432397244,3.80848699998751
25,1,1,0,0,1,21,6,100,55,0,0,0,1,6,1.0199134531522,3.98560210000142
25,1,1,0,0,1,79,10,100,140,0,0,0,1,6,3.0299413320509,9.58332029999292
25,1,1,0,0,1,80,8,100,125,0,0,0,1,6,1.04654443054575,4.6758880999987
25,1,1,0,0,1,29,7,100,55,0,0,0,1,6,1.94138186643212,18.4476970999967
25,1,1,0,0,1,50,2.5,100,10,0,0,0,1,6,0.585093367975457,2.77208429999882
25,1,1,0,0,1,44,5,100,65,0,0,0,1,6,1.04414849718111,3.37873450000188
25,1,1,0,0,1,74,7,100,120,0,0,0,1,6,0.99393131483766,17.4955323000031
25,1,1,0,0,1,25,9,100,160,0,0,0,1,6,2.02976735636013,8.08550850000756
25,1,1,0,0,1,30,8,100,90,0,0,0,6,6,1.04176341126402,5.32350379999843
25,1,1,0,0,1,17,3.25,100,205,0,0,0,6,6,0.176385273868952,4.09115069999825
25,1,1,0,0,1,5,20,100,15,0,0,0,6,6,5.04147301409681,3.21782169998914
25,1,1,0,0,1,61,15,100,225,0,0,0,6,6,4.00304148723374,4.66231749999861
25,1,1,0,0,1,38,15.5,100,215,0,0,0,6,6,4.06442907363776,4.01093839999521
25,1,1,0,0,1,51,1,100,3,0,0,0,6,6,0.0880063435735998,2.86146239998925
25,1,1,0,0,1,14,16.75,100,145,0,0,0,6,6,5.98288121466838,2.22997390000091
25,1,1,0,0,1,54,9.25,100,4,0,0,0,6,6,2.03447807263204,31.3233294000092
25,1,1,0,0,1,77,12,100,25,0,0,0,6,6,3.99980498638207,2.91741160000674
25,1,1,0,0,1,11,18.25,100,55,0,0,0,6,6,5.99374272028493,3.65533059999871
25,1,1,0,0,1,76,4,100,70,0,0,0,6,6,2.00671910402213,1.97823209999478
25,1,1,0,0,1,75,6,100,45,0,0,0,6,6,2.01582363763051,21.0861597000039
25,1,1,0,0,1,20,15.75,100,30,0,0,0,6,6,4.02031156416027,2.2105639000074
25,1,1,0,0,1,60,15,100,31,0,0,0,6,6,5.02066940050083,16.2582282999938
25,1,1,0,0,1,8,16,100,20,0,0,0,5,6,4.03771070324113,3.22328009999183
25,1,1,0,0,1,32,9.5,100,170,0,0,0,5,6,2.00219658686413,10.1458681000076
25,1,1,0,0,1,47,16,100,5,0,0,0,5,6,5.97100507316708,3.88351720001083
25,1,1,0,0,1,81,14,100,5,0,0,0,5,6,3.9879173398629,7.20321929999045
25,1,1,0,0,1,72,6.5,100,60,0,0,0,5,6,1.0730146040872,2.04862639999192
25,1,1,0,0,1,19,17.5,100,40,0,0,0,5,6,5,2.90777550000348
25,1,1,0,0,1,41,19,100,245,0,0,0,5,6,4.03771070324113,8.42810340000142
25,1,1,0,0,1,31,8.5,100,22,0,0,0,5,6,2.07616798433959,2.27372040000046
25,1,1,0,0,1,46,2,100,70,0,0,0,5,6,0.117066301435692,2.43986339999537
25,1,1,0,0,1,34,12,100,85,0,0,0,5,6,1.99732496911206,20.8752009000018
25,1,1,0,0,1,71,6,100,45,0,0,0,5,6,1.01523900157096,4.48802119999891
25,1,1,0,0,1,22,20,100,165,0,0,0,5,6,5.02073672706284,3.15552960000059
25,1,1,0,0,1,83,17,100,200,0,0,0,5,6,3.99445447814545,8.65834419999737
25,1,1,0,0,1,16,16,100,95,0,0,0,5,6,3.03663709276969,29.9328626999923
25,1,1,0,0,1,78,8.25,100,5,0,0,0,2,6,1.97441285270029,16.3200432000012
25,1,1,0,0,1,73,5,100,14,0,0,0,2,6,1.01757090488666,2.26775470000575
25,1,1,0,0,1,65,1.75,100,10,0,0,0,2,6,0.0876026958266785,3.24376300000586
25,1,1,0,0,1,27,5.25,100,120,0,0,0,2,6,0.984029924482826,3.49627459999465
25,1,1,0,0,1,49,16,100,20,0,0,0,2,6,3.99980498638207,2.64148590000696
25,1,1,0,0,1,39,17,100,15,0,0,0,2,6,4.03214513455646,4.89109629999439
25,1,1,0,0,1,1,5,100,0,0,0,0,2,6,1.03443779722067,5.70532119998825
25,1,1,0,0,1,37,14.5,100,175,0,0,0,2,6,3.03034432397244,22.1619920000085
25,1,1,0,0,1,10,19.5,100,125,0,0,0,2,6,5.02073672706284,6.11376690000179
25,1,1,0,0,1,63,5.5,100,40,0,0,0,2,6,1.00306810563501,9.10968709998997
25,1,1,0,0,1,42,20,100,170,0,0,0,2,6,4.01166046687026,32.3564773000107
25,1,1,0,0,1,9,2,100,19,0,0,0,2,6,0.0294729270417733,1.742665999991
25,1,1,0,0,1,55,16.5,100,155,0,0,0,2,6,2.9911317509229,13.3779966000002
25,1,1,0,0,1,13,19.5,100,7,0,0,0,2,6,5.06220842112907,6.03619590000017
25,1,1,0,0,1,52,18.5,100,85,0,0,0,3,6,5.97651617019106,2.29592679999769
25,1,1,0,0,1,15,17.25,100,55,0,0,0,3,6,5.03125767544572,15.7158415000013
25,1,1,0,0,1,70,3.5,100,3,0,0,0,3,6,0.117606900649861,3.49119770000107
25,1,1,0,0,1,7,16.75,100,75,0,0,0,3,6,3.99654757817326,3.16825539999991
25,1,1,0,0,1,36,14,100,40,0,0,0,3,6,4.00625727971506,26.2725180000125
25,1,1,0,0,1,24,19,100,150,0,0,0,3,6,5.06220842112907,2.72212400000717
25,1,1,0,0,1,59,2,100,110,0,0,0,3,6,0.13109309120334,2.2586134000012
25,1,1,0,0,1,28,6,100,7,0,0,0,3,6,2.02060852873471,3.08418920000258
25,1,1,0,0,1,53,14,100,60,0,0,0,3,6,4.0084457284854,20.1034896999918
25,1,1,0,0,1,40,18,100,110,0,0,0,3,6,5.0416085429692,3.97806930000661
25,1,1,0,0,1,56,12,100,210,0,0,0,3,6,2.04832764699134,27.1028117000096
25,1,1,0,0,1,26,4,100,50,0,0,0,3,6,0.146323600643697,2.96952699999383
25,1,1,0,0,1,68,2.5,100,25,0,0,0,3,6,0.206239783049874,1.78667059999134
25,1,1,0,0,1,58,14,100,20,0,0,0,3,6,4.0526500198099,3.16647050000029
25,1,2,1,0,1,33,6,100,45,11,100,190,3,5,1,6.48615609999979
25,1,2,1,0,1,42,11,100,110,20,100,170,3,5,1,6.71045649998996
25,1,2,1,0,1,36,8.25,100,5,14,100,40,3,5,1,2.40387259999989
25,1,2,1,0,1,31,8.5,100,22,5,100,14,3,5,1,2.06447380001191
25,1,2,1,0,1,30,8,100,90,6.5,100,60,3,5,0,3.93684949999442
25,1,2,1,0,1,25,9,100,160,8.5,100,105,3,5,0,3.21185400000832
25,1,2,1,0,1,14,16.75,100,145,12,100,210,3,5,1,3.25810700000147
25,1,2,1,0,1,26,4,100,50,2.5,100,25,2,5,1,10.0878884999984
25,1,2,1,0,1,5,16,100,5,20,100,15,2,5,0,2.71233480000228
25,1,2,1,0,1,21,6,100,55,5.5,100,40,2,5,1,4.01822879999236
25,1,2,1,0,1,35,13,100,30,12,100,25,2,5,1,3.42694749998918
25,1,2,1,0,1,37,10,100,140,14.5,100,175,2,5,1,4.13824739999836
25,1,2,1,0,1,39,17,100,15,14,100,5,2,5,1,3.73728839999239
25,1,2,1,0,1,13,19.5,100,7,16.5,100,155,2,5,1,3.20947650000744
25,1,2,1,0,1,10,19.5,100,125,18.5,100,85,5,5,0,5.35733430000255
25,1,2,1,0,1,29,7,100,55,6,100,45,5,5,1,2.71502689999761
25,1,2,1,0,1,27,5.25,100,120,1.5,100,20,5,5,1,4.01710389999789
25,1,2,1,0,1,1,5,100,0,3,100,0,5,5,1,2.96888859999308
25,1,2,1,0,1,38,8,100,125,15.5,100,215,5,5,1,3.05656110000564
25,1,2,1,0,1,3,13.5,100,65,15,100,14,5,5,1,4.35489550000057
25,1,2,1,0,1,11,18.25,100,55,14,100,60,5,5,1,2.73743199999444
25,1,2,1,0,1,19,15,100,225,17.5,100,40,6,5,1,4.32052639999893
25,1,2,1,0,1,7,16.75,100,75,16,100,20,6,5,0,6.77708229998825
25,1,2,1,0,1,2,7.5,100,25,5,100,65,6,5,1,3.17820560000837
25,1,2,1,0,1,15,10,100,95,17.25,100,55,6,5,1,3.05761410000559
25,1,2,1,0,1,20,10,100,135,15.75,100,30,6,5,1,24.5779112000018
25,1,2,1,0,1,9,1,100,3,2,100,19,6,5,1,5.07328689999122
25,1,2,1,0,1,32,7,100,120,9.5,100,170,6,5,1,3.05872490000911
25,1,2,1,0,1,12,9.25,100,4,12,100,1,4,5,1,2.90631550000398
25,1,2,1,0,1,17,2,100,110,3.25,100,205,4,5,0,4.61797570000635
25,1,2,1,0,1,4,2,100,70,8.5,100,90,4,5,1,3.21793119999347
25,1,2,1,0,1,28,6,100,7,3.5,100,3,4,5,1,4.49892129999353
25,1,2,1,0,1,34,12,100,85,4,100,70,4,5,1,3.28232749999734
25,1,2,1,0,1,6,19,100,175,7,100,70,4,5,1,3.55791519999912
25,1,2,1,0,1,40,18,100,110,9.5,100,25,4,5,1,3.66442440000537
25,1,2,1,0,1,8,2.5,100,10,16,100,20,1,5,1,3.29682240000693
25,1,2,1,0,1,41,19,100,245,17,100,200,1,5,0,5.69682250000187
25,1,2,1,0,1,24,10,100,80,19,100,150,1,5,1,3.39307209999242
25,1,2,1,0,1,18,18.75,100,250,15,100,31,1,5,0,7.3770583000005
25,1,2,1,0,1,16,14,100,20,16,100,95,1,5,0,5.92900329999975
25,1,2,1,0,1,23,1.75,100,10,7.75,100,120,1,5,1,1.94626009999774
25,1,2,1,0,1,22,19.5,100,45,20,100,165,1,5,0,3.45635690000199
25,2,1,0,1,0,17,3.25,85,0,0,0,0,3,4,1.03443779722067,8.05918599999859
25,2,1,0,1,0,24,19,70,0,0,0,0,3,4,5.01038530518177,7.4519403000013
25,2,1,0,1,0,60,15,35,0,0,0,0,3,4,0.293165758379018,2.83745950000593
25,2,1,0,1,0,13,19.5,5,0,0,0,0,3,4,0.0441068997330483,4.10871339999721
25,2,1,0,1,0,5,20,85,0,0,0,0,3,4,4.98958070042653,4.42295739999099
25,2,1,0,1,0,45,13.5,55,0,0,0,0,3,4,3.02364068989547,3.31930000000284
25,2,1,0,1,0,35,13,70,0,0,0,0,3,4,2.55061321865853,6.35989629999676
25,2,1,0,1,0,44,5,40,0,0,0,0,3,4,1.03938909995913,2.81904999999097
25,2,1,0,1,0,33,11,65,0,0,0,0,3,4,2.04832764699134,5.37938430000213
25,2,1,0,1,0,74,7,40,0,0,0,0,3,4,1.02734586061814,5.83088149999094
25,2,1,0,1,0,21,6,95,0,0,0,0,3,4,2.01605899932928,3.10488070000429
25,2,1,0,1,0,50,2.5,90,0,0,0,0,3,4,1.01523900157096,3.24931639998977
25,2,1,0,1,0,36,14,15,0,0,0,0,3,4,0.439360857280121,2.14839940000093
25,2,1,0,1,0,65,1.75,80,0,0,0,0,3,4,0.147339375189432,2.01219550000678
25,2,1,0,1,0,67,8.5,50,0,0,0,0,2,4,1.01523900157096,6.05171400000108
25,2,1,0,1,0,72,6.5,90,0,0,0,0,2,4,1.98336870024632,4.32502669999667
25,2,1,0,1,0,69,1.5,95,0,0,0,0,2,4,1.00830644677874,4.14015609999478
25,2,1,0,1,0,18,18.75,80,0,0,0,0,2,4,5.09346111450509,2.13947320000443
25,2,1,0,1,0,1,5,50,0,0,0,0,2,4,0.996199999994484,7.92629289999604
25,2,1,0,1,0,73,5,70,0,0,0,0,2,4,2.06680712403991,2.95934529999795
25,2,1,0,1,0,63,5.5,70,0,0,0,0,2,4,1.99769373642336,3.09703240000817
25,2,1,0,1,0,2,7.5,75,0,0,0,0,2,4,1.98831450784873,3.61809709999943
25,2,1,0,1,0,8,16,15,0,0,0,0,2,4,0.176793363466064,2.88319090000005
25,2,1,0,1,0,70,3.5,40,0,0,0,0,2,4,0.338621374603612,3.06440800000564
25,2,1,0,1,0,49,16,50,0,0,0,0,2,4,3.01092170691353,2.86355320000439
25,2,1,0,1,0,77,12,75,0,0,0,0,2,4,2.9909289842474,3.06937700000708
25,2,1,0,1,0,27,5.25,50,0,0,0,0,2,4,1.05136913422507,2.54853279999224
25,2,1,0,1,0,68,2.5,65,0,0,0,0,2,4,0.676892581503978,3.96979049999209
25,2,1,0,1,0,37,14.5,5,0,0,0,0,1,4,0.132609935998001,2.77652169999783
25,2,1,0,1,0,64,19.5,65,0,0,0,0,1,4,4.0084457284854,3.22711320000235
25,2,1,0,1,0,57,10,50,0,0,0,0,1,4,2.02517793912398,11.5663052000018
25,2,1,0,1,0,59,2,80,0,0,0,0,1,4,0.264493345896152,5.69026170000143
25,2,1,0,1,0,79,10,10,0,0,0,0,1,4,0.220449870460527,2.22834750000038
25,2,1,0,1,0,61,15,75,0,0,0,0,1,4,3.02401239525638,2.84052399999928
25,2,1,0,1,0,52,18.5,10,0,0,0,0,1,4,1.00537839182461,2.02788259999943
25,2,1,0,1,0,32,9.5,30,0,0,0,0,1,4,0.412047573014494,3.25245689999429
25,2,1,0,1,0,81,14,55,0,0,0,0,1,4,3.05581353665619,14.6713796000113
25,2,1,0,1,0,19,17.5,25,0,0,0,0,1,4,1.0199134531522,1.74098059999233
25,2,1,0,1,0,30,8,75,0,0,0,0,1,4,2.01605899932928,4.52389460000268
25,2,1,0,1,0,20,15.75,35,0,0,0,0,1,4,1.00076832543155,9.41966810000304
25,2,1,0,1,0,34,12,15,0,0,0,0,1,4,0.353314457762693,1.89620339999965
25,2,1,0,1,0,42,20,30,0,0,0,0,1,4,1.03206305929602,50.8293090999941
25,2,1,0,1,0,29,7,20,0,0,0,0,6,4,0.205290029554956,3.66744440000912
25,2,1,0,1,0,4,8.5,20,0,0,0,0,6,4,1.02500325524284,2.84007710000151
25,2,1,0,1,0,62,10,95,0,0,0,0,6,4,4.97933059949916,2.94468259999121
25,2,1,0,1,0,46,2,55,0,0,0,0,6,4,0.397370486110816,3.27731170000334
25,2,1,0,1,0,25,9,60,0,0,0,0,6,4,2.00185987571388,3.91439550000359
25,2,1,0,1,0,54,9.25,40,0,0,0,0,6,4,1.08743104679034,13.7743416000012
25,2,1,0,1,0,7,16.75,65,0,0,0,0,6,4,4.0383850885907,30.2052557999996
25,2,1,0,1,0,84,11,50,0,0,0,0,6,4,3.00423006684671,2.57047700000112
25,2,1,0,1,0,53,14,90,0,0,0,0,6,4,6.03778068586726,2.31911919999402
25,2,1,0,1,0,9,2,30,0,0,0,0,6,4,0.601012019561246,14.3347270999948
25,2,1,0,1,0,11,18.25,70,0,0,0,0,6,4,4.04394648965637,2.99553379999998
25,2,1,0,1,0,75,6,85,0,0,0,0,6,4,1.03443779722067,3.19027970000752
25,2,1,0,1,0,3,15,85,0,0,0,0,6,4,5.03115569444886,7.18353909999132
25,2,1,0,1,0,76,4,35,0,0,0,0,6,4,0.279814478620207,2.86089949999587
25,2,1,0,1,0,56,12,90,0,0,0,0,5,4,4.00625727971506,3.29712410000502
25,2,1,0,1,0,82,9.5,20,0,0,0,0,5,4,1.04654443054575,2.24416880001081
25,2,1,0,1,0,15,17.25,25,0,0,0,0,5,4,1.04654443054575,2.43218689999776
25,2,1,0,1,0,71,6,25,0,0,0,0,5,4,0.35168959875671,1.6048129999981
25,2,1,0,1,0,6,19,20,0,0,0,0,5,4,0.753285327238881,1.62041750000208
25,2,1,0,1,0,22,20,90,0,0,0,0,5,4,9.98539865467756,2.10820999999123
25,2,1,0,1,0,41,19,65,0,0,0,0,5,4,5.04133836524481,1.95584790001158
25,2,1,0,1,0,78,8.25,20,0,0,0,0,5,4,0.986287214316132,2.96157030000177
25,2,1,0,1,0,23,7.75,60,0,0,0,0,5,4,2.10869095128426,2.04777920000197
25,2,1,0,1,0,38,15.5,40,0,0,0,0,5,4,2.05295088345068,22.3047636000119
25,2,1,0,1,0,14,16.75,45,0,0,0,0,5,4,2.02517793912398,2.50292030000128
25,2,1,0,1,0,55,16.5,25,0,0,0,0,5,4,0.630142960050613,2.10537849999673
25,2,1,0,1,0,80,8,45,0,0,0,0,5,4,1.01523900157096,1.74056780000683
25,2,1,0,1,0,66,10,90,0,0,0,0,5,4,5.02066940050083,1.79210410000815
25,2,1,0,1,0,10,19.5,10,0,0,0,0,4,4,0.279814478620207,2.45314329999383
25,2,1,0,1,0,47,16,100,0,0,0,0,4,4,10,14.2652356000035
25,2,1,0,1,0,12,12,35,0,0,0,0,4,4,1.01757090488666,47.4936385999899
25,2,1,0,1,0,58,14,45,0,0,0,0,4,4,2.9911317509229,2.4371994999965
25,2,1,0,1,0,26,4,45,0,0,0,0,4,4,0.353314457762693,23.821265000006
25,2,1,0,1,0,51,1,40,0,0,0,0,4,4,0.176793363466064,2.03506460000062
25,2,1,0,1,0,16,16,65,0,0,0,0,4,4,5.0514221265852,2.06978799999342
25,2,1,0,1,0,31,8.5,50,0,0,0,0,4,4,2.00219658686413,14.544206400009
25,2,1,0,1,0,48,7,45,0,0,0,0,4,4,0.998478980309287,4.23965920000046
25,2,1,0,1,0,39,17,35,0,0,0,0,4,4,1.02969910463968,4.58118549999199
25,2,1,0,1,0,43,3,30,0,0,0,0,4,4,0.191075559896653,1.64549560000887
25,2,1,0,1,0,40,18,15,0,0,0,0,4,4,2.04832764699134,1.88960889998998
25,2,1,0,1,0,28,6,25,0,0,0,0,4,4,0.1906355570774,1.37159399999655
25,2,1,0,1,0,83,17,80,0,0,0,0,4,4,6.03258984437746,1.713923599993
25,2,2,1,1,0,18,18.75,80,0,15,35,0,2,3,1,3.55828660000407
25,2,2,1,1,0,39,17,35,0,14,55,0,2,3,0,9.47884089998843
25,2,2,1,1,0,25,8.5,50,0,9,60,0,2,3,1,3.62078180001117
25,2,2,1,1,0,5,16,100,0,20,85,0,2,3,0,2.06582209999033
25,2,2,1,1,0,31,5,70,0,8.5,50,0,2,3,0,4.81360680000216
25,2,2,1,1,0,20,10,95,0,15.75,35,0,2,3,0,3.46730730000127
25,2,2,1,1,0,3,13.5,55,0,15,85,0,2,3,1,2.17713019999792
25,2,2,1,1,0,8,2.5,90,0,16,15,0,1,3,0,17.939117499991
25,2,2,1,1,0,15,10,50,0,17.25,25,0,1,3,0,4.16084470000351
25,2,2,1,1,0,26,2.5,65,0,4,45,0,1,3,0,3.20065679999243
25,2,2,1,1,0,35,12,75,0,13,70,0,1,3,1,2.96046679999563
25,2,2,1,1,0,9,1,40,0,2,30,0,1,3,0,2.32071260000521
25,2,2,1,1,0,22,19.5,65,0,20,90,0,1,3,1,2.88029760000063
25,2,2,1,1,0,21,5.5,70,0,6,95,0,1,3,1,2.11206440000387
25,2,2,1,1,0,1,3,30,0,5,50,0,3,3,1,3.57422490000317
25,2,2,1,1,0,38,8,45,0,15.5,40,0,3,3,1,3.53668449999532
25,2,2,1,1,0,29,6,25,0,7,20,0,3,3,0,5.89723790000426
25,2,2,1,1,0,13,16.5,25,0,19.5,5,0,3,3,0,2.73735429999942
25,2,2,1,1,0,14,12,90,0,16.75,45,0,3,3,0,3.8635043999966
25,2,2,1,1,0,11,18.25,70,0,14,90,0,3,3,0,4.02139409999654
25,2,2,1,1,0,41,19,65,0,17,80,0,3,3,0,5.12506410000788
25,2,2,1,1,0,16,16,65,0,14,45,0,4,3,1,5.19414010000764
25,2,2,1,1,0,6,7,45,0,19,20,0,4,3,1,3.32916269999987
25,2,2,1,1,0,40,9.5,20,0,18,15,0,4,3,1,6.36293229999137
25,2,2,1,1,0,34,4,35,0,12,15,0,4,3,1,4.24266150000039
25,2,2,1,1,0,17,3.25,85,0,2,80,0,4,3,1,3.01129739999305
25,2,2,1,1,0,10,18.5,10,0,19.5,10,0,4,3,1,2.5365701999981
25,2,2,1,1,0,42,20,30,0,11,50,0,4,3,0,5.32967219999409
25,2,2,1,1,0,4,8.5,20,0,2,55,0,6,3,1,5.57070409999869
25,2,2,1,1,0,19,17.5,25,0,15,75,0,6,3,0,1.96245660001296
25,2,2,1,1,0,33,6,85,0,11,65,0,6,3,1,3.23005290000583
25,2,2,1,1,0,28,6,25,0,3.5,40,0,6,3,1,7.53918750000594
25,2,2,1,1,0,27,5.25,50,0,1.5,95,0,6,3,0,4.40930060000392
25,2,2,1,1,0,30,6.5,90,0,8,75,0,6,3,0,2.35270570000284
25,2,2,1,1,0,7,16.75,65,0,16,50,0,6,3,1,3.20870509999804
25,2,2,1,1,0,37,10,10,0,14.5,5,0,5,3,0,2.97693479999725
25,2,2,1,1,0,2,5,40,0,7.5,75,0,5,3,1,4.06469149999612
25,2,2,1,1,0,32,7,40,0,9.5,30,0,5,3,0,3.00947439999436
25,2,2,1,1,0,12,9.25,40,0,12,35,0,5,3,0,3.77872770000249
25,2,2,1,1,0,24,10,90,0,19,70,0,5,3,1,3.10639580000134
25,2,2,1,1,0,23,7.75,60,0,1.75,80,0,5,3,1,3.21236179998959
25,2,2,1,1,0,36,14,15,0,8.25,20,0,5,3,1,5.40833179999026
25,3,1,0,1,1,81,14,55,5,0,0,0,1,2,4.02899492683292,20.531047299999
25,3,1,0,1,1,9,2,30,19,0,0,0,1,2,0.0882095654972694,4.36148459999822
25,3,1,0,1,1,58,14,45,20,0,0,0,1,2,3.04383423693261,6.62918509999872
25,3,1,0,1,1,73,5,70,14,0,0,0,1,2,2.06694220716932,17.1177054
25,3,1,0,1,1,11,18.25,70,55,0,0,0,1,2,5.03115569444886,3.48058739998669
25,3,1,0,1,1,50,2.5,90,10,0,0,0,1,2,1.06101488097066,3.41669709999405
25,3,1,0,1,1,61,15,75,225,0,0,0,1,2,2.02060852873471,6.08318679999502
25,3,1,0,1,1,64,19.5,65,45,0,0,0,1,2,4.98958070042653,26.0278221000044
25,3,1,0,1,1,51,1,40,3,0,0,0,1,2,0.0884137280821413,2.36299699998926
25,3,1,0,1,1,19,17.5,25,40,0,0,0,1,2,2.0575943037999,3.70655889999762
25,3,1,0,1,1,32,9.5,30,170,0,0,0,1,2,2.04372446794997,4.13033640000504
25,3,1,0,1,1,12,12,35,1,0,0,0,1,2,1.04654443054575,7.88779639999848
25,3,1,0,1,1,42,20,30,170,0,0,0,1,2,2.04369094153031,4.0737683000043
25,3,1,0,1,1,45,13.5,55,65,0,0,0,1,2,3.03663709276969,19.9853021000017
25,3,1,0,1,1,16,16,65,95,0,0,0,6,2,3.04960613040668,7.18712960000266
25,3,1,0,1,1,10,19.5,10,125,0,0,0,6,2,1.04654443054575,2.2671921000001
25,3,1,0,1,1,82,9.5,20,25,0,0,0,6,2,0.541431157054337,2.80965830000059
25,3,1,0,1,1,22,20,90,165,0,0,0,6,2,9.98526345751643,4.64076199999545
25,3,1,0,1,1,52,18.5,10,85,0,0,0,6,2,1.02969910463968,5.20682910000323
25,3,1,0,1,1,5,20,85,15,0,0,0,6,2,7.01568076536348,3.15066470000602
25,3,1,0,1,1,18,18.75,80,250,0,0,0,6,2,6.00230825749328,3.18119679999654
25,3,1,0,1,1,30,8,75,90,0,0,0,6,2,4.05010257550903,5.73097449999477
25,3,1,0,1,1,59,2,80,110,0,0,0,6,2,1.04895128484505,3.2673586000019
25,3,1,0,1,1,83,17,80,200,0,0,0,6,2,5,3.05683009998756
25,3,1,0,1,1,67,8.5,50,105,0,0,0,6,2,2.02060852873471,4.5474275000015
25,3,1,0,1,1,2,7.5,75,25,0,0,0,6,2,2.00701908506628,5.38327019999269
25,3,1,0,1,1,24,19,70,150,0,0,0,6,2,3.02364068989547,15.5759295000025
25,3,1,0,1,1,77,12,75,25,0,0,0,6,2,3.02364068989547,11.19746760001
25,3,1,0,1,1,1,5,50,0,0,0,0,5,2,2.03907445914171,5.49261860000843
25,3,1,0,1,1,39,17,35,15,0,0,0,5,2,1.06345377749977,8.07695009998861
25,3,1,0,1,1,14,16.75,45,145,0,0,0,5,2,3.02364068989547,25.0689760999958
25,3,1,0,1,1,33,11,65,190,0,0,0,5,2,2.99733077512318,2.83713119999447
25,3,1,0,1,1,78,8.25,20,5,0,0,0,5,2,0.545181484061033,3.26750869999523
25,3,1,0,1,1,27,5.25,50,120,0,0,0,5,2,1.05617018740514,2.71682239999063
25,3,1,0,1,1,36,14,15,40,0,0,0,5,2,1.00306810563501,3.0196980000037
25,3,1,0,1,1,84,11,50,110,0,0,0,5,2,3.03620320754046,22.1960626999935
25,3,1,0,1,1,56,12,90,210,0,0,0,5,2,7.99780341313587,3.23417999999947
25,3,1,0,1,1,55,16.5,25,155,0,0,0,5,2,2.04832764699134,8.22173330000078
25,3,1,0,1,1,8,16,15,20,0,0,0,5,2,1.03206305929602,3.22922959999414
25,3,1,0,1,1,70,3.5,40,3,0,0,0,5,2,0.570545225625498,3.31881380001141
25,3,1,0,1,1,62,10,95,135,0,0,0,5,2,5.01038530518177,2.7778352000023
25,3,1,0,1,1,4,8.5,20,90,0,0,0,5,2,1.06101488097066,7.70694580000418
25,3,1,0,1,1,74,7,40,120,0,0,0,2,2,2.00185987571388,8.88658700000087
25,3,1,0,1,1,15,17.25,25,55,0,0,0,2,2,2.02040590619034,7.67097390000708
25,3,1,0,1,1,23,7.75,60,120,0,0,0,2,2,3.03075148701263,3.55480149999494
25,3,1,0,1,1,72,6.5,90,60,0,0,0,2,2,3.03075148701263,3.06687619999866
25,3,1,0,1,1,25,9,60,160,0,0,0,2,2,3.01696439925755,7.22717859999102
25,3,1,0,1,1,40,18,15,110,0,0,0,2,2,2.00219658686413,2.31021719999262
25,3,1,0,1,1,54,9.25,40,4,0,0,0,2,2,1.00076832543155,6.82974850000755
25,3,1,0,1,1,80,8,45,125,0,0,0,2,2,2.03907445914171,3.9234054999979
25,3,1,0,1,1,38,15.5,40,215,0,0,0,2,2,4.02899492683292,5.92944970000826
25,3,1,0,1,1,17,3.25,85,205,0,0,0,2,2,1.04414849718111,2.42520740001055
25,3,1,0,1,1,28,6,25,7,0,0,0,2,2,0.557268608155763,11.7492597000091
25,3,1,0,1,1,76,4,35,70,0,0,0,2,2,0.278526659626227,2.62744969999767
25,3,1,0,1,1,65,1.75,80,10,0,0,0,2,2,1.00306810563501,2.8201310000004
25,3,1,0,1,1,47,16,100,5,0,0,0,2,2,9.95589310026695,8.96519960000296
25,3,1,0,1,1,49,16,50,20,0,0,0,3,2,4.02031156416027,4.77402220001386
25,3,1,0,1,1,60,15,35,31,0,0,0,3,2,3.00423006684671,6.24748140000156
25,3,1,0,1,1,43,3,30,0,0,0,0,3,2,0.410153998494586,4.36987640000007
25,3,1,0,1,1,3,15,85,14,0,0,0,3,2,9.97066289097121,2.77816600000369
25,3,1,0,1,1,66,10,90,80,0,0,0,3,2,4.97933059949916,3.05311349999101
25,3,1,0,1,1,46,2,55,70,0,0,0,3,2,1.06101488097066,2.59171339999011
25,3,1,0,1,1,44,5,40,65,0,0,0,3,2,2.02976735636013,5.67650420000427
25,3,1,0,1,1,21,6,95,55,0,0,0,3,2,2.02060852873471,2.87229929999739
25,3,1,0,1,1,13,19.5,5,7,0,0,0,3,2,0.5744950866256,1.78171120000479
25,3,1,0,1,1,20,15.75,35,30,0,0,0,3,2,2.03914122086579,16.1097087999951
25,3,1,0,1,1,34,12,15,85,0,0,0,3,2,2.01152922605629,3.66028189999633
25,3,1,0,1,1,69,1.5,95,20,0,0,0,3,2,1.01523900157096,2.77349439999671
25,3,1,0,1,1,71,6,25,45,0,0,0,3,2,1.05617018740514,5.39118549998966
25,3,1,0,1,1,57,10,50,95,0,0,0,3,2,2.04832764699134,4.36591269999917
25,3,1,0,1,1,7,16.75,65,75,0,0,0,4,2,4.01485459360784,15.2216365000058
25,3,1,0,1,1,6,19,20,175,0,0,0,4,2,2.1039262135238,4.9980601999996
25,3,1,0,1,1,48,7,45,70,0,0,0,4,2,1.00306810563501,3.82966580000357
25,3,1,0,1,1,35,13,70,30,0,0,0,4,2,4.01711878533162,3.41132509999443
25,3,1,0,1,1,29,7,20,55,0,0,0,4,2,1.05376424236025,6.2529530999891
25,3,1,0,1,1,75,6,85,45,0,0,0,4,2,2.02517793912398,15.7668713000021
25,3,1,0,1,1,79,10,10,140,0,0,0,4,2,0.559841260458729,3.21591129999433
25,3,1,0,1,1,26,4,45,50,0,0,0,4,2,1.05376424236025,10.3417713999952
25,3,1,0,1,1,37,14.5,5,175,0,0,0,4,2,0.161693108703986,2.50174560000596
25,3,1,0,1,1,63,5.5,70,40,0,0,0,4,2,2.04832764699134,18.4904971000069
25,3,1,0,1,1,31,8.5,50,22,0,0,0,4,2,3.0299413320509,2.69152110000141
25,3,1,0,1,1,53,14,90,60,0,0,0,4,2,6.99576993315329,2.26970469999651
25,3,1,0,1,1,68,2.5,65,25,0,0,0,4,2,1.03938909995913,2.46195100000477
25,3,1,0,1,1,41,19,65,245,0,0,0,4,2,5,3.83622539999487
25,3,2,1,1,1,2,7.5,75,25,5,40,65,3,1,1,4.50527490000241
25,3,2,1,1,1,16,16,65,95,14,45,20,3,1,1,2.89953209999658
25,3,2,1,1,1,40,9.5,20,25,18,15,110,3,1,1,5.15268780000042
25,3,2,1,1,1,3,13.5,55,65,15,85,14,3,1,1,6.28067649999866
25,3,2,1,1,1,7,16.75,65,75,16,50,20,3,1,1,3.3052566999977
25,3,2,1,1,1,30,6.5,90,60,8,75,90,3,1,0,7.2017363999912
25,3,2,1,1,1,36,8.25,20,5,14,15,40,3,1,1,2.91291840000486
25,3,2,1,1,1,15,17.25,25,55,10,50,95,5,1,0,12.4330560999952
25,3,2,1,1,1,18,15,35,31,18.75,80,250,5,1,1,7.83263950000401
25,3,2,1,1,1,17,3.25,85,205,2,80,110,5,1,0,5.05014259999734
25,3,2,1,1,1,34,12,15,85,4,35,70,5,1,1,4.88212059999933
25,3,2,1,1,1,39,17,35,15,14,55,5,5,1,0,9.24242609999783
25,3,2,1,1,1,22,20,90,165,19.5,65,45,5,1,1,3.08165550000558
25,3,2,1,1,1,1,3,30,0,5,50,0,5,1,1,5.79339320000145
25,3,2,1,1,1,19,17.5,25,40,15,75,225,2,1,1,7.0478948999953
25,3,2,1,1,1,37,10,10,140,14.5,5,175,2,1,1,15.8559317000036
25,3,2,1,1,1,11,18.25,70,55,14,90,60,2,1,0,4.75402330000361
25,3,2,1,1,1,35,13,70,30,12,75,25,2,1,0,6.77348150000034
25,3,2,1,1,1,38,8,45,125,15.5,40,215,2,1,1,21.3758930999902
25,3,2,1,1,1,9,2,30,19,1,40,3,2,1,0,4.56999329999962
25,3,2,1,1,1,27,1.5,95,20,5.25,50,120,2,1,0,5.85607249999885
25,3,2,1,1,1,41,19,65,245,17,80,200,1,1,0,5.40340770001058
25,3,2,1,1,1,33,6,85,45,11,65,190,1,1,0,6.78564879999612
25,3,2,1,1,1,12,9.25,40,4,12,35,1,1,1,0,9.3143992999976
25,3,2,1,1,1,26,4,45,50,2.5,65,25,1,1,0,3.5865569000016
25,3,2,1,1,1,21,5.5,70,40,6,95,55,1,1,1,4.13569520000601
25,3,2,1,1,1,8,2.5,90,10,16,15,20,1,1,0,8.51418589999957
25,3,2,1,1,1,28,3.5,40,3,6,25,7,1,1,0,6.85017320000043
25,3,2,1,1,1,14,16.75,45,145,12,90,210,4,1,0,4.19394789999933
25,3,2,1,1,1,42,20,30,170,11,50,110,4,1,0,9.96079099999042
25,3,2,1,1,1,6,19,20,175,7,45,70,4,1,0,7.28022390000115
25,3,2,1,1,1,24,19,70,150,10,90,80,4,1,1,4.40988229999493
25,3,2,1,1,1,4,2,55,70,8.5,20,90,4,1,1,5.28875530000369
25,3,2,1,1,1,20,10,95,135,15.75,35,30,4,1,0,3.57625520000875
25,3,2,1,1,1,31,5,70,14,8.5,50,22,4,1,1,13.3848928999942
25,3,2,1,1,1,10,18.5,10,85,19.5,10,125,6,1,1,5.67985390000104
25,3,2,1,1,1,32,9.5,30,170,7,40,120,6,1,1,8.1035869000043
25,3,2,1,1,1,23,7.75,60,120,1.75,80,10,6,1,1,6.00027030000638
25,3,2,1,1,1,13,16.5,25,155,19.5,5,7,6,1,0,6.87729770000442
25,3,2,1,1,1,5,20,85,15,16,100,5,6,1,0,2.28827559998899
25,3,2,1,1,1,29,6,25,45,7,20,55,6,1,1,10.9131881999929
25,3,2,1,1,1,25,8.5,50,105,9,60,160,6,1,1,8.41564049999579
26,1,1,0,1,0,15,17.25,25,0,0,0,0,4,4,7.02861811948775,10.6871101999423
26,1,1,0,1,0,3,15,85,0,0,0,0,4,4,5,4.86283930006903
26,1,1,0,1,0,52,18.5,10,0,0,0,0,4,4,1.00076832543155,4.70970320003107
26,1,1,0,1,0,67,8.5,50,0,0,0,0,4,4,2.0064147342708,2.79658309998922
26,1,1,0,1,0,36,14,15,0,0,0,0,4,4,2.99756587730808,2.08355049998499
26,1,1,0,1,0,40,18,15,0,0,0,0,4,4,2.99733077512318,4.18719419999979
26,1,1,0,1,0,13,19.5,5,0,0,0,0,4,4,1.01060684333609,1.80105369992089
26,1,1,0,1,0,75,6,85,0,0,0,0,4,4,2.99686772360027,3.7164815000724
26,1,1,0,1,0,4,8.5,20,0,0,0,0,4,4,2.53137841449796,1.97217810002621
26,1,1,0,1,0,47,16,100,0,0,0,0,4,4,4.00090840045691,2.36684390006121
26,1,1,0,1,0,48,7,45,0,0,0,0,4,4,2.00219658686413,2.05384639999829
26,1,1,0,1,0,81,14,55,0,0,0,0,4,4,3.76358948843275,1.55236580001656
26,1,1,0,1,0,9,2,30,0,0,0,0,4,4,0.48424754974803,1.46453810005914
26,1,1,0,1,0,66,10,90,0,0,0,0,4,4,3.53121278810926,1.55179619998671
26,1,1,0,1,0,30,8,75,0,0,0,0,1,4,2.00219658686413,6.39609119994566
26,1,1,0,1,0,68,2.5,65,0,0,0,0,1,4,0.767914124336073,7.8718177000992
26,1,1,0,1,0,24,19,70,0,0,0,0,1,4,5,3.41258779994678
26,1,1,0,1,0,2,7.5,75,0,0,0,0,1,4,2.99686772360027,3.4025333999889
26,1,1,0,1,0,76,4,35,0,0,0,0,1,4,1.04895128484505,1.60262829996645
26,1,1,0,1,0,70,3.5,40,0,0,0,0,1,4,0.647669672889815,4.93937279994134
26,1,1,0,1,0,21,6,95,0,0,0,0,1,4,2.48508453305458,1.51767339999788
26,1,1,0,1,0,69,1.5,95,0,0,0,0,1,4,0.466407595240103,1.53188049991149
26,1,1,0,1,0,29,7,20,0,0,0,0,1,4,2.03437690732758,1.35574339993764
26,1,1,0,1,0,5,20,85,0,0,0,0,1,4,7.0088682490771,1.3598032000009
26,1,1,0,1,0,26,4,45,0,0,0,0,1,4,1.54530864553941,1.21559089992661
26,1,1,0,1,0,20,15.75,35,0,0,0,0,1,4,3.98915783697319,1.52515739994124
26,1,1,0,1,0,61,15,75,0,0,0,0,1,4,5.03115569444886,1.23047660000157
26,1,1,0,1,0,49,16,50,0,0,0,0,1,4,5.99271932729416,1.83746459998656
26,1,1,0,1,0,6,19,20,0,0,0,0,5,4,4.9375882963815,2.27391760004684
26,1,1,0,1,0,37,14.5,5,0,0,0,0,5,4,2.06215716410116,1.68864239996765
26,1,1,0,1,0,77,12,75,0,0,0,0,5,4,4.02348382980894,1.80818930000532
26,1,1,0,1,0,59,2,80,0,0,0,0,5,4,1.00537839182461,1.46263750002254
26,1,1,0,1,0,63,5.5,70,0,0,0,0,5,4,2.00185987571388,1.83991559990682
26,1,1,0,1,0,80,8,45,0,0,0,0,5,4,3.55147380992164,1.46399740001652
26,1,1,0,1,0,31,8.5,50,0,0,0,0,5,4,4.01711878533162,1.74324709991924
26,1,1,0,1,0,10,19.5,10,0,0,0,0,5,4,3.99654757817326,2.13537259993609
26,1,1,0,1,0,16,16,65,0,0,0,0,5,4,7.01568076536348,1.37246240000241
26,1,1,0,1,0,25,9,60,0,0,0,0,5,4,4.29781033105954,1.45431369997095
26,1,1,0,1,0,12,12,35,0,0,0,0,5,4,3.0299413320509,3.40240509994328
26,1,1,0,1,0,58,14,45,0,0,0,0,5,4,5.47605706875229,2.61434010008816
26,1,1,0,1,0,73,5,70,0,0,0,0,5,4,2.44943433286316,1.5570150000276
26,1,1,0,1,0,34,12,15,0,0,0,0,5,4,1.02734586061814,1.1035380999092
26,1,1,0,1,0,65,1.75,80,0,0,0,0,2,4,0.486485920403332,1.56033160001971
26,1,1,0,1,0,32,9.5,30,0,0,0,0,2,4,2.05288469540675,2.33879830001388
26,1,1,0,1,0,38,15.5,40,0,0,0,0,2,4,3.53296463113706,4.8941755000269
26,1,1,0,1,0,62,10,95,0,0,0,0,2,4,5.01038530518177,1.18370009993669
26,1,1,0,1,0,46,2,55,0,0,0,0,2,4,1.07514123330803,1.32280949992128
26,1,1,0,1,0,27,5.25,50,0,0,0,0,2,4,2.02517793912398,1.25591910001822
26,1,1,0,1,0,1,5,50,0,0,0,0,2,4,2.3512510907587,1.38857899990398
26,1,1,0,1,0,54,9.25,40,0,0,0,0,2,4,3.56080394295828,1.13513050007168
26,1,1,0,1,0,57,10,50,0,0,0,0,2,4,5.06140836277202,1.03966180002317
26,1,1,0,1,0,39,17,35,0,0,0,0,2,4,2.99709806937205,1.26509250001982
26,1,1,0,1,0,7,16.75,65,0,0,0,0,2,4,6.03443779722067,1.47543690004386
26,1,1,0,1,0,14,16.75,45,0,0,0,0,2,4,6.02400252053495,1.36673270002939
26,1,1,0,1,0,55,16.5,25,0,0,0,0,2,4,2.04832764699134,1.10040849994402
26,1,1,0,1,0,71,6,25,0,0,0,0,2,4,2.00671910402213,1.47145539999474
26,1,1,0,1,0,22,20,90,0,0,0,0,6,4,8.02558714729971,1.4188695999328
26,1,1,0,1,0,28,6,25,0,0,0,0,6,4,2.03907445914171,1.41730450000614
26,1,1,0,1,0,56,12,90,0,0,0,0,6,4,5.02073672706284,1.51074779999908
26,1,1,0,1,0,79,10,10,0,0,0,0,6,4,1.01523900157096,1.60270249994937
26,1,1,0,1,0,17,3.25,85,0,0,0,0,6,4,1.09493938892155,2.56552659999579
26,1,1,0,1,0,11,18.25,70,0,0,0,0,6,4,6.00230825749328,1.22241579997353
26,1,1,0,1,0,23,7.75,60,0,0,0,0,6,4,3.03620320754046,1.33974540000781
26,1,1,0,1,0,33,11,65,0,0,0,0,6,4,6.98968470030187,1.7736480999738
26,1,1,0,1,0,18,18.75,80,0,0,0,0,6,4,8.02401239525638,6.34226389997639
26,1,1,0,1,0,35,13,70,0,0,0,0,6,4,5.0512565230401,5.19946759997401
26,1,1,0,1,0,82,9.5,20,0,0,0,0,6,4,1.99732496911206,1.65475059999153
26,1,1,0,1,0,50,2.5,90,0,0,0,0,6,4,0.988554800503593,1.50138249993324
26,1,1,0,1,0,78,8.25,20,0,0,0,0,6,4,0.51347237800157,1.17609780002385
26,1,1,0,1,0,84,11,50,0,0,0,0,6,4,4.03214513455646,3.18865849997383
26,1,1,0,1,0,83,17,80,0,0,0,0,3,4,7.0088682490771,2.37645700003486
26,1,1,0,1,0,51,1,40,0,0,0,0,3,4,0.191517597927227,1.88687529996969
26,1,1,0,1,0,43,3,30,0,0,0,0,3,4,1.03702549107566,2.07081149995793
26,1,1,0,1,0,64,19.5,65,0,0,0,0,3,4,8.00267503088794,3.76728390005883
26,1,1,0,1,0,19,17.5,25,0,0,0,0,3,4,3.9858992931241,1.47100959997624
26,1,1,0,1,0,72,6.5,90,0,0,0,0,3,4,2.07114546226854,1.55660589993931
26,1,1,0,1,0,53,14,90,0,0,0,0,3,4,6.02592483436413,4.83885970001575
26,1,1,0,1,0,44,5,40,0,0,0,0,3,4,1.46696399386558,1.81440789997578
26,1,1,0,1,0,60,15,35,0,0,0,0,3,4,3.0106169437502,1.43185440008529
26,1,1,0,1,0,42,20,30,0,0,0,0,3,4,4.01668931764639,1.20885699999053
26,1,1,0,1,0,45,13.5,55,0,0,0,0,3,4,4.52239301069271,0.844555499963462
26,1,1,0,1,0,74,7,40,0,0,0,0,3,4,1.9928098882287,1.20072329998948
26,1,1,0,1,0,41,19,65,0,0,0,0,3,4,6.43142144631346,1.04783659998793
26,1,1,0,1,0,8,16,15,0,0,0,0,3,4,2.03447807263204,0.974658700055443
26,1,2,1,1,0,38,15.5,40,0,8,45,0,4,3,0,5.3703643999761
26,1,2,1,1,0,16,16,65,0,14,45,0,4,3,1,2.01749460003339
26,1,2,1,1,0,28,6,25,0,3.5,40,0,4,3,0,1.71112190000713
26,1,2,1,1,0,8,2.5,90,0,16,15,0,4,3,0,1.56092009996064
26,1,2,1,1,0,23,7.75,60,0,1.75,80,0,4,3,1,3.95003830001224
26,1,2,1,1,0,26,2.5,65,0,4,45,0,4,3,0,2.33668859989848
26,1,2,1,1,0,21,6,95,0,5.5,70,0,4,3,1,1.67429770005401
26,1,2,1,1,0,5,20,85,0,16,100,0,5,3,0,2.72893910005223
26,1,2,1,1,0,35,12,75,0,13,70,0,5,3,0,3.19679459999315
26,1,2,1,1,0,22,19.5,65,0,20,90,0,5,3,1,1.40501109999605
26,1,2,1,1,0,34,12,15,0,4,35,0,5,3,1,7.46260750002693
26,1,2,1,1,0,30,8,75,0,6.5,90,0,5,3,0,1.53357490000781
26,1,2,1,1,0,14,12,90,0,16.75,45,0,5,3,0,1.96927989996038
26,1,2,1,1,0,2,5,40,0,7.5,75,0,5,3,1,1.38108479999937
26,1,2,1,1,0,9,2,30,0,1,40,0,1,3,0,3.1526647999417
26,1,2,1,1,0,17,3.25,85,0,2,80,0,1,3,1,2.21257840003818
26,1,2,1,1,0,13,16.5,25,0,19.5,5,0,1,3,0,3.36838850006461
26,1,2,1,1,0,18,18.75,80,0,15,35,0,1,3,1,1.83804439997766
26,1,2,1,1,0,20,10,95,0,15.75,35,0,1,3,0,2.51285100006498
26,1,2,1,1,0,1,3,30,0,5,50,0,1,3,1,1.76970699999947
26,1,2,1,1,0,42,20,30,0,11,50,0,1,3,0,2.57738699996844
26,1,2,1,1,0,10,18.5,10,0,19.5,10,0,3,3,1,3.48260699992534
26,1,2,1,1,0,33,11,65,0,6,85,0,3,3,0,2.24637919990346
26,1,2,1,1,0,40,18,15,0,9.5,20,0,3,3,0,2.27635079994798
26,1,2,1,1,0,7,16.75,65,0,16,50,0,3,3,1,1.64058430003934
26,1,2,1,1,0,39,14,55,0,17,35,0,3,3,0,2.08045329991728
26,1,2,1,1,0,19,17.5,25,0,15,75,0,3,3,0,1.30790449993219
26,1,2,1,1,0,29,6,25,0,7,20,0,3,3,0,1.74571519996971
26,1,2,1,1,0,24,10,90,0,19,70,0,6,3,0,3.77188270003535
26,1,2,1,1,0,11,18.25,70,0,14,90,0,6,3,0,3.1479123000754
26,1,2,1,1,0,3,13.5,55,0,15,85,0,6,3,1,1.68952489993535
26,1,2,1,1,0,37,14.5,5,0,10,10,0,6,3,0,2.18721729994286
26,1,2,1,1,0,32,9.5,30,0,7,40,0,6,3,0,2.01747059996706
26,1,2,1,1,0,36,14,15,0,8.25,20,0,6,3,1,3.24157229997218
26,1,2,1,1,0,6,7,45,0,19,20,0,6,3,0,2.69243239995558
26,1,2,1,1,0,27,5.25,50,0,1.5,95,0,2,3,0,3.03615930001251
26,1,2,1,1,0,15,17.25,25,0,10,50,0,2,3,0,1.96066400001291
26,1,2,1,1,0,41,17,80,0,19,65,0,2,3,0,2.69210500002373
26,1,2,1,1,0,12,9.25,40,0,12,35,0,2,3,1,3.1104204999283
26,1,2,1,1,0,25,8.5,50,0,9,60,0,2,3,1,1.58572670002468
26,1,2,1,1,0,31,5,70,0,8.5,50,0,2,3,0,1.89269620005507
26,1,2,1,1,0,4,2,55,0,8.5,20,0,2,3,0,2.57709869998507
26,2,1,0,0,1,56,12,100,210,0,0,0,3,6,5.99695851276626,8.84100069990382
26,2,1,0,0,1,77,12,100,25,0,0,0,3,6,6.00554552185455,5.45206530019641
26,2,1,0,0,1,63,5.5,100,40,0,0,0,3,6,2.05295088345068,2.31192109989934
26,2,1,0,0,1,52,18.5,100,85,0,0,0,3,6,8.99923167456845,2.07909719995223
26,2,1,0,0,1,22,20,100,165,0,0,0,3,6,10.0292025370263,2.29440190014429
26,2,1,0,0,1,15,17.25,100,55,0,0,0,3,6,8.81823382488492,1.91796009987593
26,2,1,0,0,1,68,2.5,100,25,0,0,0,3,6,1.04414849718111,1.62927539995871
26,2,1,0,0,1,2,7.5,100,25,0,0,0,3,6,3.96741015562254,2.2884352998808
26,2,1,0,0,1,32,9.5,100,170,0,0,0,3,6,4.71886156218007,2.31722049997188
26,2,1,0,0,1,9,2,100,19,0,0,0,3,6,0.573172420067337,2.09594110003673
26,2,1,0,0,1,66,10,100,80,0,0,0,3,6,4.98961469481823,3.55485380021855
26,2,1,0,0,1,49,16,100,20,0,0,0,3,6,8.03387119874938,1.83488189987838
26,2,1,0,0,1,28,6,100,7,0,0,0,3,6,3.0106169437502,1.75650250003673
26,2,1,0,0,1,81,14,100,5,0,0,0,3,6,7.06779608086971,3.04220220004208
26,2,1,0,0,1,69,1.5,100,20,0,0,0,1,6,0.614171127961793,2.16516100009903
26,2,1,0,0,1,75,6,100,45,0,0,0,1,6,3.01696439925755,2.63673290004954
26,2,1,0,0,1,39,17,100,15,0,0,0,1,6,9.03042935818903,3.17861409997568
26,2,1,0,0,1,12,12,100,1,0,0,0,1,6,6.02924664363956,5.94016690016724
26,2,1,0,0,1,71,6,100,45,0,0,0,1,6,2.99733077512318,1.53880900004879
26,2,1,0,0,1,11,18.25,100,55,0,0,0,1,6,9.01946842121011,1.50031279982068
26,2,1,0,0,1,31,8.5,100,22,0,0,0,1,6,4.43972765898101,2.50180619978346
26,2,1,0,0,1,53,14,100,60,0,0,0,1,6,7.03528217811255,1.73870439990424
26,2,1,0,0,1,10,19.5,100,125,0,0,0,1,6,9.98533136760954,2.28308169986121
26,2,1,0,0,1,54,9.25,100,4,0,0,0,1,6,4.56520449722362,2.0805806000717
26,2,1,0,0,1,58,14,100,20,0,0,0,1,6,7.01584732818816,1.7831039999146
26,2,1,0,0,1,60,15,100,31,0,0,0,1,6,8.01663129975369,4.39594670012593
26,2,1,0,0,1,8,16,100,20,0,0,0,1,6,8.03003578181906,1.14325219998136
26,2,1,0,0,1,41,19,100,245,0,0,0,1,6,9.00152101969071,1.85605380008928
26,2,1,0,0,1,82,9.5,100,25,0,0,0,2,6,4.53197611181978,2.92328079999425
26,2,1,0,0,1,84,11,100,110,0,0,0,2,6,6.96292454514298,3.97615800006315
26,2,1,0,0,1,62,10,100,135,0,0,0,2,6,5.04120458786978,2.17733289999887
26,2,1,0,0,1,40,18,100,110,0,0,0,2,6,6.98369841837962,2.45236630016007
26,2,1,0,0,1,19,17.5,100,40,0,0,0,2,6,9.38121568608938,2.21389149990864
26,2,1,0,0,1,50,2.5,100,10,0,0,0,2,6,0.753285327238881,1.53670379985124
26,2,1,0,0,1,13,19.5,100,7,0,0,0,2,6,8.99169355322126,2.51455389987677
26,2,1,0,0,1,7,16.75,100,75,0,0,0,2,6,6.97672721528036,4.00186499999836
26,2,1,0,0,1,24,19,100,150,0,0,0,2,6,6.99603972444742,4.90471450006589
26,2,1,0,0,1,70,3.5,100,3,0,0,0,2,6,1.02034967565935,3.35512059996836
26,2,1,0,0,1,44,5,100,65,0,0,0,2,6,1.55248144181025,4.53977389982902
26,2,1,0,0,1,38,15.5,100,215,0,0,0,2,6,5.0624117036185,1.81581460009329
26,2,1,0,0,1,73,5,100,14,0,0,0,2,6,1.99769373642336,1.72258860012516
26,2,1,0,0,1,72,6.5,100,60,0,0,0,2,6,2.02567223471724,1.85536849987693
26,2,1,0,0,1,27,5.25,100,120,0,0,0,4,6,1.03233009499069,3.19660289981402
26,2,1,0,0,1,17,3.25,100,205,0,0,0,4,6,0.707648848142124,2.21197579987347
26,2,1,0,0,1,35,13,100,30,0,0,0,4,6,5,2.20718099991791
26,2,1,0,0,1,78,8.25,100,5,0,0,0,4,6,3.02401239525638,1.97439129999839
26,2,1,0,0,1,80,8,100,125,0,0,0,4,6,2.07557226407481,2.95325300004333
26,2,1,0,0,1,30,8,100,90,0,0,0,4,6,2.00219658686413,1.49799169995822
26,2,1,0,0,1,59,2,100,110,0,0,0,4,6,0.545181484061033,2.28486420004629
26,2,1,0,0,1,57,10,100,95,0,0,0,4,6,3.05011086343691,2.10576730011962
26,2,1,0,0,1,83,17,100,200,0,0,0,4,6,5.99909159954309,4.91182929999195
26,2,1,0,0,1,4,8.5,100,90,0,0,0,4,6,3.01001672711843,5.48908370011486
26,2,1,0,0,1,26,4,100,50,0,0,0,4,6,1.4207446054652,1.81988080008887
26,2,1,0,0,1,6,19,100,175,0,0,0,4,6,6.57470418890355,2.80711570009589
26,2,1,0,0,1,47,16,100,5,0,0,0,4,6,6.03476458730938,1.93452980020083
26,2,1,0,0,1,34,12,100,85,0,0,0,4,6,4.02976760110337,8.39722230006009
26,2,1,0,0,1,74,7,100,120,0,0,0,5,6,1.98787616201406,1.98618560004979
26,2,1,0,0,1,51,1,100,3,0,0,0,5,6,0.422816965331826,2.23202050011605
26,2,1,0,0,1,29,7,100,55,0,0,0,5,6,2.02583234230042,4.47783749992959
26,2,1,0,0,1,65,1.75,100,10,0,0,0,5,6,0.346903384679521,2.33324119984172
26,2,1,0,0,1,25,9,100,160,0,0,0,5,6,3.0036932398579,2.40491980011575
26,2,1,0,0,1,61,15,100,225,0,0,0,5,6,3.04289105162242,1.93475089990534
26,2,1,0,0,1,21,6,100,55,0,0,0,5,6,1.2795796686096,1.86037219990976
26,2,1,0,0,1,76,4,100,70,0,0,0,5,6,0.984029924482826,1.61189149995334
26,2,1,0,0,1,42,20,100,170,0,0,0,5,6,5.01018590766591,2.71557190013118
26,2,1,0,0,1,64,19.5,100,45,0,0,0,5,6,10,3.40916909999214
26,2,1,0,0,1,14,16.75,100,145,0,0,0,5,6,5.01025151726407,2.11047610011883
26,2,1,0,0,1,46,2,100,70,0,0,0,5,6,0.264493345896152,1.73533629998565
26,2,1,0,0,1,20,15.75,100,30,0,0,0,5,6,5.04120458786978,3.26021839980967
26,2,1,0,0,1,16,16,100,95,0,0,0,5,6,4.05010257550903,2.04521929984912
26,2,1,0,0,1,36,14,100,40,0,0,0,6,6,6.5320451564251,2.36934360000305
26,2,1,0,0,1,43,3,100,0,0,0,0,6,6,0.337840808210185,3.24288140004501
26,2,1,0,0,1,1,5,100,0,0,0,0,6,6,1.95539705527773,1.91994529985823
26,2,1,0,0,1,55,16.5,100,155,0,0,0,6,6,5.53015579908489,5.26421439996921
26,2,1,0,0,1,48,7,100,70,0,0,0,6,6,2.02040590619034,1.58706950000487
26,2,1,0,0,1,23,7.75,100,120,0,0,0,6,6,2.02060852873471,2.39308459986933
26,2,1,0,0,1,45,13.5,100,65,0,0,0,6,6,4.46037734067298,1.78853440005332
26,2,1,0,0,1,37,14.5,100,175,0,0,0,6,6,5.26033750429687,2.17879859986715
26,2,1,0,0,1,33,11,100,190,0,0,0,6,6,2.97800600932336,1.86723159998655
26,2,1,0,0,1,67,8.5,100,105,0,0,0,6,6,1.94580623972587,2.44167000008747
26,2,1,0,0,1,5,20,100,15,0,0,0,6,6,4.97933059949916,3.90901739988476
26,2,1,0,0,1,18,18.75,100,250,0,0,0,6,6,1.99732496911206,2.44645050005056
26,2,1,0,0,1,3,15,100,14,0,0,0,6,6,5,8.16195959993638
26,2,1,0,0,1,79,10,100,140,0,0,0,6,6,2.99780341313587,8.1038798999507
26,2,2,1,0,1,20,15.75,100,30,10,100,135,1,5,1,5.33032030006871
26,2,2,1,0,1,32,7,100,120,9.5,100,170,1,5,1,4.12798399990425
26,2,2,1,0,1,9,2,100,19,1,100,3,1,5,0,2.31939239986241
26,2,2,1,0,1,4,2,100,70,8.5,100,90,1,5,1,2.66786580020562
26,2,2,1,0,1,24,19,100,150,10,100,80,1,5,0,6.22023759991862
26,2,2,1,0,1,34,12,100,85,4,100,70,1,5,1,2.10341920005158
26,2,2,1,0,1,31,8.5,100,22,5,100,14,1,5,1,3.14062980003655
26,2,2,1,0,1,7,16.75,100,75,16,100,20,2,5,0,3.34860330005176
26,2,2,1,0,1,2,5,100,65,7.5,100,25,2,5,1,6.07384089985862
26,2,2,1,0,1,28,3.5,100,3,6,100,7,2,5,1,2.93273020000197
26,2,2,1,0,1,15,17.25,100,55,10,100,95,2,5,1,3.20742279989645
26,2,2,1,0,1,12,12,100,1,9.25,100,4,2,5,0,2.97202700003982
26,2,2,1,0,1,33,11,100,190,6,100,45,2,5,0,3.69212709995918
26,2,2,1,0,1,22,20,100,165,19.5,100,45,2,5,0,2.50244689988904
26,2,2,1,0,1,23,1.75,100,10,7.75,100,120,6,5,0,4.52242480008863
26,2,2,1,0,1,35,13,100,30,12,100,25,6,5,1,8.29264239990152
26,2,2,1,0,1,13,19.5,100,7,16.5,100,155,6,5,1,2.48425909993239
26,2,2,1,0,1,39,14,100,5,17,100,15,6,5,0,4.1170236999169
26,2,2,1,0,1,6,19,100,175,7,100,70,6,5,0,6.56478240014985
26,2,2,1,0,1,37,14.5,100,175,10,100,140,6,5,1,2.31643030000851
26,2,2,1,0,1,5,20,100,15,16,100,5,6,5,0,3.78013799991459
26,2,2,1,0,1,17,2,100,110,3.25,100,205,3,5,0,5.8883636998944
26,2,2,1,0,1,27,1.5,100,20,5.25,100,120,3,5,0,5.55699249985628
26,2,2,1,0,1,40,18,100,110,9.5,100,25,3,5,0,4.74884410016239
26,2,2,1,0,1,21,6,100,55,5.5,100,40,3,5,0,3.47719440003857
26,2,2,1,0,1,26,4,100,50,2.5,100,25,3,5,0,3.61207869998179
26,2,2,1,0,1,41,17,100,200,19,100,245,3,5,1,3.66427160007879
26,2,2,1,0,1,3,13.5,100,65,15,100,14,3,5,1,4.60503059998155
26,2,2,1,0,1,8,2.5,100,10,16,100,20,5,5,1,2.87620209995657
26,2,2,1,0,1,25,9,100,160,8.5,100,105,5,5,0,2.47655780008063
26,2,2,1,0,1,1,3,100,0,5,100,0,5,5,1,3.52890779986046
26,2,2,1,0,1,42,20,100,170,11,100,110,5,5,0,9.01898750010878
26,2,2,1,0,1,11,18.25,100,55,14,100,60,5,5,1,3.83412820007652
26,2,2,1,0,1,18,18.75,100,250,15,100,31,5,5,0,2.74978350009769
26,2,2,1,0,1,16,16,100,95,14,100,20,5,5,0,2.12821830017492
26,2,2,1,0,1,36,8.25,100,5,14,100,40,4,5,0,3.82839409983717
26,2,2,1,0,1,38,15.5,100,215,8,100,125,4,5,0,3.32067489996552
26,2,2,1,0,1,19,17.5,100,40,15,100,225,4,5,1,2.10891499998979
26,2,2,1,0,1,29,7,100,55,6,100,45,4,5,1,2.76600249996409
26,2,2,1,0,1,30,8,100,90,6.5,100,60,4,5,0,3.06078319996595
26,2,2,1,0,1,14,12,100,210,16.75,100,145,4,5,1,2.25580910011195
26,2,2,1,0,1,10,18.5,100,85,19.5,100,125,4,5,0,2.74891860014759
26,3,1,0,1,1,46,2,55,70,0,0,0,4,2,1.01757090488666,6.38604799984023
26,3,1,0,1,1,51,1,40,3,0,0,0,4,2,0.486485920403332,3.24656900018454
26,3,1,0,1,1,6,19,20,175,0,0,0,4,2,5.03075433913086,4.63957939995453
26,3,1,0,1,1,81,14,55,5,0,0,0,4,2,6.9893830562498,3.07863420015201
26,3,1,0,1,1,23,7.75,60,120,0,0,0,4,2,2.99733077512318,4.0631798999384
26,3,1,0,1,1,9,2,30,19,0,0,0,4,2,0.571855813547543,2.67048519989476
26,3,1,0,1,1,14,16.75,45,145,0,0,0,4,2,7.0353486685949,2.36840949999169
26,3,1,0,1,1,34,12,15,85,0,0,0,4,2,3.9619562209322,5.15433660009876
26,3,1,0,1,1,25,9,60,160,0,0,0,4,2,4.05876170744279,6.97499019978568
26,3,1,0,1,1,22,20,90,165,0,0,0,4,2,8.03950828716206,1.82622779998928
26,3,1,0,1,1,5,20,85,15,0,0,0,4,2,7.99298091493372,2.60588499996811
26,3,1,0,1,1,48,7,45,70,0,0,0,4,2,3.05634859555906,2.09355020010844
26,3,1,0,1,1,15,17.25,25,55,0,0,0,4,2,4.98964846810879,2.22788849985227
26,3,1,0,1,1,77,12,75,25,0,0,0,4,2,6.00019501361792,2.1462827003561
26,3,1,0,1,1,50,2.5,90,10,0,0,0,6,2,1.04424811065845,4.73165649967268
26,3,1,0,1,1,59,2,80,110,0,0,0,6,2,1.01622301877033,6.25373730016872
26,3,1,0,1,1,16,16,65,95,0,0,0,6,2,7.02199399067664,4.17747160000727
26,3,1,0,1,1,2,7.5,75,25,0,0,0,6,2,3.01001672711843,3.86795770004392
26,3,1,0,1,1,10,19.5,10,125,0,0,0,6,2,3.97218434396365,1.67750140000135
26,3,1,0,1,1,42,20,30,170,0,0,0,6,2,4.98961469481823,2.68591579981148
26,3,1,0,1,1,75,6,85,45,0,0,0,6,2,3.05581353665619,2.21645389962941
26,3,1,0,1,1,68,2.5,65,25,0,0,0,6,2,1.02734586061814,7.30076210014522
26,3,1,0,1,1,19,17.5,25,40,0,0,0,6,2,4.03771070324113,7.7875655000098
26,3,1,0,1,1,58,14,45,20,0,0,0,6,2,5.97100507316708,2.90880259964615
26,3,1,0,1,1,31,8.5,50,22,0,0,0,6,2,2.95821520550836,1.98318810015917
26,3,1,0,1,1,30,8,75,90,0,0,0,6,2,4.03527512430353,2.35059530008584
26,3,1,0,1,1,1,5,50,0,0,0,0,6,2,2.98448751455834,2.33349840017036
26,3,1,0,1,1,54,9.25,40,4,0,0,0,6,2,3.94184025744508,8.19342439994216
26,3,1,0,1,1,8,16,15,20,0,0,0,5,2,3.03663709276969,1.85669549973682
26,3,1,0,1,1,76,4,35,70,0,0,0,5,2,1.9472853748581,4.38256060006097
26,3,1,0,1,1,69,1.5,95,20,0,0,0,5,2,1.09242522713596,8.31833450030535
26,3,1,0,1,1,65,1.75,80,10,0,0,0,5,2,1.0703020084409,6.32487030001357
26,3,1,0,1,1,27,5.25,50,120,0,0,0,5,2,1.96729131756105,2.05056250002235
26,3,1,0,1,1,18,18.75,80,250,0,0,0,5,2,9.9705951387951,4.35013499995694
26,3,1,0,1,1,61,15,75,225,0,0,0,5,2,6.65301077297821,2.44713970040902
26,3,1,0,1,1,17,3.25,85,205,0,0,0,5,2,1.01291767143232,1.98788000037894
26,3,1,0,1,1,62,10,95,135,0,0,0,5,2,6.04800611408165,7.20849320013076
26,3,1,0,1,1,72,6.5,90,60,0,0,0,5,2,2.99733077512318,4.75457690004259
26,3,1,0,1,1,74,7,40,120,0,0,0,5,2,2.1130037731236,1.87593029998243
26,3,1,0,1,1,53,14,90,60,0,0,0,5,2,7.02199399067664,3.47224049968645
26,3,1,0,1,1,41,19,65,245,0,0,0,5,2,8.04015074996237,2.12261159997433
26,3,1,0,1,1,60,15,35,31,0,0,0,5,2,3.04196697459242,3.72322970023379
26,3,1,0,1,1,67,8.5,50,105,0,0,0,1,2,3.99119641041539,2.39549609972164
26,3,1,0,1,1,52,18.5,10,85,0,0,0,1,2,4.01802830470264,1.76548589998856
26,3,1,0,1,1,83,17,80,200,0,0,0,1,2,8.0527146251419,4.07109369989485
26,3,1,0,1,1,35,13,70,30,0,0,0,1,2,5.95296559992646,3.86879760026932
26,3,1,0,1,1,20,15.75,35,30,0,0,0,1,2,2.98415267181184,2.28089559962973
26,3,1,0,1,1,82,9.5,20,25,0,0,0,1,2,2.02517793912398,2.2921453001909
26,3,1,0,1,1,56,12,90,210,0,0,0,1,2,3.96741015562254,1.15275279991329
26,3,1,0,1,1,13,19.5,5,7,0,0,0,1,2,0.959497231635545,2.33629489969462
26,3,1,0,1,1,33,11,65,190,0,0,0,1,2,4.95906038607359,4.05945260031149
26,3,1,0,1,1,78,8.25,20,5,0,0,0,1,2,2.08534000742704,3.08215200016275
26,3,1,0,1,1,7,16.75,65,75,0,0,0,1,2,7.99328089597787,7.66760319983587
26,3,1,0,1,1,11,18.25,70,55,0,0,0,1,2,8.97030089536031,1.3512451001443
26,3,1,0,1,1,40,18,15,110,0,0,0,1,2,2.97138188051225,1.19129220023751
26,3,1,0,1,1,84,11,50,110,0,0,0,1,2,5.0416085429692,1.94977580010891
26,3,1,0,1,1,4,8.5,20,90,0,0,0,3,2,2.01651964325136,1.9714628001675
26,3,1,0,1,1,12,12,35,1,0,0,0,3,2,3.08026491613417,8.0414966000244
26,3,1,0,1,1,70,3.5,40,3,0,0,0,3,2,0.998478980309287,5.78120899992064
26,3,1,0,1,1,32,9.5,30,170,0,0,0,3,2,3.08291556560051,2.59268649993464
26,3,1,0,1,1,3,15,85,14,0,0,0,3,2,6.01738014738712,1.70758150005713
26,3,1,0,1,1,47,16,100,5,0,0,0,3,2,8.02947247773205,2.13753139972687
26,3,1,0,1,1,38,15.5,40,215,0,0,0,3,2,3.03034432397244,2.71587180020288
26,3,1,0,1,1,37,14.5,5,175,0,0,0,3,2,1.05376424236025,1.4983466998674
26,3,1,0,1,1,43,3,30,0,0,0,0,3,2,0.631592082611636,2.80036210035905
26,3,1,0,1,1,80,8,45,125,0,0,0,3,2,2.0112614124296,3.5833136998117
26,3,1,0,1,1,39,17,35,15,0,0,0,3,2,4.0383850885907,2.5532186999917
26,3,1,0,1,1,79,10,10,140,0,0,0,3,2,1.0372220514598,2.85481180017814
26,3,1,0,1,1,36,14,15,40,0,0,0,3,2,2.97800600932336,2.22006640024483
26,3,1,0,1,1,64,19.5,65,45,0,0,0,3,2,4.97946394954205,3.16894739959389
26,3,1,0,1,1,55,16.5,25,155,0,0,0,2,2,4.0312611905209,2.85943190008402
26,3,1,0,1,1,45,13.5,55,65,0,0,0,2,2,3.96221931413274,3.50333399977535
26,3,1,0,1,1,73,5,70,14,0,0,0,2,2,2.02990165582899,1.98148819990456
26,3,1,0,1,1,29,7,20,55,0,0,0,2,2,1.99321042916964,2.32631930010393
26,3,1,0,1,1,28,6,25,7,0,0,0,2,2,1.98787616201406,1.34277019975707
26,3,1,0,1,1,66,10,90,80,0,0,0,2,2,3.98915783697319,2.17938470002264
26,3,1,0,1,1,26,4,45,50,0,0,0,2,2,1.98336870024632,1.6987252002582
26,3,1,0,1,1,63,5.5,70,40,0,0,0,2,2,2.74365823387942,2.22868080018088
26,3,1,0,1,1,21,6,95,55,0,0,0,2,2,3.06254778184119,1.79899120004848
26,3,1,0,1,1,71,6,25,45,0,0,0,2,2,2.00185987571388,2.14438370009884
26,3,1,0,1,1,49,16,50,20,0,0,0,2,2,5.98197169529736,3.04684910038486
26,3,1,0,1,1,57,10,50,95,0,0,0,2,2,3.35348681447079,2.33360530016944
26,3,1,0,1,1,44,5,40,65,0,0,0,2,2,1.96493244739531,2.25826869998127
26,3,1,0,1,1,24,19,70,150,0,0,0,2,2,8.07522789307951,2.34094509994611
26,3,2,1,1,1,22,19.5,65,45,20,90,165,1,1,1,5.66960190003738
26,3,2,1,1,1,30,6.5,90,60,8,75,90,1,1,0,5.85499079991132
26,3,2,1,1,1,37,14.5,5,175,10,10,140,1,1,0,4.84108499996364
26,3,2,1,1,1,20,10,95,135,15.75,35,30,1,1,0,3.35811939975247
26,3,2,1,1,1,21,5.5,70,40,6,95,55,1,1,1,3.35700310021639
26,3,2,1,1,1,42,20,30,170,11,50,110,1,1,0,6.93550369981676
26,3,2,1,1,1,4,2,55,70,8.5,20,90,1,1,0,8.71435749996454
26,3,2,1,1,1,3,13.5,55,65,15,85,14,6,1,1,3.64156629983336
26,3,2,1,1,1,29,7,20,55,6,25,45,6,1,0,4.16872159997001
26,3,2,1,1,1,16,16,65,95,14,45,20,6,1,1,4.58637880021706
26,3,2,1,1,1,10,19.5,10,125,18.5,10,85,6,1,0,7.48100089980289
26,3,2,1,1,1,40,18,15,110,9.5,20,25,6,1,1,5.25043920008466
26,3,2,1,1,1,9,2,30,19,1,40,3,6,1,0,4.66797420009971
26,3,2,1,1,1,14,16.75,45,145,12,90,210,6,1,0,7.89517450006679
26,3,2,1,1,1,5,20,85,15,16,100,5,3,1,0,3.08086069999263
26,3,2,1,1,1,26,4,45,50,2.5,65,25,3,1,0,4.4161370000802
26,3,2,1,1,1,31,8.5,50,22,5,70,14,3,1,0,4.09047099994496
26,3,2,1,1,1,38,8,45,125,15.5,40,215,3,1,0,6.42584340041503
26,3,2,1,1,1,2,7.5,75,25,5,40,65,3,1,1,2.96039089979604
26,3,2,1,1,1,32,9.5,30,170,7,40,120,3,1,0,5.2558387001045
26,3,2,1,1,1,18,18.75,80,250,15,35,31,3,1,1,4.05672750016674
26,3,2,1,1,1,27,1.5,95,20,5.25,50,120,2,1,0,4.695805599913
26,3,2,1,1,1,36,8.25,20,5,14,15,40,2,1,1,4.55396560020745
26,3,2,1,1,1,25,8.5,50,105,9,60,160,2,1,1,2.85033849999309
26,3,2,1,1,1,11,14,90,60,18.25,70,55,2,1,1,3.51999639999121
26,3,2,1,1,1,34,4,35,70,12,15,85,2,1,1,8.49825179995969
26,3,2,1,1,1,17,2,80,110,3.25,85,205,2,1,0,15.4025753000751
26,3,2,1,1,1,39,14,55,5,17,35,15,2,1,0,4.12092419993132
26,3,2,1,1,1,35,12,75,25,13,70,30,4,1,0,3.93011659989133
26,3,2,1,1,1,23,1.75,80,10,7.75,60,120,4,1,1,4.62646390032023
26,3,2,1,1,1,6,19,20,175,7,45,70,4,1,0,9.09762799972668
26,3,2,1,1,1,41,17,80,200,19,65,245,4,1,0,4.73599049961194
26,3,2,1,1,1,19,17.5,25,40,15,75,225,4,1,0,5.84196949983016
26,3,2,1,1,1,28,6,25,7,3.5,40,3,4,1,0,4.02540499996394
26,3,2,1,1,1,8,2.5,90,10,16,15,20,4,1,0,5.3147235000506
26,3,2,1,1,1,24,10,90,80,19,70,150,5,1,0,3.60134309995919
26,3,2,1,1,1,7,16.75,65,75,16,50,20,5,1,1,3.03245810000226
26,3,2,1,1,1,15,10,50,95,17.25,25,55,5,1,0,5.38390200026333
26,3,2,1,1,1,12,12,35,1,9.25,40,4,5,1,0,3.8412476000376
26,3,2,1,1,1,13,19.5,5,7,16.5,25,155,5,1,1,5.87218620022759
26,3,2,1,1,1,33,11,65,190,6,85,45,5,1,0,3.07371190004051
26,3,2,1,1,1,1,3,30,0,5,50,0,5,1,1,5.5624807998538
28,1,1,0,0,1,35,13,100,30,0,0,0,2,6,10.014273962008,16.3014363999828
28,1,1,0,0,1,12,12,100,1,0,0,0,2,6,10.6442488427775,10.3041758999461
28,1,1,0,0,1,32,9.5,100,170,0,0,0,2,6,2.9909289842474,15.9362139999866
28,1,1,0,0,1,67,8.5,100,105,0,0,0,2,6,2.04832764699134,4.96466930001043
28,1,1,0,0,1,74,7,100,120,0,0,0,2,6,1.9655349456796,4.62872819998302
28,1,1,0,0,1,29,7,100,55,0,0,0,2,6,3.88560126467961,5.97629229997983
28,1,1,0,0,1,80,8,100,125,0,0,0,2,6,3.05475966128218,7.27086669998243
28,1,1,0,0,1,17,3.25,100,205,0,0,0,2,6,0.214992478839196,5.46476770000299
28,1,1,0,0,1,41,19,100,245,0,0,0,2,6,7.99682193448745,5.33810299995821
28,1,1,0,0,1,72,6.5,100,60,0,0,0,2,6,2.09315928422008,6.94991650001612
28,1,1,0,0,1,54,9.25,100,4,0,0,0,2,6,6.0814138925528,4.73737550002988
28,1,1,0,0,1,34,12,100,85,0,0,0,2,6,6.00325440429245,4.05345900001703
28,1,1,0,0,1,3,15,100,14,0,0,0,2,6,8.00562188967623,7.93314189999364
28,1,1,0,0,1,16,16,100,95,0,0,0,2,6,7.01617540660905,8.06142330000876
28,1,1,0,0,1,60,15,100,31,0,0,0,6,6,8.96509918974522,8.21864009997807
28,1,1,0,0,1,18,18.75,100,250,0,0,0,6,6,6.02504908687996,8.49031370005105
28,1,1,0,0,1,47,16,100,5,0,0,0,6,6,8.02250334083056,5.32641129998956
28,1,1,0,0,1,30,8,100,90,0,0,0,6,6,3.56377787503267,3.80295219999971
28,1,1,0,0,1,21,6,100,55,0,0,0,6,6,2.47332877884407,3.10912770003779
28,1,1,0,0,1,9,2,100,19,0,0,0,6,6,0.314477328947099,6.93004760000622
28,1,1,0,0,1,62,10,100,135,0,0,0,6,6,4.07132572847778,7.1810960000148
28,1,1,0,0,1,73,5,100,14,0,0,0,6,6,1.4834272681475,4.00733880000189
28,1,1,0,0,1,78,8.25,100,5,0,0,0,6,6,4.079549564284,4.12795150000602
28,1,1,0,0,1,59,2,100,110,0,0,0,6,6,0.0141470827652661,6.72901970002567
28,1,1,0,0,1,75,6,100,45,0,0,0,6,6,2.03467606450616,3.98627140000463
28,1,1,0,0,1,57,10,100,95,0,0,0,6,6,4.60702649237756,3.32755819999147
28,1,1,0,0,1,14,16.75,100,145,0,0,0,6,6,5.10201366692612,4.47509409999475
28,1,1,0,0,1,27,5.25,100,120,0,0,0,6,6,1.06328637549705,6.03034509997815
28,1,1,0,0,1,19,17.5,100,40,0,0,0,1,6,6.02185065462543,6.47400899999775
28,1,1,0,0,1,51,1,100,3,0,0,0,1,6,0.246403900910174,3.66331570001785
28,1,1,0,0,1,71,6,100,45,0,0,0,1,6,1.00373666938081,4.46053330000723
28,1,1,0,0,1,56,12,100,210,0,0,0,1,6,4.01802830470264,2.94981740001822
28,1,1,0,0,1,65,1.75,100,10,0,0,0,1,6,0.0716883854980779,3.02590100001544
28,1,1,0,0,1,33,11,100,190,0,0,0,1,6,3.50721919183461,2.29037330002757
28,1,1,0,0,1,20,15.75,100,30,0,0,0,1,6,6.50713571556749,4.0767244999879
28,1,1,0,0,1,58,14,100,20,0,0,0,1,6,6.55958260754739,3.8595913000172
28,1,1,0,0,1,64,19.5,100,45,0,0,0,1,6,8.93911843695786,3.36848220002139
28,1,1,0,0,1,38,15.5,100,215,0,0,0,1,6,3.55157369221486,3.1490838000318
28,1,1,0,0,1,40,18,100,110,0,0,0,1,6,6.0084441776801,12.220067999966
28,1,1,0,0,1,43,3,100,0,0,0,0,1,6,2.00349600976258,5.58893399999943
28,1,1,0,0,1,50,2.5,100,10,0,0,0,1,6,0.287217957272173,3.93908449995797
28,1,1,0,0,1,6,19,100,175,0,0,0,1,6,4.97946394954205,4.16433369996957
28,1,1,0,0,1,83,17,100,200,0,0,0,4,6,5.59166446210053,4.70274610002525
28,1,1,0,0,1,37,14.5,100,175,0,0,0,4,6,5.03065561083889,4.73321510001551
28,1,1,0,0,1,61,15,100,225,0,0,0,4,6,2.98415267181184,2.05832250003004
28,1,1,0,0,1,10,19.5,100,125,0,0,0,4,6,6.04479248602363,2.81932629999937
28,1,1,0,0,1,31,8.5,100,22,0,0,0,4,6,3.49491269556993,2.86190879996866
28,1,1,0,0,1,66,10,100,80,0,0,0,4,6,4.98974848273593,2.97025459998986
28,1,1,0,0,1,69,1.5,100,20,0,0,0,4,6,0.0142739620079766,2.03440339997178
28,1,1,0,0,1,63,5.5,100,40,0,0,0,4,6,0.996199999994484,2.1365810999996
28,1,1,0,0,1,15,17.25,100,55,0,0,0,4,6,7.26404835709293,4.50648629997158
28,1,1,0,0,1,52,18.5,100,85,0,0,0,4,6,7.22815219332554,3.19433289999142
28,1,1,0,0,1,82,9.5,100,25,0,0,0,4,6,3.69571431036419,5.41652510000858
28,1,1,0,0,1,77,12,100,25,0,0,0,4,6,6.02453600451532,3.30932569998549
28,1,1,0,0,1,36,14,100,40,0,0,0,4,6,6.9968327318932,2.10488220001571
28,1,1,0,0,1,26,4,100,50,0,0,0,4,6,0.503060976289717,1.91678550001234
28,1,1,0,0,1,28,6,100,7,0,0,0,5,6,3.04763791351973,4.34909869998228
28,1,1,0,0,1,11,18.25,100,55,0,0,0,5,6,9.02603476129708,10.2317879000329
28,1,1,0,0,1,24,19,100,150,0,0,0,5,6,8.02452980404293,3.76912959996844
28,1,1,0,0,1,53,14,100,60,0,0,0,5,6,7.01617540660905,3.99797560001025
28,1,1,0,0,1,7,16.75,100,75,0,0,0,5,6,6.01676161797437,8.3627805999713
28,1,1,0,0,1,45,13.5,100,65,0,0,0,5,6,5.48722129659998,3.9645633000182
28,1,1,0,0,1,23,7.75,100,120,0,0,0,5,6,3.00342891776033,2.29141990002245
28,1,1,0,0,1,46,2,100,70,0,0,0,5,6,0.083944994529201,5.82698680000613
28,1,1,0,0,1,70,3.5,100,3,0,0,0,5,6,1.00601641188096,2.67000610003015
28,1,1,0,0,1,13,19.5,100,7,0,0,0,5,6,10.7580413962488,6.82916470000055
28,1,1,0,0,1,84,11,100,110,0,0,0,5,6,5.99485606973713,2.73380699998233
28,1,1,0,0,1,76,4,100,70,0,0,0,5,6,1.02999816656766,3.40696569997817
28,1,1,0,0,1,44,5,100,65,0,0,0,5,6,2.02119912771988,4.39188339997781
28,1,1,0,0,1,79,10,100,140,0,0,0,5,6,5.33054441557205,2.32129130000249
28,1,1,0,0,1,25,9,100,160,0,0,0,3,6,4.67691523738931,2.29186679999111
28,1,1,0,0,1,42,20,100,170,0,0,0,3,6,8.98655266727422,6.05483350000577
28,1,1,0,0,1,8,16,100,20,0,0,0,3,6,8.98996923101974,5.09234309999738
28,1,1,0,0,1,1,5,100,0,0,0,0,3,6,2.50884139600292,3.93889130000025
28,1,1,0,0,1,81,14,100,5,0,0,0,3,6,7.98303267926098,3.59415760001866
28,1,1,0,0,1,55,16.5,100,155,0,0,0,3,6,8.04561504324771,5.63104039995233
28,1,1,0,0,1,5,20,100,15,0,0,0,3,6,11.9487224397826,3.33083059999626
28,1,1,0,0,1,22,20,100,165,0,0,0,3,6,7.09184589888156,6.81570969999302
28,1,1,0,0,1,68,2.5,100,25,0,0,0,3,6,0.171246515969319,1.87922299996717
28,1,1,0,0,1,39,17,100,15,0,0,0,3,6,9.49513803872587,5.55957290000515
28,1,1,0,0,1,49,16,100,20,0,0,0,3,6,8.01390973338282,2.89021149999462
28,1,1,0,0,1,4,8.5,100,90,0,0,0,3,6,3.02219129635198,4.02320190001046
28,1,1,0,0,1,48,7,100,70,0,0,0,3,6,2.46195269665199,4.02110289997654
28,1,1,0,0,1,2,7.5,100,25,0,0,0,3,6,2.98975483628231,5.15882880002027
28,1,2,1,0,1,28,6,100,7,3.5,100,3,6,5,1,7.97557170002256
28,1,2,1,0,1,31,8.5,100,22,5,100,14,6,5,0,2.79854230000637
28,1,2,1,0,1,24,10,100,80,19,100,150,6,5,1,5.76068619999569
28,1,2,1,0,1,16,16,100,95,14,100,20,6,5,0,3.53804159996798
28,1,2,1,0,1,9,1,100,3,2,100,19,6,5,0,4.07192259997828
28,1,2,1,0,1,1,5,100,0,3,100,0,6,5,1,3.23324709996814
28,1,2,1,0,1,3,15,100,14,13.5,100,65,6,5,1,3.06464140000753
28,1,2,1,0,1,40,18,100,110,9.5,100,25,1,5,0,7.14540989999659
28,1,2,1,0,1,7,16,100,20,16.75,100,75,1,5,0,3.8169188000029
28,1,2,1,0,1,11,14,100,60,18.25,100,55,1,5,1,3.85113199998159
28,1,2,1,0,1,12,12,100,1,9.25,100,4,1,5,1,3.44899989996338
28,1,2,1,0,1,14,16.75,100,145,12,100,210,1,5,1,4.5515876999707
28,1,2,1,0,1,13,19.5,100,7,16.5,100,155,1,5,1,6.94225640001241
28,1,2,1,0,1,39,17,100,15,14,100,5,1,5,0,7.32741720002377
28,1,2,1,0,1,20,10,100,135,15.75,100,30,4,5,1,6.41353439999511
28,1,2,1,0,1,15,17.25,100,55,10,100,95,4,5,1,3.35228950000601
28,1,2,1,0,1,35,13,100,30,12,100,25,4,5,1,4.77624279999873
28,1,2,1,0,1,17,2,100,110,3.25,100,205,4,5,0,4.57844880002085
28,1,2,1,0,1,42,11,100,110,20,100,170,4,5,1,4.39250100002391
28,1,2,1,0,1,33,6,100,45,11,100,190,4,5,0,6.90631370001938
28,1,2,1,0,1,2,7.5,100,25,5,100,65,4,5,1,3.94600329996319
28,1,2,1,0,1,25,9,100,160,8.5,100,105,5,5,0,3.39507670002058
28,1,2,1,0,1,23,7.75,100,120,1.75,100,10,5,5,1,12.7022880999721
28,1,2,1,0,1,4,8.5,100,90,2,100,70,5,5,1,3.60802279994823
28,1,2,1,0,1,21,5.5,100,40,6,100,55,5,5,0,6.68961579998722
28,1,2,1,0,1,37,14.5,100,175,10,100,140,5,5,1,4.4485413999646
28,1,2,1,0,1,30,6.5,100,60,8,100,90,5,5,1,5.48279699997511
28,1,2,1,0,1,8,2.5,100,10,16,100,20,5,5,1,2.6636633000453
28,1,2,1,0,1,32,9.5,100,170,7,100,120,3,5,1,5.47343780001393
28,1,2,1,0,1,10,18.5,100,85,19.5,100,125,3,5,0,2.92010149999987
28,1,2,1,0,1,41,19,100,245,17,100,200,3,5,1,6.36812699999427
28,1,2,1,0,1,18,15,100,31,18.75,100,250,3,5,0,4.09571969998069
28,1,2,1,0,1,26,4,100,50,2.5,100,25,3,5,0,5.23318459995789
28,1,2,1,0,1,29,6,100,45,7,100,55,3,5,0,3.81750760000432
28,1,2,1,0,1,36,14,100,40,8.25,100,5,3,5,0,2.59545819996856
28,1,2,1,0,1,34,4,100,70,12,100,85,2,5,1,6.11216749995947
28,1,2,1,0,1,38,15.5,100,215,8,100,125,2,5,0,3.62623290001648
28,1,2,1,0,1,22,20,100,165,19.5,100,45,2,5,0,5.0803507999517
28,1,2,1,0,1,19,15,100,225,17.5,100,40,2,5,1,4.64220920001389
28,1,2,1,0,1,27,1.5,100,20,5.25,100,120,2,5,0,4.56164039997384
28,1,2,1,0,1,5,20,100,15,16,100,5,2,5,1,3.6008391000214
28,1,2,1,0,1,6,19,100,175,7,100,70,2,5,0,4.02491750003537
28,2,1,0,1,1,66,10,90,80,0,0,0,4,2,3.98196143936426,17.9564902000129
28,2,1,0,1,1,26,4,45,50,0,0,0,4,2,0.0139609375401868,7.17142170004081
28,2,1,0,1,1,15,17.25,25,55,0,0,0,4,2,2.99686772360027,7.09903150005266
28,2,1,0,1,1,22,20,90,165,0,0,0,4,2,7.96066415172371,6.23334719997365
28,2,1,0,1,1,80,8,45,125,0,0,0,4,2,1.02767665810933,2.95868459995836
28,2,1,0,1,1,78,8.25,20,5,0,0,0,4,2,0.0699554009344752,4.56173299998045
28,2,1,0,1,1,52,18.5,10,85,0,0,0,4,2,0.217563047692671,3.12687959999312
28,2,1,0,1,1,16,16,65,95,0,0,0,4,2,3.01630158162037,4.40855689998716
28,2,1,0,1,1,54,9.25,40,4,0,0,0,4,2,3.42332369204188,4.21582759998273
28,2,1,0,1,1,33,11,65,190,0,0,0,4,2,2.97079000642287,3.451057300088
28,2,1,0,1,1,5,20,85,15,0,0,0,4,2,8.47130436277506,5.64383559999987
28,2,1,0,1,1,51,1,40,3,0,0,0,4,2,0.0565869338863898,2.21964159992058
28,2,1,0,1,1,53,14,90,60,0,0,0,4,2,6.470601127953,3.82254340010695
28,2,1,0,1,1,69,1.5,95,20,0,0,0,4,2,0.293165758379018,4.02335660008248
28,2,1,0,1,1,71,6,25,45,0,0,0,2,2,1.05369936754841,3.5197103000246
28,2,1,0,1,1,2,7.5,75,25,0,0,0,2,2,3.00942861062224,4.45095369999763
28,2,1,0,1,1,84,11,50,110,0,0,0,2,2,2.9712807028812,4.09012579999398
28,2,1,0,1,1,36,14,15,40,0,0,0,2,2,2.02534508357163,3.68302850006148
28,2,1,0,1,1,81,14,55,5,0,0,0,2,2,4.55380709272452,7.28985399997327
28,2,1,0,1,1,21,6,95,55,0,0,0,2,2,3.05871010074218,5.60979080002289
28,2,1,0,1,1,1,5,50,0,0,0,0,2,2,2.49051996796165,4.14465139992535
28,2,1,0,1,1,60,15,35,31,0,0,0,2,2,4.02286406439589,5.79759140009992
28,2,1,0,1,1,7,16.75,65,75,0,0,0,2,2,5.04093961392641,3.23433210002258
28,2,1,0,1,1,76,4,35,70,0,0,0,2,2,0.0432088233078609,7.57711200008634
28,2,1,0,1,1,72,6.5,90,60,0,0,0,2,2,2.59975154621401,3.43563309998717
28,2,1,0,1,1,45,13.5,55,65,0,0,0,2,2,4.02203240853247,3.74936000001617
28,2,1,0,1,1,20,15.75,35,30,0,0,0,2,2,4.02367738813068,3.33324319997337
28,2,1,0,1,1,75,6,85,45,0,0,0,2,2,2.82987678522602,2.92382650007494
28,2,1,0,1,1,10,19.5,10,125,0,0,0,1,2,2.01696732073902,3.21823510003742
28,2,1,0,1,1,73,5,70,14,0,0,0,1,2,2.08306780814563,6.00199989997782
28,2,1,0,1,1,64,19.5,65,45,0,0,0,1,2,6.97163018056188,10.8011039999546
28,2,1,0,1,1,65,1.75,80,10,0,0,0,1,2,0.522075613033273,2.61474500002805
28,2,1,0,1,1,13,19.5,5,7,0,0,0,1,2,0.0137202324724122,4.5363799999468
28,2,1,0,1,1,11,18.25,70,55,0,0,0,1,2,5,6.77346289996058
28,2,1,0,1,1,57,10,50,95,0,0,0,1,2,2.04385386155514,2.87965250003617
28,2,1,0,1,1,83,17,80,200,0,0,0,1,2,5.01012113252793,3.4680662000319
28,2,1,0,1,1,39,17,35,15,0,0,0,1,2,4.52668813692561,6.99050229997374
28,2,1,0,1,1,14,16.75,45,145,0,0,0,1,2,2.05272723006679,3.81164420000277
28,2,1,0,1,1,70,3.5,40,3,0,0,0,1,2,0,2.32881300000008
28,2,1,0,1,1,41,19,65,245,0,0,0,1,2,3.04106143102273,2.68224110000301
28,2,1,0,1,1,28,6,25,7,0,0,0,1,2,1.00889698489186,3.41347999998834
28,2,1,0,1,1,67,8.5,50,105,0,0,0,1,2,1.05136913422507,2.58907890005503
28,2,1,0,1,1,82,9.5,20,25,0,0,0,3,2,1.99946037583998,3.66343869990669
28,2,1,0,1,1,12,12,35,1,0,0,0,3,2,3.20182750664009,9.85805529996287
28,2,1,0,1,1,77,12,75,25,0,0,0,3,2,4.51893432682369,3.14110460004304
28,2,1,0,1,1,31,8.5,50,22,0,0,0,3,2,2.10086728815848,2.40371799992863
28,2,1,0,1,1,23,7.75,60,120,0,0,0,3,2,0.0687467630974261,2.14732610003557
28,2,1,0,1,1,6,19,20,175,0,0,0,3,2,2.026892718821,2.50472710002214
28,2,1,0,1,1,56,12,90,210,0,0,0,3,2,3.97944788793088,2.92235090001486
28,2,1,0,1,1,40,18,15,110,0,0,0,3,2,3.06086987797305,4.28847190004308
28,2,1,0,1,1,37,14.5,5,175,0,0,0,3,2,0.0826732447654095,2.1349611999467
28,2,1,0,1,1,74,7,40,120,0,0,0,3,2,0.687456274606827,3.74358869995922
28,2,1,0,1,1,47,16,100,5,0,0,0,3,2,9.2152663699538,8.66711299994495
28,2,1,0,1,1,8,16,15,20,0,0,0,3,2,2.06616008697296,4.88403350010049
28,2,1,0,1,1,43,3,30,0,0,0,0,3,2,0.88720735725073,4.66555309994146
28,2,1,0,1,1,27,5.25,50,120,0,0,0,3,2,0,2.5411895000143
28,2,1,0,1,1,42,20,30,170,0,0,0,6,2,3.00342891776033,10.4709907000652
28,2,1,0,1,1,29,7,20,55,0,0,0,6,2,0.21355066210349,4.5255632000044
28,2,1,0,1,1,34,12,15,85,0,0,0,6,2,0.114436171198925,3.46703019994311
28,2,1,0,1,1,35,13,70,30,0,0,0,6,2,3.94209808435974,4.38905970007181
28,2,1,0,1,1,62,10,95,135,0,0,0,6,2,4.97972555350011,4.07460459996946
28,2,1,0,1,1,38,15.5,40,215,0,0,0,6,2,2.40432240371,5.94938070001081
28,2,1,0,1,1,50,2.5,90,10,0,0,0,6,2,0.158402087913618,3.69897419994231
28,2,1,0,1,1,79,10,10,140,0,0,0,6,2,0.0551172178216923,2.56913960003294
28,2,1,0,1,1,17,3.25,85,205,0,0,0,6,2,0.241458617042781,4.07184629992116
28,2,1,0,1,1,19,17.5,25,40,0,0,0,6,2,3.01663129975369,15.2492987998994
28,2,1,0,1,1,58,14,45,20,0,0,0,6,2,3.43560181264213,12.0037205999251
28,2,1,0,1,1,25,9,60,160,0,0,0,6,2,3.1224935105561,4.40309219993651
28,2,1,0,1,1,4,8.5,20,90,0,0,0,6,2,0.691758784936194,2.15834119997453
28,2,1,0,1,1,44,5,40,65,0,0,0,6,2,0.515051491878072,4.6226270000916
28,2,1,0,1,1,55,16.5,25,155,0,0,0,5,2,2.59938586192906,3.02878679998685
28,2,1,0,1,1,46,2,55,70,0,0,0,5,2,0.0138999729416156,3.01781040010974
28,2,1,0,1,1,18,18.75,80,250,0,0,0,5,2,7.50408750117698,4.38087439991068
28,2,1,0,1,1,68,2.5,65,25,0,0,0,5,2,0.243084851468424,2.40825029998086
28,2,1,0,1,1,48,7,45,70,0,0,0,5,2,1.0703020084409,8.73788699996658
28,2,1,0,1,1,63,5.5,70,40,0,0,0,5,2,1.50876252377215,3.09575620002579
28,2,1,0,1,1,3,15,85,14,0,0,0,5,2,6.90843373508297,5.17496379988734
28,2,1,0,1,1,30,8,75,90,0,0,0,5,2,2.6868298977834,4.27232560003176
28,2,1,0,1,1,24,19,70,150,0,0,0,5,2,4.88903156503071,6.13900219998322
28,2,1,0,1,1,49,16,50,20,0,0,0,5,2,4.96992369908801,5.1072289000731
28,2,1,0,1,1,9,2,30,19,0,0,0,5,2,0.0559651316630294,2.35591619997285
28,2,1,0,1,1,32,9.5,30,170,0,0,0,5,2,1.04189563270048,5.87443820002954
28,2,1,0,1,1,61,15,75,225,0,0,0,5,2,2.07500150370863,4.12227159994654
28,2,1,0,1,1,59,2,80,110,0,0,0,5,2,0.0141470827652661,3.23974350001663
28,2,2,1,1,1,6,7,45,70,19,20,175,1,1,1,5.24728040001355
28,2,2,1,1,1,31,8.5,50,22,5,70,14,1,1,0,4.26226290001068
28,2,2,1,1,1,8,2.5,90,10,16,15,20,1,1,0,5.75305539998226
28,2,2,1,1,1,19,17.5,25,40,15,75,225,1,1,0,6.52878789999522
28,2,2,1,1,1,17,3.25,85,205,2,80,110,1,1,0,4.81892999995034
28,2,2,1,1,1,32,7,40,120,9.5,30,170,1,1,0,5.16809419996571
28,2,2,1,1,1,41,19,65,245,17,80,200,1,1,0,6.16505680000409
28,2,2,1,1,1,42,20,30,170,11,50,110,2,1,0,8.17822339991108
28,2,2,1,1,1,37,10,10,140,14.5,5,175,2,1,1,5.81357969995588
28,2,2,1,1,1,29,6,25,45,7,20,55,2,1,0,5.71694730001036
28,2,2,1,1,1,16,16,65,95,14,45,20,2,1,0,4.78861560008954
28,2,2,1,1,1,24,19,70,150,10,90,80,2,1,0,8.41825109999627
28,2,2,1,1,1,10,19.5,10,125,18.5,10,85,2,1,0,5.49266300001182
28,2,2,1,1,1,27,1.5,95,20,5.25,50,120,2,1,0,5.21897749998607
28,2,2,1,1,1,11,18.25,70,55,14,90,60,3,1,0,6.81736749992706
28,2,2,1,1,1,26,2.5,65,25,4,45,50,3,1,0,6.1610498999944
28,2,2,1,1,1,30,8,75,90,6.5,90,60,3,1,0,5.25209279998671
28,2,2,1,1,1,28,3.5,40,3,6,25,7,3,1,1,7.90079660003539
28,2,2,1,1,1,9,2,30,19,1,40,3,3,1,1,6.79371410002932
28,2,2,1,1,1,22,20,90,165,19.5,65,45,3,1,1,8.81061499996576
28,2,2,1,1,1,40,18,15,110,9.5,20,25,3,1,0,7.57866700005252
28,2,2,1,1,1,38,8,45,125,15.5,40,215,4,1,1,6.27642720006406
28,2,2,1,1,1,39,14,55,5,17,35,15,4,1,0,4.3487578999484
28,2,2,1,1,1,5,16,100,5,20,85,15,4,1,0,6.260483100079
28,2,2,1,1,1,12,12,35,1,9.25,40,4,4,1,1,6.62421410006937
28,2,2,1,1,1,20,15.75,35,30,10,95,135,4,1,0,6.23377880000044
28,2,2,1,1,1,34,4,35,70,12,15,85,4,1,1,4.69708800001536
28,2,2,1,1,1,2,7.5,75,25,5,40,65,4,1,1,8.46660479996353
28,2,2,1,1,1,14,12,90,210,16.75,45,145,6,1,0,6.92342360003386
28,2,2,1,1,1,15,10,50,95,17.25,25,55,6,1,1,5.71319929999299
28,2,2,1,1,1,18,15,35,31,18.75,80,250,6,1,1,6.41530690004583
28,2,2,1,1,1,25,9,60,160,8.5,50,105,6,1,1,5.66434929997195
28,2,2,1,1,1,36,14,15,40,8.25,20,5,6,1,0,5.24339109996799
28,2,2,1,1,1,23,1.75,80,10,7.75,60,120,6,1,0,5.64660219999496
28,2,2,1,1,1,7,16,50,20,16.75,65,75,6,1,0,6.45420229993761
28,2,2,1,1,1,35,12,75,25,13,70,30,5,1,0,7.12628359999508
28,2,2,1,1,1,1,3,30,0,5,50,0,5,1,1,6.74872649996541
28,2,2,1,1,1,4,2,55,70,8.5,20,90,5,1,1,7.63740570005029
28,2,2,1,1,1,21,6,95,55,5.5,70,40,5,1,1,6.36345619999338
28,2,2,1,1,1,33,6,85,45,11,65,190,5,1,0,7.31206130003557
28,2,2,1,1,1,13,19.5,5,7,16.5,25,155,5,1,1,5.19368779996876
28,2,2,1,1,1,3,13.5,55,65,15,85,14,5,1,1,9.29333659994882
28,3,1,0,1,0,8,16,15,0,0,0,0,5,4,2.4727139280286,9.47867769980803
28,3,1,0,1,0,17,3.25,85,0,0,0,0,5,4,0.999207787572097,4.48957210010849
28,3,1,0,1,0,28,6,25,0,0,0,0,5,4,1.01803856063574,4.68232370004989
28,3,1,0,1,0,60,15,35,0,0,0,0,5,4,2.6031880898606,9.50288489996456
28,3,1,0,1,0,71,6,25,0,0,0,0,5,4,0.784479104309739,2.4464624999091
28,3,1,0,1,0,57,10,50,0,0,0,0,5,4,3.06752564807752,3.90065890015103
28,3,1,0,1,0,69,1.5,95,0,0,0,0,5,4,0.505338045458377,4.23824650002643
28,3,1,0,1,0,24,19,70,0,0,0,0,5,4,3.08696590049222,3.30890780012123
28,3,1,0,1,0,14,16.75,45,0,0,0,0,5,4,2.4945063952987,3.6444785001222
28,3,1,0,1,0,63,5.5,70,0,0,0,0,5,4,0.987186343040655,4.06321189994924
28,3,1,0,1,0,74,7,40,0,0,0,0,5,4,1.00373666938081,2.22202280000784
28,3,1,0,1,0,10,19.5,10,0,0,0,0,5,4,0.480928277179302,2.05221539991908
28,3,1,0,1,0,5,20,85,0,0,0,0,5,4,5.06101600117396,3.17323699989356
28,3,1,0,1,0,32,9.5,30,0,0,0,0,5,4,0.742209562580282,3.45922359987162
28,3,1,0,1,0,48,7,45,0,0,0,0,2,4,1.02077396481731,2.31034120009281
28,3,1,0,1,0,51,1,40,0,0,0,0,2,4,0,5.99687459995039
28,3,1,0,1,0,33,11,65,0,0,0,0,2,4,2.03078995658001,2.90184989990667
28,3,1,0,1,0,47,16,100,0,0,0,0,2,4,13.0159751936317,18.0541869997978
28,3,1,0,1,0,22,20,90,0,0,0,0,2,4,9.9717059741919,5.82595860003494
28,3,1,0,1,0,43,3,30,0,0,0,0,2,4,0.0136029658866761,1.75238660001196
28,3,1,0,1,0,45,13.5,55,0,0,0,0,2,4,2.03467606450616,1.89946749992669
28,3,1,0,1,0,4,8.5,20,0,0,0,0,2,4,1.00146715062697,1.48273820010945
28,3,1,0,1,0,58,14,45,0,0,0,0,2,4,1.99041421982296,1.80105270002969
28,3,1,0,1,0,21,6,95,0,0,0,0,2,4,3.40879343766563,4.05898570013233
28,3,1,0,1,0,66,10,90,0,0,0,0,2,4,5,1.55115100019611
28,3,1,0,1,0,80,8,45,0,0,0,0,2,4,1.48013879474885,1.45110849989578
28,3,1,0,1,0,13,19.5,5,0,0,0,0,2,4,1.0703020084409,3.62678050016984
28,3,1,0,1,0,31,8.5,50,0,0,0,0,2,4,1.54905417548615,2.28232440003194
28,3,1,0,1,0,30,8,75,0,0,0,0,6,4,2.51011171379983,1.78444919991307
28,3,1,0,1,0,27,5.25,50,0,0,0,0,6,4,0.579779680397234,1.68582400004379
28,3,1,0,1,0,83,17,80,0,0,0,0,6,4,5.05060463941487,5.36069409991615
28,3,1,0,1,0,26,4,45,0,0,0,0,6,4,0.0281066505967615,1.88657089998014
28,3,1,0,1,0,77,12,75,0,0,0,0,6,4,3.40608538008473,1.63478569989093
28,3,1,0,1,0,78,8.25,20,0,0,0,0,6,4,0.549690240187253,1.4377950001508
28,3,1,0,1,0,79,10,10,0,0,0,0,6,4,0.0139609375401868,1.88926820014603
28,3,1,0,1,0,39,17,35,0,0,0,0,6,4,2.00013298961916,2.95225799991749
28,3,1,0,1,0,52,18.5,10,0,0,0,0,6,4,1.50398404101491,2.78471089992672
28,3,1,0,1,0,61,15,75,0,0,0,0,6,4,3.09369376769747,3.25807089987211
28,3,1,0,1,0,68,2.5,65,0,0,0,0,6,4,0.0414280337902859,2.95481620007195
28,3,1,0,1,0,18,18.75,80,0,0,0,0,6,4,3.99693189436499,3.05671790009364
28,3,1,0,1,0,6,19,20,0,0,0,0,6,4,1.99586017239073,1.84702830016613
28,3,1,0,1,0,2,7.5,75,0,0,0,0,6,4,1.53904655708944,1.84820540016517
28,3,1,0,1,0,67,8.5,50,0,0,0,0,1,4,2.23824110506698,2.94196669990197
28,3,1,0,1,0,41,19,65,0,0,0,0,1,4,4.0297038862428,1.70260289986618
28,3,1,0,1,0,25,9,60,0,0,0,0,1,4,2.00380950745887,2.83000700012781
28,3,1,0,1,0,65,1.75,80,0,0,0,0,1,4,0,1.68462070007809
28,3,1,0,1,0,1,5,50,0,0,0,0,1,4,1.08163978041857,1.61938489996828
28,3,1,0,1,0,70,3.5,40,0,0,0,0,1,4,0,2.80666820006445
28,3,1,0,1,0,38,15.5,40,0,0,0,0,1,4,3.06466991197746,4.86838259990327
28,3,1,0,1,0,7,16.75,65,0,0,0,0,1,4,4.05751359654707,6.41417240002193
28,3,1,0,1,0,37,14.5,5,0,0,0,0,1,4,0.43143317337374,1.79669070011005
28,3,1,0,1,0,20,15.75,35,0,0,0,0,1,4,2.50039205552971,6.41161060007289
28,3,1,0,1,0,15,17.25,25,0,0,0,0,1,4,4.03796944443564,1.63722410006449
28,3,1,0,1,0,75,6,85,0,0,0,0,1,4,3.01001672711843,1.95679440000094
28,3,1,0,1,0,44,5,40,0,0,0,0,1,4,0.516209052515716,1.80362059990875
28,3,1,0,1,0,40,18,15,0,0,0,0,1,4,1.52164796717215,1.44902940001339
28,3,1,0,1,0,12,12,35,0,0,0,0,3,4,2.04832764699134,3.27203510003164
28,3,1,0,1,0,29,7,20,0,0,0,0,3,4,0.0713669399104582,2.01035830006003
28,3,1,0,1,0,9,2,30,0,0,0,0,3,4,0.0137796272330668,2.51739279995672
28,3,1,0,1,0,34,12,15,0,0,0,0,3,4,1.47939925332027,2.28723190003075
28,3,1,0,1,0,82,9.5,20,0,0,0,0,3,4,1.76975962975421,2.79927550000139
28,3,1,0,1,0,3,15,85,0,0,0,0,3,4,6.01162231837802,3.63597050006501
28,3,1,0,1,0,54,9.25,40,0,0,0,0,3,4,2.51115516158021,3.71920330007561
28,3,1,0,1,0,73,5,70,0,0,0,0,3,4,1.47451598626708,1.83586600003764
28,3,1,0,1,0,55,16.5,25,0,0,0,0,3,4,3.10566322532113,2.15966889983974
28,3,1,0,1,0,81,14,55,0,0,0,0,3,4,3.97628859140901,1.67478340002708
28,3,1,0,1,0,16,16,65,0,0,0,0,3,4,4.03565700833317,2.03461089986376
28,3,1,0,1,0,35,13,70,0,0,0,0,3,4,3.54261820828984,5.67955200001597
28,3,1,0,1,0,49,16,50,0,0,0,0,3,4,5.02951847959963,3.04080109996721
28,3,1,0,1,0,62,10,95,0,0,0,0,3,4,7.03567120695877,3.72337130014785
28,3,1,0,1,0,19,17.5,25,0,0,0,0,4,4,3.06032180433451,1.56158039998263
28,3,1,0,1,0,50,2.5,90,0,0,0,0,4,4,1.0653147805354,2.77620219998062
28,3,1,0,1,0,76,4,35,0,0,0,0,4,4,0.041249084020162,2.0568599998951
28,3,1,0,1,0,23,7.75,60,0,0,0,0,4,4,2.05269703389871,2.49254190013744
28,3,1,0,1,0,36,14,15,0,0,0,0,4,4,2.07020452899933,2.80087759997696
28,3,1,0,1,0,56,12,90,0,0,0,0,4,4,5.99695851276626,3.74300549994223
28,3,1,0,1,0,42,20,30,0,0,0,0,4,4,3.66812185113935,3.00053829979151
28,3,1,0,1,0,59,2,80,0,0,0,0,4,4,0.244733129085088,2.40360650001094
28,3,1,0,1,0,72,6.5,90,0,0,0,0,4,4,3.07420813707649,1.99114880012348
28,3,1,0,1,0,53,14,90,0,0,0,0,4,4,5.98550291005452,2.40883080009371
28,3,1,0,1,0,11,18.25,70,0,0,0,0,4,4,4.54744328354975,2.40709759993479
28,3,1,0,1,0,46,2,55,0,0,0,0,4,4,0.0415180921824607,1.6334327000659
28,3,1,0,1,0,64,19.5,65,0,0,0,0,4,4,5.04054848174785,9.43223299994133
28,3,1,0,1,0,84,11,50,0,0,0,0,4,4,2.75379013955733,2.0240836001467
28,3,2,1,1,0,16,16,65,0,14,45,0,3,3,1,4.94082550005987
28,3,2,1,1,0,4,2,55,0,8.5,20,0,3,3,1,5.16199049982242
28,3,2,1,1,0,17,3.25,85,0,2,80,0,3,3,1,3.22672959999181
28,3,2,1,1,0,8,2.5,90,0,16,15,0,3,3,1,5.36900610011071
28,3,2,1,1,0,10,18.5,10,0,19.5,10,0,3,3,1,4.18632109998725
28,3,2,1,1,0,39,17,35,0,14,55,0,3,3,0,4.53178699989803
28,3,2,1,1,0,14,16.75,45,0,12,90,0,3,3,0,4.11167440004647
28,3,2,1,1,0,34,4,35,0,12,15,0,6,3,1,7.25107089988887
28,3,2,1,1,0,11,18.25,70,0,14,90,0,6,3,0,6.62673590006307
28,3,2,1,1,0,28,6,25,0,3.5,40,0,6,3,0,6.69751969981007
28,3,2,1,1,0,33,11,65,0,6,85,0,6,3,0,7.69733130000532
28,3,2,1,1,0,29,6,25,0,7,20,0,6,3,0,5.54562850017101
28,3,2,1,1,0,23,7.75,60,0,1.75,80,0,6,3,1,5.54545229999349
28,3,2,1,1,0,19,15,75,0,17.5,25,0,6,3,0,3.8807383000385
28,3,2,1,1,0,9,2,30,0,1,40,0,4,3,1,4.72760169999674
28,3,2,1,1,0,20,15.75,35,0,10,95,0,4,3,0,5.63269480015151
28,3,2,1,1,0,1,3,30,0,5,50,0,4,3,1,6.02110530016944
28,3,2,1,1,0,3,15,85,0,13.5,55,0,4,3,1,5.47679079999216
28,3,2,1,1,0,21,5.5,70,0,6,95,0,4,3,1,8.71725010010414
28,3,2,1,1,0,31,5,70,0,8.5,50,0,4,3,0,3.61295130010694
28,3,2,1,1,0,40,18,15,0,9.5,20,0,4,3,1,3.18916970002465
28,3,2,1,1,0,15,10,50,0,17.25,25,0,1,3,1,8.72173259989358
28,3,2,1,1,0,26,4,45,0,2.5,65,0,1,3,0,7.47335140011273
28,3,2,1,1,0,35,13,70,0,12,75,0,1,3,0,5.44080969993956
28,3,2,1,1,0,18,18.75,80,0,15,35,0,1,3,1,5.54498460004106
28,3,2,1,1,0,24,19,70,0,10,90,0,1,3,1,3.57012139982544
28,3,2,1,1,0,30,6.5,90,0,8,75,0,1,3,0,3.68059410015121
28,3,2,1,1,0,36,14,15,0,8.25,20,0,1,3,1,9.16140450001694
28,3,2,1,1,0,41,17,80,0,19,65,0,2,3,0,4.39973539998755
28,3,2,1,1,0,5,20,85,0,16,100,0,2,3,0,5.35230050003156
28,3,2,1,1,0,25,9,60,0,8.5,50,0,2,3,1,4.14493120019324
28,3,2,1,1,0,37,10,10,0,14.5,5,0,2,3,1,4.50393610005267
28,3,2,1,1,0,12,12,35,0,9.25,40,0,2,3,1,4.38521509990096
28,3,2,1,1,0,22,20,90,0,19.5,65,0,2,3,1,4.68134699994698
28,3,2,1,1,0,13,19.5,5,0,16.5,25,0,2,3,0,3.43258789996617
28,3,2,1,1,0,27,1.5,95,0,5.25,50,0,5,3,1,3.80148320016451
28,3,2,1,1,0,2,7.5,75,0,5,40,0,5,3,1,5.05048740003258
28,3,2,1,1,0,42,20,30,0,11,50,0,5,3,0,4.97594159981236
28,3,2,1,1,0,32,9.5,30,0,7,40,0,5,3,1,4.87647410016507
28,3,2,1,1,0,38,15.5,40,0,8,45,0,5,3,1,3.41997730010189
28,3,2,1,1,0,7,16.75,65,0,16,50,0,5,3,1,4.71316809998825
28,3,2,1,1,0,6,7,45,0,19,20,0,5,3,1,4.12073879991658
29,1,1,0,1,1,38,15.5,40,215,0,0,0,6,2,1.15552517554981,12.0202029999928
29,1,1,0,1,1,2,7.5,75,25,0,0,0,6,2,1.58027440160728,4.7653443000163
29,1,1,0,1,1,18,18.75,80,250,0,0,0,6,2,3.8531621063618,4.80603249999695
29,1,1,0,1,1,78,8.25,20,5,0,0,0,6,2,1.90894413336005,10.651595000003
29,1,1,0,1,1,75,6,85,45,0,0,0,6,2,0.99393131483766,8.18244850001065
29,1,1,0,1,1,54,9.25,40,4,0,0,0,6,2,1.71941447315044,6.32672429998638
29,1,1,0,1,1,53,14,90,60,0,0,0,6,2,4.05876170744279,7.40727309999056
29,1,1,0,1,1,68,2.5,65,25,0,0,0,6,2,0.293841855457405,6.56446849997155
29,1,1,0,1,1,29,7,20,55,0,0,0,6,2,0.589142810997121,8.07991309999488
29,1,1,0,1,1,73,5,70,14,0,0,0,6,2,1.50979213220933,4.93364410003414
29,1,1,0,1,1,55,16.5,25,155,0,0,0,6,2,3.99654757817326,7.16622289997758
29,1,1,0,1,1,4,8.5,20,90,0,0,0,6,2,1.5979327323434,5.74423829995794
29,1,1,0,1,1,42,20,30,170,0,0,0,6,2,6.06979512538741,12.365239900013
29,1,1,0,1,1,80,8,45,125,0,0,0,6,2,2.55654112031365,14.7551039000391
29,1,1,0,1,1,60,15,35,31,0,0,0,1,2,4.35105821685922,11.9924353999668
29,1,1,0,1,1,69,1.5,95,20,0,0,0,1,2,0.0278606436808602,4.55054680001922
29,1,1,0,1,1,23,7.75,60,120,0,0,0,1,2,1.71357347985985,14.3409953999799
29,1,1,0,1,1,63,5.5,70,40,0,0,0,1,2,0.979106070152508,4.2499555000104
29,1,1,0,1,1,82,9.5,20,25,0,0,0,1,2,2.09812739564739,8.90679089998594
29,1,1,0,1,1,11,18.25,70,55,0,0,0,1,2,5.01856029063121,8.66114119999111
29,1,1,0,1,1,70,3.5,40,3,0,0,0,1,2,0.160796055966401,3.1475537000224
29,1,1,0,1,1,3,15,85,14,0,0,0,1,2,5.13221654801583,3.91553030000068
29,1,1,0,1,1,17,3.25,85,205,0,0,0,1,2,0.0555985665324705,3.22218209999846
29,1,1,0,1,1,66,10,90,80,0,0,0,1,2,3.10394468831973,2.51820589997806
29,1,1,0,1,1,49,16,50,20,0,0,0,1,2,3.09156626491703,8.42956490005599
29,1,1,0,1,1,19,17.5,25,40,0,0,0,1,2,2.06947772772797,12.7064446000149
29,1,1,0,1,1,26,4,45,50,0,0,0,1,2,0.751797202505895,16.938685400004
29,1,1,0,1,1,46,2,55,70,0,0,0,1,2,0.276046185477718,14.2678333000513
29,1,1,0,1,1,35,13,70,30,0,0,0,5,2,3.16180065319593,7.38448609999614
29,1,1,0,1,1,81,14,55,5,0,0,0,5,2,4.08333690813307,6.59025619999738
29,1,1,0,1,1,57,10,50,95,0,0,0,5,2,4.15954121993436,5.13855639996473
29,1,1,0,1,1,45,13.5,55,65,0,0,0,5,2,5.07623824420392,4.32891399995424
29,1,1,0,1,1,32,9.5,30,170,0,0,0,5,2,3.03170737254954,13.5111604999984
29,1,1,0,1,1,44,5,40,65,0,0,0,5,2,1.31257163334858,2.84206860000268
29,1,1,0,1,1,41,19,65,245,0,0,0,5,2,5.20939876806484,7.46650769998087
29,1,1,0,1,1,25,9,60,160,0,0,0,5,2,2.00234802958655,16.8911318000173
29,1,1,0,1,1,8,16,15,20,0,0,0,5,2,1.14131295806559,3.80540179996751
29,1,1,0,1,1,30,8,75,90,0,0,0,5,2,1.96859697295038,9.70282080001198
29,1,1,0,1,1,62,10,95,135,0,0,0,5,2,2.66106494666123,8.12897630000953
29,1,1,0,1,1,10,19.5,10,125,0,0,0,5,2,2.87546920593203,10.903589900001
29,1,1,0,1,1,58,14,45,20,0,0,0,5,2,4.00207574122723,13.4880388999591
29,1,1,0,1,1,50,2.5,90,10,0,0,0,5,2,0.247373390099803,2.53027489996748
29,1,1,0,1,1,64,19.5,65,45,0,0,0,4,2,3.78765240174629,42.7191089999978
29,1,1,0,1,1,33,11,65,190,0,0,0,4,2,2.71259241166945,26.1326334000332
29,1,1,0,1,1,47,16,100,5,0,0,0,4,2,5.99603761045478,7.1736539999838
29,1,1,0,1,1,52,18.5,10,85,0,0,0,4,2,2.04409198712154,5.80883130000439
29,1,1,0,1,1,71,6,25,45,0,0,0,4,2,0.865224217181382,5.61315250000916
29,1,1,0,1,1,20,15.75,35,30,0,0,0,4,2,2.69569898360864,3.91805710003246
29,1,1,0,1,1,79,10,10,140,0,0,0,4,2,0.773817860872754,4.61060009995708
29,1,1,0,1,1,28,6,25,7,0,0,0,4,2,0.962554558681394,5.48859700001776
29,1,1,0,1,1,84,11,50,110,0,0,0,4,2,3.04218091409308,4.57657139998628
29,1,1,0,1,1,14,16.75,45,145,0,0,0,4,2,4.38041185722445,39.6485882999841
29,1,1,0,1,1,9,2,30,19,0,0,0,4,2,0.160796055966401,2.1682116999873
29,1,1,0,1,1,77,12,75,25,0,0,0,4,2,3.19292921866587,4.07412920001661
29,1,1,0,1,1,65,1.75,80,10,0,0,0,4,2,0.0529401328581045,5.81710580002982
29,1,1,0,1,1,34,12,15,85,0,0,0,4,2,0.607093645915182,4.98698380001588
29,1,1,0,1,1,67,8.5,50,105,0,0,0,2,2,1.4527675455779,22.6407437999733
29,1,1,0,1,1,40,18,15,110,0,0,0,2,2,0.943406062192896,3.82283700001426
29,1,1,0,1,1,61,15,75,225,0,0,0,2,2,2.3855538037955,7.52405439998256
29,1,1,0,1,1,5,20,85,15,0,0,0,2,2,8.0520772405101,5.2358469000319
29,1,1,0,1,1,56,12,90,210,0,0,0,2,2,3.19594763048365,6.31377050001174
29,1,1,0,1,1,16,16,65,95,0,0,0,2,2,4.60138708655841,16.2176469000406
29,1,1,0,1,1,15,17.25,25,55,0,0,0,2,2,2.04009194948516,5.5184375999961
29,1,1,0,1,1,51,1,40,3,0,0,0,2,2,1.92275884954517,0.117568199988455
29,1,1,0,1,1,59,2,80,110,0,0,0,2,2,0.187580996823637,9.8106126000057
29,1,1,0,1,1,43,3,30,0,0,0,0,2,2,0.282129910143116,7.17971250001574
29,1,1,0,1,1,1,5,50,0,0,0,0,2,2,1.53280590856931,3.914406099997
29,1,1,0,1,1,39,17,35,15,0,0,0,2,2,3.17893996288502,20.4800413000048
29,1,1,0,1,1,22,20,90,165,0,0,0,2,2,5.98757576683535,6.21841989998939
29,1,1,0,1,1,74,7,40,120,0,0,0,2,2,2.17840323395322,19.6295437999652
29,1,1,0,1,1,48,7,45,70,0,0,0,3,2,1.39655307568839,10.1911409999593
29,1,1,0,1,1,37,14.5,5,175,0,0,0,3,2,0.304813832029232,2.93572680000216
29,1,1,0,1,1,83,17,80,200,0,0,0,3,2,3.10467648565008,12.2634683999931
29,1,1,0,1,1,31,8.5,50,22,0,0,0,3,2,2.20816637092044,7.85565580002731
29,1,1,0,1,1,24,19,70,150,0,0,0,3,2,4.52660189005547,11.5136757
29,1,1,0,1,1,7,16.75,65,75,0,0,0,3,2,5.37713957287094,5.62621719995514
29,1,1,0,1,1,76,4,35,70,0,0,0,3,2,0.646302016441979,3.77320029999828
29,1,1,0,1,1,6,19,20,175,0,0,0,3,2,2.57762116818313,4.46490920003271
29,1,1,0,1,1,27,5.25,50,120,0,0,0,3,2,4.03571230310546,8.00378969998565
29,1,1,0,1,1,12,12,35,1,0,0,0,3,2,2.52669267284975,5.15522370004328
29,1,1,0,1,1,72,6.5,90,60,0,0,0,3,2,2.95167235300866,5.07981429999927
29,1,1,0,1,1,21,6,95,55,0,0,0,3,2,2.93448194189043,3.16044200002216
29,1,1,0,1,1,13,19.5,5,7,0,0,0,3,2,1.25665916378002,31.2322748000151
29,1,1,0,1,1,36,14,15,40,0,0,0,3,2,1.34572772321994,6.9221992000239
29,1,2,1,1,1,9,1,40,3,2,30,19,1,1,1,8.07956590002868
29,1,2,1,1,1,31,8.5,50,22,5,70,14,1,1,0,9.17563599999994
29,1,2,1,1,1,34,12,15,85,4,35,70,1,1,1,5.64847720001126
29,1,2,1,1,1,1,5,50,0,3,30,0,1,1,1,3.60477320000064
29,1,2,1,1,1,3,15,85,14,13.5,55,65,1,1,1,3.22061209997628
29,1,2,1,1,1,37,10,10,140,14.5,5,175,1,1,0,7.98485110001639
29,1,2,1,1,1,4,8.5,20,90,2,55,70,1,1,1,9.20235979999416
29,1,2,1,1,1,32,7,40,120,9.5,30,170,4,1,0,8.58959219994722
29,1,2,1,1,1,22,19.5,65,45,20,90,165,4,1,0,6.11980190000031
29,1,2,1,1,1,24,19,70,150,10,90,80,4,1,1,6.09811810002429
29,1,2,1,1,1,23,7.75,60,120,1.75,80,10,4,1,1,4.57127519999631
29,1,2,1,1,1,30,6.5,90,60,8,75,90,4,1,0,6.18624080001609
29,1,2,1,1,1,20,10,95,135,15.75,35,30,4,1,0,5.17623510002159
29,1,2,1,1,1,39,17,35,15,14,55,5,4,1,0,8.04019279999193
29,1,2,1,1,1,19,17.5,25,40,15,75,225,3,1,1,10.5202983000199
29,1,2,1,1,1,29,7,20,55,6,25,45,3,1,1,3.82392350002192
29,1,2,1,1,1,33,11,65,190,6,85,45,3,1,0,3.54450319998432
29,1,2,1,1,1,21,5.5,70,40,6,95,55,3,1,1,5.35475170001155
29,1,2,1,1,1,6,19,20,175,7,45,70,3,1,1,3.33279870002298
29,1,2,1,1,1,40,18,15,110,9.5,20,25,3,1,1,8.11317270004656
29,1,2,1,1,1,12,9.25,40,4,12,35,1,3,1,1,4.40964050003095
29,1,2,1,1,1,15,10,50,95,17.25,25,55,2,1,1,6.73875429999316
29,1,2,1,1,1,18,15,35,31,18.75,80,250,2,1,1,5.46232559997588
29,1,2,1,1,1,2,5,40,65,7.5,75,25,2,1,1,5.13275940000312
29,1,2,1,1,1,28,6,25,7,3.5,40,3,2,1,1,7.73608040000545
29,1,2,1,1,1,14,16.75,45,145,12,90,210,2,1,1,6.61621990002459
29,1,2,1,1,1,8,2.5,90,10,16,15,20,2,1,1,4.17748319997918
29,1,2,1,1,1,26,4,45,50,2.5,65,25,2,1,1,16.3389060999616
29,1,2,1,1,1,42,20,30,170,11,50,110,5,1,0,10.3895589999738
29,1,2,1,1,1,25,9,60,160,8.5,50,105,5,1,1,6.58663949999027
29,1,2,1,1,1,35,12,75,25,13,70,30,5,1,0,6.13042000000132
29,1,2,1,1,1,17,3.25,85,205,2,80,110,5,1,0,6.53596980002476
29,1,2,1,1,1,13,16.5,25,155,19.5,5,7,5,1,0,5.66456830000971
29,1,2,1,1,1,16,14,45,20,16,65,95,5,1,1,6.19448970002122
29,1,2,1,1,1,36,14,15,40,8.25,20,5,5,1,1,5.92889769998146
29,1,2,1,1,1,41,19,65,245,17,80,200,6,1,0,5.49793470004806
29,1,2,1,1,1,11,18.25,70,55,14,90,60,6,1,1,12.366708400019
29,1,2,1,1,1,38,15.5,40,215,8,45,125,6,1,0,8.2410296999733
29,1,2,1,1,1,7,16.75,65,75,16,50,20,6,1,0,10.3999865000369
29,1,2,1,1,1,10,19.5,10,125,18.5,10,85,6,1,0,6.6158975000144
29,1,2,1,1,1,5,20,85,15,16,100,5,6,1,0,9.07065449998481
29,1,2,1,1,1,27,1.5,95,20,5.25,50,120,6,1,1,4.68307299999287
29,2,1,0,1,0,12,12,35,0,0,0,0,4,4,3.0497947976183,9.04617420001887
29,2,1,0,1,0,55,16.5,25,0,0,0,0,4,4,4.29167945363603,5.0036808999721
29,2,1,0,1,0,30,8,75,0,0,0,0,4,4,2.05228918831178,3.0333449000027
29,2,1,0,1,0,53,14,90,0,0,0,0,4,4,6.06296510996827,4.49293770012446
29,2,1,0,1,0,62,10,95,0,0,0,0,4,4,4.42284123247391,3.57724660006352
29,2,1,0,1,0,10,19.5,10,0,0,0,0,4,4,2.65090749107726,3.854609800037
29,2,1,0,1,0,68,2.5,65,0,0,0,0,4,4,0.448156785863354,2.93692930019461
29,2,1,0,1,0,56,12,90,0,0,0,0,4,4,5.14966171942701,10.6062988000922
29,2,1,0,1,0,5,20,85,0,0,0,0,4,4,6.90096204085758,3.83715740009211
29,2,1,0,1,0,74,7,40,0,0,0,0,4,4,3.99031456314436,14.5640711998567
29,2,1,0,1,0,61,15,75,0,0,0,0,4,4,5.10075155162364,10.5482312000822
29,2,1,0,1,0,36,14,15,0,0,0,0,4,4,1.28018528626187,3.86347710015252
29,2,1,0,1,0,81,14,55,0,0,0,0,4,4,5.03546591567495,20.4588485998102
29,2,1,0,1,0,17,3.25,85,0,0,0,0,4,4,0.489759249682887,4.61177699989639
29,2,1,0,1,0,72,6.5,90,0,0,0,0,6,4,2.60395482449783,12.7045913001057
29,2,1,0,1,0,23,7.75,60,0,0,0,0,6,4,2.23818385508746,14.0076268000994
29,2,1,0,1,0,22,20,90,0,0,0,0,6,4,8.97827041487845,4.84506339998916
29,2,1,0,1,0,1,5,50,0,0,0,0,6,4,2.03615519963839,3.83482440002263
29,2,1,0,1,0,47,16,100,0,0,0,0,6,4,6.99609930235883,3.17213499988429
29,2,1,0,1,0,71,6,25,0,0,0,0,6,4,1.00173537799323,3.30831050011329
29,2,1,0,1,0,25,9,60,0,0,0,0,6,4,2.75725777008535,3.333135999972
29,2,1,0,1,0,33,11,65,0,0,0,0,6,4,2.93005546589009,8.2271230998449
29,2,1,0,1,0,41,19,65,0,0,0,0,6,4,4.4387011840264,6.69144239998423
29,2,1,0,1,0,48,7,45,0,0,0,0,6,4,1.42149460666617,7.70333659998141
29,2,1,0,1,0,16,16,65,0,0,0,0,6,4,4.03183413776019,16.3961165000219
29,2,1,0,1,0,14,16.75,45,0,0,0,0,6,4,3.69095970024468,8.69550180016086
29,2,1,0,1,0,9,2,30,0,0,0,0,6,4,0.411920791684128,4.16551740001887
29,2,1,0,1,0,84,11,50,0,0,0,0,6,4,3.64656488011049,6.60438999999315
29,2,1,0,1,0,66,10,90,0,0,0,0,3,4,4.6615021122041,10.9941063998267
29,2,1,0,1,0,50,2.5,90,0,0,0,0,3,4,0.616807598431038,3.02246670005843
29,2,1,0,1,0,79,10,10,0,0,0,0,3,4,1.04239001786091,3.79514060006477
29,2,1,0,1,0,4,8.5,20,0,0,0,0,3,4,1.03464353008395,18.2705771001056
29,2,1,0,1,0,76,4,35,0,0,0,0,3,4,0.569968035203434,10.1454614999238
29,2,1,0,1,0,19,17.5,25,0,0,0,0,3,4,4.01384329315046,9.18424410000443
29,2,1,0,1,0,51,1,40,0,0,0,0,3,4,0.124540152812255,4.24146890011616
29,2,1,0,1,0,38,15.5,40,0,0,0,0,3,4,3.10377680483447,7.82690150011331
29,2,1,0,1,0,52,18.5,10,0,0,0,0,3,4,2.03591792055823,12.2827759999782
29,2,1,0,1,0,57,10,50,0,0,0,0,3,4,3.02801608283107,5.44351939996704
29,2,1,0,1,0,28,6,25,0,0,0,0,3,4,0.984058433717919,13.8675804999657
29,2,1,0,1,0,54,9.25,40,0,0,0,0,3,4,1.49346720412207,21.9932336001657
29,2,1,0,1,0,26,4,45,0,0,0,0,3,4,0.781663990047903,7.96765209990554
29,2,1,0,1,0,31,8.5,50,0,0,0,0,3,4,3.32344396434394,11.4280749000609
29,2,1,0,1,0,15,17.25,25,0,0,0,0,1,4,3.37312393986296,9.05395479989238
29,2,1,0,1,0,80,8,45,0,0,0,0,1,4,2.77263415251675,7.63894059997983
29,2,1,0,1,0,18,18.75,80,0,0,0,0,1,4,8.38692119180391,6.09284559986554
29,2,1,0,1,0,64,19.5,65,0,0,0,0,1,4,7.0364945793479,6.80609240010381
29,2,1,0,1,0,44,5,40,0,0,0,0,1,4,1.64964912767031,4.33093660022132
29,2,1,0,1,0,63,5.5,70,0,0,0,0,1,4,2.04832764699134,3.50468669994734
29,2,1,0,1,0,42,20,30,0,0,0,0,1,4,4.99059646514966,6.37439840007573
29,2,1,0,1,0,60,15,35,0,0,0,0,1,4,3.05074914273332,11.634890699992
29,2,1,0,1,0,65,1.75,80,0,0,0,0,1,4,0.286571944475934,5.43690279987641
29,2,1,0,1,0,75,6,85,0,0,0,0,1,4,1.06724490611255,5.00590579980053
29,2,1,0,1,0,70,3.5,40,0,0,0,0,1,4,0.532782485616149,11.0316225998104
29,2,1,0,1,0,82,9.5,20,0,0,0,0,1,4,2.00142415879108,11.5316075000446
29,2,1,0,1,0,7,16.75,65,0,0,0,0,1,4,5.01917523635987,12.314375200076
29,2,1,0,1,0,11,18.25,70,0,0,0,0,1,4,6.71325914629354,19.5832688000519
29,2,1,0,1,0,83,17,80,0,0,0,0,2,4,6.99360523212874,11.1158221000805
29,2,1,0,1,0,73,5,70,0,0,0,0,2,4,1.33231499767103,13.450570900226
29,2,1,0,1,0,67,8.5,50,0,0,0,0,2,4,2.04406361700361,7.44251909991726
29,2,1,0,1,0,77,12,75,0,0,0,0,2,4,4.49253513882424,5.45486690010875
29,2,1,0,1,0,34,12,15,0,0,0,0,2,4,1.96345004022134,8.54156540008262
29,2,1,0,1,0,69,1.5,95,0,0,0,0,2,4,0.595091671428353,7.99066319991834
29,2,1,0,1,0,37,14.5,5,0,0,0,0,2,4,2.00110789598803,5.24541350011714
29,2,1,0,1,0,43,3,30,0,0,0,0,2,4,0.663148021946327,5.15121299983002
29,2,1,0,1,0,35,13,70,0,0,0,0,2,4,4.00502287457208,7.37998520000838
29,2,1,0,1,0,6,19,20,0,0,0,0,2,4,2.25389378348646,6.79660239978693
29,2,1,0,1,0,29,7,20,0,0,0,0,2,4,1.2025568029119,10.6122754998505
29,2,1,0,1,0,13,19.5,5,0,0,0,0,2,4,1.60000236742123,6.33542070002295
29,2,1,0,1,0,24,19,70,0,0,0,0,2,4,4.44950764056102,6.45485340012237
29,2,1,0,1,0,78,8.25,20,0,0,0,0,2,4,1.00280845159634,6.33979290002026
29,2,1,0,1,0,45,13.5,55,0,0,0,0,5,4,3.97221509126368,8.27148280013353
29,2,1,0,1,0,20,15.75,35,0,0,0,0,5,4,2.95780548957335,5.98465769994073
29,2,1,0,1,0,46,2,55,0,0,0,0,5,4,0.784608660517659,4.32898260001093
29,2,1,0,1,0,2,7.5,75,0,0,0,0,5,4,3.07834613454049,12.019342500018
29,2,1,0,1,0,59,2,80,0,0,0,0,5,4,0.48424754974803,4.96046140021645
29,2,1,0,1,0,27,5.25,50,0,0,0,0,5,4,1.97574503672225,18.9906934001483
29,2,1,0,1,0,58,14,45,0,0,0,0,5,4,4.9717059741919,5.44906260003336
29,2,1,0,1,0,49,16,50,0,0,0,0,5,4,6.9988343955756,4.52867639996111
29,2,1,0,1,0,21,6,95,0,0,0,0,5,4,2.11220039724055,3.9297460000962
29,2,1,0,1,0,8,16,15,0,0,0,0,5,4,1.99237197480245,4.8433852000162
29,2,1,0,1,0,3,15,85,0,0,0,0,5,4,4.78978162018228,4.73156600003131
29,2,1,0,1,0,32,9.5,30,0,0,0,0,5,4,2.005886957577,13.4606699000578
29,2,1,0,1,0,40,18,15,0,0,0,0,5,4,2.61691818587718,3.48219410004094
29,2,1,0,1,0,39,17,35,0,0,0,0,5,4,2.88956507736065,2.68345390004106
29,2,2,1,1,0,12,9.25,40,0,12,35,0,6,3,1,7.19823889993131
29,2,2,1,1,0,10,19.5,10,0,18.5,10,0,6,3,1,3.95877000014298
29,2,2,1,1,0,5,20,85,0,16,100,0,6,3,0,9.10292169987224
29,2,2,1,1,0,28,6,25,0,3.5,40,0,6,3,1,8.23395239980891
29,2,2,1,1,0,36,14,15,0,8.25,20,0,6,3,1,6.11570709990337
29,2,2,1,1,0,24,19,70,0,10,90,0,6,3,1,2.92795839998871
29,2,2,1,1,0,22,20,90,0,19.5,65,0,6,3,1,4.02846339996904
29,2,2,1,1,0,20,15.75,35,0,10,95,0,4,3,0,5.70591269992292
29,2,2,1,1,0,37,14.5,5,0,10,10,0,4,3,1,6.80972840008326
29,2,2,1,1,0,34,4,35,0,12,15,0,4,3,1,11.003409500001
29,2,2,1,1,0,9,2,30,0,1,40,0,4,3,1,2.2823725999333
29,2,2,1,1,0,32,7,40,0,9.5,30,0,4,3,1,7.29838429996744
29,2,2,1,1,0,35,13,70,0,12,75,0,4,3,1,2.92088639992289
29,2,2,1,1,0,27,1.5,95,0,5.25,50,0,4,3,1,7.04897419991903
29,2,2,1,1,0,1,3,30,0,5,50,0,5,3,1,5.51635439996608
29,2,2,1,1,0,29,7,20,0,6,25,0,5,3,1,4.83136740000919
29,2,2,1,1,0,26,2.5,65,0,4,45,0,5,3,0,6.09753710008226
29,2,2,1,1,0,23,7.75,60,0,1.75,80,0,5,3,1,4.15366939990781
29,2,2,1,1,0,40,18,15,0,9.5,20,0,5,3,1,5.21632330003195
29,2,2,1,1,0,14,16.75,45,0,12,90,0,5,3,0,4.06653110007755
29,2,2,1,1,0,7,16.75,65,0,16,50,0,5,3,1,7.68973400001414
29,2,2,1,1,0,17,3.25,85,0,2,80,0,3,3,1,5.69651749986224
29,2,2,1,1,0,19,17.5,25,0,15,75,0,3,3,0,5.10719770006835
29,2,2,1,1,0,18,15,35,0,18.75,80,0,3,3,1,3.51345469988883
29,2,2,1,1,0,15,10,50,0,17.25,25,0,3,3,0,4.70373989990912
29,2,2,1,1,0,21,6,95,0,5.5,70,0,3,3,1,4.99278189986944
29,2,2,1,1,0,11,14,90,0,18.25,70,0,3,3,1,6.30475850007497
29,2,2,1,1,0,41,19,65,0,17,80,0,3,3,0,5.52297240006737
29,2,2,1,1,0,42,20,30,0,11,50,0,1,3,0,4.98670009989291
29,2,2,1,1,0,25,8.5,50,0,9,60,0,1,3,1,5.13043370004743
29,2,2,1,1,0,2,7.5,75,0,5,40,0,1,3,1,5.32149720005691
29,2,2,1,1,0,16,14,45,0,16,65,0,1,3,1,2.59411940001883
29,2,2,1,1,0,3,13.5,55,0,15,85,0,1,3,1,6.10620540007949
29,2,2,1,1,0,4,8.5,20,0,2,55,0,1,3,1,4.36784629989415
29,2,2,1,1,0,38,8,45,0,15.5,40,0,1,3,1,5.32941520004533
29,2,2,1,1,0,39,14,55,0,17,35,0,2,3,0,8.90211440017447
29,2,2,1,1,0,31,5,70,0,8.5,50,0,2,3,0,5.88607090013102
29,2,2,1,1,0,33,6,85,0,11,65,0,2,3,1,8.6081383000128
29,2,2,1,1,0,30,6.5,90,0,8,75,0,2,3,1,3.77842199988663
29,2,2,1,1,0,8,2.5,90,0,16,15,0,2,3,1,6.1238496999722
29,2,2,1,1,0,13,16.5,25,0,19.5,5,0,2,3,0,4.35423029982485
29,2,2,1,1,0,6,19,20,0,7,45,0,2,3,0,5.48753549996763
29,3,1,1,0,1,37,10,100,140,14.5,100,175,5,5,0,5.09253509994596
29,3,1,1,0,1,41,17,100,200,19,100,245,5,5,0,5.36752240010537
29,3,1,1,0,1,36,8.25,100,5,14,100,40,5,5,1,3.91569830011576
29,3,1,1,0,1,27,1.5,100,20,5.25,100,120,5,5,0,3.83292740001343
29,3,1,1,0,1,25,9,100,160,8.5,100,105,5,5,0,6.7926425000187
29,3,1,1,0,1,9,2,100,19,1,100,3,5,5,0,3.74781710002571
29,3,1,1,0,1,33,6,100,45,11,100,190,5,5,0,8.45791019988246
29,3,1,1,0,1,2,5,100,65,7.5,100,25,3,5,1,7.40087440004572
29,3,1,1,0,1,17,2,100,110,3.25,100,205,3,5,0,6.31444710004143
29,3,1,1,0,1,8,16,100,20,2.5,100,10,3,5,1,3.93604739988223
29,3,1,1,0,1,4,2,100,70,8.5,100,90,3,5,1,3.7841868000105
29,3,1,1,0,1,22,19.5,100,45,20,100,165,3,5,0,5.99268859997392
29,3,1,1,0,1,28,6,100,7,3.5,100,3,3,5,1,3.47717599989846
29,3,1,1,0,1,13,19.5,100,7,16.5,100,155,3,5,1,3.1778279999271
29,3,1,1,0,1,19,17.5,100,40,15,100,225,4,5,1,8.37258419999853
29,3,1,1,0,1,11,18.25,100,55,14,100,60,4,5,1,7.17206270014867
29,3,1,1,0,1,12,9.25,100,4,12,100,1,4,5,1,5.24397590011358
29,3,1,1,0,1,42,11,100,110,20,100,170,4,5,0,8.42410399997607
29,3,1,1,0,1,35,12,100,25,13,100,30,4,5,1,4.54605239978991
29,3,1,1,0,1,6,19,100,175,7,100,70,4,5,0,8.08819529996254
29,3,1,1,0,1,3,13.5,100,65,15,100,14,4,5,1,4.81150630000047
29,3,1,1,0,1,23,7.75,100,120,1.75,100,10,1,5,1,5.42660199990496
29,3,1,1,0,1,1,5,100,0,3,100,0,1,5,1,3.817103699781
29,3,1,1,0,1,34,12,100,85,4,100,70,1,5,1,6.040409399895
29,3,1,1,0,1,38,8,100,125,15.5,100,215,1,5,0,6.4035982999485
29,3,1,1,0,1,5,16,100,5,20,100,15,1,5,1,6.72078890004195
29,3,1,1,0,1,24,10,100,80,19,100,150,1,5,0,6.09915390005335
29,3,1,1,0,1,26,2.5,100,25,4,100,50,1,5,1,5.60291139991023
29,3,1,1,0,1,30,6.5,100,60,8,100,90,2,5,0,3.91258840006776
29,3,1,1,0,1,32,7,100,120,9.5,100,170,2,5,0,6.84903690009378
29,3,1,1,0,1,21,6,100,55,5.5,100,40,2,5,1,4.47390910005197
29,3,1,1,0,1,10,18.5,100,85,19.5,100,125,2,5,0,3.59206519997679
29,3,1,1,0,1,7,16.75,100,75,16,100,20,2,5,0,4.41573849995621
29,3,1,1,0,1,18,18.75,100,250,15,100,31,2,5,0,8.1749293000903
29,3,1,1,0,1,40,18,100,110,9.5,100,25,2,5,0,13.9529770999216
29,3,1,1,0,1,31,8.5,100,22,5,100,14,6,5,1,6.4487824998796
29,3,1,1,0,1,16,14,100,20,16,100,95,6,5,0,5.82844930002466
29,3,1,1,0,1,14,12,100,210,16.75,100,145,6,5,1,4.39186319988221
29,3,1,1,0,1,20,10,100,135,15.75,100,30,6,5,1,3.59204229991883
29,3,1,1,0,1,29,6,100,45,7,100,55,6,5,0,4.88832689984702
29,3,1,1,0,1,39,14,100,5,17,100,15,6,5,1,4.44848020002246
29,3,1,1,0,1,15,10,100,95,17.25,100,55,6,5,1,4.49888009997085
29,3,2,0,0,1,67,8.5,100,105,0,0,0,1,6,3.79716006621332,10.736334499903
29,3,2,0,0,1,29,7,100,55,0,0,0,1,6,3.02470392227123,6.15534120006487
29,3,2,0,0,1,31,8.5,100,22,0,0,0,1,6,4.28271642000926,3.54444839991629
29,3,2,0,0,1,82,9.5,100,25,0,0,0,1,6,4.29988126085681,3.74110310012475
29,3,2,0,0,1,13,19.5,100,7,0,0,0,1,6,8.98942473925544,4.11382009997033
29,3,2,0,0,1,40,18,100,110,0,0,0,1,6,5.9739867662734,3.51173869986087
29,3,2,0,0,1,47,16,100,5,0,0,0,1,6,7.02423619066564,10.505303800106
29,3,2,0,0,1,18,18.75,100,250,0,0,0,1,6,4.01590447414469,8.67378039984033
29,3,2,0,0,1,50,2.5,100,10,0,0,0,1,6,0.302239127127656,1.89797919988632
29,3,2,0,0,1,11,18.25,100,55,0,0,0,1,6,3.98996923101974,4.06107229995541
29,3,2,0,0,1,39,17,100,15,0,0,0,1,6,5.68477654101284,5.60010320018046
29,3,2,0,0,1,43,3,100,0,0,0,0,1,6,0.976144301987176,2.2333925999701
29,3,2,0,0,1,19,17.5,100,40,0,0,0,1,6,4.93475574838714,14.6042265000287
29,3,2,0,0,1,10,19.5,100,125,0,0,0,1,6,6.02952442384967,5.00488919997588
29,3,2,0,0,1,51,1,100,3,0,0,0,6,6,0.114693854618412,4.57583749992773
29,3,2,0,0,1,45,13.5,100,65,0,0,0,6,6,5.57375711264081,15.0362974999007
29,3,2,0,0,1,83,17,100,200,0,0,0,6,6,4.40305373616237,6.50861969985999
29,3,2,0,0,1,69,1.5,100,20,0,0,0,6,6,0.0854471869531146,2.78209029999562
29,3,2,0,0,1,37,14.5,100,175,0,0,0,6,6,3.59416038882689,12.005635399837
29,3,2,0,0,1,65,1.75,100,10,0,0,0,6,6,0.0147365424835719,2.18237569998018
29,3,2,0,0,1,58,14,100,20,0,0,0,6,6,6.00272673624697,3.37825319985859
29,3,2,0,0,1,35,13,100,30,0,0,0,6,6,4.75741785553528,10.5117893000133
29,3,2,0,0,1,54,9.25,100,4,0,0,0,6,6,3.44984180854897,8.04285910003819
29,3,2,0,0,1,53,14,100,60,0,0,0,6,6,5.15750113478257,2.69168230006471
29,3,2,0,0,1,55,16.5,100,155,0,0,0,6,6,6.02601855553132,5.00082260021009
29,3,2,0,0,1,15,17.25,100,55,0,0,0,6,6,6.68145368316522,3.28263749997132
29,3,2,0,0,1,84,11,100,110,0,0,0,6,6,3.09898332187571,5.57158400001936
29,3,2,0,0,1,75,6,100,45,0,0,0,6,6,1.43756181302072,14.3348638000898
29,3,2,0,0,1,81,14,100,5,0,0,0,4,6,6.84016175659134,7.49097980000079
29,3,2,0,0,1,27,5.25,100,120,0,0,0,4,6,0.845770844079436,3.98785330005921
29,3,2,0,0,1,21,6,100,55,0,0,0,4,6,3.07467535808431,3.87949810014106
29,3,2,0,0,1,17,3.25,100,205,0,0,0,4,6,0.544751199145953,2.8109474000521
29,3,2,0,0,1,57,10,100,95,0,0,0,4,6,2.72693720910905,4.77412880002521
29,3,2,0,0,1,56,12,100,210,0,0,0,4,6,3.04659464104714,29.7572354997974
29,3,2,0,0,1,62,10,100,135,0,0,0,4,6,3.58854777914581,4.67924179998226
29,3,2,0,0,1,34,12,100,85,0,0,0,4,6,4.48241621003604,3.2978826998733
29,3,2,0,0,1,6,19,100,175,0,0,0,4,6,5.9595628208423,7.21851660008542
29,3,2,0,0,1,24,19,100,150,0,0,0,4,6,6.58053162864586,6.31904270011
29,3,2,0,0,1,72,6.5,100,60,0,0,0,4,6,2.67668368401787,4.53173130005598
29,3,2,0,0,1,23,7.75,100,120,0,0,0,4,6,2.23779313671465,10.7126980999019
29,3,2,0,0,1,68,2.5,100,25,0,0,0,4,6,0.380670571807034,3.43910040007904
29,3,2,0,0,1,77,12,100,25,0,0,0,4,6,5.68325224017855,5.12093660002574
29,3,2,0,0,1,80,8,100,125,0,0,0,3,6,2.48816390704033,10.5307648999151
29,3,2,0,0,1,1,5,100,0,0,0,0,3,6,2.00531345208567,5.06616170005873
29,3,2,0,0,1,52,18.5,100,85,0,0,0,3,6,6.10759513005265,29.5987450999673
29,3,2,0,0,1,64,19.5,100,45,0,0,0,3,6,8.63780497044387,4.93964420002885
29,3,2,0,0,1,14,16.75,100,145,0,0,0,3,6,5.77990103316833,5.8507677000016
29,3,2,0,0,1,79,10,100,140,0,0,0,3,6,3.03209622835675,4.48448520014063
29,3,2,0,0,1,71,6,100,45,0,0,0,3,6,0.99841464213787,2.9388472000137
29,3,2,0,0,1,41,19,100,245,0,0,0,3,6,2.04409198712154,3.35075879981741
29,3,2,0,0,1,9,2,100,19,0,0,0,3,6,0.156982019802129,4.3349198999349
29,3,2,0,0,1,33,11,100,190,0,0,0,3,6,3.2619726158657,5.17511439998634
29,3,2,0,0,1,73,5,100,14,0,0,0,3,6,2.06544104051048,3.59972020005807
29,3,2,0,0,1,28,6,100,7,0,0,0,3,6,2.98847077394371,3.55024069990031
29,3,2,0,0,1,32,9.5,100,170,0,0,0,3,6,1.41125166268211,4.62135439994745
29,3,2,0,0,1,8,16,100,20,0,0,0,3,6,6.86734709804403,3.55285000009462
29,3,2,0,0,1,25,9,100,160,0,0,0,2,6,1.89143116204463,6.14396089990623
29,3,2,0,0,1,76,4,100,70,0,0,0,2,6,0.682958406627407,4.22755309985951
29,3,2,0,0,1,42,20,100,170,0,0,0,2,6,5.94083975758066,3.64485789998434
29,3,2,0,0,1,59,2,100,110,0,0,0,2,6,0.086609591235387,3.19804310007021
29,3,2,0,0,1,46,2,100,70,0,0,0,2,6,0.435360984896377,2.91396340006031
29,3,2,0,0,1,48,7,100,70,0,0,0,2,6,1.52266779990475,5.13124449993484
29,3,2,0,0,1,22,20,100,165,0,0,0,2,6,6.41262579591922,9.29195260000415
29,3,2,0,0,1,26,4,100,50,0,0,0,2,6,0.25394849741879,2.72414579987526
29,3,2,0,0,1,30,8,100,90,0,0,0,2,6,2.50478455556199,4.29466159990989
29,3,2,0,0,1,70,3.5,100,3,0,0,0,2,6,0.343784228768566,3.95010629994795
29,3,2,0,0,1,2,7.5,100,25,0,0,0,2,6,2.32569741090279,16.7070472000632
29,3,2,0,0,1,5,20,100,15,0,0,0,2,6,7.994113042423,3.97474059998058
29,3,2,0,0,1,12,12,100,1,0,0,0,2,6,5.95111019526929,2.94518320006318
29,3,2,0,0,1,44,5,100,65,0,0,0,2,6,0.592097021822894,5.40053839981556
29,3,2,0,0,1,60,15,100,31,0,0,0,5,6,4.09120478356472,8.66123159998097
29,3,2,0,0,1,63,5.5,100,40,0,0,0,5,6,1.24863791931784,7.85942530003376
29,3,2,0,0,1,49,16,100,20,0,0,0,5,6,7.10379166427467,5.55884120007977
29,3,2,0,0,1,74,7,100,120,0,0,0,5,6,1.06062568564242,3.02188210003078
29,3,2,0,0,1,66,10,100,80,0,0,0,5,6,1.63325441070048,2.26492039998993
29,3,2,0,0,1,16,16,100,95,0,0,0,5,6,2.00472423484235,2.2196082000155
29,3,2,0,0,1,7,16.75,100,75,0,0,0,5,6,2.30006502495018,3.60419939993881
29,3,2,0,0,1,3,15,100,14,0,0,0,5,6,5.03929701769405,6.32389580016024
29,3,2,0,0,1,20,15.75,100,30,0,0,0,5,6,5.95499077911336,3.39571229997091
29,3,2,0,0,1,36,14,100,40,0,0,0,5,6,3.05463707645707,3.00780220003799
29,3,2,0,0,1,38,15.5,100,215,0,0,0,5,6,2.04832764699134,17.0327333998866
29,3,2,0,0,1,78,8.25,100,5,0,0,0,5,6,2.66112497313508,2.33992380020209
29,3,2,0,0,1,61,15,100,225,0,0,0,5,6,3.1271219635122,3.97534160013311
29,3,2,0,0,1,4,8.5,100,90,0,0,0,5,6,1.01275906131502,4.60813999990933
30,1,1,0,1,0,63,5.5,70,0,0,0,0,2,4,0.50503725652765,18.5845669999835
30,1,1,0,1,0,56,12,90,0,0,0,0,2,4,0.919543647452798,6.53428910003277
30,1,1,0,1,0,10,19.5,10,0,0,0,0,2,4,1.60510469767933,4.84403829998337
30,1,1,0,1,0,22,20,90,0,0,0,0,2,4,1.58086229784416,2.33991169999354
30,1,1,0,1,0,53,14,90,0,0,0,0,2,4,1.19490785982273,2.00733429996762
30,1,1,0,1,0,47,16,100,0,0,0,0,2,4,0.948581783742522,1.9298492000089
30,1,1,0,1,0,59,2,80,0,0,0,0,2,4,0.0440052741727648,1.47182320000138
30,1,1,0,1,0,49,16,50,0,0,0,0,2,4,1.01495224021366,1.28211610001745
30,1,1,0,1,0,72,6.5,90,0,0,0,0,2,4,0.269233042132921,1.3147384999902
30,1,1,0,1,0,84,11,50,0,0,0,0,2,4,0.503060976289717,1.39764470001683
30,1,1,0,1,0,8,16,15,0,0,0,0,2,4,0.748445690457704,1.75705960002961
30,1,1,0,1,0,45,13.5,55,0,0,0,0,2,4,0.591155981621117,2.56444869999541
30,1,1,0,1,0,48,7,45,0,0,0,0,2,4,0.266770273564287,1.29455510003027
30,1,1,0,1,0,65,1.75,80,0,0,0,0,2,4,0,0.996401500015054
30,1,1,0,1,0,17,3.25,85,0,0,0,0,5,4,0.0720127397250039,14.8871602999861
30,1,1,0,1,0,69,1.5,95,0,0,0,0,5,4,0.0730036544438626,6.72917579999194
30,1,1,0,1,0,36,14,15,0,0,0,0,5,4,0.0141157146137232,1.34950519999256
30,1,1,0,1,0,50,2.5,90,0,0,0,0,5,4,0.0940087444154578,1.99155500001507
30,1,1,0,1,0,61,15,75,0,0,0,0,5,4,1.10183623565636,2.66215119999833
30,1,1,0,1,0,80,8,45,0,0,0,0,5,4,0.127875164241491,1.31676479999442
30,1,1,0,1,0,52,18.5,10,0,0,0,0,5,4,0.0141157146137232,3.85034880001331
30,1,1,0,1,0,82,9.5,20,0,0,0,0,5,4,0.0146013453224398,3.26241590001155
30,1,1,0,1,0,68,2.5,65,0,0,0,0,5,4,0.0862186251987715,8.90949220000766
30,1,1,0,1,0,25,9,60,0,0,0,0,5,4,0.0440052741727648,1.23863550001988
30,1,1,0,1,0,54,9.25,40,0,0,0,0,5,4,0.0138095178709285,0.611627599981148
30,1,1,0,1,0,3,15,85,0,0,0,0,5,4,0.571855813547543,4.37562519998755
30,1,1,0,1,0,19,17.5,25,0,0,0,0,5,4,0.0582702053919704,1.50884150003549
30,1,1,0,1,0,81,14,55,0,0,0,0,5,4,0.0860244627697853,16.0664004000137
30,1,1,0,1,0,24,19,70,0,0,0,0,1,4,0.969635943513964,10.47573929996
30,1,1,0,1,0,21,6,95,0,0,0,0,1,4,0.205290029554956,1.88646690000314
30,1,1,0,1,0,35,13,70,0,0,0,0,1,4,0.175172228353748,6.58958720002556
30,1,1,0,1,0,32,9.5,30,0,0,0,0,1,4,0.0282940258080941,2.01202030002605
30,1,1,0,1,0,46,2,55,0,0,0,0,1,4,0.0439041158341666,1.32879339996725
30,1,1,0,1,0,34,12,15,0,0,0,0,1,4,0.0145015642656752,1.468302400026
30,1,1,0,1,0,40,18,15,0,0,0,0,1,4,0.0432088233078609,1.65920509997522
30,1,1,0,1,0,7,16.75,65,0,0,0,0,1,4,0.294521075935759,5.52559839998139
30,1,1,0,1,0,6,19,20,0,0,0,0,1,4,0.0582702053919704,1.03075520001585
30,1,1,0,1,0,77,12,75,0,0,0,0,1,4,1.01523900157096,2.77714570000535
30,1,1,0,1,0,38,15.5,40,0,0,0,0,1,4,0.347692028734251,1.33472919999622
30,1,1,0,1,0,28,6,25,0,0,0,0,1,4,0.0140844852586284,4.28298190003261
30,1,1,0,1,0,78,8.25,20,0,0,0,0,1,4,0,6.5177343999967
30,1,1,0,1,0,71,6,25,0,0,0,0,1,4,0,1.62963149999268
30,1,1,0,1,0,26,4,45,0,0,0,0,6,4,0.0141157146137232,3.39049409999279
30,1,1,0,1,0,13,19.5,5,0,0,0,0,6,4,0,2.10460130003048
30,1,1,0,1,0,2,7.5,75,0,0,0,0,6,4,0.013690726687198,1.8424022999825
30,1,1,0,1,0,62,10,95,0,0,0,0,6,4,0.546735115151552,3.84375229995931
30,1,1,0,1,0,15,17.25,25,0,0,0,0,6,4,0.0430141949056626,0.118397000012919
30,1,1,0,1,0,11,18.25,70,0,0,0,0,6,4,0.0981494564209946,2.57875460002106
30,1,1,0,1,0,31,8.5,50,0,0,0,0,6,4,0.0294048612048954,6.50637149997056
30,1,1,0,1,0,27,5.25,50,0,0,0,0,6,4,0.0435040908434132,5.60005220002495
30,1,1,0,1,0,58,14,45,0,0,0,0,6,4,0.186764844760326,19.7356966000516
30,1,1,0,1,0,20,15.75,35,0,0,0,0,6,4,0.301557893011029,1.23878779995721
30,1,1,0,1,0,9,2,30,0,0,0,0,6,4,0.0430141949056626,1.48750029999064
30,1,1,0,1,0,18,18.75,80,0,0,0,0,6,4,0.330228434914968,2.02094089996535
30,1,1,0,1,0,83,17,80,0,0,0,0,6,4,0.543925629631168,1.73767150001368
30,1,1,0,1,0,73,5,70,0,0,0,0,6,4,0.0430141949056626,5.38993090001168
30,1,1,0,1,0,1,5,50,0,0,0,0,4,4,0.101966986735448,1.41755690000718
30,1,1,0,1,0,33,11,65,0,0,0,0,4,4,0.0147365424835719,1.23439239995787
30,1,1,0,1,0,39,17,35,0,0,0,0,4,4,0.0143706250803106,1.37777319998713
30,1,1,0,1,0,74,7,40,0,0,0,0,4,4,0.0577417065705745,10.0192940999987
30,1,1,0,1,0,66,10,90,0,0,0,0,4,4,0.216945449933288,7.57104790001176
30,1,1,0,1,0,75,6,85,0,0,0,0,4,4,0.251718319597877,0.564850500028115
30,1,1,0,1,0,12,12,35,0,0,0,0,4,4,0.0422529042802928,1.38998680002987
30,1,1,0,1,0,67,8.5,50,0,0,0,0,4,4,0.0416085429692004,0.926183999981731
30,1,1,0,1,0,41,19,65,0,0,0,0,4,4,0,17.6584516999428
30,1,1,0,1,0,43,3,30,0,0,0,0,4,4,0.0141157146137232,4.67084069998236
30,1,1,0,1,0,42,20,30,0,0,0,0,4,4,0.0570944129282402,1.28832479997072
30,1,1,0,1,0,30,8,75,0,0,0,0,4,4,0.0721760199427628,2.03341989999171
30,1,1,0,1,0,44,5,40,0,0,0,0,4,4,0.0287411037096383,7.63117089995649
30,1,1,0,1,0,37,14.5,5,0,0,0,0,4,4,0.0288714470679921,4.91742870002054
30,1,1,0,1,0,29,7,20,0,0,0,0,3,4,0.0712072956577643,1.15539470000658
30,1,1,0,1,0,64,19.5,65,0,0,0,0,3,4,0.1755747192,2.76786929997616
30,1,1,0,1,0,51,1,40,0,0,0,0,3,4,0.0144031376959184,2.68098539998755
30,1,1,0,1,0,14,16.75,45,0,0,0,0,3,4,0.0140844852586284,12.7039815000026
30,1,1,0,1,0,70,3.5,40,0,0,0,0,3,4,0.0289370630903747,2.30669140000828
30,1,1,0,1,0,16,16,65,0,0,0,0,3,4,0.0439041158341666,0.869458200002555
30,1,1,0,1,0,79,10,10,0,0,0,0,3,4,0.0435040908434132,0.787449199997354
30,1,1,0,1,0,76,4,35,0,0,0,0,3,4,0.101966986735448,0.925174599979073
30,1,1,0,1,0,55,16.5,25,0,0,0,0,3,4,0.0434052209772879,0.795043799967971
30,1,1,0,1,0,5,20,85,0,0,0,0,3,4,0.9924899610502,2.90072969999164
30,1,1,0,1,0,4,8.5,20,0,0,0,0,3,4,0.0143706250803106,4.49427759996615
30,1,1,0,1,0,57,10,50,0,0,0,0,3,4,0.131393678148985,2.73978839995107
30,1,1,0,1,0,60,15,35,0,0,0,0,3,4,0.0435040908434132,1.1138106000144
30,1,1,0,1,0,23,7.75,60,0,0,0,0,3,4,0.0736795541237321,1.70151549996808
30,1,2,1,1,0,39,14,55,0,17,35,0,5,3,0,18.5351482999977
30,1,2,1,1,0,13,19.5,5,0,16.5,25,0,5,3,0,2.51985559996683
30,1,2,1,1,0,35,13,70,0,12,75,0,5,3,0,7.33622220001416
30,1,2,1,1,0,3,15,85,0,13.5,55,0,5,3,1,5.37562399997842
30,1,2,1,1,0,23,1.75,80,0,7.75,60,0,5,3,1,7.42922270001145
30,1,2,1,1,0,4,2,55,0,8.5,20,0,5,3,0,8.29833629995119
30,1,2,1,1,0,31,5,70,0,8.5,50,0,5,3,0,2.25673779996578
30,1,2,1,1,0,12,9.25,40,0,12,35,0,1,3,0,5.98496470000828
30,1,2,1,1,0,1,3,30,0,5,50,0,1,3,1,7.79499909997685
30,1,2,1,1,0,24,19,70,0,10,90,0,1,3,1,9.85725709999679
30,1,2,1,1,0,40,18,15,0,9.5,20,0,1,3,1,9.45622469997033
30,1,2,1,1,0,11,14,90,0,18.25,70,0,1,3,0,11.6017161000054
30,1,2,1,1,0,22,20,90,0,19.5,65,0,1,3,1,3.32689199998276
30,1,2,1,1,0,5,16,100,0,20,85,0,1,3,0,6.62668980000308
30,1,2,1,1,0,14,12,90,0,16.75,45,0,6,3,0,8.85722259996692
30,1,2,1,1,0,33,11,65,0,6,85,0,6,3,0,3.95330090000061
30,1,2,1,1,0,20,15.75,35,0,10,95,0,6,3,0,18.8163802000345
30,1,2,1,1,0,7,16,50,0,16.75,65,0,6,3,0,3.09735150000779
30,1,2,1,1,0,37,10,10,0,14.5,5,0,6,3,0,9.21644170000218
30,1,2,1,1,0,38,15.5,40,0,8,45,0,6,3,1,7.91709780000383
30,1,2,1,1,0,6,7,45,0,19,20,0,6,3,0,13.8094751000172
30,1,2,1,1,0,25,9,60,0,8.5,50,0,4,3,1,5.68287389999023
30,1,2,1,1,0,8,2.5,90,0,16,15,0,4,3,1,19.2160330000333
30,1,2,1,1,0,10,18.5,10,0,19.5,10,0,4,3,1,2.87266429996816
30,1,2,1,1,0,42,20,30,0,11,50,0,4,3,0,7.41920440003742
30,1,2,1,1,0,16,14,45,0,16,65,0,4,3,1,3.39884649997111
30,1,2,1,1,0,27,1.5,95,0,5.25,50,0,4,3,1,8.56658670003526
30,1,2,1,1,0,28,3.5,40,0,6,25,0,4,3,0,6.10506580001675
30,1,2,1,1,0,21,5.5,70,0,6,95,0,2,3,1,3.64091280003777
30,1,2,1,1,0,30,6.5,90,0,8,75,0,2,3,0,3.29855900001712
30,1,2,1,1,0,9,2,30,0,1,40,0,2,3,0,4.3780270999996
30,1,2,1,1,0,34,4,35,0,12,15,0,2,3,0,4.05041470000288
30,1,2,1,1,0,18,15,35,0,18.75,80,0,2,3,1,2.97055309999269
30,1,2,1,1,0,36,14,15,0,8.25,20,0,2,3,1,4.16924470005324
30,1,2,1,1,0,32,9.5,30,0,7,40,0,2,3,0,4.64357080002083
30,1,2,1,1,0,19,17.5,25,0,15,75,0,3,3,0,6.96237220003968
30,1,2,1,1,0,17,2,80,0,3.25,85,0,3,3,1,7.99854210001649
30,1,2,1,1,0,26,4,45,0,2.5,65,0,3,3,0,4.00164209998911
30,1,2,1,1,0,41,19,65,0,17,80,0,3,3,1,2.73508700000821
30,1,2,1,1,0,15,17.25,25,0,10,50,0,3,3,0,13.8512318999856
30,1,2,1,1,0,2,7.5,75,0,5,40,0,3,3,1,1.88172619999386
30,1,2,1,1,0,29,6,25,0,7,20,0,3,3,0,3.84071710001444
30,2,1,1,0,1,41,17,100,200,19,100,245,2,5,1,8.35798090009484
30,2,1,1,0,1,3,15,100,14,13.5,100,65,2,5,1,8.73835799994413
30,2,1,1,0,1,7,16.75,100,75,16,100,20,2,5,0,8.39534100005403
30,2,1,1,0,1,17,2,100,110,3.25,100,205,2,5,1,10.8578693999443
30,2,1,1,0,1,16,14,100,20,16,100,95,2,5,1,11.8609562999336
30,2,1,1,0,1,36,8.25,100,5,14,100,40,2,5,1,3.20438839995768
30,2,1,1,0,1,30,6.5,100,60,8,100,90,2,5,1,7.95252510008868
30,2,1,1,0,1,29,7,100,55,6,100,45,3,5,1,12.2000984000042
30,2,1,1,0,1,2,5,100,65,7.5,100,25,3,5,1,7.19626340002287
30,2,1,1,0,1,12,12,100,1,9.25,100,4,3,5,1,8.65210539998952
30,2,1,1,0,1,34,4,100,70,12,100,85,3,5,1,6.68044260004535
30,2,1,1,0,1,35,12,100,25,13,100,30,3,5,1,6.44174180005211
30,2,1,1,0,1,38,8,100,125,15.5,100,215,3,5,1,4.11406490008812
30,2,1,1,0,1,42,11,100,110,20,100,170,3,5,1,2.37281460000668
30,2,1,1,0,1,26,2.5,100,25,4,100,50,1,5,1,10.1048429999501
30,2,1,1,0,1,5,20,100,15,16,100,5,1,5,1,6.48820330004673
30,2,1,1,0,1,20,10,100,135,15.75,100,30,1,5,1,7.33629590005148
30,2,1,1,0,1,24,10,100,80,19,100,150,1,5,1,4.55449879996013
30,2,1,1,0,1,28,3.5,100,3,6,100,7,1,5,1,3.80969259992708
30,2,1,1,0,1,8,2.5,100,10,16,100,20,1,5,1,7.60914519999642
30,2,1,1,0,1,13,19.5,100,7,16.5,100,155,1,5,1,3.30873970000539
30,2,1,1,0,1,10,18.5,100,85,19.5,100,125,6,5,0,4.91662070003804
30,2,1,1,0,1,21,5.5,100,40,6,100,55,6,5,0,3.61107019998599
30,2,1,1,0,1,25,9,100,160,8.5,100,105,6,5,0,6.07457729999442
30,2,1,1,0,1,33,11,100,190,6,100,45,6,5,1,3.28815260005649
30,2,1,1,0,1,39,14,100,5,17,100,15,6,5,1,6.93270380003378
30,2,1,1,0,1,22,20,100,165,19.5,100,45,6,5,0,3.43693149997853
30,2,1,1,0,1,14,12,100,210,16.75,100,145,6,5,1,5.19373029994313
30,2,1,1,0,1,15,17.25,100,55,10,100,95,5,5,1,5.79362809995655
30,2,1,1,0,1,23,1.75,100,10,7.75,100,120,5,5,1,4.71625579998363
30,2,1,1,0,1,19,17.5,100,40,15,100,225,5,5,1,4.10587570001371
30,2,1,1,0,1,4,8.5,100,90,2,100,70,5,5,1,4.64131179999094
30,2,1,1,0,1,6,19,100,175,7,100,70,5,5,1,3.99241559999064
30,2,1,1,0,1,40,9.5,100,25,18,100,110,5,5,0,5.71427130000666
30,2,1,1,0,1,18,15,100,31,18.75,100,250,5,5,0,2.60873940004967
30,2,1,1,0,1,1,5,100,0,3,100,0,4,5,1,6.355683999951
30,2,1,1,0,1,37,14.5,100,175,10,100,140,4,5,1,10.3287183999782
30,2,1,1,0,1,9,1,100,3,2,100,19,4,5,1,4.7451393000083
30,2,1,1,0,1,32,7,100,120,9.5,100,170,4,5,1,7.32866570004262
30,2,1,1,0,1,11,18.25,100,55,14,100,60,4,5,1,3.72126829996705
30,2,1,1,0,1,31,8.5,100,22,5,100,14,4,5,1,4.29216529999394
30,2,1,1,0,1,27,5.25,100,120,1.5,100,20,4,5,1,3.94127029995434
30,2,2,0,0,1,45,13.5,100,65,0,0,0,3,6,2.99663970208904,26.0043249001028
30,2,2,0,0,1,66,10,100,80,0,0,0,3,6,1.00076832543155,1.94526779989246
30,2,2,0,0,1,3,15,100,14,0,0,0,3,6,2.00731477164366,3.39706380001735
30,2,2,0,0,1,44,5,100,65,0,0,0,3,6,0.0999096982751126,1.50082219997421
30,2,2,0,0,1,58,14,100,20,0,0,0,3,6,1.02571792690339,1.40936619997956
30,2,2,0,0,1,17,3.25,100,205,0,0,0,3,6,0.0272058075604811,2.28745499998331
30,2,2,0,0,1,14,16.75,100,145,0,0,0,3,6,1.03206305929602,1.41428969998378
30,2,2,0,0,1,21,6,100,55,0,0,0,3,6,0,1.44657370005734
30,2,2,0,0,1,32,9.5,100,170,0,0,0,3,6,1.04916782113034,1.15302800002974
30,2,2,0,0,1,9,2,100,19,0,0,0,3,6,0.0142102391754371,0.994613499962725
30,2,2,0,0,1,1,5,100,0,0,0,0,3,6,0.0678673406557877,0.958703699987382
30,2,2,0,0,1,84,11,100,110,0,0,0,3,6,0.0699554009344752,1.09843269991688
30,2,2,0,0,1,70,3.5,100,3,0,0,0,3,6,0.203107582700554,0.11466299998574
30,2,2,0,0,1,64,19.5,100,45,0,0,0,3,6,2.00442353115717,1.0963713999372
30,2,2,0,0,1,83,17,100,200,0,0,0,2,6,1.01224259820549,3.41824260004796
30,2,2,0,0,1,37,14.5,100,175,0,0,0,2,6,1.02799846930101,1.78012190002482
30,2,2,0,0,1,57,10,100,95,0,0,0,2,6,0.279506776756037,9.05849730002228
30,2,2,0,0,1,67,8.5,100,105,0,0,0,2,6,0.0567129560320829,1.31882929999847
30,2,2,0,0,1,79,10,100,140,0,0,0,2,6,0.30922452820629,2.92220209992956
30,2,2,0,0,1,51,1,100,3,0,0,0,2,6,0.0138395384674723,1.94083590002265
30,2,2,0,0,1,63,5.5,100,40,0,0,0,2,6,0.013207860144437,6.26560309994966
30,2,2,0,0,1,61,15,100,225,0,0,0,2,6,0.304995099315349,1.63418950000778
30,2,2,0,0,1,18,18.75,100,250,0,0,0,2,6,0.183715516898648,0.146544399904087
30,2,2,0,0,1,60,15,100,31,0,0,0,2,6,0.336226120336161,1.55522189999465
30,2,2,0,0,1,53,14,100,60,0,0,0,2,6,0.189327620336417,1.5292260000715
30,2,2,0,0,1,39,17,100,15,0,0,0,2,6,0.636991813199362,0.802594100008719
30,2,2,0,0,1,69,1.5,100,20,0,0,0,2,6,0,0.976066900067963
30,2,2,0,0,1,78,8.25,100,5,0,0,0,2,6,0.410153998494586,3.5814750000136
30,2,2,0,0,1,26,4,100,50,0,0,0,4,6,0.0428213119703393,2.00430139992386
30,2,2,0,0,1,15,17.25,100,55,0,0,0,4,6,0.287310482491609,2.56945660000201
30,2,2,0,0,1,36,14,100,40,0,0,0,4,6,0.45188204998966,3.3630589999957
30,2,2,0,0,1,76,4,100,70,0,0,0,4,6,0.0141470827652661,3.07597190001979
30,2,2,0,0,1,22,20,100,165,0,0,0,4,6,0.0713669399104582,0.785274699912407
30,2,2,0,0,1,23,7.75,100,120,0,0,0,4,6,0.0282940258080941,0.843229799997061
30,2,2,0,0,1,56,12,100,210,0,0,0,4,6,0.205290029554956,0.981005399953574
30,2,2,0,0,1,24,19,100,150,0,0,0,4,6,0.164252517409874,1.10748400003649
30,2,2,0,0,1,31,8.5,100,22,0,0,0,4,6,0.143358594673384,1.42837920004968
30,2,2,0,0,1,19,17.5,100,40,0,0,0,4,6,0.320957949982553,1.83439470001031
30,2,2,0,0,1,59,2,100,110,0,0,0,4,6,0.0146013453224398,2.3724094000645
30,2,2,0,0,1,28,6,100,7,0,0,0,4,6,0.0436034121489826,1.09757920005359
30,2,2,0,0,1,27,5.25,100,120,0,0,0,4,6,0.0585380993158324,3.59962019999512
30,2,2,0,0,1,25,9,100,160,0,0,0,4,6,0.331723366254206,1.50359480001498
30,2,2,0,0,1,6,19,100,175,0,0,0,1,6,0.304301408621097,5.18886550003663
30,2,2,0,0,1,38,15.5,100,215,0,0,0,1,6,0.390163812835812,7.50429499999154
30,2,2,0,0,1,42,20,100,170,0,0,0,1,6,0.101850472931698,1.49620030005462
30,2,2,0,0,1,74,7,100,120,0,0,0,1,6,0.292798286939046,1.17170439998154
30,2,2,0,0,1,16,16,100,95,0,0,0,1,6,0.172405633900151,1.62798510002904
30,2,2,0,0,1,5,20,100,15,0,0,0,1,6,0.310988723730702,2.10398580005858
30,2,2,0,0,1,52,18.5,100,85,0,0,0,1,6,0.450851452904075,1.36541500000749
30,2,2,0,0,1,54,9.25,100,4,0,0,0,1,6,0.214029114936967,3.25672990002204
30,2,2,0,0,1,33,11,100,190,0,0,0,1,6,0.117879076696024,3.14732480002567
30,2,2,0,0,1,11,18.25,100,55,0,0,0,1,6,0.459063448517078,1.49196270003449
30,2,2,0,0,1,77,12,100,25,0,0,0,1,6,0.256792383640157,0.918020899989642
30,2,2,0,0,1,4,8.5,100,90,0,0,0,1,6,0.638887245634518,0.798284599906765
30,2,2,0,0,1,35,13,100,30,0,0,0,1,6,0.298863369238937,0.937912699999288
30,2,2,0,0,1,72,6.5,100,60,0,0,0,1,6,0.157334644920532,0.816429300000891
30,2,2,0,0,1,71,6,100,45,0,0,0,6,6,0.362148585429097,1.61279109993484
30,2,2,0,0,1,65,1.75,100,10,0,0,0,6,6,0.114179642937962,8.60600489994977
30,2,2,0,0,1,47,16,100,5,0,0,0,6,6,0.405495237728207,1.1234170999378
30,2,2,0,0,1,81,14,100,5,0,0,0,6,6,0.241458617042781,0.983537500025705
30,2,2,0,0,1,12,12,100,1,0,0,0,6,6,0.409213713777447,1.32446109992452
30,2,2,0,0,1,8,16,100,20,0,0,0,6,6,0,0.58005729992874
30,2,2,0,0,1,29,7,100,55,0,0,0,6,6,0.186344443714475,1.14623690000735
30,2,2,0,0,1,34,12,100,85,0,0,0,6,6,0.740556698276631,0.730698199942708
30,2,2,0,0,1,30,8,100,90,0,0,0,6,6,0.0548796554020825,0.925768199958839
30,2,2,0,0,1,7,16.75,100,75,0,0,0,6,6,0.888169054848866,0.846111500053667
30,2,2,0,0,1,13,19.5,100,7,0,0,0,6,6,0.49745690225577,0.557412299909629
30,2,2,0,0,1,50,2.5,100,10,0,0,0,6,6,0.0430141949056626,0.694893900072202
30,2,2,0,0,1,40,18,100,110,0,0,0,6,6,0.543530242275249,0.70099299994763
30,2,2,0,0,1,43,3,100,0,0,0,0,6,6,0.0276189057843972,0.78309319994878
30,2,2,0,0,1,82,9.5,100,25,0,0,0,5,6,0.279814478620207,0.866797300055623
30,2,2,0,0,1,46,2,100,70,0,0,0,5,6,0.0573515810849834,0.548675399972126
30,2,2,0,0,1,68,2.5,100,25,0,0,0,5,6,0.0287411037096383,1.43382849998306
30,2,2,0,0,1,73,5,100,14,0,0,0,5,6,0.156281489367046,0.924293200019747
30,2,2,0,0,1,80,8,100,125,0,0,0,5,6,0.014634911515401,1.10377439996228
30,2,2,0,0,1,20,15.75,100,30,0,0,0,5,6,0.312374843836277,0.875941900070757
30,2,2,0,0,1,49,16,100,20,0,0,0,5,6,0.361327288929321,0.725883900071494
30,2,2,0,0,1,41,19,100,245,0,0,0,5,6,0.291695593462343,0.446728099952452
30,2,2,0,0,1,62,10,100,135,0,0,0,5,6,0.687788441908609,1.70297069998924
30,2,2,0,0,1,2,7.5,100,25,0,0,0,5,6,0.198878956471784,0.638557399972342
30,2,2,0,0,1,55,16.5,100,155,0,0,0,5,6,0.473795927683639,0.808518900070339
30,2,2,0,0,1,75,6,100,45,0,0,0,5,6,0.130793876220228,0.771112299989909
30,2,2,0,0,1,10,19.5,100,125,0,0,0,5,6,0.386657500474413,2.3895447999239
30,2,2,0,0,1,48,7,100,70,0,0,0,5,6,0.173187134023422,0.491495799971744
30,3,1,1,1,1,13,19.5,5,7,16.5,25,155,3,1,0,16.9056343000848
30,3,1,1,1,1,4,2,55,70,8.5,20,90,3,1,1,10.1747971998993
30,3,1,1,1,1,24,19,70,150,10,90,80,3,1,1,5.4239747999236
30,3,1,1,1,1,18,18.75,80,250,15,35,31,3,1,1,5.03861229983158
30,3,1,1,1,1,27,1.5,95,20,5.25,50,120,3,1,1,11.6348711000755
30,3,1,1,1,1,6,19,20,175,7,45,70,3,1,1,10.6784389999229
30,3,1,1,1,1,7,16,50,20,16.75,65,75,3,1,1,6.25653010001406
30,3,1,1,1,1,19,15,75,225,17.5,25,40,2,1,0,4.65660479990765
30,3,1,1,1,1,36,8.25,20,5,14,15,40,2,1,1,7.78444990003482
30,3,1,1,1,1,42,20,30,170,11,50,110,2,1,1,7.03313600015827
30,3,1,1,1,1,28,6,25,7,3.5,40,3,2,1,0,10.7765367999673
30,3,1,1,1,1,10,19.5,10,125,18.5,10,85,2,1,0,8.34690500004217
30,3,1,1,1,1,31,8.5,50,22,5,70,14,2,1,0,7.39471549983136
30,3,1,1,1,1,14,16.75,45,145,12,90,210,2,1,0,13.2805117999669
30,3,1,1,1,1,2,5,40,65,7.5,75,25,6,1,1,5.0300414999947
30,3,1,1,1,1,22,20,90,165,19.5,65,45,6,1,1,3.56854530004784
30,3,1,1,1,1,29,6,25,45,7,20,55,6,1,0,6.4181941000279
30,3,1,1,1,1,15,10,50,95,17.25,25,55,6,1,0,10.7384952001739
30,3,1,1,1,1,8,16,15,20,2.5,90,10,6,1,0,8.38508560019545
30,3,1,1,1,1,20,10,95,135,15.75,35,30,6,1,0,13.6962117999792
30,3,1,1,1,1,38,15.5,40,215,8,45,125,6,1,1,12.0977857001126
30,3,1,1,1,1,37,10,10,140,14.5,5,175,4,1,0,5.22642239998095
30,3,1,1,1,1,32,7,40,120,9.5,30,170,4,1,0,11.0477409998421
30,3,1,1,1,1,25,9,60,160,8.5,50,105,4,1,1,9.88189950003289
30,3,1,1,1,1,33,11,65,190,6,85,45,4,1,1,8.13782440009527
30,3,1,1,1,1,17,3.25,85,205,2,80,110,4,1,1,4.61080830008723
30,3,1,1,1,1,26,4,45,50,2.5,65,25,4,1,0,9.0179401000496
30,3,1,1,1,1,35,13,70,30,12,75,25,4,1,1,5.80223069991916
30,3,1,1,1,1,1,5,50,0,3,30,0,1,1,1,10.5519395000301
30,3,1,1,1,1,40,9.5,20,25,18,15,110,1,1,1,8.26513099996373
30,3,1,1,1,1,23,7.75,60,120,1.75,80,10,1,1,1,4.85810020007193
30,3,1,1,1,1,21,6,95,55,5.5,70,40,1,1,1,7.41707500000484
30,3,1,1,1,1,3,15,85,14,13.5,55,65,1,1,1,3.81718399981037
30,3,1,1,1,1,41,17,80,200,19,65,245,1,1,0,34.3529455000535
30,3,1,1,1,1,39,17,35,15,14,55,5,1,1,1,6.76904750009999
30,3,1,1,1,1,9,1,40,3,2,30,19,5,1,1,15.7376884999685
30,3,1,1,1,1,12,12,35,1,9.25,40,4,5,1,1,9.7367160001304
30,3,1,1,1,1,5,20,85,15,16,100,5,5,1,0,8.72824129997753
30,3,1,1,1,1,34,4,35,70,12,15,85,5,1,1,12.0622719000094
30,3,1,1,1,1,11,18.25,70,55,14,90,60,5,1,1,7.58637739997357
30,3,1,1,1,1,30,8,75,90,6.5,90,60,5,1,0,9.13667550007813
30,3,1,1,1,1,16,14,45,20,16,65,95,5,1,1,3.55397020000964
30,3,2,0,1,1,30,8,75,90,0,0,0,3,2,0.0862186251987715,37.9435799999628
30,3,2,0,1,1,84,11,50,110,0,0,0,3,2,0.144990819102194,2.78577100019902
30,3,2,0,1,1,59,2,80,110,0,0,0,3,2,0.0287411037096383,3.29274889989756
30,3,2,0,1,1,46,2,55,70,0,0,0,3,2,0,1.00159359979443
30,3,2,0,1,1,14,16.75,45,145,0,0,0,3,2,0.0868064068454046,3.73381739994511
30,3,2,0,1,1,19,17.5,25,40,0,0,0,3,2,0.0289370630903747,1.46764850011095
30,3,2,0,1,1,74,7,40,120,0,0,0,3,2,0.0284839160729184,1.04528740001842
30,3,2,0,1,1,70,3.5,40,3,0,0,0,3,2,0.0431112894459496,0.912969500059262
30,3,2,0,1,1,18,18.75,80,250,0,0,0,3,2,0.296873843696954,1.1796107001137
30,3,2,0,1,1,48,7,45,70,0,0,0,3,2,0,1.25323259993456
30,3,2,0,1,1,25,9,60,160,0,0,0,3,2,0.101042272133238,1.26478490000591
30,3,2,0,1,1,52,18.5,10,85,0,0,0,3,2,0,1.05787890008651
30,3,2,0,1,1,40,18,15,110,0,0,0,3,2,0.0565869338863898,1.40285720000975
30,3,2,0,1,1,72,6.5,90,60,0,0,0,3,2,0.0291357129329484,1.0774469000753
30,3,2,0,1,1,35,13,70,30,0,0,0,5,2,0.0144686062786938,4.27607039990835
30,3,2,0,1,1,17,3.25,85,205,0,0,0,5,2,0.0286763723706862,1.23076079995371
30,3,2,0,1,1,37,14.5,5,175,0,0,0,5,2,0,1.75640349998139
30,3,2,0,1,1,71,6,25,45,0,0,0,5,2,0,1.3121404000558
30,3,2,0,1,1,60,15,35,31,0,0,0,5,2,0.0140844852586284,1.31996190012433
30,3,2,0,1,1,31,8.5,50,22,0,0,0,5,2,0.0433067994797796,0.827202599961311
30,3,2,0,1,1,33,11,65,190,0,0,0,5,2,0.0710483640136665,0.962904500076547
30,3,2,0,1,1,42,20,30,170,0,0,0,5,2,0.0144031376959184,1.78721989993937
30,3,2,0,1,1,57,10,50,95,0,0,0,5,2,0.0880063435735998,0.943355800118297
30,3,2,0,1,1,38,15.5,40,215,0,0,0,5,2,0.100813707967045,1.31569760013372
30,3,2,0,1,1,81,14,55,5,0,0,0,5,2,0.0837609258967511,0.83398859994486
30,3,2,0,1,1,63,5.5,70,40,0,0,0,5,2,0.014178590640622,1.75106140016578
30,3,2,0,1,1,12,12,35,1,0,0,0,5,2,0.101502523558381,0.810747100040317
30,3,2,0,1,1,78,8.25,20,5,0,0,0,5,2,0.0429175367254473,0.67235319991596
30,3,2,0,1,1,53,14,90,60,0,0,0,1,2,0.22095976183045,3.14494789997116
30,3,2,0,1,1,80,8,45,125,0,0,0,1,2,0.0145679327496886,1.01599340001121
30,3,2,0,1,1,67,8.5,50,105,0,0,0,1,2,0.0284839160729184,1.22978179994971
30,3,2,0,1,1,2,7.5,75,25,0,0,0,1,2,0.201576878781108,0.739599700085819
30,3,2,0,1,1,47,16,100,5,0,0,0,1,2,0,1.33925709989853
30,3,2,0,1,1,62,10,95,135,0,0,0,1,2,0.198878956471784,2.68469989998266
30,3,2,0,1,1,4,8.5,20,90,0,0,0,1,2,0.113670020963092,1.00538680003956
30,3,2,0,1,1,83,17,80,200,0,0,0,1,2,0.279040363018119,0.781123700086027
30,3,2,0,1,1,64,19.5,65,45,0,0,0,1,2,0.155242336366264,0.893854700028896
30,3,2,0,1,1,68,2.5,65,25,0,0,0,1,2,0.146323600643697,0.657527399947867
30,3,2,0,1,1,69,1.5,95,20,0,0,0,1,2,0.102671705863635,0.617674699984491
30,3,2,0,1,1,23,7.75,60,120,0,0,0,1,2,0.0288061279445984,0.212461800081655
30,3,2,0,1,1,49,16,50,20,0,0,0,1,2,0,0.708196799969301
30,3,2,0,1,1,32,9.5,30,170,0,0,0,1,2,0.294261955610128,0.430033100070432
30,3,2,0,1,1,27,5.25,50,120,0,0,0,6,2,0.230871894841119,0.764624600065872
30,3,2,0,1,1,1,5,50,0,0,0,0,6,2,0.160581014930035,0.595878599910066
30,3,2,0,1,1,34,12,15,85,0,0,0,6,2,0.372370118658196,0.792783000040799
30,3,2,0,1,1,73,5,70,14,0,0,0,6,2,0.127024779895269,0.88993369997479
30,3,2,0,1,1,56,12,90,210,0,0,0,6,2,0.170102876234456,0.720491399988532
30,3,2,0,1,1,66,10,90,80,0,0,0,6,2,0.100359667569176,0.814092299900949
30,3,2,0,1,1,50,2.5,90,10,0,0,0,6,2,0.0139609375401868,0.927026899997145
30,3,2,0,1,1,21,6,95,55,0,0,0,6,2,0.014178590640622,3.58079439983703
30,3,2,0,1,1,55,16.5,25,155,0,0,0,6,2,0.0731714641737327,0.987441800069064
30,3,2,0,1,1,75,6,85,45,0,0,0,6,2,0.115212718281118,0.907935800030828
30,3,2,0,1,1,79,10,10,140,0,0,0,6,2,0.0864136660292907,0.711081100162119
30,3,2,0,1,1,28,6,25,7,0,0,0,6,2,0.145988113833102,0.864684299798682
30,3,2,0,1,1,5,20,85,15,0,0,0,6,2,0.172017522108664,0.864861499983817
30,3,2,0,1,1,76,4,35,70,0,0,0,6,2,0.0568395407318931,0.967201799852774
30,3,2,0,1,1,24,19,70,150,0,0,0,4,2,0.230871894841119,2.54385929997079
30,3,2,0,1,1,77,12,75,25,0,0,0,4,2,0.175172228353748,0.876394599908963
30,3,2,0,1,1,82,9.5,20,25,0,0,0,4,2,0,1.05191039992496
30,3,2,0,1,1,45,13.5,55,65,0,0,0,4,2,0.143036549058337,0.807864000089467
30,3,2,0,1,1,10,19.5,10,125,0,0,0,4,2,0.12759044066496,1.1071933999192
30,3,2,0,1,1,54,9.25,40,4,0,0,0,4,2,0.0712072956577643,0.724233099957928
30,3,2,0,1,1,22,20,90,165,0,0,0,4,2,0.402750370230436,0.412375799845904
30,3,2,0,1,1,61,15,75,225,0,0,0,4,2,0.350979381064498,0.408487599808723
30,3,2,0,1,1,8,16,15,20,0,0,0,4,2,0.474833383926512,0.412142999935895
30,3,2,0,1,1,36,14,15,40,0,0,0,4,2,0.170102876234456,0.748590300092474
30,3,2,0,1,1,11,18.25,70,55,0,0,0,4,2,0.215477419020441,0.416591700166464
30,3,2,0,1,1,13,19.5,5,7,0,0,0,4,2,0.0585380993158324,1.14999920013361
30,3,2,0,1,1,44,5,40,65,0,0,0,4,2,0.0425352092979843,0.750250299926847
30,3,2,0,1,1,15,17.25,25,55,0,0,0,4,2,0.161320703589837,0.528601800091565
30,3,2,0,1,1,16,16,65,95,0,0,0,2,2,0.18761136164677,0.987196400063112
30,3,2,0,1,1,43,3,30,0,0,0,0,2,2,0,1.23671490000561
30,3,2,0,1,1,41,19,65,245,0,0,0,2,2,0.229313303161884,1.64064319990575
30,3,2,0,1,1,7,16.75,65,75,0,0,0,2,2,0.161693108703986,1.08395989984274
30,3,2,0,1,1,58,14,45,20,0,0,0,2,2,0.147339375189432,1.10352200013585
30,3,2,0,1,1,9,2,30,19,0,0,0,2,2,0,1.4720186998602
30,3,2,0,1,1,51,1,40,3,0,0,0,2,2,0.0143706250803106,0.894973099930212
30,3,2,0,1,1,65,1.75,80,10,0,0,0,2,2,0.014178590640622,0.887955700047314
30,3,2,0,1,1,3,15,85,14,0,0,0,2,2,0.0145015642656752,0.694624900119379
30,3,2,0,1,1,39,17,35,15,0,0,0,2,2,0.0147025090193118,1.04166170000099
30,3,2,0,1,1,26,4,45,50,0,0,0,2,2,0,1.05075499997474
30,3,2,0,1,1,20,15.75,35,30,0,0,0,2,2,0.116530648832672,0.563864500029013
30,3,2,0,1,1,6,19,20,175,0,0,0,2,2,0.0584038451619548,0.673374000005424
30,3,2,0,1,1,29,7,20,55,0,0,0,2,2,0.266271396645163,0.432919800048694
31,1,1,1,1,1,40,9.5,20,25,18,15,110,3,1,0,12.0950111999991
31,1,1,1,1,1,10,18.5,10,85,19.5,10,125,3,1,0,3.60563100001309
31,1,1,1,1,1,28,3.5,40,3,6,25,7,3,1,0,3.59125120000681
31,1,1,1,1,1,8,16,15,20,2.5,90,10,3,1,0,3.92662250000285
31,1,1,1,1,1,36,8.25,20,5,14,15,40,3,1,1,6.04372819996206
31,1,1,1,1,1,3,13.5,55,65,15,85,14,3,1,1,4.47244420001516
31,1,1,1,1,1,34,12,15,85,4,35,70,3,1,0,14.1539878999465
31,1,1,1,1,1,35,13,70,30,12,75,25,1,1,0,3.0732131000259
31,1,1,1,1,1,21,5.5,70,40,6,95,55,1,1,1,2.57083390001208
31,1,1,1,1,1,32,7,40,120,9.5,30,170,1,1,0,3.75310629996238
31,1,1,1,1,1,12,9.25,40,4,12,35,1,1,1,1,5.51321579999058
31,1,1,1,1,1,1,3,30,0,5,50,0,1,1,1,4.52783089998411
31,1,1,1,1,1,9,1,40,3,2,30,19,1,1,0,3.52230850001797
31,1,1,1,1,1,33,6,85,45,11,65,190,1,1,0,4.47281409997959
31,1,1,1,1,1,13,16.5,25,155,19.5,5,7,5,1,1,5.84678409999469
31,1,1,1,1,1,26,4,45,50,2.5,65,25,5,1,0,6.3378438000218
31,1,1,1,1,1,7,16.75,65,75,16,50,20,5,1,0,8.30508670001291
31,1,1,1,1,1,30,8,75,90,6.5,90,60,5,1,0,8.10213779995684
31,1,1,1,1,1,31,5,70,14,8.5,50,22,5,1,0,5.12163230002625
31,1,1,1,1,1,18,18.75,80,250,15,35,31,5,1,0,7.84270200005267
31,1,1,1,1,1,38,8,45,125,15.5,40,215,5,1,1,12.5138687000144
31,1,1,1,1,1,4,2,55,70,8.5,20,90,2,1,0,3.69044130004477
31,1,1,1,1,1,29,7,20,55,6,25,45,2,1,0,10.8566104000201
31,1,1,1,1,1,23,1.75,80,10,7.75,60,120,2,1,1,3.0252116000047
31,1,1,1,1,1,19,17.5,25,40,15,75,225,2,1,1,1.90150420001009
31,1,1,1,1,1,15,10,50,95,17.25,25,55,2,1,1,2.56087889999617
31,1,1,1,1,1,25,9,60,160,8.5,50,105,2,1,1,2.24275630002376
31,1,1,1,1,1,41,17,80,200,19,65,245,2,1,0,2.83452719997149
31,1,1,1,1,1,14,16.75,45,145,12,90,210,4,1,0,3.10463549999986
31,1,1,1,1,1,17,3.25,85,205,2,80,110,4,1,1,3.21938339999178
31,1,1,1,1,1,20,15.75,35,30,10,95,135,4,1,0,3.39338049996877
31,1,1,1,1,1,6,7,45,70,19,20,175,4,1,0,5.14682379999431
31,1,1,1,1,1,22,19.5,65,45,20,90,165,4,1,1,4.50403220002772
31,1,1,1,1,1,2,7.5,75,25,5,40,65,4,1,1,5.60699170001317
31,1,1,1,1,1,39,17,35,15,14,55,5,4,1,0,4.41777589998674
31,1,1,1,1,1,16,16,65,95,14,45,20,6,1,1,11.9407339000027
31,1,1,1,1,1,37,14.5,5,175,10,10,140,6,1,0,10.1295039000106
31,1,1,1,1,1,42,20,30,170,11,50,110,6,1,0,7.55913979996694
31,1,1,1,1,1,5,16,100,5,20,85,15,6,1,0,6.7938364999718
31,1,1,1,1,1,27,1.5,95,20,5.25,50,120,6,1,1,2.12026460003108
31,1,1,1,1,1,11,18.25,70,55,14,90,60,6,1,0,3.70522669999627
31,1,1,1,1,1,24,19,70,150,10,90,80,6,1,0,4.58695619995706
31,1,2,0,1,1,55,16.5,25,155,0,0,0,6,2,2.67732454629637,7.780991800013
31,1,2,0,1,1,17,3.25,85,205,0,0,0,6,2,0.316608284519692,6.08990830002585
31,1,2,0,1,1,11,18.25,70,55,0,0,0,6,2,2.82042914041682,4.37853029998951
31,1,2,0,1,1,78,8.25,20,5,0,0,0,6,2,1.50734473957416,7.51401909999549
31,1,2,0,1,1,9,2,30,19,0,0,0,6,2,0.678454871920476,5.94705289998092
31,1,2,0,1,1,27,5.25,50,120,0,0,0,6,2,1.83634982654475,10.833098299976
31,1,2,0,1,1,58,14,45,20,0,0,0,6,2,1.937782503238,3.83595440001227
31,1,2,0,1,1,25,9,60,160,0,0,0,6,2,2.02060852873471,4.22032299998682
31,1,2,0,1,1,6,19,20,175,0,0,0,6,2,1.02734586061814,4.53709870000603
31,1,2,0,1,1,56,12,90,210,0,0,0,6,2,3.04289105162242,2.89811619999819
31,1,2,0,1,1,15,17.25,25,55,0,0,0,6,2,2.3406606281243,2.83752660005121
31,1,2,0,1,1,71,6,25,45,0,0,0,6,2,0.986287214316132,3.49343289999524
31,1,2,0,1,1,43,3,30,0,0,0,0,6,2,1.09242522713596,3.10229740000796
31,1,2,0,1,1,13,19.5,5,7,0,0,0,6,2,1.05617018740514,2.37178929999936
31,1,2,0,1,1,22,20,90,165,0,0,0,4,2,4.02899492683292,3.89017149998108
31,1,2,0,1,1,59,2,80,110,0,0,0,4,2,0.835160190696609,3.33369689999381
31,1,2,0,1,1,51,1,40,3,0,0,0,4,2,0.555273037506097,4.51446390000638
31,1,2,0,1,1,70,3.5,40,3,0,0,0,4,2,1.01291767143232,2.43834329996025
31,1,2,0,1,1,54,9.25,40,4,0,0,0,4,2,2.02976735636013,5.62104160001036
31,1,2,0,1,1,75,6,85,45,0,0,0,4,2,1.9655349456796,3.79038469999796
31,1,2,0,1,1,60,15,35,31,0,0,0,4,2,1.45265765091671,1.96170949999942
31,1,2,0,1,1,49,16,50,20,0,0,0,4,2,3.98261985261288,3.0016278999974
31,1,2,0,1,1,68,2.5,65,25,0,0,0,4,2,1.04424811065845,2.40126319997944
31,1,2,0,1,1,50,2.5,90,10,0,0,0,4,2,1.07056605372122,2.86696860002121
31,1,2,0,1,1,31,8.5,50,22,0,0,0,4,2,1.96996421818094,2.91348149999976
31,1,2,0,1,1,19,17.5,25,40,0,0,0,4,2,2.45788278393615,5.47657379996963
31,1,2,0,1,1,39,17,35,15,0,0,0,4,2,2.68329841345968,2.99119149998296
31,1,2,0,1,1,45,13.5,55,65,0,0,0,4,2,3.00396027555258,2.86368270003004
31,1,2,0,1,1,3,15,85,14,0,0,0,2,2,3.59664265971371,5.14383000001544
31,1,2,0,1,1,66,10,90,80,0,0,0,2,2,0.633047863517643,5.37317739997525
31,1,2,0,1,1,47,16,100,5,0,0,0,2,2,0.988554800503593,5.21197830000892
31,1,2,0,1,1,41,19,65,245,0,0,0,2,2,1.07056605372122,6.57559710001806
31,1,2,0,1,1,8,16,15,20,0,0,0,2,2,0.500012634268963,2.04390700004296
31,1,2,0,1,1,72,6.5,90,60,0,0,0,2,2,1.0199134531522,3.27661229996011
31,1,2,0,1,1,64,19.5,65,45,0,0,0,2,2,2.74765522354145,8.35479779995512
31,1,2,0,1,1,35,13,70,30,0,0,0,2,2,1.90894413336005,2.73243390000425
31,1,2,0,1,1,1,5,50,0,0,0,0,2,2,1.00076832543155,5.88606589997653
31,1,2,0,1,1,82,9.5,20,25,0,0,0,2,2,0.704465749545545,4.61860319995321
31,1,2,0,1,1,83,17,80,200,0,0,0,2,2,3.02954244748226,2.95992829999886
31,1,2,0,1,1,61,15,75,225,0,0,0,2,2,2.92536590057454,3.9466734000016
31,1,2,0,1,1,12,12,35,1,0,0,0,2,2,1.97938235278756,5.68975779996254
31,1,2,0,1,1,38,15.5,40,215,0,0,0,2,2,1.09932451885949,3.20025409996742
31,1,2,0,1,1,63,5.5,70,40,0,0,0,3,2,1.42400024373985,16.9481825000257
31,1,2,0,1,1,29,7,20,55,0,0,0,3,2,1.74760399502435,9.97565630002646
31,1,2,0,1,1,48,7,45,70,0,0,0,3,2,1.15552517554981,11.742383600038
31,1,2,0,1,1,4,8.5,20,90,0,0,0,3,2,0.528076740296125,5.35506559995702
31,1,2,0,1,1,28,6,25,7,0,0,0,3,2,2.26558145705696,2.38643849996151
31,1,2,0,1,1,42,20,30,170,0,0,0,3,2,3.12087701868989,1.87364679999882
31,1,2,0,1,1,37,14.5,5,175,0,0,0,3,2,2.73044169299011,2.43033370003104
31,1,2,0,1,1,16,16,65,95,0,0,0,3,2,3.69072882969387,3.25079640001059
31,1,2,0,1,1,81,14,55,5,0,0,0,3,2,0.957294242684899,4.26786690001609
31,1,2,0,1,1,57,10,50,95,0,0,0,3,2,1.98084397979028,4.92966080002952
31,1,2,0,1,1,80,8,45,125,0,0,0,3,2,1.94292147900989,6.16565900004935
31,1,2,0,1,1,18,18.75,80,250,0,0,0,3,2,1.75556819206436,4.35546039999463
31,1,2,0,1,1,76,4,35,70,0,0,0,3,2,0.77893974151409,2.66545939998468
31,1,2,0,1,1,79,10,10,140,0,0,0,3,2,0.649165474021292,2.62660139997024
31,1,2,0,1,1,36,14,15,40,0,0,0,5,2,0.83899993617166,2.75610970001435
31,1,2,0,1,1,46,2,55,70,0,0,0,5,2,2.04372446794997,3.95095500000753
31,1,2,0,1,1,14,16.75,45,145,0,0,0,5,2,1.53846760131406,5.96237359999213
31,1,2,0,1,1,21,6,95,55,0,0,0,5,2,0.824446099473469,2.66294700000435
31,1,2,0,1,1,23,7.75,60,120,0,0,0,5,2,1.83434022170806,2.21786350000184
31,1,2,0,1,1,52,18.5,10,85,0,0,0,5,2,1.4207446054652,2.40287140000146
31,1,2,0,1,1,40,18,15,110,0,0,0,5,2,2.40343187072421,4.50701210001716
31,1,2,0,1,1,32,9.5,30,170,0,0,0,5,2,3.41303071158696,12.0543096999754
31,1,2,0,1,1,34,12,15,85,0,0,0,5,2,1.28543924675601,1.77309070003685
31,1,2,0,1,1,26,4,45,50,0,0,0,5,2,1.70918030623478,1.36937959998613
31,1,2,0,1,1,69,1.5,95,20,0,0,0,5,2,3.94695775208844,0.900991800008342
31,1,2,0,1,1,24,19,70,150,0,0,0,5,2,4.46386478587669,1.28378379996866
31,1,2,0,1,1,62,10,95,135,0,0,0,5,2,2.80167701275397,3.003990600002
31,1,2,0,1,1,77,12,75,25,0,0,0,5,2,2.33539947612234,1.98482319997856
31,1,2,0,1,1,74,7,40,120,0,0,0,1,2,1.27377255729917,1.37845510005718
31,1,2,0,1,1,10,19.5,10,125,0,0,0,1,2,0.813224375065602,1.79551550000906
31,1,2,0,1,1,44,5,40,65,0,0,0,1,2,1.52403748432489,1.34094830002869
31,1,2,0,1,1,20,15.75,35,30,0,0,0,1,2,2.18957299130311,1.78789619996678
31,1,2,0,1,1,33,11,65,190,0,0,0,1,2,1.0199134531522,1.22340610000538
31,1,2,0,1,1,84,11,50,110,0,0,0,1,2,1.90667685028366,1.53013059997465
31,1,2,0,1,1,53,14,90,60,0,0,0,1,2,2.09955417482447,2.12666380003793
31,1,2,0,1,1,73,5,70,14,0,0,0,1,2,1.9928098882287,5.99414690001868
31,1,2,0,1,1,30,8,75,90,0,0,0,1,2,1.69501318922864,2.01906749996124
31,1,2,0,1,1,67,8.5,50,105,0,0,0,1,2,2.06215716410116,1.34365469997283
31,1,2,0,1,1,5,20,85,15,0,0,0,1,2,3.03707545485702,7.55606680002529
31,1,2,0,1,1,2,7.5,75,25,0,0,0,1,2,1.98874654256517,10.9886011999915
31,1,2,0,1,1,65,1.75,80,10,0,0,0,1,2,2.75484238189377,1.06604659999721
31,1,2,0,1,1,7,16.75,65,75,0,0,0,1,2,2.9321041839276,2.92100590001792
31,2,1,0,1,0,84,11,50,0,0,0,0,2,4,5.16216103944358,11.9645915001165
31,2,1,0,1,0,74,7,40,0,0,0,0,2,4,1.66561718300563,2.46621569991112
31,2,1,0,1,0,61,15,75,0,0,0,0,2,4,4.92754234181711,3.1267349999398
31,2,1,0,1,0,47,16,100,0,0,0,0,2,4,2.06205774300792,1.93255509994924
31,2,1,0,1,0,20,15.75,35,0,0,0,0,2,4,1.47280775128479,3.56537379999645
31,2,1,0,1,0,51,1,40,0,0,0,0,2,4,0.409213713777447,2.21576080005616
31,2,1,0,1,0,49,16,50,0,0,0,0,2,4,2.02517793912398,3.27929769991897
31,2,1,0,1,0,24,19,70,0,0,0,0,2,4,3.0299413320509,1.71460870001465
31,2,1,0,1,0,71,6,25,0,0,0,0,2,4,0.942782661486124,1.28934930008836
31,2,1,0,1,0,27,5.25,50,0,0,0,0,2,4,1.99321042916964,1.34452289994806
31,2,1,0,1,0,83,17,80,0,0,0,0,2,4,3.03707545485702,5.1748448999133
31,2,1,0,1,0,30,8,75,0,0,0,0,2,4,3.04336021889254,7.77825960004702
31,2,1,0,1,0,42,20,30,0,0,0,0,2,4,1.03938909995913,1.15454470016994
31,2,1,0,1,0,45,13.5,55,0,0,0,0,2,4,3.63372964174087,1.29337770002894
31,2,1,0,1,0,15,17.25,25,0,0,0,0,5,4,1.02969910463968,1.61580569995567
31,2,1,0,1,0,33,11,65,0,0,0,0,5,4,2.92536590057454,5.01192019996233
31,2,1,0,1,0,82,9.5,20,0,0,0,0,5,4,1.21665665250541,1.81243980000727
31,2,1,0,1,0,8,16,15,0,0,0,0,5,4,1.11368685032284,2.2021451999899
31,2,1,0,1,0,9,2,30,0,0,0,0,5,4,0.926132820519744,2.03643229999579
31,2,1,0,1,0,40,18,15,0,0,0,0,5,4,1.72726315511594,1.5200253999792
31,2,1,0,1,0,2,7.5,75,0,0,0,0,5,4,2.97800600932336,5.29896340006962
31,2,1,0,1,0,62,10,95,0,0,0,0,5,4,1.95607037074044,1.13394739991054
31,2,1,0,1,0,77,12,75,0,0,0,0,5,4,2.0112614124296,12.3915112998802
31,2,1,0,1,0,58,14,45,0,0,0,0,5,4,3.0036932398579,1.72018149984069
31,2,1,0,1,0,10,19.5,10,0,0,0,0,5,4,0.614171127961793,2.60003930004314
31,2,1,0,1,0,7,16.75,65,0,0,0,0,5,4,2.30802829800509,1.3084662000183
31,2,1,0,1,0,46,2,55,0,0,0,0,5,4,1.09493938892155,1.0636362999212
31,2,1,0,1,0,56,12,90,0,0,0,0,5,4,1.99805720948986,1.07228640001267
31,2,1,0,1,0,43,3,30,0,0,0,0,4,4,1.00830644677874,4.68210939993151
31,2,1,0,1,0,63,5.5,70,0,0,0,0,4,4,2.02040590619034,2.77437129989266
31,2,1,0,1,0,44,5,40,0,0,0,0,4,4,1.0199134531522,1.33753819996491
31,2,1,0,1,0,38,15.5,40,0,0,0,0,4,4,2.05295088345068,1.46814040001482
31,2,1,0,1,0,22,20,90,0,0,0,0,4,4,4.0084457284854,1.85964360018261
31,2,1,0,1,0,59,2,80,0,0,0,0,4,4,0.649165474021292,1.98346920008771
31,2,1,0,1,0,13,19.5,5,0,0,0,0,4,4,0.921904996648539,2.0910500001628
31,2,1,0,1,0,18,18.75,80,0,0,0,0,4,4,3.9011481191532,1.66260050004348
31,2,1,0,1,0,48,7,45,0,0,0,0,4,4,2.78229458101423,5.77264579990879
31,2,1,0,1,0,52,18.5,10,0,0,0,0,4,4,2.81344159656905,1.87744109984487
31,2,1,0,1,0,26,4,45,0,0,0,0,4,4,0.977319142128717,2.0543924998492
31,2,1,0,1,0,3,15,85,0,0,0,0,4,4,3.17312926924155,2.16074709990062
31,2,1,0,1,0,69,1.5,95,0,0,0,0,4,4,0.470710533228758,2.53894150000997
31,2,1,0,1,0,23,7.75,60,0,0,0,0,4,4,1.95607037074044,1.55255890008993
31,2,1,0,1,0,17,3.25,85,0,0,0,0,6,4,3.02327278471964,6.71990579995327
31,2,1,0,1,0,80,8,45,0,0,0,0,6,4,2.63722441888103,27.7723970999941
31,2,1,0,1,0,34,12,15,0,0,0,0,6,4,1.144982940974,1.24415319995023
31,2,1,0,1,0,54,9.25,40,0,0,0,0,6,4,1.95607037074044,1.53271449985914
31,2,1,0,1,0,65,1.75,80,0,0,0,0,6,4,3.8522575456645,1.05214680009522
31,2,1,0,1,0,25,9,60,0,0,0,0,6,4,2.50427222675868,1.00565059995279
31,2,1,0,1,0,32,9.5,30,0,0,0,0,6,4,1.541947755912,1.21405790001154
31,2,1,0,1,0,12,12,35,0,0,0,0,6,4,1.43737221306474,0.976323199924082
31,2,1,0,1,0,60,15,35,0,0,0,0,6,4,2.91885719145899,1.70782130002044
31,2,1,0,1,0,67,8.5,50,0,0,0,0,6,4,1.83434022170806,1.22985600004904
31,2,1,0,1,0,21,6,95,0,0,0,0,6,4,1.25378503407747,1.8967095001135
31,2,1,0,1,0,64,19.5,65,0,0,0,0,6,4,3.94692456784643,1.56623529992066
31,2,1,0,1,0,31,8.5,50,0,0,0,0,6,4,3.61351923786594,1.2547915999312
31,2,1,0,1,0,73,5,70,0,0,0,0,6,4,2.32813152134411,2.42237460007891
31,2,1,0,1,0,81,14,55,0,0,0,0,1,4,2.60273805467659,4.42084019980393
31,2,1,0,1,0,4,8.5,20,0,0,0,0,1,4,1.28543924675601,1.04795089992695
31,2,1,0,1,0,35,13,70,0,0,0,0,1,4,2.05295088345068,8.5481658000499
31,2,1,0,1,0,19,17.5,25,0,0,0,0,1,4,2.31651152951239,1.85900329984725
31,2,1,0,1,0,70,3.5,40,0,0,0,0,1,4,0.5744950866256,1.44082460016944
31,2,1,0,1,0,50,2.5,90,0,0,0,0,1,4,0.911634021285408,3.62762419995852
31,2,1,0,1,0,55,16.5,25,0,0,0,0,1,4,1.32246470654059,1.72844259999692
31,2,1,0,1,0,75,6,85,0,0,0,0,1,4,2.24648701516239,1.38523139990866
31,2,1,0,1,0,14,16.75,45,0,0,0,0,1,4,2.62969130011709,1.01434090011753
31,2,1,0,1,0,28,6,25,0,0,0,0,1,4,0.901262207654032,1.81500320020132
31,2,1,0,1,0,36,14,15,0,0,0,0,1,4,2.02976735636013,1.83158429991454
31,2,1,0,1,0,5,20,85,0,0,0,0,1,4,2.72930576687986,1.29193879989907
31,2,1,0,1,0,57,10,50,0,0,0,0,1,4,2.01582363763051,1.66137170000002
31,2,1,0,1,0,6,19,20,0,0,0,0,1,4,2.52350785816399,1.54003360006027
31,2,1,0,1,0,39,17,35,0,0,0,0,3,4,1.34386189744579,6.18323480011895
31,2,1,0,1,0,41,19,65,0,0,0,0,3,4,2.0112614124296,11.3723249000032
31,2,1,0,1,0,78,8.25,20,0,0,0,0,3,4,2.99072829077237,2.21199970017187
31,2,1,0,1,0,1,5,50,0,0,0,0,3,4,3.45288544882591,0.998387499945238
31,2,1,0,1,0,79,10,10,0,0,0,0,3,4,0.730213628257321,1.12725899997167
31,2,1,0,1,0,76,4,35,0,0,0,0,3,4,1.04424811065845,2.16504069999792
31,2,1,0,1,0,72,6.5,90,0,0,0,0,3,4,2.97800600932336,1.89041190012358
31,2,1,0,1,0,68,2.5,65,0,0,0,0,3,4,0.915835594613206,2.5433228998445
31,2,1,0,1,0,53,14,90,0,0,0,0,3,4,3.98065541871919,2.09544509998523
31,2,1,0,1,0,16,16,65,0,0,0,0,3,4,2.64042466881423,4.2234729998745
31,2,1,0,1,0,66,10,90,0,0,0,0,3,4,4.1054524294109,1.5828060999047
31,2,1,0,1,0,29,7,20,0,0,0,0,3,4,1.55602408487515,1.40273289987817
31,2,1,0,1,0,11,18.25,70,0,0,0,0,3,4,3.65830126853405,2.38275360013358
31,2,1,0,1,0,37,14.5,5,0,0,0,0,3,4,5.6141711279618,1.7281506001018
31,2,2,1,1,0,6,7,45,0,19,20,0,2,3,0,2.88040799996816
31,2,2,1,1,0,9,2,30,0,1,40,0,2,3,0,4.30344290006906
31,2,2,1,1,0,1,5,50,0,3,30,0,2,3,1,1.86444020015188
31,2,2,1,1,0,15,10,50,0,17.25,25,0,2,3,0,4.84728049999103
31,2,2,1,1,0,2,5,40,0,7.5,75,0,2,3,1,1.72498670010827
31,2,2,1,1,0,19,15,75,0,17.5,25,0,2,3,0,6.01657059998251
31,2,2,1,1,0,41,17,80,0,19,65,0,2,3,0,3.20102180005051
31,2,2,1,1,0,26,4,45,0,2.5,65,0,3,3,0,3.60932220006362
31,2,2,1,1,0,33,6,85,0,11,65,0,3,3,0,4.80256940005347
31,2,2,1,1,0,21,5.5,70,0,6,95,0,3,3,1,2.32950440002605
31,2,2,1,1,0,3,13.5,55,0,15,85,0,3,3,1,3.52161039994098
31,2,2,1,1,0,18,18.75,80,0,15,35,0,3,3,1,2.01114919991232
31,2,2,1,1,0,28,3.5,40,0,6,25,0,3,3,0,6.07634269981645
31,2,2,1,1,0,13,19.5,5,0,16.5,25,0,3,3,0,1.76352820009924
31,2,2,1,1,0,36,8.25,20,0,14,15,0,5,3,1,3.45068169990554
31,2,2,1,1,0,30,6.5,90,0,8,75,0,5,3,1,3.13212389987893
31,2,2,1,1,0,12,9.25,40,0,12,35,0,5,3,1,1.86620060005225
31,2,2,1,1,0,35,12,75,0,13,70,0,5,3,1,3.32959829992615
31,2,2,1,1,0,37,14.5,5,0,10,10,0,5,3,1,2.53844760009088
31,2,2,1,1,0,38,8,45,0,15.5,40,0,5,3,1,2.23636049986817
31,2,2,1,1,0,23,1.75,80,0,7.75,60,0,5,3,1,1.94575539999641
31,2,2,1,1,0,22,20,90,0,19.5,65,0,1,3,1,3.52939300006256
31,2,2,1,1,0,25,8.5,50,0,9,60,0,1,3,1,2.28317689988762
31,2,2,1,1,0,40,9.5,20,0,18,15,0,1,3,0,3.76791039993986
31,2,2,1,1,0,27,5.25,50,0,1.5,95,0,1,3,0,1.92240270017646
31,2,2,1,1,0,24,10,90,0,19,70,0,1,3,1,2.53992300014943
31,2,2,1,1,0,10,18.5,10,0,19.5,10,0,1,3,1,4.19380709994584
31,2,2,1,1,0,7,16,50,0,16.75,65,0,1,3,1,2.83395919995382
31,2,2,1,1,0,8,16,15,0,2.5,90,0,4,3,0,5.36865139985457
31,2,2,1,1,0,34,12,15,0,4,35,0,4,3,1,4.02410029992461
31,2,2,1,1,0,16,16,65,0,14,45,0,4,3,1,1.95473990007304
31,2,2,1,1,0,42,11,50,0,20,30,0,4,3,1,1.88070720015094
31,2,2,1,1,0,32,9.5,30,0,7,40,0,4,3,0,3.7389144001063
31,2,2,1,1,0,31,5,70,0,8.5,50,0,4,3,0,1.92939579999074
31,2,2,1,1,0,11,18.25,70,0,14,90,0,4,3,0,3.13679429981858
31,2,2,1,1,0,14,16.75,45,0,12,90,0,6,3,0,3.54490459989756
31,2,2,1,1,0,4,8.5,20,0,2,55,0,6,3,0,4.60776020004414
31,2,2,1,1,0,29,6,25,0,7,20,0,6,3,1,3.09727309993468
31,2,2,1,1,0,17,2,80,0,3.25,85,0,6,3,1,1.72823080001399
31,2,2,1,1,0,5,16,100,0,20,85,0,6,3,0,1.32310459995642
31,2,2,1,1,0,39,14,55,0,17,35,0,6,3,0,3.21624199999496
31,2,2,1,1,0,20,15.75,35,0,10,95,0,6,3,0,5.11928700003773
31,3,1,0,0,1,61,15,100,225,0,0,0,6,6,5.05158880366486,5.7644186001271
31,3,1,0,0,1,56,12,100,210,0,0,0,6,6,2.02040590619034,1.86065960000269
31,3,1,0,0,1,54,9.25,100,4,0,0,0,6,6,0.909448441178384,1.93191970000044
31,3,1,0,0,1,25,9,100,160,0,0,0,6,6,1.95673400023076,2.12933839997277
31,3,1,0,0,1,80,8,100,125,0,0,0,6,6,1.47787808285534,7.24816969991662
31,3,1,0,0,1,57,10,100,95,0,0,0,6,6,2.44424632064758,3.25050439988263
31,3,1,0,0,1,48,7,100,70,0,0,0,6,6,1.91329323181902,1.63279499998316
31,3,1,0,0,1,45,13.5,100,65,0,0,0,6,6,2.05298470374926,9.82961860019714
31,3,1,0,0,1,74,7,100,120,0,0,0,6,6,2.38453351622376,1.27095179981552
31,3,1,0,0,1,64,19.5,100,45,0,0,0,6,6,3.98021344442639,1.87326269992627
31,3,1,0,0,1,78,8.25,100,5,0,0,0,6,6,2.82176798324117,4.7979408998508
31,3,1,0,0,1,46,2,100,70,0,0,0,6,6,1.60468298132042,1.31279490003362
31,3,1,0,0,1,81,14,100,5,0,0,0,6,6,3.95199388591835,1.67845109989867
31,3,1,0,0,1,52,18.5,100,85,0,0,0,6,6,4.07617586827266,1.40664820000529
31,3,1,0,0,1,22,20,100,165,0,0,0,2,6,3.0699162966073,1.6721226000227
31,3,1,0,0,1,84,11,100,110,0,0,0,2,6,1.44275227383882,0.581401200033724
31,3,1,0,0,1,5,20,100,15,0,0,0,2,6,1.87656094033143,2.03326310007833
31,3,1,0,0,1,31,8.5,100,22,0,0,0,2,6,2.03920702612016,1.4943247998599
31,3,1,0,0,1,49,16,100,20,0,0,0,2,6,1.0730146040872,2.78142670006491
31,3,1,0,0,1,18,18.75,100,250,0,0,0,2,6,1.57384058532888,1.74940979992971
31,3,1,0,0,1,53,14,100,60,0,0,0,2,6,1.10944002273815,4.56888159993105
31,3,1,0,0,1,72,6.5,100,60,0,0,0,2,6,1.94580623972587,4.86454629991204
31,3,1,0,0,1,24,19,100,150,0,0,0,2,6,2.35433741118078,10.2891480999533
31,3,1,0,0,1,15,17.25,100,55,0,0,0,2,6,1.51368181093454,2.84225129988045
31,3,1,0,0,1,76,4,100,70,0,0,0,2,6,0.897125693612317,9.51179849985056
31,3,1,0,0,1,30,8,100,90,0,0,0,2,6,1.94138186643212,2.18510600016452
31,3,1,0,0,1,55,16.5,100,155,0,0,0,2,6,1.03702549107566,4.44499149988405
31,3,1,0,0,1,63,5.5,100,40,0,0,0,2,6,3.62930726520225,28.8716270001605
31,3,1,0,0,1,6,19,100,175,0,0,0,3,6,2.96478499712986,5.15376400016248
31,3,1,0,0,1,66,10,100,80,0,0,0,3,6,1.4207446054652,1.17802329990081
31,3,1,0,0,1,21,6,100,55,0,0,0,3,6,1.49895398605675,1.52789660007693
31,3,1,0,0,1,13,19.5,100,7,0,0,0,3,6,2.99756587730808,1.47682790015824
31,3,1,0,0,1,69,1.5,100,20,0,0,0,3,6,0.30922452820629,2.6625840999186
31,3,1,0,0,1,71,6,100,45,0,0,0,3,6,1.00537839182461,1.58936530002393
31,3,1,0,0,1,16,16,100,95,0,0,0,3,6,2.43326586305687,2.47066419990733
31,3,1,0,0,1,34,12,100,85,0,0,0,3,6,1.97387258896639,1.29651699983515
31,3,1,0,0,1,68,2.5,100,25,0,0,0,3,6,0.321694530412625,1.85319819999859
31,3,1,0,0,1,60,15,100,31,0,0,0,3,6,1.47787808285534,3.37020030012354
31,3,1,0,0,1,32,9.5,100,170,0,0,0,3,6,2.17386822929051,3.28420879994519
31,3,1,0,0,1,65,1.75,100,10,0,0,0,3,6,0.957294242684899,1.42832809989341
31,3,1,0,0,1,82,9.5,100,25,0,0,0,3,6,1.17001028084882,4.07073669997044
31,3,1,0,0,1,2,7.5,100,25,0,0,0,3,6,1.00076832543155,7.53716180007905
31,3,1,0,0,1,35,13,100,30,0,0,0,5,6,2.41422401425706,2.17932819994166
31,3,1,0,0,1,8,16,100,20,0,0,0,5,6,3.25397086326241,2.32223880011588
31,3,1,0,0,1,42,20,100,170,0,0,0,5,6,1.93259134965689,2.45472959987819
31,3,1,0,0,1,58,14,100,20,0,0,0,5,6,3.82448618934616,1.88589149992913
31,3,1,0,0,1,79,10,100,140,0,0,0,5,6,1.70257998169188,1.54284649994224
31,3,1,0,0,1,1,5,100,0,0,0,0,5,6,0.364635005735391,2.01990589988418
31,3,1,0,0,1,40,18,100,110,0,0,0,5,6,1.49613423275686,4.54412979981862
31,3,1,0,0,1,4,8.5,100,90,0,0,0,5,6,1.89921997943321,8.68489999999292
31,3,1,0,0,1,73,5,100,14,0,0,0,5,6,1.02969910463968,2.44884420000017
31,3,1,0,0,1,7,16.75,100,75,0,0,0,5,6,1.80198720794199,1.71235699998215
31,3,1,0,0,1,62,10,100,135,0,0,0,5,6,1.42400024373985,1.35475860000588
31,3,1,0,0,1,20,15.75,100,30,0,0,0,5,6,0.972895512886033,1.3107954999432
31,3,1,0,0,1,9,2,100,19,0,0,0,5,6,0.293841855457405,1.62807440012693
31,3,1,0,0,1,36,14,100,40,0,0,0,5,6,1.46361704703632,3.96579309995286
31,3,1,0,0,1,47,16,100,5,0,0,0,1,6,1.15287165778345,4.2790594000835
31,3,1,0,0,1,14,16.75,100,145,0,0,0,1,6,1.29345758471507,1.43197309994139
31,3,1,0,0,1,23,7.75,100,120,0,0,0,1,6,2.31323911423559,2.22278579999693
31,3,1,0,0,1,17,3.25,100,205,0,0,0,1,6,0.30922452820629,2.81661139987409
31,3,1,0,0,1,51,1,100,3,0,0,0,1,6,0.206239783049874,1.26428809994832
31,3,1,0,0,1,29,7,100,55,0,0,0,1,6,0.418984315269139,3.18675929983146
31,3,1,0,0,1,75,6,100,45,0,0,0,1,6,0.890991168372366,8.14286060002632
31,3,1,0,0,1,41,19,100,245,0,0,0,1,6,1.03467251306039,1.34332240000367
31,3,1,0,0,1,33,11,100,190,0,0,0,1,6,1.80785902394942,1.65694489981979
31,3,1,0,0,1,3,15,100,14,0,0,0,1,6,1.18448314383726,2.76433779997751
31,3,1,0,0,1,28,6,100,7,0,0,0,1,6,1.74977209119977,3.13278650003485
31,3,1,0,0,1,26,4,100,50,0,0,0,1,6,1.43505018769481,4.88355000014417
31,3,1,0,0,1,43,3,100,0,0,0,0,1,6,0.293165758379018,1.67284330003895
31,3,1,0,0,1,59,2,100,110,0,0,0,1,6,0.926132820519744,2.44231339986436
31,3,1,0,0,1,19,17.5,100,40,0,0,0,4,6,1.08495087554315,6.13108249986544
31,3,1,0,0,1,44,5,100,65,0,0,0,4,6,1.46696399386558,3.30154479993507
31,3,1,0,0,1,67,8.5,100,105,0,0,0,4,6,1.98430195505509,9.11820310004987
31,3,1,0,0,1,39,17,100,15,0,0,0,4,6,1.85965253392464,24.3552905998658
31,3,1,0,0,1,83,17,100,200,0,0,0,4,6,0.640292542955383,2.23640269995667
31,3,1,0,0,1,12,12,100,1,0,0,0,4,6,0.971795806950578,3.7966507000383
31,3,1,0,0,1,37,14.5,100,175,0,0,0,4,6,2.37097418755759,2.93225429998711
31,3,1,0,0,1,10,19.5,100,125,0,0,0,4,6,0.915835594613206,3.20697619998828
31,3,1,0,0,1,50,2.5,100,10,0,0,0,4,6,0.350882755159915,1.40632830001414
31,3,1,0,0,1,27,5.25,100,120,0,0,0,4,6,1.06570201295072,3.73614330007695
31,3,1,0,0,1,70,3.5,100,3,0,0,0,4,6,0.5534535483676,1.34571120003238
31,3,1,0,0,1,11,18.25,100,55,0,0,0,4,6,1.91861231418443,3.93407130008563
31,3,1,0,0,1,77,12,100,25,0,0,0,4,6,2.61965427584461,1.43607180006802
31,3,1,0,0,1,38,15.5,100,215,0,0,0,4,6,1.95539705527773,2.07536339992657
31,3,2,1,0,1,17,3.25,100,205,2,100,110,1,5,0,3.45440930011682
31,3,2,1,0,1,30,8,100,90,6.5,100,60,1,5,1,3.35134950000793
31,3,2,1,0,1,4,8.5,100,90,2,100,70,1,5,1,1.60839760000817
31,3,2,1,0,1,37,14.5,100,175,10,100,140,1,5,1,2.9270201001782
31,3,2,1,0,1,28,6,100,7,3.5,100,3,1,5,1,2.52519940002821
31,3,2,1,0,1,7,16.75,100,75,16,100,20,1,5,0,2.81737180007622
31,3,2,1,0,1,1,5,100,0,3,100,0,1,5,1,2.34755979990587
31,3,2,1,0,1,20,10,100,135,15.75,100,30,2,5,1,2.23420229996555
31,3,2,1,0,1,21,6,100,55,5.5,100,40,2,5,0,3.32921050000004
31,3,2,1,0,1,10,18.5,100,85,19.5,100,125,2,5,0,3.37191369989887
31,3,2,1,0,1,2,5,100,65,7.5,100,25,2,5,1,1.88113759993576
31,3,2,1,0,1,41,17,100,200,19,100,245,2,5,0,2.80585059989244
31,3,2,1,0,1,38,8,100,125,15.5,100,215,2,5,1,3.5925496998243
31,3,2,1,0,1,22,20,100,165,19.5,100,45,2,5,0,2.55328490003012
31,3,2,1,0,1,29,7,100,55,6,100,45,3,5,1,3.04804480005987
31,3,2,1,0,1,12,9.25,100,4,12,100,1,3,5,0,3.41667120018974
31,3,2,1,0,1,32,9.5,100,170,7,100,120,3,5,1,2.60867829993367
31,3,2,1,0,1,13,16.5,100,155,19.5,100,7,3,5,1,3.56100829993375
31,3,2,1,0,1,27,5.25,100,120,1.5,100,20,3,5,0,3.90431699994951
31,3,2,1,0,1,24,19,100,150,10,100,80,3,5,0,2.41656389995478
31,3,2,1,0,1,3,15,100,14,13.5,100,65,3,5,1,2.18703909986652
31,3,2,1,0,1,40,18,100,110,9.5,100,25,4,5,0,3.68870320008136
31,3,2,1,0,1,42,11,100,110,20,100,170,4,5,0,4.42471470008604
31,3,2,1,0,1,9,1,100,3,2,100,19,4,5,0,2.40800110017881
31,3,2,1,0,1,26,2.5,100,25,4,100,50,4,5,0,5.92158890003338
31,3,2,1,0,1,19,15,100,225,17.5,100,40,4,5,1,2.86419099988416
31,3,2,1,0,1,18,18.75,100,250,15,100,31,4,5,0,7.92912969994359
31,3,2,1,0,1,8,2.5,100,10,16,100,20,4,5,1,2.34485019999556
31,3,2,1,0,1,34,4,100,70,12,100,85,6,5,1,3.85632230015472
31,3,2,1,0,1,15,10,100,95,17.25,100,55,6,5,1,4.08100980008021
31,3,2,1,0,1,14,12,100,210,16.75,100,145,6,5,1,3.71972379996441
31,3,2,1,0,1,25,9,100,160,8.5,100,105,6,5,0,2.05079329991713
31,3,2,1,0,1,16,16,100,95,14,100,20,6,5,0,3.10394439985976
31,3,2,1,0,1,39,14,100,5,17,100,15,6,5,0,3.36312430002727
31,3,2,1,0,1,35,12,100,25,13,100,30,6,5,1,2.11026469990611
31,3,2,1,0,1,5,16,100,5,20,100,15,5,5,1,3.47308819997124
31,3,2,1,0,1,11,18.25,100,55,14,100,60,5,5,1,3.63864789996296
31,3,2,1,0,1,31,8.5,100,22,5,100,14,5,5,1,4.47275459999219
31,3,2,1,0,1,33,6,100,45,11,100,190,5,5,0,3.59198180004023
31,3,2,1,0,1,6,19,100,175,7,100,70,5,5,0,7.00837679998949
31,3,2,1,0,1,23,1.75,100,10,7.75,100,120,5,5,1,3.15372409997508
31,3,2,1,0,1,36,8.25,100,5,14,100,40,5,5,0,4.31412920006551
32,1,1,0,1,0,37,14.5,5,0,0,0,0,4,4,0.497717828038919,44.6438627999742
32,1,1,0,1,0,78,8.25,20,0,0,0,0,4,4,2.01199590477287,16.3288204000564
32,1,1,0,1,0,24,19,70,0,0,0,0,4,4,5.00873277603654,39.1150669000344
32,1,1,0,1,0,11,18.25,70,0,0,0,0,4,4,5.00923975798774,12.6028412999585
32,1,1,0,1,0,3,15,85,0,0,0,0,4,4,3.07123803512578,20.5077264000429
32,1,1,0,1,0,50,2.5,90,0,0,0,0,4,4,0.499807796709451,12.2985374000855
32,1,1,0,1,0,60,15,35,0,0,0,0,4,4,1.04462051725792,23.0444531999528
32,1,1,0,1,0,6,19,20,0,0,0,0,4,4,2.02365258558095,53.73411640001
32,1,1,0,1,0,56,12,90,0,0,0,0,4,4,5,14.1695574000478
32,1,1,0,1,0,54,9.25,40,0,0,0,0,4,4,1.04250565547781,10.004576300038
32,1,1,0,1,0,71,6,25,0,0,0,0,4,4,1.04479248602363,32.6832733000629
32,1,1,0,1,0,67,8.5,50,0,0,0,0,4,4,2.53441234487527,26.8096736000152
32,1,1,0,1,0,65,1.75,80,0,0,0,0,4,4,0.754966492057438,35.3136522999266
32,1,1,0,1,0,13,19.5,5,0,0,0,0,4,4,1.94238129482608,17.1794534000801
32,1,1,0,1,0,9,2,30,0,0,0,0,2,4,0.197995621147403,17.2313725999556
32,1,1,0,1,0,81,14,55,0,0,0,0,2,4,3.03598792237184,9.34957079996821
32,1,1,0,1,0,64,19.5,65,0,0,0,0,2,4,5.0594954428405,12.0831168000586
32,1,1,0,1,0,74,7,40,0,0,0,0,2,4,0.696935355939544,28.5497004999779
32,1,1,0,1,0,83,17,80,0,0,0,0,2,4,5,17.3466515999753
32,1,1,0,1,0,76,4,35,0,0,0,0,2,4,0.0430141949056626,7.65087879996281
32,1,1,0,1,0,48,7,45,0,0,0,0,2,4,1.01669519755721,29.6227538000094
32,1,1,0,1,0,7,16.75,65,0,0,0,0,2,4,4.00114367905514,11.2957895
32,1,1,0,1,0,22,20,90,0,0,0,0,2,4,14.9611822022775,6.26132519997191
32,1,1,0,1,0,32,9.5,30,0,0,0,0,2,4,0.939810317675658,19.3776945000282
32,1,1,0,1,0,17,3.25,85,0,0,0,0,2,4,1.04751667011216,26.2746200000402
32,1,1,0,1,0,15,17.25,25,0,0,0,0,2,4,1.98336870024632,10.691555700032
32,1,1,0,1,0,53,14,90,0,0,0,0,2,4,3.17222152966898,16.8831217000261
32,1,1,0,1,0,59,2,80,0,0,0,0,2,4,0.531614409796113,10.4219967999961
32,1,1,0,1,0,80,8,45,0,0,0,0,1,4,1.03963422083651,13.3514318999369
32,1,1,0,1,0,8,16,15,0,0,0,0,1,4,0.98876696971211,46.3796917999862
32,1,1,0,1,0,70,3.5,40,0,0,0,0,1,4,0.324380949108455,6.41163809993304
32,1,1,0,1,0,36,14,15,0,0,0,0,1,4,1.02539295371302,25.1636608999688
32,1,1,0,1,0,19,17.5,25,0,0,0,0,1,4,3.07177504041541,11.7186036999337
32,1,1,0,1,0,12,12,35,0,0,0,0,1,4,2.10480700680572,17.8627832999919
32,1,1,0,1,0,20,15.75,35,0,0,0,0,1,4,3.0614235085242,23.70302060002
32,1,1,0,1,0,2,7.5,75,0,0,0,0,1,4,3.77441415979503,11.3105693999678
32,1,1,0,1,0,66,10,90,0,0,0,0,1,4,5.02641560658811,9.46536179992836
32,1,1,0,1,0,73,5,70,0,0,0,0,1,4,0.513596693520473,10.7580199999502
32,1,1,0,1,0,44,5,40,0,0,0,0,1,4,1.05533932249969,21.1522096999688
32,1,1,0,1,0,5,20,85,0,0,0,0,1,4,10.1738235355988,36.8509074000176
32,1,1,0,1,0,47,16,100,0,0,0,0,1,4,15.4729871564683,31.0419313000748
32,1,1,0,1,0,33,11,65,0,0,0,0,1,4,1.97459120254542,27.0902565000579
32,1,1,0,1,0,68,2.5,65,0,0,0,0,3,4,1.01469540866596,33.0521306000883
32,1,1,0,1,0,23,7.75,60,0,0,0,0,3,4,1.427098094098,14.2120186999673
32,1,1,0,1,0,79,10,10,0,0,0,0,3,4,0.502652019575308,6.36961689998861
32,1,1,0,1,0,46,2,55,0,0,0,0,3,4,0.485462930580066,7.0654499999946
32,1,1,0,1,0,38,15.5,40,0,0,0,0,3,4,3.0873538885578,12.791346999933
32,1,1,0,1,0,10,19.5,10,0,0,0,0,3,4,1.50257340560178,10.7155068999855
32,1,1,0,1,0,4,8.5,20,0,0,0,0,3,4,1.00178321644558,27.0510166999884
32,1,1,0,1,0,62,10,95,0,0,0,0,3,4,6.05962619538438,7.56361760001164
32,1,1,0,1,0,34,12,15,0,0,0,0,3,4,0.971795806950578,19.2127189999446
32,1,1,0,1,0,77,12,75,0,0,0,0,3,4,2.10134408337006,37.4416184000438
32,1,1,0,1,0,35,13,70,0,0,0,0,3,4,2.08043934299194,18.3993056999752
32,1,1,0,1,0,31,8.5,50,0,0,0,0,3,4,1.06251442697657,28.4847093999851
32,1,1,0,1,0,30,8,75,0,0,0,0,3,4,2.07964940027949,32.4602516999003
32,1,1,0,1,0,14,16.75,45,0,0,0,0,3,4,2.07293911351709,8.74818979995325
32,1,1,0,1,0,43,3,30,0,0,0,0,5,4,0.302239127127656,9.08357980009168
32,1,1,0,1,0,18,18.75,80,0,0,0,0,5,4,8.00615461102645,8.57243029994424
32,1,1,0,1,0,41,19,65,0,0,0,0,5,4,4.0240204930666,28.1767801000969
32,1,1,0,1,0,21,6,95,0,0,0,0,5,4,3.06195156075621,11.6046821998898
32,1,1,0,1,0,69,1.5,95,0,0,0,0,5,4,0.762632434958558,16.4232489999849
32,1,1,0,1,0,57,10,50,0,0,0,0,5,4,2.07247240248862,42.1713779000565
32,1,1,0,1,0,39,17,35,0,0,0,0,5,4,2.076197002457,13.3884323999519
32,1,1,0,1,0,49,16,50,0,0,0,0,5,4,2.8031977092676,21.6301283999346
32,1,1,0,1,0,72,6.5,90,0,0,0,0,5,4,3.56394394253553,6.48714610002935
32,1,1,0,1,0,25,9,60,0,0,0,0,5,4,1.52093618661048,45.4732199999271
32,1,1,0,1,0,16,16,65,0,0,0,0,5,4,2.95703110403569,22.0075052999891
32,1,1,0,1,0,55,16.5,25,0,0,0,0,5,4,1.51834722488251,10.1141139999963
32,1,1,0,1,0,27,5.25,50,0,0,0,0,5,4,0.760308156958995,36.1282235000981
32,1,1,0,1,0,84,11,50,0,0,0,0,5,4,2.06893015669622,15.4461403000169
32,1,1,0,1,0,51,1,40,0,0,0,0,6,4,0.224907136227142,10.8270892000291
32,1,1,0,1,0,42,20,30,0,0,0,0,6,4,2.57762116818313,21.156681500026
32,1,1,0,1,0,52,18.5,10,0,0,0,0,6,4,0.49525000760616,10.5829138000263
32,1,1,0,1,0,45,13.5,55,0,0,0,0,6,4,2.00409072478017,4.94312690000515
32,1,1,0,1,0,26,4,45,0,0,0,0,6,4,0.736946068348718,34.3284288999857
32,1,1,0,1,0,61,15,75,0,0,0,0,6,4,3.02401239525638,26.798507599975
32,1,1,0,1,0,28,6,25,0,0,0,0,6,4,0.742332289195726,12.3406663000351
32,1,1,0,1,0,29,7,20,0,0,0,0,6,4,0.196685228879883,7.16671609994955
32,1,1,0,1,0,1,5,50,0,0,0,0,6,4,1.02920279718881,24.2218759000534
32,1,1,0,1,0,58,14,45,0,0,0,0,6,4,2.59085648741723,16.7812186999945
32,1,1,0,1,0,82,9.5,20,0,0,0,0,6,4,1.84819870079996,34.4154017999535
32,1,1,0,1,0,63,5.5,70,0,0,0,0,6,4,1.02831165546135,14.3222739000339
32,1,1,0,1,0,75,6,85,0,0,0,0,6,4,3.02290862175008,13.0680695999181
32,1,1,0,1,0,40,18,15,0,0,0,0,6,4,1.79624672462526,22.4407277000137
32,1,2,1,1,0,34,12,15,0,4,35,0,4,3,1,6.53730229998473
32,1,2,1,1,0,20,10,95,0,15.75,35,0,4,3,0,2.09518380009104
32,1,2,1,1,0,13,16.5,25,0,19.5,5,0,4,3,0,3.16664010006934
32,1,2,1,1,0,19,17.5,25,0,15,75,0,4,3,0,3.37716489995364
32,1,2,1,1,0,4,2,55,0,8.5,20,0,4,3,0,6.78853709995747
32,1,2,1,1,0,28,3.5,40,0,6,25,0,4,3,0,5.89539269998204
32,1,2,1,1,0,42,11,50,0,20,30,0,4,3,0,3.12923900003079
32,1,2,1,1,0,39,14,55,0,17,35,0,6,3,0,2.35972090007272
32,1,2,1,1,0,37,10,10,0,14.5,5,0,6,3,0,7.56890249997377
32,1,2,1,1,0,9,2,30,0,1,40,0,6,3,1,16.867390899919
32,1,2,1,1,0,22,20,90,0,19.5,65,0,6,3,1,3.79461949993856
32,1,2,1,1,0,11,18.25,70,0,14,90,0,6,3,0,5.77879830007441
32,1,2,1,1,0,30,6.5,90,0,8,75,0,6,3,0,3.23506079998333
32,1,2,1,1,0,38,15.5,40,0,8,45,0,6,3,1,3.10684040002525
32,1,2,1,1,0,8,2.5,90,0,16,15,0,5,3,0,5.73100509995129
32,1,2,1,1,0,36,8.25,20,0,14,15,0,5,3,1,7.87686680001207
32,1,2,1,1,0,41,17,80,0,19,65,0,5,3,0,7.25933499995153
32,1,2,1,1,0,3,13.5,55,0,15,85,0,5,3,1,1.99376450001728
32,1,2,1,1,0,17,3.25,85,0,2,80,0,5,3,1,2.02764710003976
32,1,2,1,1,0,35,13,70,0,12,75,0,5,3,0,5.60926910000853
32,1,2,1,1,0,29,7,20,0,6,25,0,5,3,1,8.20302380004432
32,1,2,1,1,0,7,16.75,65,0,16,50,0,2,3,1,2.37767349998467
32,1,2,1,1,0,6,19,20,0,7,45,0,2,3,0,4.24975349998567
32,1,2,1,1,0,16,16,65,0,14,45,0,2,3,1,1.84013839997351
32,1,2,1,1,0,1,5,50,0,3,30,0,2,3,1,1.85748030000832
32,1,2,1,1,0,15,17.25,25,0,10,50,0,2,3,0,3.25037030002568
32,1,2,1,1,0,18,15,35,0,18.75,80,0,2,3,1,2.18711810000241
32,1,2,1,1,0,25,8.5,50,0,9,60,0,2,3,1,3.7224987000227
32,1,2,1,1,0,10,19.5,10,0,18.5,10,0,3,3,1,4.32894330006093
32,1,2,1,1,0,14,16.75,45,0,12,90,0,3,3,0,6.20068369992077
32,1,2,1,1,0,40,9.5,20,0,18,15,0,3,3,1,6.05259300000034
32,1,2,1,1,0,32,7,40,0,9.5,30,0,3,3,0,3.04964990005828
32,1,2,1,1,0,33,11,65,0,6,85,0,3,3,0,3.89777819998562
32,1,2,1,1,0,2,7.5,75,0,5,40,0,3,3,1,1.72377819998655
32,1,2,1,1,0,24,19,70,0,10,90,0,3,3,0,7.6742033000337
32,1,2,1,1,0,12,9.25,40,0,12,35,0,1,3,0,15.94677889999
32,1,2,1,1,0,5,16,100,0,20,85,0,1,3,0,1.98628239997197
32,1,2,1,1,0,26,4,45,0,2.5,65,0,1,3,0,5.66739820002113
32,1,2,1,1,0,27,5.25,50,0,1.5,95,0,1,3,0,2.04104090004694
32,1,2,1,1,0,23,1.75,80,0,7.75,60,0,1,3,1,14.4564095999813
32,1,2,1,1,0,31,8.5,50,0,5,70,0,1,3,0,4.23374060005881
32,1,2,1,1,0,21,6,95,0,5.5,70,0,1,3,1,2.73855510004796
32,2,1,0,0,1,84,11,100,110,0,0,0,2,6,6.03292534886851,49.4731190999737
32,2,1,0,0,1,83,17,100,200,0,0,0,2,6,14.9497151237948,7.95941929996479
32,2,1,0,0,1,45,13.5,100,65,0,0,0,2,6,10.2249071362271,11.4798089000396
32,2,1,0,0,1,52,18.5,100,85,0,0,0,2,6,14.9356971593769,4.3697797000641
32,2,1,0,0,1,47,16,100,5,0,0,0,2,6,15.0092937127025,3.18933510000352
32,2,1,0,0,1,21,6,100,55,0,0,0,2,6,5.02951847959963,6.73883020004723
32,2,1,0,0,1,32,9.5,100,170,0,0,0,2,6,5.09674327760382,5.503009499982
32,2,1,0,0,1,56,12,100,210,0,0,0,2,6,7.04832764699133,9.58092909993138
32,2,1,0,0,1,67,8.5,100,105,0,0,0,2,6,5.35475358012316,5.88311890000477
32,2,1,0,0,1,68,2.5,100,25,0,0,0,2,6,1.03504035253093,4.11762300005648
32,2,1,0,0,1,16,16,100,95,0,0,0,2,6,12.1310008917567,3.90287009999156
32,2,1,0,0,1,35,13,100,30,0,0,0,2,6,10.0760863896677,8.05975090002175
32,2,1,0,0,1,26,4,100,50,0,0,0,2,6,3.02981816379345,3.70918310002889
32,2,1,0,0,1,50,2.5,100,10,0,0,0,2,6,1.98652184398237,3.72254089999478
32,2,1,0,0,1,28,6,100,7,0,0,0,6,6,5.07275337802974,6.79201850004029
32,2,1,0,0,1,71,6,100,45,0,0,0,6,6,3.96351208627175,3.64876690006349
32,2,1,0,0,1,30,8,100,90,0,0,0,6,6,5.09022353298009,8.41123840003274
32,2,1,0,0,1,7,16.75,100,75,0,0,0,6,6,12.1794019971617,5.20121989992913
32,2,1,0,0,1,3,15,100,14,0,0,0,6,6,12.1135360985199,3.6293911000248
32,2,1,0,0,1,77,12,100,25,0,0,0,6,6,9.96094406223629,3.9565018999856
32,2,1,0,0,1,2,7.5,100,25,0,0,0,6,6,5.08874985848136,4.63622899993788
32,2,1,0,0,1,6,19,100,175,0,0,0,6,6,14.1453687035656,10.139116599923
32,2,1,0,0,1,40,18,100,110,0,0,0,6,6,12.0896660122361,4.58293079992291
32,2,1,0,0,1,69,1.5,100,20,0,0,0,6,6,0.56924061523646,5.77984099998139
32,2,1,0,0,1,59,2,100,110,0,0,0,6,6,0.507635778430647,4.52956970001105
32,2,1,0,0,1,78,8.25,100,5,0,0,0,6,6,5.07017571508595,6.14113090001047
32,2,1,0,0,1,82,9.5,100,25,0,0,0,6,6,5.02008257604545,3.56575310009066
32,2,1,0,0,1,66,10,100,80,0,0,0,6,6,5.03966427008136,5.16496209998149
32,2,1,0,0,1,13,19.5,100,7,0,0,0,3,6,14.8973282941364,5.54129680001643
32,2,1,0,0,1,79,10,100,140,0,0,0,3,6,4.94432039012452,9.70899319997989
32,2,1,0,0,1,31,8.5,100,22,0,0,0,3,6,5.20761791965092,6.26915149996057
32,2,1,0,0,1,65,1.75,100,10,0,0,0,3,6,0.246840792548451,2.95103779993951
32,2,1,0,0,1,81,14,100,5,0,0,0,3,6,10.0940087444155,4.87918269995134
32,2,1,0,0,1,33,11,100,190,0,0,0,3,6,5,5.58741379994899
32,2,1,0,0,1,39,17,100,15,0,0,0,3,6,15.1281611612339,3.15768249996472
32,2,1,0,0,1,80,8,100,125,0,0,0,3,6,3.97308085683706,6.87358410004526
32,2,1,0,0,1,34,12,100,85,0,0,0,3,6,7.85604104409565,7.40440969995689
32,2,1,0,0,1,12,12,100,1,0,0,0,3,6,10.9969585127663,6.47566800005734
32,2,1,0,0,1,55,16.5,100,155,0,0,0,3,6,9.89774055923899,3.69658170000184
32,2,1,0,0,1,22,20,100,165,0,0,0,3,6,10.1578072829332,23.0294192000292
32,2,1,0,0,1,20,15.75,100,30,0,0,0,3,6,12.0234921511735,7.25663240009453
32,2,1,0,0,1,70,3.5,100,3,0,0,0,3,6,1.13026627046686,2.55563950003125
32,2,1,0,0,1,57,10,100,95,0,0,0,1,6,5.05931068509253,5.52822300000116
32,2,1,0,0,1,8,16,100,20,0,0,0,1,6,12.0734242228602,4.58104809990618
32,2,1,0,0,1,15,17.25,100,55,0,0,0,1,6,11.961689993896,3.50814429996535
32,2,1,0,0,1,23,7.75,100,120,0,0,0,1,6,3.78194677730757,6.38705499994103
32,2,1,0,0,1,10,19.5,100,125,0,0,0,1,6,12.177551631187,6.59431459999178
32,2,1,0,0,1,19,17.5,100,40,0,0,0,1,6,12.0151274383358,11.5277387000388
32,2,1,0,0,1,27,5.25,100,120,0,0,0,1,6,2.57950410149814,5.79297549999319
32,2,1,0,0,1,61,15,100,225,0,0,0,1,6,4.97075274302511,6.9208559000399
32,2,1,0,0,1,4,8.5,100,90,0,0,0,1,6,4.94496219784044,6.46595770004205
32,2,1,0,0,1,37,14.5,100,175,0,0,0,1,6,6.97201324799771,16.528456900036
32,2,1,0,0,1,62,10,100,135,0,0,0,1,6,4.04215595183035,8.00860200007446
32,2,1,0,0,1,75,6,100,45,0,0,0,1,6,3.01817342406916,4.46479979995638
32,2,1,0,0,1,51,1,100,3,0,0,0,1,6,0.505974219906516,4.91644050006289
32,2,1,0,0,1,1,5,100,0,0,0,0,1,6,3.97849086126521,8.52190019993577
32,2,1,0,0,1,18,18.75,100,250,0,0,0,5,6,9.02713639739964,5.0245539000025
32,2,1,0,0,1,48,7,100,70,0,0,0,5,6,3.47888337583716,7.61888389999513
32,2,1,0,0,1,38,15.5,100,215,0,0,0,5,6,7.74724188477757,17.8293463999871
32,2,1,0,0,1,49,16,100,20,0,0,0,5,6,12.2576665615571,6.22017290000804
32,2,1,0,0,1,60,15,100,31,0,0,0,5,6,10.0900210380464,4.21345140004996
32,2,1,0,0,1,44,5,100,65,0,0,0,5,6,2.58811489119066,13.3563997999299
32,2,1,0,0,1,43,3,100,0,0,0,0,5,6,2.08043934299194,5.50001700001303
32,2,1,0,0,1,42,20,100,170,0,0,0,5,6,10.0526120065261,19.2058351000305
32,2,1,0,0,1,25,9,100,160,0,0,0,5,6,4.68348396317235,4.93074989994057
32,2,1,0,0,1,17,3.25,100,205,0,0,0,5,6,0.293165758379018,4.43711399997119
32,2,1,0,0,1,9,2,100,19,0,0,0,5,6,0.520891681411854,2.60988720005844
32,2,1,0,0,1,11,18.25,100,55,0,0,0,5,6,9.02926966546184,21.1397908000508
32,2,1,0,0,1,29,7,100,55,0,0,0,5,6,3.60471597596901,2.79072230006568
32,2,1,0,0,1,58,14,100,20,0,0,0,5,6,8.04002765255732,3.06165889999829
32,2,1,0,0,1,53,14,100,60,0,0,0,4,6,10.0528303036053,2.83260650001466
32,2,1,0,0,1,24,19,100,150,0,0,0,4,6,10,4.11537400004454
32,2,1,0,0,1,36,14,100,40,0,0,0,4,6,10.0934175795899,11.7502699999604
32,2,1,0,0,1,46,2,100,70,0,0,0,4,6,0.274111107690299,4.66345460002776
32,2,1,0,0,1,72,6.5,100,60,0,0,0,4,6,1.4766509034597,7.50141180003993
32,2,1,0,0,1,14,16.75,100,145,0,0,0,4,6,8.87823007455868,8.05248039995786
32,2,1,0,0,1,76,4,100,70,0,0,0,4,6,1.0058661132828,3.23014550004154
32,2,1,0,0,1,54,9.25,100,4,0,0,0,4,6,7.09565909995168,6.74177089997102
32,2,1,0,0,1,64,19.5,100,45,0,0,0,4,6,12.1819814501188,9.19008279999252
32,2,1,0,0,1,73,5,100,14,0,0,0,4,6,2.50519357594266,7.10083150002174
32,2,1,0,0,1,74,7,100,120,0,0,0,4,6,3.48838568170755,5.38697730004787
32,2,1,0,0,1,41,19,100,245,0,0,0,4,6,9.86875678740815,3.60398289992008
32,2,1,0,0,1,63,5.5,100,40,0,0,0,4,6,2.24039054854759,6.04284060001373
32,2,1,0,0,1,5,20,100,15,0,0,0,4,6,14.9905123800142,7.74210170004517
32,2,2,1,0,1,38,15.5,100,215,8,100,125,1,5,1,12.9886597999139
32,2,2,1,0,1,18,18.75,100,250,15,100,31,1,5,1,22.1771634999895
32,2,2,1,0,1,1,5,100,0,3,100,0,1,5,1,3.35450480005238
32,2,2,1,0,1,7,16.75,100,75,16,100,20,1,5,1,3.19365799997468
32,2,2,1,0,1,40,18,100,110,9.5,100,25,1,5,1,10.1125909000402
32,2,2,1,0,1,24,10,100,80,19,100,150,1,5,1,2.78464430000167
32,2,2,1,0,1,4,8.5,100,90,2,100,70,1,5,1,2.40152459999081
32,2,2,1,0,1,28,6,100,7,3.5,100,3,4,5,1,3.13762009993661
32,2,2,1,0,1,29,7,100,55,6,100,45,4,5,1,3.12147849996109
32,2,2,1,0,1,39,14,100,5,17,100,15,4,5,1,2.28158249997068
32,2,2,1,0,1,17,3.25,100,205,2,100,110,4,5,1,2.43214239994995
32,2,2,1,0,1,6,19,100,175,7,100,70,4,5,1,1.99294239992741
32,2,2,1,0,1,34,4,100,70,12,100,85,4,5,1,1.6324666000437
32,2,2,1,0,1,42,11,100,110,20,100,170,4,5,1,1.01929580001161
32,2,2,1,0,1,25,8.5,100,105,9,100,160,2,5,1,2.12831229995936
32,2,2,1,0,1,41,19,100,245,17,100,200,2,5,1,3.18542020011228
32,2,2,1,0,1,26,4,100,50,2.5,100,25,2,5,1,4.67464189999737
32,2,2,1,0,1,32,9.5,100,170,7,100,120,2,5,1,2.07427819992881
32,2,2,1,0,1,23,7.75,100,120,1.75,100,10,2,5,1,3.19493290001992
32,2,2,1,0,1,3,15,100,14,13.5,100,65,2,5,1,2.20082799997181
32,2,2,1,0,1,22,20,100,165,19.5,100,45,2,5,0,4.26362079998944
32,2,2,1,0,1,20,15.75,100,30,10,100,135,5,5,1,2.88949030009098
32,2,2,1,0,1,19,15,100,225,17.5,100,40,5,5,1,3.36933959997259
32,2,2,1,0,1,14,12,100,210,16.75,100,145,5,5,1,3.04020430007949
32,2,2,1,0,1,2,7.5,100,25,5,100,65,5,5,1,2.80142969998997
32,2,2,1,0,1,16,16,100,95,14,100,20,5,5,1,2.4177707999479
32,2,2,1,0,1,10,19.5,100,125,18.5,100,85,5,5,1,3.48408920003567
32,2,2,1,0,1,8,2.5,100,10,16,100,20,5,5,1,3.0414600999793
32,2,2,1,0,1,13,19.5,100,7,16.5,100,155,6,5,1,4.23991400003433
32,2,2,1,0,1,15,17.25,100,55,10,100,95,6,5,1,2.24983730004169
32,2,2,1,0,1,12,9.25,100,4,12,100,1,6,5,1,2.45859900000505
32,2,2,1,0,1,33,11,100,190,6,100,45,6,5,1,3.74464119994082
32,2,2,1,0,1,30,8,100,90,6.5,100,60,6,5,1,2.5939985999139
32,2,2,1,0,1,31,5,100,14,8.5,100,22,6,5,1,2.69644940004218
32,2,2,1,0,1,35,13,100,30,12,100,25,6,5,1,1.92057790001854
32,2,2,1,0,1,21,6,100,55,5.5,100,40,3,5,1,2.53687089995947
32,2,2,1,0,1,5,16,100,5,20,100,15,3,5,1,2.33144090010319
32,2,2,1,0,1,27,5.25,100,120,1.5,100,20,3,5,1,2.33101820002776
32,2,2,1,0,1,9,2,100,19,1,100,3,3,5,1,2.90673530008644
32,2,2,1,0,1,37,14.5,100,175,10,100,140,3,5,1,3.5043051999528
32,2,2,1,0,1,36,8.25,100,5,14,100,40,3,5,1,5.61906390008517
32,2,2,1,0,1,11,18.25,100,55,14,100,60,3,5,1,2.2735203000484
32,3,1,0,1,1,11,18.25,70,55,0,0,0,4,2,10.0400384514875,23.0019601001404
32,3,1,0,1,1,58,14,45,20,0,0,0,4,2,3.9713834412503,11.1289349000435
32,3,1,0,1,1,42,20,30,170,0,0,0,4,2,1.98378032559966,8.75010169995949
32,3,1,0,1,1,14,16.75,45,145,0,0,0,4,2,5.94966222303824,12.8834450999275
32,3,1,0,1,1,84,11,50,110,0,0,0,4,2,5.00945942502002,13.223905300023
32,3,1,0,1,1,70,3.5,40,3,0,0,0,4,2,1.07687088236475,8.46430550003424
32,3,1,0,1,1,55,16.5,25,155,0,0,0,4,2,3.99460074681842,11.7943130000494
32,3,1,0,1,1,22,20,90,165,0,0,0,4,2,14.9903396163319,12.9105553999543
32,3,1,0,1,1,5,20,85,15,0,0,0,4,2,15.0456677799452,14.7642802000046
32,3,1,0,1,1,20,15.75,35,30,0,0,0,4,2,4.47221612965106,8.96825739997439
32,3,1,0,1,1,80,8,45,125,0,0,0,4,2,2.0854599410704,5.26768669998273
32,3,1,0,1,1,13,19.5,5,7,0,0,0,4,2,0.4795586133184,15.424238299951
32,3,1,0,1,1,33,11,65,190,0,0,0,4,2,5.0487448186303,3.4623499000445
32,3,1,0,1,1,28,6,25,7,0,0,0,4,2,0.996958512766266,7.45391909987666
32,3,1,0,1,1,29,7,20,55,0,0,0,1,2,0.685184038519562,11.0427854000591
32,3,1,0,1,1,8,16,15,20,0,0,0,1,2,1.48535490413062,12.9064908998553
32,3,1,0,1,1,63,5.5,70,40,0,0,0,1,2,2.55351392238505,7.71040010009892
32,3,1,0,1,1,9,2,30,19,0,0,0,1,2,0.453957419997209,9.24636610015295
32,3,1,0,1,1,69,1.5,95,20,0,0,0,1,2,0.474424148146351,18.5697013000026
32,3,1,0,1,1,34,12,15,85,0,0,0,1,2,1.9667141987408,10.6787427000236
32,3,1,0,1,1,56,12,90,210,0,0,0,1,2,10.0266366551201,8.11248259991407
32,3,1,0,1,1,16,16,65,95,0,0,0,1,2,9.97347432965568,11.1740794999059
32,3,1,0,1,1,10,19.5,10,125,0,0,0,1,2,1.90461416968971,10.731269699987
32,3,1,0,1,1,68,2.5,65,25,0,0,0,1,2,1.24224950589917,5.58698090002872
32,3,1,0,1,1,81,14,55,5,0,0,0,1,2,7.13183503715602,3.01676999987103
32,3,1,0,1,1,65,1.75,80,10,0,0,0,1,2,1.01589086564817,16.7051448998973
32,3,1,0,1,1,83,17,80,200,0,0,0,1,2,10.027147800146,10.6720555999782
32,3,1,0,1,1,60,15,35,31,0,0,0,1,2,3.53766079271442,16.3291306998581
32,3,1,0,1,1,24,19,70,150,0,0,0,6,2,11.9599723474427,22.4707054998726
32,3,1,0,1,1,51,1,40,3,0,0,0,6,2,0.391940894486012,13.6614843001589
32,3,1,0,1,1,38,15.5,40,215,0,0,0,6,2,7.48668167243995,10.6378305999096
32,3,1,0,1,1,27,5.25,50,120,0,0,0,6,2,2.24929868282378,5.38368490012363
32,3,1,0,1,1,23,7.75,60,120,0,0,0,6,2,3.75044993178385,18.388102900004
32,3,1,0,1,1,19,17.5,25,40,0,0,0,6,2,4.00962785557042,7.96938730007969
32,3,1,0,1,1,2,7.5,75,25,0,0,0,6,2,5,11.3610495000612
32,3,1,0,1,1,40,18,15,110,0,0,0,6,2,1.83058916879019,8.1658960999921
32,3,1,0,1,1,30,8,75,90,0,0,0,6,2,5.03017132729828,9.52455829991959
32,3,1,0,1,1,12,12,35,1,0,0,0,6,2,2.93892722944824,4.02077550021932
32,3,1,0,1,1,39,17,35,15,0,0,0,6,2,7.08742355912178,5.21150090009905
32,3,1,0,1,1,72,6.5,90,60,0,0,0,6,2,5.01005717603103,7.39924079994671
32,3,1,0,1,1,74,7,40,120,0,0,0,6,2,1.39823027668808,12.125174799934
32,3,1,0,1,1,67,8.5,50,105,0,0,0,6,2,3.47045730394634,17.803741700016
32,3,1,0,1,1,61,15,75,225,0,0,0,3,2,10.0285477805004,13.8450756000821
32,3,1,0,1,1,64,19.5,65,45,0,0,0,3,2,9.47554034099516,8.10754909995012
32,3,1,0,1,1,49,16,50,20,0,0,0,3,2,7.95585239030926,6.05042670015246
32,3,1,0,1,1,57,10,50,95,0,0,0,3,2,3.03620320754046,6.64190649986267
32,3,1,0,1,1,62,10,95,135,0,0,0,3,2,2.0563657711588,5.72852250002325
32,3,1,0,1,1,43,3,30,0,0,0,0,3,2,0.996199999994484,15.9611813998781
32,3,1,0,1,1,48,7,45,70,0,0,0,3,2,3.02299931478695,13.0777130001225
32,3,1,0,1,1,78,8.25,20,5,0,0,0,3,2,0.995485878574701,5.91261709993705
32,3,1,0,1,1,18,18.75,80,250,0,0,0,3,2,10,14.691530500073
32,3,1,0,1,1,50,2.5,90,10,0,0,0,3,2,1.50597378863685,5.08490140014328
32,3,1,0,1,1,21,6,95,55,0,0,0,3,2,4.05062845764845,5.56112269987352
32,3,1,0,1,1,82,9.5,20,25,0,0,0,3,2,1.01542767996585,12.1951413000934
32,3,1,0,1,1,52,18.5,10,85,0,0,0,3,2,1.99891442672372,3.50231730006635
32,3,1,0,1,1,76,4,35,70,0,0,0,3,2,1.06512890614936,4.708991299849
32,3,1,0,1,1,15,17.25,25,55,0,0,0,5,2,4.00590098594411,12.5756111999508
32,3,1,0,1,1,25,9,60,160,0,0,0,5,2,4.52295214118919,8.11734250001609
32,3,1,0,1,1,26,4,45,50,0,0,0,5,2,2.12942132077179,4.41250080009922
32,3,1,0,1,1,4,8.5,20,90,0,0,0,5,2,1.51494441223725,9.57551910006441
32,3,1,0,1,1,1,5,50,0,0,0,0,5,2,2.64936057312525,2.71702360012569
32,3,1,0,1,1,32,9.5,30,170,0,0,0,5,2,3.08765385829407,7.09303259989247
32,3,1,0,1,1,45,13.5,55,65,0,0,0,5,2,5.38304298354058,5.22407250013202
32,3,1,0,1,1,3,15,85,14,0,0,0,5,2,9.88138892402887,12.2909719001036
32,3,1,0,1,1,37,14.5,5,175,0,0,0,5,2,1.04686049636436,5.61748729995452
32,3,1,0,1,1,53,14,90,60,0,0,0,5,2,9.97325142747535,8.80091530014761
32,3,1,0,1,1,44,5,40,65,0,0,0,5,2,1.49275757208625,14.2140903000254
32,3,1,0,1,1,41,19,65,245,0,0,0,5,2,8.00076802022514,11.8682864999864
32,3,1,0,1,1,17,3.25,85,205,0,0,0,5,2,0.99841464213787,6.80825550016016
32,3,1,0,1,1,31,8.5,50,22,0,0,0,5,2,4.02751588104825,3.29131350014359
32,3,1,0,1,1,71,6,25,45,0,0,0,2,2,2.00016061361182,8.87874830001965
32,3,1,0,1,1,46,2,55,70,0,0,0,2,2,0.870079442616703,7.42131330003031
32,3,1,0,1,1,77,12,75,25,0,0,0,2,2,10,26.1280745000113
32,3,1,0,1,1,36,14,15,40,0,0,0,2,2,1.25381837962066,18.5426679998636
32,3,1,0,1,1,7,16.75,65,75,0,0,0,2,2,7.99301071825347,3.61705260002054
32,3,1,0,1,1,79,10,10,140,0,0,0,2,2,1.04239001786091,3.09919820004143
32,3,1,0,1,1,75,6,85,45,0,0,0,2,2,3.98960463576651,4.10137149994262
32,3,1,0,1,1,47,16,100,5,0,0,0,2,2,14.9480745795451,12.9216096000746
32,3,1,0,1,1,54,9.25,40,4,0,0,0,2,2,3.49860770713489,7.47689990000799
32,3,1,0,1,1,35,13,70,30,0,0,0,2,2,8.01100936178112,19.0911650999915
32,3,1,0,1,1,6,19,20,175,0,0,0,2,2,3.97179180308864,12.7000590998214
32,3,1,0,1,1,66,10,90,80,0,0,0,2,2,8.02012345394191,10.3286060998216
32,3,1,0,1,1,59,2,80,110,0,0,0,2,2,1.00947154571011,9.93968559987843
32,3,1,0,1,1,73,5,70,14,0,0,0,2,2,3.07349858456345,11.1282957999501
32,3,2,1,1,1,35,13,70,30,12,75,25,4,1,0,28.039678900037
32,3,2,1,1,1,1,3,30,0,5,50,0,4,1,1,5.10908579989336
32,3,2,1,1,1,36,8.25,20,5,14,15,40,4,1,0,8.95927160000429
32,3,2,1,1,1,8,16,15,20,2.5,90,10,4,1,0,3.53620259999298
32,3,2,1,1,1,16,16,65,95,14,45,20,4,1,1,3.62720569991507
32,3,2,1,1,1,14,16.75,45,145,12,90,210,4,1,0,3.00039219995961
32,3,2,1,1,1,18,15,35,31,18.75,80,250,4,1,1,2.4579514998477
32,3,2,1,1,1,31,5,70,14,8.5,50,22,1,1,0,5.98504079994746
32,3,2,1,1,1,11,18.25,70,55,14,90,60,1,1,0,4.33548550005071
32,3,2,1,1,1,23,1.75,80,10,7.75,60,120,1,1,0,5.15302189998329
32,3,2,1,1,1,9,2,30,19,1,40,3,1,1,0,3.93748799990863
32,3,2,1,1,1,4,8.5,20,90,2,55,70,1,1,0,3.52053149999119
32,3,2,1,1,1,19,17.5,25,40,15,75,225,1,1,0,5.24142340011895
32,3,2,1,1,1,20,15.75,35,30,10,95,135,1,1,0,2.79269049991854
32,3,2,1,1,1,30,8,75,90,6.5,90,60,6,1,0,1.13634469988756
32,3,2,1,1,1,28,6,25,7,3.5,40,3,6,1,0,3.61623449996114
32,3,2,1,1,1,15,10,50,95,17.25,25,55,6,1,0,2.57654519984499
32,3,2,1,1,1,27,1.5,95,20,5.25,50,120,6,1,0,1.43430459988303
32,3,2,1,1,1,40,18,15,110,9.5,20,25,6,1,1,8.99449310009368
32,3,2,1,1,1,24,10,90,80,19,70,150,6,1,0,6.24102650000714
32,3,2,1,1,1,10,18.5,10,85,19.5,10,125,6,1,1,4.73702120012604
32,3,2,1,1,1,17,3.25,85,205,2,80,110,3,1,1,3.2431620999705
32,3,2,1,1,1,32,7,40,120,9.5,30,170,3,1,0,4.71652530017309
32,3,2,1,1,1,33,6,85,45,11,65,190,3,1,0,3.57882989989594
32,3,2,1,1,1,5,20,85,15,16,100,5,3,1,0,4.13281550002284
32,3,2,1,1,1,38,8,45,125,15.5,40,215,3,1,0,6.88817710010335
32,3,2,1,1,1,13,16.5,25,155,19.5,5,7,3,1,0,3.60073820012622
32,3,2,1,1,1,2,5,40,65,7.5,75,25,3,1,1,4.36018149997108
32,3,2,1,1,1,42,11,50,110,20,30,170,5,1,0,5.6332262000069
32,3,2,1,1,1,41,17,80,200,19,65,245,5,1,0,8.74467699998058
32,3,2,1,1,1,25,8.5,50,105,9,60,160,5,1,1,3.55729039991274
32,3,2,1,1,1,34,12,15,85,4,35,70,5,1,0,4.33049630001187
32,3,2,1,1,1,37,10,10,140,14.5,5,175,5,1,0,3.91653439984657
32,3,2,1,1,1,7,16.75,65,75,16,50,20,5,1,1,6.79316679993644
32,3,2,1,1,1,26,4,45,50,2.5,65,25,5,1,0,3.25773790013045
32,3,2,1,1,1,21,5.5,70,40,6,95,55,2,1,1,2.52894299989566
32,3,2,1,1,1,6,19,20,175,7,45,70,2,1,0,3.7134298000019
32,3,2,1,1,1,3,13.5,55,65,15,85,14,2,1,1,2.71227499982342
32,3,2,1,1,1,22,19.5,65,45,20,90,165,2,1,1,2.80089899990708
32,3,2,1,1,1,12,9.25,40,4,12,35,1,2,1,0,4.21723640011624
32,3,2,1,1,1,39,17,35,15,14,55,5,2,1,0,3.37673670006916
32,3,2,1,1,1,29,6,25,45,7,20,55,2,1,0,4.41365400003269
34,1,1,1,1,1,23,1.75,80,10,7.75,60,120,5,1,0,3.88020409998717
34,1,1,1,1,1,15,10,50,95,17.25,25,55,5,1,0,2.03185850003501
34,1,1,1,1,1,16,16,65,95,14,45,20,5,1,1,1.90374199999496
34,1,1,1,1,1,3,13.5,55,65,15,85,14,5,1,1,1.83211880002636
34,1,1,1,1,1,14,12,90,210,16.75,45,145,5,1,0,1.33683779998682
34,1,1,1,1,1,42,20,30,170,11,50,110,5,1,0,3.29607279994525
34,1,1,1,1,1,4,8.5,20,90,2,55,70,5,1,0,2.60723949997919
34,1,1,1,1,1,6,7,45,70,19,20,175,4,1,0,2.06529599998612
34,1,1,1,1,1,40,9.5,20,25,18,15,110,4,1,1,2.58633409999311
34,1,1,1,1,1,18,15,35,31,18.75,80,250,4,1,1,3.91263629996683
34,1,1,1,1,1,39,17,35,15,14,55,5,4,1,0,2.89054390002275
34,1,1,1,1,1,26,2.5,65,25,4,45,50,4,1,0,1.28759629995329
34,1,1,1,1,1,28,3.5,40,3,6,25,7,4,1,0,2.30625610001152
34,1,1,1,1,1,9,2,30,19,1,40,3,4,1,0,2.03334169997834
34,1,1,1,1,1,12,9.25,40,4,12,35,1,2,1,1,2.5998760999646
34,1,1,1,1,1,2,5,40,65,7.5,75,25,2,1,1,2.05825470003765
34,1,1,1,1,1,5,20,85,15,16,100,5,2,1,0,1.24166509998031
34,1,1,1,1,1,41,17,80,200,19,65,245,2,1,0,1.06602019997081
34,1,1,1,1,1,21,5.5,70,40,6,95,55,2,1,1,1.32213139999658
34,1,1,1,1,1,24,19,70,150,10,90,80,2,1,0,1.04802029998973
34,1,1,1,1,1,33,6,85,45,11,65,190,2,1,0,1.01699539995752
34,1,1,1,1,1,7,16.75,65,75,16,50,20,6,1,1,3.82079999998678
34,1,1,1,1,1,38,8,45,125,15.5,40,215,6,1,1,2.4823686000309
34,1,1,1,1,1,17,3.25,85,205,2,80,110,6,1,1,1.97678660001839
34,1,1,1,1,1,32,7,40,120,9.5,30,170,6,1,0,3.77550619997783
34,1,1,1,1,1,27,1.5,95,20,5.25,50,120,6,1,0,1.1055002999492
34,1,1,1,1,1,22,19.5,65,45,20,90,165,6,1,1,1.64084190002177
34,1,1,1,1,1,20,10,95,135,15.75,35,30,6,1,0,1.60185420000926
34,1,1,1,1,1,11,18.25,70,55,14,90,60,1,1,0,0.912345900025684
34,1,1,1,1,1,19,17.5,25,40,15,75,225,1,1,0,1.03177999996115
34,1,1,1,1,1,10,18.5,10,85,19.5,10,125,1,1,1,3.68866280000657
34,1,1,1,1,1,37,10,10,140,14.5,5,175,1,1,1,2.53804640000453
34,1,1,1,1,1,35,13,70,30,12,75,25,1,1,0,3.34678620001068
34,1,1,1,1,1,30,8,75,90,6.5,90,60,1,1,0,1.25929770001676
34,1,1,1,1,1,36,8.25,20,5,14,15,40,1,1,0,4.345653700002
34,1,1,1,1,1,29,7,20,55,6,25,45,3,1,1,5.1290412999806
34,1,1,1,1,1,8,16,15,20,2.5,90,10,3,1,0,2.63299220002955
34,1,1,1,1,1,25,9,60,160,8.5,50,105,3,1,1,1.99449469998945
34,1,1,1,1,1,13,16.5,25,155,19.5,5,7,3,1,0,3.80693600000814
34,1,1,1,1,1,34,12,15,85,4,35,70,3,1,0,1.8731324999826
34,1,1,1,1,1,1,5,50,0,3,30,0,3,1,1,2.70310700003756
34,1,1,1,1,1,31,8.5,50,22,5,70,14,3,1,0,2.40897980000591
34,1,2,0,1,1,25,9,60,160,0,0,0,4,2,2.03437690732758,11.5594409999903
34,1,2,0,1,1,3,15,85,14,0,0,0,4,2,8.0161612962312,3.5902783999918
34,1,2,0,1,1,35,13,70,30,0,0,0,4,2,5.98288121466838,1.786690500041
34,1,2,0,1,1,40,18,15,110,0,0,0,4,2,2.04375751301425,2.10016909998376
34,1,2,0,1,1,28,6,25,7,0,0,0,4,2,0.962955406142925,3.3661781999981
34,1,2,0,1,1,54,9.25,40,4,0,0,0,4,2,1.99732496911206,2.71959290001541
34,1,2,0,1,1,12,12,35,1,0,0,0,4,2,2.04832764699134,2.30493839998962
34,1,2,0,1,1,5,20,85,15,0,0,0,4,2,9.95589310026695,1.68783820001408
34,1,2,0,1,1,2,7.5,75,25,0,0,0,4,2,4.07015416144016,3.93159519997425
34,1,2,0,1,1,22,20,90,165,0,0,0,4,2,11.0007683254315,2.9993800999946
34,1,2,0,1,1,50,2.5,90,10,0,0,0,4,2,0.99167285580673,2.51890319999075
34,1,2,0,1,1,56,12,90,210,0,0,0,4,2,6.0120826601371,2.75075830001151
34,1,2,0,1,1,41,19,65,245,0,0,0,4,2,8.03003578181906,5.21458259999054
34,1,2,0,1,1,84,11,50,110,0,0,0,4,2,4.04956453771331,4.83933449996402
34,1,2,0,1,1,80,8,45,125,0,0,0,6,2,3.07609864352147,1.78503540001111
34,1,2,0,1,1,29,7,20,55,0,0,0,6,2,0.984029924482826,1.50180460000411
34,1,2,0,1,1,32,9.5,30,170,0,0,0,6,2,1.03206305929602,1.92170570004964
34,1,2,0,1,1,39,17,35,15,0,0,0,6,2,2.05298470374926,5.95245530002285
34,1,2,0,1,1,70,3.5,40,3,0,0,0,6,2,1.00537839182461,2.28503329999512
34,1,2,0,1,1,47,16,100,5,0,0,0,6,2,15.9238241317273,1.10963349998929
34,1,2,0,1,1,37,14.5,5,175,0,0,0,6,2,0.529293521191796,2.03987390000839
34,1,2,0,1,1,61,15,75,225,0,0,0,6,2,2.98448751455834,2.16910149995238
34,1,2,0,1,1,27,5.25,50,120,0,0,0,6,2,2.01605899932928,1.19694340002025
34,1,2,0,1,1,13,19.5,5,7,0,0,0,6,2,1.00306810563501,1.97329990001163
34,1,2,0,1,1,36,14,15,40,0,0,0,6,2,1.02500325524284,1.43588050000835
34,1,2,0,1,1,63,5.5,70,40,0,0,0,6,2,2.0112614124296,1.36857519997284
34,1,2,0,1,1,43,3,30,0,0,0,0,6,2,0.469627386029739,1.21789850003552
34,1,2,0,1,1,30,8,75,90,0,0,0,6,2,1.93342680867095,1.39849719998892
34,1,2,0,1,1,21,6,95,55,0,0,0,2,2,3.16839409005159,2.4510675999918
34,1,2,0,1,1,77,12,75,25,0,0,0,2,2,4.08195278496335,1.76849639997818
34,1,2,0,1,1,1,5,50,0,0,0,0,2,2,2.05291755082738,4.37610959995072
34,1,2,0,1,1,53,14,90,60,0,0,0,2,2,5.03105437672719,1.84123469999759
34,1,2,0,1,1,7,16.75,65,75,0,0,0,2,2,4.02348382980894,1.88357760000508
34,1,2,0,1,1,81,14,55,5,0,0,0,2,2,4.02118179370215,1.39298659999622
34,1,2,0,1,1,46,2,55,70,0,0,0,2,2,0.352500157725732,1.57818410004256
34,1,2,0,1,1,26,4,45,50,0,0,0,2,2,1.03443779722067,1.35031630005687
34,1,2,0,1,1,49,16,50,20,0,0,0,2,2,2.02990165582899,2.92714789998718
34,1,2,0,1,1,10,19.5,10,125,0,0,0,2,2,1.04176341126402,1.3794519000221
34,1,2,0,1,1,78,8.25,20,5,0,0,0,2,2,2.03457778127951,2.30282320000697
34,1,2,0,1,1,65,1.75,80,10,0,0,0,2,2,0.97954595687246,1.31998059997568
34,1,2,0,1,1,76,4,35,70,0,0,0,2,2,1.06101488097066,2.57006820000242
34,1,2,0,1,1,20,15.75,35,30,0,0,0,2,2,1.02500325524284,1.65161830000579
34,1,2,0,1,1,19,17.5,25,40,0,0,0,3,2,1.58808246292395,3.0022403000039
34,1,2,0,1,1,16,16,65,95,0,0,0,3,2,4.05010257550903,1.74916579999262
34,1,2,0,1,1,45,13.5,55,65,0,0,0,3,2,4.06479560775036,1.51823329995386
34,1,2,0,1,1,6,19,20,175,0,0,0,3,2,1.91861231418443,1.77179159998195
34,1,2,0,1,1,57,10,50,95,0,0,0,3,2,2.55267086770887,1.79006889997981
34,1,2,0,1,1,33,11,65,190,0,0,0,3,2,3.08905097554824,1.68568149994826
34,1,2,0,1,1,48,7,45,70,0,0,0,3,2,2.13221119549191,1.46389429998817
34,1,2,0,1,1,34,12,15,85,0,0,0,3,2,1.09682411402733,1.68033930001548
34,1,2,0,1,1,23,7.75,60,120,0,0,0,3,2,3.04910654650096,1.23267170001054
34,1,2,0,1,1,72,6.5,90,60,0,0,0,3,2,3.98915783697319,1.27605739998398
34,1,2,0,1,1,75,6,85,45,0,0,0,3,2,2.96485286776519,3.21745799999917
34,1,2,0,1,1,82,9.5,20,25,0,0,0,3,2,1.02267121716315,2.94664899999043
34,1,2,0,1,1,15,17.25,25,55,0,0,0,3,2,1.48125526826403,3.848650800006
34,1,2,0,1,1,42,20,30,170,0,0,0,3,2,1.06312354797933,0.940998100035358
34,1,2,0,1,1,83,17,80,200,0,0,0,1,2,3.93680721684237,2.28096399997594
34,1,2,0,1,1,55,16.5,25,155,0,0,0,1,2,2.04832764699134,1.37062449997757
34,1,2,0,1,1,74,7,40,120,0,0,0,1,2,1.96493244739531,1.7002966
34,1,2,0,1,1,31,8.5,50,22,0,0,0,1,2,2.63722441888103,1.29297740000766
34,1,2,0,1,1,73,5,70,14,0,0,0,1,2,2.06680712403991,1.09831690002466
34,1,2,0,1,1,24,19,70,150,0,0,0,1,2,3.9879173398629,1.10559160000412
34,1,2,0,1,1,51,1,40,3,0,0,0,1,2,0.147339375189432,1.29364390001865
34,1,2,0,1,1,68,2.5,65,25,0,0,0,1,2,0.766145490481403,1.16559630003758
34,1,2,0,1,1,62,10,95,135,0,0,0,1,2,4.00304148723374,1.17074080003658
34,1,2,0,1,1,69,1.5,95,20,0,0,0,1,2,1.01291767143232,1.04791209998075
34,1,2,0,1,1,4,8.5,20,90,0,0,0,1,2,1.12292323283226,1.15691299998434
34,1,2,0,1,1,67,8.5,50,105,0,0,0,1,2,3.03707545485702,1.03679809998721
34,1,2,0,1,1,64,19.5,65,45,0,0,0,1,2,4.05010257550903,0.93254499998875
34,1,2,0,1,1,14,16.75,45,145,0,0,0,1,2,3.00396027555258,1.11742789996788
34,1,2,0,1,1,60,15,35,31,0,0,0,5,2,1.83434022170806,2.85350309999194
34,1,2,0,1,1,38,15.5,40,215,0,0,0,5,2,1.83174846442292,3.22964400000637
34,1,2,0,1,1,44,5,40,65,0,0,0,5,2,1.09620077145382,2.15344909997657
34,1,2,0,1,1,18,18.75,80,250,0,0,0,5,2,3.97218434396365,1.16410620004172
34,1,2,0,1,1,9,2,30,19,0,0,0,5,2,0.971795806950578,1.11031789996196
34,1,2,0,1,1,52,18.5,10,85,0,0,0,5,2,1.02034967565935,1.31936200003838
34,1,2,0,1,1,11,18.25,70,55,0,0,0,5,2,2.96478499712986,1.6700902999728
34,1,2,0,1,1,66,10,90,80,0,0,0,5,2,4.00625727971506,1.19219670002349
34,1,2,0,1,1,8,16,15,20,0,0,0,5,2,1.08448915058861,1.53558139997767
34,1,2,0,1,1,71,6,25,45,0,0,0,5,2,1.02999816656766,1.19753380003385
34,1,2,0,1,1,58,14,45,20,0,0,0,5,2,2.65654488590232,0.95600220002234
34,1,2,0,1,1,59,2,80,110,0,0,0,5,2,0.987186343040655,1.00534000003245
34,1,2,0,1,1,79,10,10,140,0,0,0,5,2,0.204818424420349,1.29077569994843
34,1,2,0,1,1,17,3.25,85,205,0,0,0,5,2,2.03457778127951,1.49257190001663
34,2,1,1,0,1,22,20,100,165,19.5,100,45,5,5,1,3.69040660001338
34,2,1,1,0,1,36,14,100,40,8.25,100,5,5,5,1,1.21750540006906
34,2,1,1,0,1,24,10,100,80,19,100,150,5,5,1,1.13443710003048
34,2,1,1,0,1,29,7,100,55,6,100,45,5,5,1,1.71381720004138
34,2,1,1,0,1,35,13,100,30,12,100,25,5,5,1,1.42120209999848
34,2,1,1,0,1,1,3,100,0,5,100,0,5,5,1,1.26344889996108
34,2,1,1,0,1,39,17,100,15,14,100,5,5,5,1,1.43401189998258
34,2,1,1,0,1,17,3.25,100,205,2,100,110,3,5,1,2.77660459990148
34,2,1,1,0,1,33,6,100,45,11,100,190,3,5,1,1.06808009999804
34,2,1,1,0,1,12,9.25,100,4,12,100,1,3,5,1,1.07444449991453
34,2,1,1,0,1,8,16,100,20,2.5,100,10,3,5,1,1.11342219996732
34,2,1,1,0,1,9,1,100,3,2,100,19,3,5,1,0.961895100073889
34,2,1,1,0,1,11,18.25,100,55,14,100,60,3,5,1,1.12913000001572
34,2,1,1,0,1,13,19.5,100,7,16.5,100,155,3,5,1,1.24848919990472
34,2,1,1,0,1,41,17,100,200,19,100,245,1,5,1,1.3530264000874
34,2,1,1,0,1,2,7.5,100,25,5,100,65,1,5,1,1.72261189995334
34,2,1,1,0,1,26,2.5,100,25,4,100,50,1,5,1,1.56886819994543
34,2,1,1,0,1,28,3.5,100,3,6,100,7,1,5,1,1.17759940004908
34,2,1,1,0,1,4,8.5,100,90,2,100,70,1,5,1,1.25079180009197
34,2,1,1,0,1,16,14,100,20,16,100,95,1,5,1,1.31233980006073
34,2,1,1,0,1,20,10,100,135,15.75,100,30,1,5,1,1.34689399995841
34,2,1,1,0,1,23,1.75,100,10,7.75,100,120,2,5,1,1.20172070001718
34,2,1,1,0,1,25,9,100,160,8.5,100,105,2,5,1,1.85007939999923
34,2,1,1,0,1,30,6.5,100,60,8,100,90,2,5,1,1.20045539992861
34,2,1,1,0,1,7,16.75,100,75,16,100,20,2,5,1,1.1854187999852
34,2,1,1,0,1,14,12,100,210,16.75,100,145,2,5,1,1.02036359999329
34,2,1,1,0,1,18,15,100,31,18.75,100,250,2,5,1,0.984986299998127
34,2,1,1,0,1,21,6,100,55,5.5,100,40,2,5,1,0.897152499994263
34,2,1,1,0,1,32,9.5,100,170,7,100,120,4,5,1,2.00213929999154
34,2,1,1,0,1,6,19,100,175,7,100,70,4,5,1,1.34652799996547
34,2,1,1,0,1,42,11,100,110,20,100,170,4,5,1,0.919948399998248
34,2,1,1,0,1,15,17.25,100,55,10,100,95,4,5,1,0.744890599977225
34,2,1,1,0,1,40,9.5,100,25,18,100,110,4,5,1,0.744799799984321
34,2,1,1,0,1,19,15,100,225,17.5,100,40,4,5,1,0.976852599997073
34,2,1,1,0,1,31,8.5,100,22,5,100,14,4,5,1,0.993796999915503
34,2,1,1,0,1,34,12,100,85,4,100,70,6,5,1,1.4822880999418
34,2,1,1,0,1,10,19.5,100,125,18.5,100,85,6,5,1,1.3200852998998
34,2,1,1,0,1,3,13.5,100,65,15,100,14,6,5,1,1.5854198000161
34,2,1,1,0,1,37,14.5,100,175,10,100,140,6,5,1,1.05758939997759
34,2,1,1,0,1,27,1.5,100,20,5.25,100,120,6,5,1,1.44103650003672
34,2,1,1,0,1,38,8,100,125,15.5,100,215,6,5,1,1.42399190005381
34,2,1,1,0,1,5,16,100,5,20,100,15,6,5,1,1.81716819992289
34,2,2,0,0,1,75,6,100,45,0,0,0,4,6,5.8006730001537,8.67937769996934
34,2,2,0,0,1,69,1.5,100,20,0,0,0,4,6,1.10183623565636,4.19121570000425
34,2,2,0,0,1,15,17.25,100,55,0,0,0,4,6,17.0549110962719,1.60676509991754
34,2,2,0,0,1,77,12,100,25,0,0,0,4,6,11.118784744321,2.04374530003406
34,2,2,0,0,1,22,20,100,165,0,0,0,4,6,18.9870823285677,1.18444640003145
34,2,2,0,0,1,42,20,100,170,0,0,0,4,6,19.0259688709068,1.38330650003627
34,2,2,0,0,1,57,10,100,95,0,0,0,4,6,9.05784994952804,2.05508219997864
34,2,2,0,0,1,35,13,100,30,0,0,0,4,6,11.9186123141844,1.43571830005385
34,2,2,0,0,1,40,18,100,110,0,0,0,4,6,16.9561657630674,1.58908279996831
34,2,2,0,0,1,82,9.5,100,25,0,0,0,4,6,8.51126808676868,1.32684570003767
34,2,2,0,0,1,62,10,100,135,0,0,0,4,6,8.97965032434066,1.73577749996912
34,2,2,0,0,1,34,12,100,85,0,0,0,4,6,10.8930267284656,1.56080239999574
34,2,2,0,0,1,65,1.75,100,10,0,0,0,4,6,0.764384945722519,1.82806770002935
34,2,2,0,0,1,74,7,100,120,0,0,0,4,6,6.02400252053495,1.9914816999808
34,2,2,0,0,1,8,16,100,20,0,0,0,5,6,14.9688443055511,6.29945269995369
34,2,2,0,0,1,59,2,100,110,0,0,0,5,6,1.04895128484505,1.30604279995896
34,2,2,0,0,1,3,15,100,14,0,0,0,5,6,13.9214830656289,1.30792809999548
34,2,2,0,0,1,55,16.5,100,155,0,0,0,5,6,15.4128099006032,1.43117100000381
34,2,2,0,0,1,9,2,100,19,0,0,0,5,6,1.01757090488666,1.25144979998004
34,2,2,0,0,1,48,7,100,70,0,0,0,5,6,6.06158774137797,1.61149140005
34,2,2,0,0,1,11,18.25,100,55,0,0,0,5,6,17.054877230816,1.86885789991356
34,2,2,0,0,1,70,3.5,100,3,0,0,0,5,6,2.43874434261411,1.52149930002633
34,2,2,0,0,1,46,2,100,70,0,0,0,5,6,0.998478980309287,1.25990810000803
34,2,2,0,0,1,10,19.5,100,125,0,0,0,5,6,18.4261594146711,3.27988010004628
34,2,2,0,0,1,81,14,100,5,0,0,0,5,6,12.9773423659971,1.15609919989947
34,2,2,0,0,1,63,5.5,100,40,0,0,0,5,6,4.48272139688738,1.44029850000516
34,2,2,0,0,1,14,16.75,100,145,0,0,0,5,6,15.5883569929575,2.18396699998993
34,2,2,0,0,1,30,8,100,90,0,0,0,5,6,7.02881944128022,1.32404149998911
34,2,2,0,0,1,54,9.25,100,4,0,0,0,6,6,8.18803570613868,1.65828159998637
34,2,2,0,0,1,80,8,100,125,0,0,0,6,6,7.00290193062794,2.01452530000824
34,2,2,0,0,1,6,19,100,175,0,0,0,6,6,17.9887385875704,2.74928210000508
34,2,2,0,0,1,33,11,100,190,0,0,0,6,6,10,1.67591599992011
34,2,2,0,0,1,39,17,100,15,0,0,0,6,6,16.0088035895846,1.24706209998112
34,2,2,0,0,1,17,3.25,100,205,0,0,0,6,6,1.98787616201406,1.55564059992321
34,2,2,0,0,1,20,15.75,100,30,0,0,0,6,6,14.7834058919448,2.56806980003603
34,2,2,0,0,1,72,6.5,100,60,0,0,0,6,6,5.49667305243608,1.42475650005508
34,2,2,0,0,1,52,18.5,100,85,0,0,0,6,6,17.35686942422,2.57667169999331
34,2,2,0,0,1,5,20,100,15,0,0,0,6,6,19.0259688709068,1.30123380001169
34,2,2,0,0,1,60,15,100,31,0,0,0,6,6,13.9554688843307,4.62555799994152
34,2,2,0,0,1,53,14,100,60,0,0,0,6,6,12.9253659005745,1.36396829993464
34,2,2,0,0,1,18,18.75,100,250,0,0,0,6,6,16.9826990675861,1.53759959992021
34,2,2,0,0,1,32,9.5,100,170,0,0,0,6,6,8.05199094687701,1.53688160004094
34,2,2,0,0,1,41,19,100,245,0,0,0,2,6,17.8448825545139,2.1618081999477
34,2,2,0,0,1,26,4,100,50,0,0,0,2,6,3.08976035388988,1.37971200002357
34,2,2,0,0,1,66,10,100,80,0,0,0,2,6,8.99923167456845,1.73589430004358
34,2,2,0,0,1,67,8.5,100,105,0,0,0,2,6,7.46292731356472,1.17130690009799
34,2,2,0,0,1,45,13.5,100,65,0,0,0,2,6,12.5042722267587,4.10833380010445
34,2,2,0,0,1,19,17.5,100,40,0,0,0,2,6,16.3830692800511,4.80982929992024
34,2,2,0,0,1,47,16,100,5,0,0,0,2,6,14.9896820224483,1.13011009991169
34,2,2,0,0,1,25,9,100,160,0,0,0,2,6,8.02612741103361,1.19509890000336
34,2,2,0,0,1,1,5,100,0,0,0,0,2,6,4.05114259146444,1.84394029993564
34,2,2,0,0,1,78,8.25,100,5,0,0,0,2,6,6.97672721528036,1.9475690999534
34,2,2,0,0,1,49,16,100,20,0,0,0,2,6,15,1.45435589994304
34,2,2,0,0,1,44,5,100,65,0,0,0,2,6,3.99445447814545,1.1920919000404
34,2,2,0,0,1,50,2.5,100,10,0,0,0,2,6,1.2883889304755,1.4163807000732
34,2,2,0,0,1,31,8.5,100,22,0,0,0,2,6,7.46079838786423,5.83073349995539
34,2,2,0,0,1,24,19,100,150,0,0,0,1,6,17.9961904925411,1.00015620002523
34,2,2,0,0,1,64,19.5,100,45,0,0,0,1,6,18.4040961190428,1.28445349994581
34,2,2,0,0,1,84,11,100,110,0,0,0,1,6,9.9717059741919,1.13531579996925
34,2,2,0,0,1,28,6,100,7,0,0,0,1,6,5.04965732146311,1.08460770000238
34,2,2,0,0,1,76,4,100,70,0,0,0,1,6,3.07467535808431,1.11334090004675
34,2,2,0,0,1,73,5,100,14,0,0,0,1,6,4.01918003919744,0.984234999981709
34,2,2,0,0,1,83,17,100,200,0,0,0,1,6,15.9884285521848,1.05938870005775
34,2,2,0,0,1,56,12,100,210,0,0,0,1,6,11.0557430241062,1.51818669994827
34,2,2,0,0,1,43,3,100,0,0,0,0,1,6,2.01843961435839,2.02302480000071
34,2,2,0,0,1,29,7,100,55,0,0,0,1,6,5.99608439527571,2.61592069990002
34,2,2,0,0,1,13,19.5,100,7,0,0,0,1,6,18.4989909244541,1.41361950000282
34,2,2,0,0,1,71,6,100,45,0,0,0,1,6,5.07467338130625,1.06278859998565
34,2,2,0,0,1,58,14,100,20,0,0,0,1,6,13.0290872183221,2.13481479999609
34,2,2,0,0,1,12,12,100,1,0,0,0,1,6,10.9890795592102,1.55568870005663
34,2,2,0,0,1,61,15,100,225,0,0,0,3,6,13.952950836424,0.884951299987733
34,2,2,0,0,1,21,6,100,55,0,0,0,3,6,5.02656256236476,0.95937210007105
34,2,2,0,0,1,37,14.5,100,175,0,0,0,3,6,13.4934485988378,1.49923479999416
34,2,2,0,0,1,27,5.25,100,120,0,0,0,3,6,4.19911516749275,1.82642779999878
34,2,2,0,0,1,68,2.5,100,25,0,0,0,3,6,0.987155752351526,1.05951859999914
34,2,2,0,0,1,36,14,100,40,0,0,0,3,6,12.9634506887345,1.82030360004865
34,2,2,0,0,1,79,10,100,140,0,0,0,3,6,8.98284514254065,1.28171999996994
34,2,2,0,0,1,23,7.75,100,120,0,0,0,3,6,6.70000759018388,1.24924310005736
34,2,2,0,0,1,38,15.5,100,215,0,0,0,3,6,14.4666848762328,1.46747500007041
34,2,2,0,0,1,4,8.5,100,90,0,0,0,3,6,7.19635207519907,1.27384609996807
34,2,2,0,0,1,2,7.5,100,25,0,0,0,3,6,6.49952592008842,1.18624810001347
34,2,2,0,0,1,51,1,100,3,0,0,0,3,6,0.308511502655811,2.33479210000951
34,2,2,0,0,1,16,16,100,95,0,0,0,3,6,15.0467406999486,2.17999489989597
34,2,2,0,0,1,7,16.75,100,75,0,0,0,3,6,15.7649708985986,1.50441440008581
34,3,1,1,1,0,7,16.75,65,0,16,50,0,1,3,1,3.65947109996341
34,3,1,1,1,0,20,15.75,35,0,10,95,0,1,3,0,2.58436889993027
34,3,1,1,1,0,12,9.25,40,0,12,35,0,1,3,1,2.88845680002123
34,3,1,1,1,0,23,1.75,80,0,7.75,60,0,1,3,1,5.49799249996431
34,3,1,1,1,0,21,5.5,70,0,6,95,0,1,3,1,1.67833150015213
34,3,1,1,1,0,19,17.5,25,0,15,75,0,1,3,0,2.177393599879
34,3,1,1,1,0,29,6,25,0,7,20,0,1,3,0,1.17711100005545
34,3,1,1,1,0,16,14,45,0,16,65,0,3,3,1,1.55302360001951
34,3,1,1,1,0,36,8.25,20,0,14,15,0,3,3,0,1.4257541000843
34,3,1,1,1,0,38,8,45,0,15.5,40,0,3,3,1,3.32199919992127
34,3,1,1,1,0,13,16.5,25,0,19.5,5,0,3,3,0,2.3220282997936
34,3,1,1,1,0,2,5,40,0,7.5,75,0,3,3,1,1.81731720012613
34,3,1,1,1,0,5,20,85,0,16,100,0,3,3,0,1.21424529980868
34,3,1,1,1,0,22,20,90,0,19.5,65,0,3,3,1,1.82613330008462
34,3,1,1,1,0,34,12,15,0,4,35,0,2,3,0,2.16417490015738
34,3,1,1,1,0,37,10,10,0,14.5,5,0,2,3,0,2.29850589996204
34,3,1,1,1,0,35,12,75,0,13,70,0,2,3,0,2.53302630013786
34,3,1,1,1,0,42,20,30,0,11,50,0,2,3,0,1.77853469992988
34,3,1,1,1,0,10,18.5,10,0,19.5,10,0,2,3,1,2.25039619999006
34,3,1,1,1,0,27,1.5,95,0,5.25,50,0,2,3,0,1.76151310000569
34,3,1,1,1,0,9,2,30,0,1,40,0,2,3,1,2.19244589982554
34,3,1,1,1,0,14,12,90,0,16.75,45,0,6,3,0,2.61939970008098
34,3,1,1,1,0,6,7,45,0,19,20,0,6,3,0,1.27341629983857
34,3,1,1,1,0,28,6,25,0,3.5,40,0,6,3,0,1.18605090002529
34,3,1,1,1,0,30,6.5,90,0,8,75,0,6,3,0,0.826556900050491
34,3,1,1,1,0,40,9.5,20,0,18,15,0,6,3,0,1.25100619997829
34,3,1,1,1,0,31,5,70,0,8.5,50,0,6,3,0,0.879255299922079
34,3,1,1,1,0,3,13.5,55,0,15,85,0,6,3,1,1.00024119997397
34,3,1,1,1,0,1,5,50,0,3,30,0,5,3,1,2.25710100005381
34,3,1,1,1,0,8,2.5,90,0,16,15,0,5,3,0,1.6971179000102
34,3,1,1,1,0,17,2,80,0,3.25,85,0,5,3,1,1.24256779998541
34,3,1,1,1,0,33,6,85,0,11,65,0,5,3,0,1.9684693000745
34,3,1,1,1,0,26,4,45,0,2.5,65,0,5,3,0,0.714630599832162
34,3,1,1,1,0,41,17,80,0,19,65,0,5,3,0,2.16355039994232
34,3,1,1,1,0,4,2,55,0,8.5,20,0,5,3,0,1.97932419995777
34,3,1,1,1,0,25,8.5,50,0,9,60,0,4,3,1,1.28213619999588
34,3,1,1,1,0,39,14,55,0,17,35,0,4,3,0,1.84964819997549
34,3,1,1,1,0,18,15,35,0,18.75,80,0,4,3,1,1.08651220006868
34,3,1,1,1,0,15,10,50,0,17.25,25,0,4,3,0,1.07359299995005
34,3,1,1,1,0,32,7,40,0,9.5,30,0,4,3,1,2.17358760000207
34,3,1,1,1,0,11,14,90,0,18.25,70,0,4,3,0,1.28015469992533
34,3,1,1,1,0,24,19,70,0,10,90,0,4,3,0,0.938421499915421
34,3,2,0,1,0,52,18.5,10,0,0,0,0,5,4,1.04045316803069,5.36224819999188
34,3,2,0,1,0,49,16,50,0,0,0,0,5,4,2.0035687466344,1.36586060002446
34,3,2,0,1,0,39,17,35,0,0,0,0,5,4,2.0035687466344,1.54808600014076
34,3,2,0,1,0,78,8.25,20,0,0,0,0,5,4,1.93553860388253,2.46971340011805
34,3,2,0,1,0,26,4,45,0,0,0,0,5,4,2.15711277202895,1.40629020007327
34,3,2,0,1,0,7,16.75,65,0,0,0,0,5,4,3.05965081167515,1.46664709993638
34,3,2,0,1,0,48,7,45,0,0,0,0,5,4,2.32127601111385,1.81726070004515
34,3,2,0,1,0,28,6,25,0,0,0,0,5,4,1.23302239965739,1.83300929982215
34,3,2,0,1,0,54,9.25,40,0,0,0,0,5,4,2.01093983606998,1.19673540000804
34,3,2,0,1,0,58,14,45,0,0,0,0,5,4,2.17073943756982,1.23471719981171
34,3,2,0,1,0,22,20,90,0,0,0,0,5,4,5.18850645625854,1.01993499998935
34,3,2,0,1,0,36,14,15,0,0,0,0,5,4,0.826191993608496,1.81113889999688
34,3,2,0,1,0,5,20,85,0,0,0,0,5,4,5.19836272247002,1.29987760004587
34,3,2,0,1,0,51,1,40,0,0,0,0,5,4,0.418085447055663,1.28695039986633
34,3,2,0,1,0,46,2,55,0,0,0,0,3,4,0.949238230316741,1.2944104000926
34,3,2,0,1,0,25,9,60,0,0,0,0,3,4,2.17326796398782,1.02887040004134
34,3,2,0,1,0,50,2.5,90,0,0,0,0,3,4,1.50867040342435,1.09145530010574
34,3,2,0,1,0,66,10,90,0,0,0,0,3,4,2.99780341313587,1.1378190999385
34,3,2,0,1,0,83,17,80,0,0,0,0,3,4,4.02529804985511,1.30693419999443
34,3,2,0,1,0,30,8,75,0,0,0,0,3,4,3.04903559311753,4.15516059985384
34,3,2,0,1,0,57,10,50,0,0,0,0,3,4,3.10132760631701,0.874439799925312
34,3,2,0,1,0,21,6,95,0,0,0,0,3,4,3.02012345394191,0.980980899883434
34,3,2,0,1,0,17,3.25,85,0,0,0,0,3,4,3.02643969386098,1.01895269984379
34,3,2,0,1,0,3,15,85,0,0,0,0,3,4,3.63385928633354,0.842173499986529
34,3,2,0,1,0,47,16,100,0,0,0,0,3,4,15.015680258251,1.46289870003238
34,3,2,0,1,0,6,19,20,0,0,0,0,3,4,1.94575931870107,1.45182379987091
34,3,2,0,1,0,64,19.5,65,0,0,0,0,3,4,2.9872941907249,2.52814609999768
34,3,2,0,1,0,32,9.5,30,0,0,0,0,3,4,1.97798578349899,1.48941670008935
34,3,2,0,1,0,60,15,35,0,0,0,0,6,4,1.99571564046523,3.92479850002564
34,3,2,0,1,0,42,20,30,0,0,0,0,6,4,2.0241216886472,1.7552990000695
34,3,2,0,1,0,8,16,15,0,0,0,0,6,4,1.50175173354834,1.1531945001334
34,3,2,0,1,0,31,8.5,50,0,0,0,0,6,4,2.01334889061476,2.09157540020533
34,3,2,0,1,0,67,8.5,50,0,0,0,0,6,4,2.007919548593,1.65585800004192
34,3,2,0,1,0,12,12,35,0,0,0,0,6,4,2.0515477770777,1.26125860004686
34,3,2,0,1,0,70,3.5,40,0,0,0,0,6,4,1.95114133908897,2.93117690016516
34,3,2,0,1,0,68,2.5,65,0,0,0,0,6,4,2.51502393976938,1.2060132001061
34,3,2,0,1,0,56,12,90,0,0,0,0,6,4,4.04529638048279,0.905181099893525
34,3,2,0,1,0,79,10,10,0,0,0,0,6,4,0.240623916989207,1.23865800001658
34,3,2,0,1,0,53,14,90,0,0,0,0,6,4,4.57621390730107,0.933128899894655
34,3,2,0,1,0,4,8.5,20,0,0,0,0,6,4,1.95331682518392,1.00268619996496
34,3,2,0,1,0,19,17.5,25,0,0,0,0,6,4,2.06576924095109,1.12841000012122
34,3,2,0,1,0,27,5.25,50,0,0,0,0,6,4,2.50702495521869,1.14902680017985
34,3,2,0,1,0,65,1.75,80,0,0,0,0,4,4,1.00414820395056,1.18264160002582
34,3,2,0,1,0,23,7.75,60,0,0,0,0,4,4,2.0145649820894,2.83558519999497
34,3,2,0,1,0,74,7,40,0,0,0,0,4,4,2.1375494390916,1.12098399992101
34,3,2,0,1,0,61,15,75,0,0,0,0,4,4,3.48882860926014,1.2433241000399
34,3,2,0,1,0,37,14.5,5,0,0,0,0,4,4,0.503808478291244,1.68035409995355
34,3,2,0,1,0,84,11,50,0,0,0,0,4,4,3.02771546670903,2.20295569999143
34,3,2,0,1,0,44,5,40,0,0,0,0,4,4,2.00696486520652,1.07253140001558
34,3,2,0,1,0,14,16.75,45,0,0,0,0,4,4,2.58721913292611,1.26566119980998
34,3,2,0,1,0,20,15.75,35,0,0,0,0,4,4,2.50254794834131,1.13424300006591
34,3,2,0,1,0,40,18,15,0,0,0,0,4,4,1.9984628882659,0.996150899911299
34,3,2,0,1,0,1,5,50,0,0,0,0,4,4,2.00905266856835,1.04784800019115
34,3,2,0,1,0,15,17.25,25,0,0,0,0,4,4,2.01087985700713,0.965619700029492
34,3,2,0,1,0,69,1.5,95,0,0,0,0,4,4,0.988222312787329,0.875814500031993
34,3,2,0,1,0,10,19.5,10,0,0,0,0,4,4,0.974529253636906,1.12388110021129
34,3,2,0,1,0,81,14,55,0,0,0,0,1,4,1.91571771099333,2.53068280010484
34,3,2,0,1,0,16,16,65,0,0,0,0,1,4,2.98568555237751,1.42381890001707
34,3,2,0,1,0,2,7.5,75,0,0,0,0,1,4,3.0143073399304,1.05971920001321
34,3,2,0,1,0,62,10,95,0,0,0,0,1,4,6.00539925318158,1.02554619987495
34,3,2,0,1,0,11,18.25,70,0,0,0,0,1,4,3.95702584691811,3.75345729989931
34,3,2,0,1,0,41,19,65,0,0,0,0,1,4,3.04316208786055,0.934354800032452
34,3,2,0,1,0,76,4,35,0,0,0,0,1,4,1.96575188331866,0.976546999998391
34,3,2,0,1,0,63,5.5,70,0,0,0,0,1,4,2.10950460002086,5.77388899982907
34,3,2,0,1,0,82,9.5,20,0,0,0,0,1,4,1.99502340936607,1.11143459985033
34,3,2,0,1,0,55,16.5,25,0,0,0,0,1,4,2.01374996679144,2.3169274001848
34,3,2,0,1,0,43,3,30,0,0,0,0,1,4,1.22498679960404,1.26796850003302
34,3,2,0,1,0,73,5,70,0,0,0,0,1,4,2.5027607954082,1.11822830000892
34,3,2,0,1,0,9,2,30,0,0,0,0,1,4,0.771649059503734,1.10176599980332
34,3,2,0,1,0,80,8,45,0,0,0,0,1,4,2.02743210586847,0.989650000119582
34,3,2,0,1,0,59,2,80,0,0,0,0,2,4,1.02980881796046,1.08822220005095
34,3,2,0,1,0,77,12,75,0,0,0,0,2,4,3.01086606125051,1.0921595999971
34,3,2,0,1,0,45,13.5,55,0,0,0,0,2,4,2.95167235300866,1.40160910016857
34,3,2,0,1,0,29,7,20,0,0,0,0,2,4,2.03318808522569,1.15353470016271
34,3,2,0,1,0,34,12,15,0,0,0,0,2,4,1.50378681077384,1.0659717998933
34,3,2,0,1,0,35,13,70,0,0,0,0,2,4,3.04885866091103,1.14772469992749
34,3,2,0,1,0,18,18.75,80,0,0,0,0,2,4,4.12740963311353,0.999014800181612
34,3,2,0,1,0,13,19.5,5,0,0,0,0,2,4,0.516554194015551,1.07178200013004
34,3,2,0,1,0,24,19,70,0,0,0,0,2,4,3.52646889514273,1.16681870003231
34,3,2,0,1,0,38,15.5,40,0,0,0,0,2,4,2.25605263444005,5.82424880005419
34,3,2,0,1,0,72,6.5,90,0,0,0,0,2,4,3.49155934070458,0.960215699858963
34,3,2,0,1,0,33,11,65,0,0,0,0,2,4,3.22711671629776,1.05197750008665
34,3,2,0,1,0,75,6,85,0,0,0,0,2,4,4.25131344396197,0.918515099911019
34,3,2,0,1,0,71,6,25,0,0,0,0,2,4,1.985711328012,1.00155629985966
35,1,1,0,1,1,61,15,75,225,0,0,0,4,2,8.02350228326039,16.5039660999901
35,1,1,0,1,1,81,14,55,5,0,0,0,4,2,7.02212945033838,7.82190680003259
35,1,1,0,1,1,14,16.75,45,145,0,0,0,4,2,5,9.97727490001125
35,1,1,0,1,1,54,9.25,40,4,0,0,0,4,2,2.96485286776519,3.75439930002904
35,1,1,0,1,1,31,8.5,50,22,0,0,0,4,2,4.24542567886392,4.24131599999964
35,1,1,0,1,1,65,1.75,80,10,0,0,0,4,2,0.498862597500583,7.73440680000931
35,1,1,0,1,1,3,15,85,14,0,0,0,4,2,8.98939315666391,9.04099469998619
35,1,1,0,1,1,23,7.75,60,120,0,0,0,4,2,3.49078183001814,3.59065450000344
35,1,1,0,1,1,39,17,35,15,0,0,0,4,2,4.97926327293716,12.238307600026
35,1,1,0,1,1,60,15,35,31,0,0,0,4,2,3.99881005035359,9.7278776000021
35,1,1,0,1,1,62,10,95,135,0,0,0,4,2,6.98907829308647,4.80532049998874
35,1,1,0,1,1,79,10,10,140,0,0,0,4,2,1.00306810563501,3.91422609996516
35,1,1,0,1,1,41,19,65,245,0,0,0,4,2,8.00230626357663,12.6087161999894
35,1,1,0,1,1,8,16,15,20,0,0,0,4,2,2.00252845350219,3.92013670003507
35,1,1,0,1,1,11,18.25,70,55,0,0,0,6,2,8.00230626357663,8.28646039997693
35,1,1,0,1,1,76,4,35,70,0,0,0,6,2,0.498862597500583,4.51611289998982
35,1,1,0,1,1,20,15.75,35,30,0,0,0,6,2,5,15.3869794000057
35,1,1,0,1,1,25,9,60,160,0,0,0,6,2,2.99733077512318,6.46318530000281
35,1,1,0,1,1,44,5,40,65,0,0,0,6,2,1.24523998728483,7.744589000009
35,1,1,0,1,1,16,16,65,95,0,0,0,6,2,6.00760431843443,8.73987290001241
35,1,1,0,1,1,10,19.5,10,125,0,0,0,6,2,1.01060684333609,5.66060280002421
35,1,1,0,1,1,50,2.5,90,10,0,0,0,6,2,0.545181484061033,3.08984390000114
35,1,1,0,1,1,27,5.25,50,120,0,0,0,6,2,2.52006217855832,4.97162530000787
35,1,1,0,1,1,21,6,95,55,0,0,0,6,2,3.00342891776033,6.81430179998279
35,1,1,0,1,1,36,14,15,40,0,0,0,6,2,2.02100507773903,3.78206739999587
35,1,1,0,1,1,12,12,35,1,0,0,0,6,2,3.99561302184943,15.2728321999894
35,1,1,0,1,1,75,6,85,45,0,0,0,6,2,3.01696439925755,8.60668209998403
35,1,1,0,1,1,35,13,70,30,0,0,0,6,2,5.99589535350366,15.5632348000072
35,1,1,0,1,1,4,8.5,20,90,0,0,0,5,2,2.00252845350219,8.59806079999544
35,1,1,0,1,1,5,20,85,15,0,0,0,5,2,10,6.80657920002704
35,1,1,0,1,1,22,20,90,165,0,0,0,5,2,11.9980572094899,7.16106850001961
35,1,1,0,1,1,32,9.5,30,170,0,0,0,5,2,1.49553135409547,4.32790769997519
35,1,1,0,1,1,6,19,20,175,0,0,0,5,2,4.01262752307277,8.10092899994925
35,1,1,0,1,1,56,12,90,210,0,0,0,5,2,6.00760431843443,5.25426620000508
35,1,1,0,1,1,70,3.5,40,3,0,0,0,5,2,0.514655805526182,3.50840410002274
35,1,1,0,1,1,42,20,30,170,0,0,0,5,2,3.00396027555258,8.56086610001512
35,1,1,0,1,1,45,13.5,55,65,0,0,0,5,2,6.99709174942781,3.86664009996457
35,1,1,0,1,1,69,1.5,95,20,0,0,0,5,2,1.0466111398018,4.58276969997678
35,1,1,0,1,1,72,6.5,90,60,0,0,0,5,2,3.01001672711843,5.58364379999693
35,1,1,0,1,1,58,14,45,20,0,0,0,5,2,6.98269906758615,5.28377530002035
35,1,1,0,1,1,52,18.5,10,85,0,0,0,5,2,1.49613423275686,6.679610399995
35,1,1,0,1,1,80,8,45,125,0,0,0,5,2,2.04832764699134,2.93902240000898
35,1,1,0,1,1,53,14,90,60,0,0,0,1,2,9.00380000000551,11.4042412000126
35,1,1,0,1,1,49,16,50,20,0,0,0,1,2,5,5.82822010002565
35,1,1,0,1,1,15,17.25,25,55,0,0,0,1,2,3.0036932398579,3.68257369997445
35,1,1,0,1,1,73,5,70,14,0,0,0,1,2,0.998478980309287,4.1884590999689
35,1,1,0,1,1,28,6,25,7,0,0,0,1,2,0.495443947238414,3.46730950003257
35,1,1,0,1,1,26,4,45,50,0,0,0,1,2,0.500012634268963,4.90092839999124
35,1,1,0,1,1,34,12,15,85,0,0,0,1,2,0.98942455448023,9.30222309997771
35,1,1,0,1,1,59,2,80,110,0,0,0,1,2,0.990832753075264,2.93519630003721
35,1,1,0,1,1,84,11,50,110,0,0,0,1,2,5.01025151726407,3.43882430001395
35,1,1,0,1,1,38,15.5,40,215,0,0,0,1,2,2.99756587730808,6.01215229998343
35,1,1,0,1,1,48,7,45,70,0,0,0,1,2,2.50326644477076,4.86037440004293
35,1,1,0,1,1,68,2.5,65,25,0,0,0,1,2,0.50116797470616,5.85575560003053
35,1,1,0,1,1,17,3.25,85,205,0,0,0,1,2,1.50685440090405,3.40267580002546
35,1,1,0,1,1,19,17.5,25,40,0,0,0,1,2,3.01001672711843,4.92491150001297
35,1,1,0,1,1,71,6,25,45,0,0,0,2,2,1.50346330994384,7.73789530002978
35,1,1,0,1,1,37,14.5,5,175,0,0,0,2,2,0.496578289852842,4.33698979998007
35,1,1,0,1,1,40,18,15,110,0,0,0,2,2,1.49952592008842,20.5671788000036
35,1,1,0,1,1,7,16.75,65,75,0,0,0,2,2,6.50921816998185,5.67638440005248
35,1,1,0,1,1,24,19,70,150,0,0,0,2,2,8.0071901117713,9.45114750001812
35,1,1,0,1,1,1,5,50,0,0,0,0,2,2,2.49864969516958,2.63310880004428
35,1,1,0,1,1,83,17,80,200,0,0,0,2,2,5.99909159954309,22.4877986999927
35,1,1,0,1,1,33,11,65,190,0,0,0,2,2,3.9879173398629,3.2725735999993
35,1,1,0,1,1,46,2,55,70,0,0,0,2,2,0.250392473068274,2.08150530001149
35,1,1,0,1,1,55,16.5,25,155,0,0,0,2,2,2.00219658686413,3.23712569999043
35,1,1,0,1,1,29,7,20,55,0,0,0,2,2,0.996199999994484,5.35283089999575
35,1,1,0,1,1,2,7.5,75,25,0,0,0,2,2,2.51666602105884,3.11345790000632
35,1,1,0,1,1,64,19.5,65,45,0,0,0,2,2,7.98820680256584,11.3580381000065
35,1,1,0,1,1,57,10,50,95,0,0,0,2,2,4.00097252477044,2.77497930004029
35,1,1,0,1,1,51,1,40,3,0,0,0,3,2,0.249814793594549,3.42103010002756
35,1,1,0,1,1,63,5.5,70,40,0,0,0,3,2,1.50063801680585,8.4022205999936
35,1,1,0,1,1,18,18.75,80,250,0,0,0,3,2,6.00019501361792,7.8698427999625
35,1,1,0,1,1,43,3,30,0,0,0,0,3,2,1.49398961595866,4.52902439999161
35,1,1,0,1,1,30,8,75,90,0,0,0,3,2,2.50096987276623,3.28679689997807
35,1,1,0,1,1,67,8.5,50,105,0,0,0,3,2,2.99733077512318,13.0036253000144
35,1,1,0,1,1,77,12,75,25,0,0,0,3,2,5.9905474396831,3.90086269995663
35,1,1,0,1,1,9,2,30,19,0,0,0,3,2,0.0585380993158324,2.47486610000487
35,1,1,0,1,1,66,10,90,80,0,0,0,3,2,5,5.91034549998585
35,1,1,0,1,1,82,9.5,20,25,0,0,0,3,2,1.50346330994384,9.91732479998609
35,1,1,0,1,1,78,8.25,20,5,0,0,0,3,2,1.00146715062697,5.07398009998724
35,1,1,0,1,1,13,19.5,5,7,0,0,0,3,2,0.504861961274127,3.73784329998307
35,1,1,0,1,1,47,16,100,5,0,0,0,3,2,11.0007683254315,9.38443129998632
35,1,1,0,1,1,74,7,40,120,0,0,0,3,2,2.48902419572084,9.87770459998865
35,1,2,1,1,1,13,19.5,5,7,16.5,25,155,2,1,0,11.6795552000403
35,1,2,1,1,1,27,1.5,95,20,5.25,50,120,2,1,0,7.52891619998263
35,1,2,1,1,1,38,8,45,125,15.5,40,215,2,1,1,10.4690473999945
35,1,2,1,1,1,29,6,25,45,7,20,55,2,1,0,4.02809949999209
35,1,2,1,1,1,6,7,45,70,19,20,175,2,1,0,6.81402660004096
35,1,2,1,1,1,25,8.5,50,105,9,60,160,2,1,1,2.922737600049
35,1,2,1,1,1,20,10,95,135,15.75,35,30,2,1,0,5.27507169998717
35,1,2,1,1,1,37,14.5,5,175,10,10,140,3,1,0,3.84016710001742
35,1,2,1,1,1,18,18.75,80,250,15,35,31,3,1,1,4.38546399999177
35,1,2,1,1,1,2,7.5,75,25,5,40,65,3,1,1,2.47341549996054
35,1,2,1,1,1,1,5,50,0,3,30,0,3,1,1,4.53768760000821
35,1,2,1,1,1,32,7,40,120,9.5,30,170,3,1,0,4.07402579998598
35,1,2,1,1,1,40,9.5,20,25,18,15,110,3,1,0,2.61835270002484
35,1,2,1,1,1,22,19.5,65,45,20,90,165,3,1,1,2.21865130000515
35,1,2,1,1,1,3,15,85,14,13.5,55,65,1,1,1,1.76090950000798
35,1,2,1,1,1,14,16.75,45,145,12,90,210,1,1,0,2.25985199998831
35,1,2,1,1,1,36,14,15,40,8.25,20,5,1,1,0,3.11167810001643
35,1,2,1,1,1,8,16,15,20,2.5,90,10,1,1,0,10.0568674000097
35,1,2,1,1,1,19,15,75,225,17.5,25,40,1,1,0,2.02675439999439
35,1,2,1,1,1,23,1.75,80,10,7.75,60,120,1,1,0,6.53735540003981
35,1,2,1,1,1,33,11,65,190,6,85,45,1,1,0,2.81817480002064
35,1,2,1,1,1,17,3.25,85,205,2,80,110,6,1,1,2.53027210000437
35,1,2,1,1,1,5,20,85,15,16,100,5,6,1,0,2.61836060002679
35,1,2,1,1,1,39,14,55,5,17,35,15,6,1,0,1.94555970001966
35,1,2,1,1,1,42,11,50,110,20,30,170,6,1,0,1.505313200003
35,1,2,1,1,1,31,8.5,50,22,5,70,14,6,1,0,1.51467229996342
35,1,2,1,1,1,21,5.5,70,40,6,95,55,6,1,1,1.60905750002712
35,1,2,1,1,1,7,16,50,20,16.75,65,75,6,1,1,2.35321359999944
35,1,2,1,1,1,41,17,80,200,19,65,245,5,1,0,5.06515760003822
35,1,2,1,1,1,11,14,90,60,18.25,70,55,5,1,0,2.09554410004057
35,1,2,1,1,1,16,14,45,20,16,65,95,5,1,1,3.35008159995778
35,1,2,1,1,1,9,2,30,19,1,40,3,5,1,0,4.05739289999474
35,1,2,1,1,1,30,6.5,90,60,8,75,90,5,1,0,2.88092300004791
35,1,2,1,1,1,15,10,50,95,17.25,25,55,5,1,0,1.95179109997116
35,1,2,1,1,1,10,19.5,10,125,18.5,10,85,5,1,1,6.58271699998295
35,1,2,1,1,1,4,2,55,70,8.5,20,90,4,1,0,5.33676500001457
35,1,2,1,1,1,34,12,15,85,4,35,70,4,1,0,5.00839129998349
35,1,2,1,1,1,12,9.25,40,4,12,35,1,4,1,0,3.76114409998991
35,1,2,1,1,1,28,3.5,40,3,6,25,7,4,1,0,2.19285439996747
35,1,2,1,1,1,24,10,90,80,19,70,150,4,1,0,2.22501100000227
35,1,2,1,1,1,26,2.5,65,25,4,45,50,4,1,0,3.62571380002191
35,1,2,1,1,1,35,13,70,30,12,75,25,4,1,1,3.66409050003858
35,2,1,0,1,0,21,6,95,0,0,0,0,4,4,4.00304148723374,11.4366772999056
35,2,1,0,1,0,4,8.5,20,0,0,0,0,4,4,2.24793143526275,7.81650050007738
35,2,1,0,1,0,43,3,30,0,0,0,0,4,4,0.302923443767362,3.8065796000883
35,2,1,0,1,0,20,15.75,35,0,0,0,0,4,4,2.96485286776519,6.36164479982108
35,2,1,0,1,0,54,9.25,40,0,0,0,0,4,4,5,3.64271739986725
35,2,1,0,1,0,81,14,55,0,0,0,0,4,4,7.02239623145223,3.05795839987695
35,2,1,0,1,0,10,19.5,10,0,0,0,0,4,4,2.01152922605629,3.11956420005299
35,2,1,0,1,0,2,7.5,75,0,0,0,0,4,4,3.49968206726032,8.12234609993175
35,2,1,0,1,0,9,2,30,0,0,0,0,4,4,0.507635778430647,4.78320029983297
35,2,1,0,1,0,64,19.5,65,0,0,0,0,4,4,5,13.3033631001599
35,2,1,0,1,0,65,1.75,80,0,0,0,0,4,4,0.743869787831169,4.47441219980828
35,2,1,0,1,0,56,12,90,0,0,0,0,4,4,5.9905474396831,16.5475109999534
35,2,1,0,1,0,7,16.75,65,0,0,0,0,4,4,6.99027882066258,5.14379690005444
35,2,1,0,1,0,83,17,80,0,0,0,0,4,4,8.50047407991158,17.8759361000266
35,2,1,0,1,0,19,17.5,25,0,0,0,0,3,4,2.00731477164366,3.90906159998849
35,2,1,0,1,0,82,9.5,20,0,0,0,0,3,4,1.25381837962066,3.77982329996303
35,2,1,0,1,0,6,19,20,0,0,0,0,3,4,1.49613423275686,3.76514909998514
35,2,1,0,1,0,46,2,55,0,0,0,0,3,4,1.00146715062697,2.95069939992391
35,2,1,0,1,0,72,6.5,90,0,0,0,0,3,4,2.99733077512318,3.52205000002868
35,2,1,0,1,0,57,10,50,0,0,0,0,3,4,3.49564327442143,2.81540969992056
35,2,1,0,1,0,69,1.5,95,0,0,0,0,3,4,0.752283060531639,3.29917580005713
35,2,1,0,1,0,50,2.5,90,0,0,0,0,3,4,1.25092385206709,3.68805730016902
35,2,1,0,1,0,27,5.25,50,0,0,0,0,3,4,1.49553135409547,5.81588899996132
35,2,1,0,1,0,23,7.75,60,0,0,0,0,3,4,2.00185987571388,7.03003200003877
35,2,1,0,1,0,45,13.5,55,0,0,0,0,3,4,3.99239568156557,7.29099549981765
35,2,1,0,1,0,78,8.25,20,0,0,0,0,3,4,1.00373666938081,2.57369489991106
35,2,1,0,1,0,48,7,45,0,0,0,0,3,4,3.02290862175008,6.87036180007271
35,2,1,0,1,0,75,6,85,0,0,0,0,3,4,3.54999682737035,2.90790099999867
35,2,1,0,1,0,35,13,70,0,0,0,0,1,4,4.98968202244829,17.5129347001202
35,2,1,0,1,0,26,4,45,0,0,0,0,1,4,1.45037797453223,3.29913769988343
35,2,1,0,1,0,55,16.5,25,0,0,0,0,1,4,1.98874654256517,2.0181410999503
35,2,1,0,1,0,84,11,50,0,0,0,0,1,4,4.00090840045691,2.03737989999354
35,2,1,0,1,0,73,5,70,0,0,0,0,1,4,1.49672586849045,12.0243433001451
35,2,1,0,1,0,58,14,45,0,0,0,0,1,4,4.98964846810879,1.99904150003567
35,2,1,0,1,0,32,9.5,30,0,0,0,0,1,4,1.9788809721005,1.68850019993261
35,2,1,0,1,0,77,12,75,0,0,0,0,1,4,5.50128616623739,2.36644849996082
35,2,1,0,1,0,31,8.5,50,0,0,0,0,1,4,4.24615006829063,3.50992910005152
35,2,1,0,1,0,63,5.5,70,0,0,0,0,1,4,3.00396027555258,6.0124968001619
35,2,1,0,1,0,36,14,15,0,0,0,0,1,4,1.49787664610365,3.44364960002713
35,2,1,0,1,0,8,16,15,0,0,0,0,1,4,1.51751583397913,9.89614610001445
35,2,1,0,1,0,24,19,70,0,0,0,0,1,4,8.25255207366046,4.96059500006959
35,2,1,0,1,0,30,8,75,0,0,0,0,1,4,4.97946394954205,4.5175520000048
35,2,1,0,1,0,33,11,65,0,0,0,0,6,4,5.4994599569688,7.43738380004652
35,2,1,0,1,0,74,7,40,0,0,0,0,6,4,2.49363926281048,7.80920729995705
35,2,1,0,1,0,59,2,80,0,0,0,0,6,4,0.98942455448023,2.52677000011317
35,2,1,0,1,0,29,7,20,0,0,0,0,6,4,1.02969910463968,2.4408160999883
35,2,1,0,1,0,71,6,25,0,0,0,0,6,4,1.24537159099183,2.25862410012633
35,2,1,0,1,0,66,10,90,0,0,0,0,6,4,7.98873858757039,3.14191559981555
35,2,1,0,1,0,67,8.5,50,0,0,0,0,6,4,3.99239568156557,2.78268380020745
35,2,1,0,1,0,12,12,35,0,0,0,0,6,4,2.99756587730808,7.82450069999322
35,2,1,0,1,0,28,6,25,0,0,0,0,6,4,1.00373666938081,2.8043605000712
35,2,1,0,1,0,47,16,100,0,0,0,0,6,4,0.0144357977602674,12.1721512000076
35,2,1,0,1,0,70,3.5,40,0,0,0,0,6,4,0.98942455448023,6.28993940004148
35,2,1,0,1,0,68,2.5,65,0,0,0,0,6,4,0.984029924482826,4.69349680002779
35,2,1,0,1,0,3,15,85,0,0,0,0,6,4,5.03105437672719,2.38990870001726
35,2,1,0,1,0,44,5,40,0,0,0,0,6,4,1.98874654256517,2.24025209993124
35,2,1,0,1,0,5,20,85,0,0,0,0,2,4,9.98543206725031,11.4856046000496
35,2,1,0,1,0,40,18,15,0,0,0,0,2,4,1.99081665391145,3.09203909989446
35,2,1,0,1,0,1,5,50,0,0,0,0,2,4,2.4945063952987,1.88523039990105
35,2,1,0,1,0,34,12,15,0,0,0,0,2,4,1.50782604279572,2.03111069998704
35,2,1,0,1,0,42,20,30,0,0,0,0,2,4,4.00304148723374,3.36454849992879
35,2,1,0,1,0,53,14,90,0,0,0,0,2,4,7.50228506698854,3.06357609992847
35,2,1,0,1,0,52,18.5,10,0,0,0,0,2,4,1.50008716470688,1.82203879998997
35,2,1,0,1,0,18,18.75,80,0,0,0,0,2,4,9.01504184573213,3.25318460003473
35,2,1,0,1,0,39,17,35,0,0,0,0,2,4,3.99769174250672,2.84708920004778
35,2,1,0,1,0,17,3.25,85,0,0,0,0,2,4,1.50293273267278,8.73123140004463
35,2,1,0,1,0,25,9,60,0,0,0,0,2,4,4.00304148723374,11.444712099852
35,2,1,0,1,0,13,19.5,5,0,0,0,0,2,4,0.999207787572097,2.59453010000288
35,2,1,0,1,0,79,10,10,0,0,0,0,2,4,1.00373666938081,2.02097160019912
35,2,1,0,1,0,76,4,35,0,0,0,0,2,4,2.00317806551255,2.20197970001027
35,2,1,0,1,0,14,16.75,45,0,0,0,0,5,4,5,6.11506840004586
35,2,1,0,1,0,61,15,75,0,0,0,0,5,4,5.99909159954309,2.84260329999961
35,2,1,0,1,0,80,8,45,0,0,0,0,5,4,3.50246413852874,3.05293029989116
35,2,1,0,1,0,41,19,65,0,0,0,0,5,4,6.00643201429085,13.5111580998637
35,2,1,0,1,0,49,16,50,0,0,0,0,5,4,7.9935852657292,1.712632099865
35,2,1,0,1,0,60,15,35,0,0,0,0,5,4,2.99686772360027,2.43102940008976
35,2,1,0,1,0,62,10,95,0,0,0,0,5,4,7.49771493301145,3.26081249979325
35,2,1,0,1,0,15,17.25,25,0,0,0,0,5,4,2.49907629824632,5.56525019998662
35,2,1,0,1,0,51,1,40,0,0,0,0,5,4,0.396487763193058,2.61995560000651
35,2,1,0,1,0,11,18.25,70,0,0,0,0,5,4,6.54727841389306,9.25054090004414
35,2,1,0,1,0,22,20,90,0,0,0,0,5,4,10,1.83588830009103
35,2,1,0,1,0,16,16,65,0,0,0,0,5,4,7.49644410805106,2.9758637000341
35,2,1,0,1,0,38,15.5,40,0,0,0,0,5,4,3.51010873222601,3.22634890000336
35,2,1,0,1,0,37,14.5,5,0,0,0,0,5,4,1.00306810563501,2.63513519987464
35,2,2,1,1,0,1,5,50,0,3,30,0,1,3,1,4.35995319997892
35,2,2,1,1,0,5,20,85,0,16,100,0,1,3,0,1.76693079993129
35,2,2,1,1,0,14,12,90,0,16.75,45,0,1,3,0,1.41537400009111
35,2,2,1,1,0,23,1.75,80,0,7.75,60,0,1,3,0,2.71592239988968
35,2,2,1,1,0,37,10,10,0,14.5,5,0,1,3,0,1.88591859978624
35,2,2,1,1,0,19,15,75,0,17.5,25,0,1,3,0,1.59171979990788
35,2,2,1,1,0,29,7,20,0,6,25,0,1,3,0,1.17806049995124
35,2,2,1,1,0,18,15,35,0,18.75,80,0,2,3,1,2.01673399982974
35,2,2,1,1,0,4,8.5,20,0,2,55,0,2,3,0,0.809131700079888
35,2,2,1,1,0,34,12,15,0,4,35,0,2,3,0,0.831650400068611
35,2,2,1,1,0,25,8.5,50,0,9,60,0,2,3,1,1.41611240012571
35,2,2,1,1,0,39,14,55,0,17,35,0,2,3,0,0.826161100063473
35,2,2,1,1,0,27,1.5,95,0,5.25,50,0,2,3,0,0.737528899917379
35,2,2,1,1,0,13,19.5,5,0,16.5,25,0,2,3,0,0.817283899988979
35,2,2,1,1,0,38,15.5,40,0,8,45,0,5,3,0,2.61671790014952
35,2,2,1,1,0,42,20,30,0,11,50,0,5,3,0,0.872865499928594
35,2,2,1,1,0,15,10,50,0,17.25,25,0,5,3,0,0.679887200007215
35,2,2,1,1,0,16,16,65,0,14,45,0,5,3,1,0.865428899880499
35,2,2,1,1,0,40,18,15,0,9.5,20,0,5,3,0,1.14556100009941
35,2,2,1,1,0,35,12,75,0,13,70,0,5,3,0,0.610541400033981
35,2,2,1,1,0,6,19,20,0,7,45,0,5,3,0,1.13766069989651
35,2,2,1,1,0,28,6,25,0,3.5,40,0,6,3,0,2.29798619984649
35,2,2,1,1,0,20,10,95,0,15.75,35,0,6,3,0,1.2192044002004
35,2,2,1,1,0,10,19.5,10,0,18.5,10,0,6,3,1,3.24815999995917
35,2,2,1,1,0,36,8.25,20,0,14,15,0,6,3,0,2.48122709989548
35,2,2,1,1,0,8,2.5,90,0,16,15,0,6,3,0,0.737136900192127
35,2,2,1,1,0,21,6,95,0,5.5,70,0,6,3,1,1.20025589992292
35,2,2,1,1,0,12,12,35,0,9.25,40,0,6,3,0,1.9130282998085
35,2,2,1,1,0,41,17,80,0,19,65,0,4,3,0,1.7728202000726
35,2,2,1,1,0,31,8.5,50,0,5,70,0,4,3,0,1.16908099991269
35,2,2,1,1,0,26,4,45,0,2.5,65,0,4,3,0,1.21705759991892
35,2,2,1,1,0,33,6,85,0,11,65,0,4,3,0,0.865007400047034
35,2,2,1,1,0,32,7,40,0,9.5,30,0,4,3,0,0.798311699880287
35,2,2,1,1,0,22,19.5,65,0,20,90,0,4,3,1,1.32794580003247
35,2,2,1,1,0,24,10,90,0,19,70,0,4,3,0,1.1361964000389
35,2,2,1,1,0,11,14,90,0,18.25,70,0,3,3,0,2.27210419997573
35,2,2,1,1,0,17,2,80,0,3.25,85,0,3,3,1,1.56341270008124
35,2,2,1,1,0,7,16.75,65,0,16,50,0,3,3,1,1.18282829993404
35,2,2,1,1,0,3,13.5,55,0,15,85,0,3,3,1,1.64864759985358
35,2,2,1,1,0,30,6.5,90,0,8,75,0,3,3,0,0.842717499937862
35,2,2,1,1,0,9,1,40,0,2,30,0,3,3,0,0.780248600058258
35,2,2,1,1,0,2,7.5,75,0,5,40,0,3,3,1,0.896982799982652
35,3,1,0,0,1,63,5.5,100,40,0,0,0,3,6,2.25071801939146,10.3083355999552
35,3,1,0,0,1,82,9.5,100,25,0,0,0,3,6,4.24615006829063,7.58323500002734
35,3,1,0,0,1,39,17,100,15,0,0,0,3,6,8.50724242791375,6.54047360015102
35,3,1,0,0,1,25,9,100,160,0,0,0,3,6,4.50332694756392,5.11661100015044
35,3,1,0,0,1,42,20,100,170,0,0,0,3,6,9.9855313937213,1.71263669990003
35,3,1,0,0,1,10,19.5,100,125,0,0,0,3,6,9.75133260955775,7.70339999999851
35,3,1,0,0,1,68,2.5,100,25,0,0,0,3,6,1.25381837962066,2.29582090000622
35,3,1,0,0,1,6,19,100,175,0,0,0,3,6,9.50792825938332,5.85363209992647
35,3,1,0,0,1,11,18.25,100,55,0,0,0,3,6,8.97499674475716,8.24280430004001
35,3,1,0,0,1,64,19.5,100,45,0,0,0,3,6,9.14372050774,3.01774149993435
35,3,1,0,0,1,45,13.5,100,65,0,0,0,3,6,6.74758025587938,7.56397550017573
35,3,1,0,0,1,38,15.5,100,215,0,0,0,3,6,7.76585075733208,3.11723500001244
35,3,1,0,0,1,62,10,100,135,0,0,0,3,6,5,2.64890719996765
35,3,1,0,0,1,58,14,100,20,0,0,0,3,6,6.99027882066258,1.66189950006083
35,3,1,0,0,1,66,10,100,80,0,0,0,6,6,5,2.47431429987773
35,3,1,0,0,1,59,2,100,110,0,0,0,6,6,0.994719259350461,1.76721330010332
35,3,1,0,0,1,52,18.5,100,85,0,0,0,6,6,9.24257743695257,1.5968362998683
35,3,1,0,0,1,84,11,100,110,0,0,0,6,6,5.49828955661607,4.22239450016059
35,3,1,0,0,1,46,2,100,70,0,0,0,6,6,0.99393131483766,1.29840149986558
35,3,1,0,0,1,75,6,100,45,0,0,0,6,6,3.00396027555258,2.15125670004636
35,3,1,0,0,1,71,6,100,45,0,0,0,6,6,2.99733077512318,1.66373040014878
35,3,1,0,0,1,31,8.5,100,22,0,0,0,6,6,4.2544625769159,2.01937540015206
35,3,1,0,0,1,48,7,100,70,0,0,0,6,6,3.50442186417776,2.28877429990098
35,3,1,0,0,1,41,19,100,245,0,0,0,6,6,8.00267503088794,2.17827629996464
35,3,1,0,0,1,37,14.5,100,175,0,0,0,6,6,7.24515761810623,2.27287459978834
35,3,1,0,0,1,36,14,100,40,0,0,0,6,6,7.00266922487682,1.89270720002241
35,3,1,0,0,1,4,8.5,100,90,0,0,0,6,6,4.2544625769159,2.03587940009311
35,3,1,0,0,1,40,18,100,110,0,0,0,6,6,8.98708232856768,2.19055569986813
35,3,1,0,0,1,79,10,100,140,0,0,0,4,6,5,1.59952199994586
35,3,1,0,0,1,65,1.75,100,10,0,0,0,4,6,0.746390457746514,5.94103340012953
35,3,1,0,0,1,29,7,100,55,0,0,0,4,6,3.50246413852874,1.38391200010665
35,3,1,0,0,1,22,20,100,165,0,0,0,4,6,10,2.54752680007368
35,3,1,0,0,1,55,16.5,100,155,0,0,0,4,6,8.24627855219579,3.12237740005367
35,3,1,0,0,1,83,17,100,200,0,0,0,4,6,8.50386576724314,3.09599629999138
35,3,1,0,0,1,78,8.25,100,5,0,0,0,4,6,4.01485459360784,3.4459838999901
35,3,1,0,0,1,12,12,100,1,0,0,0,4,6,5.99909159954309,1.95255829999223
35,3,1,0,0,1,72,6.5,100,60,0,0,0,4,6,3.24637113325585,2.28909879992716
35,3,1,0,0,1,70,3.5,100,3,0,0,0,4,6,1.74584003520273,3.54837239999324
35,3,1,0,0,1,49,16,100,20,0,0,0,4,6,7.99814012428612,1.62232240010053
35,3,1,0,0,1,56,12,100,210,0,0,0,4,6,6.00554552185455,1.43477949989028
35,3,1,0,0,1,54,9.25,100,4,0,0,0,4,6,4.58984600150541,6.10121149988845
35,3,1,0,0,1,18,18.75,100,250,0,0,0,4,6,9.49466195454162,4.59469850012101
35,3,1,0,0,1,13,19.5,100,7,0,0,0,1,6,9.75246952610695,6.68272499996237
35,3,1,0,0,1,74,7,100,120,0,0,0,1,6,3.49564327442143,2.22881939983927
35,3,1,0,0,1,57,10,100,95,0,0,0,1,6,5,1.95131789986044
35,3,1,0,0,1,30,8,100,90,0,0,0,1,6,3.99980498638207,1.24354989989661
35,3,1,0,0,1,27,5.25,100,120,0,0,0,1,6,2.50427222675868,3.70595229999162
35,3,1,0,0,1,73,5,100,14,0,0,0,1,6,2.49864969516958,1.81792179984041
35,3,1,0,0,1,21,6,100,55,0,0,0,1,6,3.00423006684671,1.305218399968
35,3,1,0,0,1,33,11,100,190,0,0,0,1,6,5.49667305243608,2.34392079990357
35,3,1,0,0,1,20,15.75,100,30,0,0,0,1,6,7.49771493301145,5.38629529997706
35,3,1,0,0,1,81,14,100,5,0,0,0,1,6,6.9963067601421,1.21677609998733
35,3,1,0,0,1,61,15,100,225,0,0,0,1,6,7.50135030483042,1.58187270001508
35,3,1,0,0,1,9,2,100,19,0,0,0,1,6,0.99393131483766,1.31447699991986
35,3,1,0,0,1,69,1.5,100,20,0,0,0,1,6,0.750585285954063,1.90075240004808
35,3,1,0,0,1,50,2.5,100,10,0,0,0,1,6,1.25099024477645,2.39711969997734
35,3,1,0,0,1,47,16,100,5,0,0,0,2,6,8.00230626357663,1.79017459996976
35,3,1,0,0,1,8,16,100,20,0,0,0,2,6,7.99780341313587,1.52037490019575
35,3,1,0,0,1,14,16.75,100,145,0,0,0,2,6,8.49706726732722,3.48236629995517
35,3,1,0,0,1,43,3,100,0,0,0,0,2,6,1.49895398605675,1.15095270005986
35,3,1,0,0,1,80,8,100,125,0,0,0,2,6,3.98915783697319,1.16859999997541
35,3,1,0,0,1,53,14,100,60,0,0,0,2,6,7.00219658686412,0.750770600046962
35,3,1,0,0,1,5,20,100,15,0,0,0,2,6,10,1.02645020000637
35,3,1,0,0,1,67,8.5,100,105,0,0,0,2,6,4.2544625769159,5.50574620021507
35,3,1,0,0,1,28,6,100,7,0,0,0,2,6,2.99756587730808,0.956730099860579
35,3,1,0,0,1,35,13,100,30,0,0,0,2,6,6.49952592008842,2.85691229999065
35,3,1,0,0,1,16,16,100,95,0,0,0,2,6,8.50446864590453,1.69969390006736
35,3,1,0,0,1,77,12,100,25,0,0,0,2,6,6.00019501361792,2.44391130004078
35,3,1,0,0,1,17,3.25,100,205,0,0,0,2,6,1.74760399502435,1.83494279999286
35,3,1,0,0,1,26,4,100,50,0,0,0,2,6,1.99732496911206,0.730402099899948
35,3,1,0,0,1,15,17.25,100,55,0,0,0,5,6,8.49706726732722,5.25945020001382
35,3,1,0,0,1,2,7.5,100,25,0,0,0,5,6,3.74740869363675,2.62436419981532
35,3,1,0,0,1,1,5,100,0,0,0,0,5,6,2.50427222675868,0.975511299911886
35,3,1,0,0,1,19,17.5,100,40,0,0,0,5,6,8.75476001271517,10.3362284000032
35,3,1,0,0,1,24,19,100,150,0,0,0,5,6,9.50228217196108,1.19334720005281
35,3,1,0,0,1,23,7.75,100,120,0,0,0,5,6,3.74737518151242,7.80487750004977
35,3,1,0,0,1,34,12,100,85,0,0,0,5,6,5.99695851276626,1.73001340008341
35,3,1,0,0,1,7,16.75,100,75,0,0,0,5,6,8.50047407991158,3.94975250004791
35,3,1,0,0,1,76,4,100,70,0,0,0,5,6,1.98831450784873,1.534921299899
35,3,1,0,0,1,60,15,100,31,0,0,0,5,6,7.49903012723377,1.4409417998977
35,3,1,0,0,1,44,5,100,65,0,0,0,5,6,2.50096987276623,1.91748770000413
35,3,1,0,0,1,32,9.5,100,170,0,0,0,5,6,4.75368951769553,4.75428150012158
35,3,1,0,0,1,3,15,100,14,0,0,0,5,6,7.49572777324132,1.29068530001678
35,3,1,0,0,1,51,1,100,3,0,0,0,5,6,0.50419694532296,1.13815610017627
35,3,2,1,0,1,23,1.75,100,10,7.75,100,120,5,5,1,5.50317649985664
35,3,2,1,0,1,5,20,100,15,16,100,5,5,5,1,1.50570260011591
35,3,2,1,0,1,36,14,100,40,8.25,100,5,5,5,1,1.00632550008595
35,3,2,1,0,1,39,17,100,15,14,100,5,5,5,1,1.32331639993936
35,3,2,1,0,1,3,13.5,100,65,15,100,14,5,5,1,2.77624629996717
35,3,2,1,0,1,31,5,100,14,8.5,100,22,5,5,1,1.14832899998873
35,3,2,1,0,1,41,17,100,200,19,100,245,5,5,1,1.32850180007517
35,3,2,1,0,1,35,13,100,30,12,100,25,2,5,1,2.68304660008289
35,3,2,1,0,1,12,12,100,1,9.25,100,4,2,5,1,1.18563910014927
35,3,2,1,0,1,7,16.75,100,75,16,100,20,2,5,1,1.76853369991295
35,3,2,1,0,1,18,18.75,100,250,15,100,31,2,5,1,1.10579749988392
35,3,2,1,0,1,11,14,100,60,18.25,100,55,2,5,1,1.08889460004866
35,3,2,1,0,1,6,7,100,70,19,100,175,2,5,1,0.87420090008527
35,3,2,1,0,1,17,3.25,100,205,2,100,110,2,5,1,1.13830380002037
35,3,2,1,0,1,19,17.5,100,40,15,100,225,6,5,1,2.60851379996166
35,3,2,1,0,1,32,7,100,120,9.5,100,170,6,5,1,2.31503559998237
35,3,2,1,0,1,21,5.5,100,40,6,100,55,6,5,1,2.26495370012708
35,3,2,1,0,1,13,19.5,100,7,16.5,100,155,6,5,1,2.5229470001068
35,3,2,1,0,1,2,7.5,100,25,5,100,65,6,5,1,2.84787979978137
35,3,2,1,0,1,29,7,100,55,6,100,45,6,5,1,2.43300590012223
35,3,2,1,0,1,34,4,100,70,12,100,85,6,5,1,2.01646069996059
35,3,2,1,0,1,4,8.5,100,90,2,100,70,3,5,1,1.95612189988606
35,3,2,1,0,1,40,9.5,100,25,18,100,110,3,5,1,1.27271499997005
35,3,2,1,0,1,15,17.25,100,55,10,100,95,3,5,1,1.147006199928
35,3,2,1,0,1,27,1.5,100,20,5.25,100,120,3,5,1,1.01348760002293
35,3,2,1,0,1,24,19,100,150,10,100,80,3,5,1,1.07381560001522
35,3,2,1,0,1,38,15.5,100,215,8,100,125,3,5,1,2.70445920014754
35,3,2,1,0,1,10,19.5,100,125,18.5,100,85,3,5,1,2.29266699985601
35,3,2,1,0,1,28,3.5,100,3,6,100,7,1,5,1,2.32243750011548
35,3,2,1,0,1,14,12,100,210,16.75,100,145,1,5,1,1.1461183000356
35,3,2,1,0,1,20,10,100,135,15.75,100,30,1,5,1,2.84311119979247
35,3,2,1,0,1,26,2.5,100,25,4,100,50,1,5,1,1.33886520005763
35,3,2,1,0,1,9,1,100,3,2,100,19,1,5,1,1.46632310003042
35,3,2,1,0,1,37,10,100,140,14.5,100,175,1,5,1,0.99301359988749
35,3,2,1,0,1,30,6.5,100,60,8,100,90,1,5,1,1.29560239985585
35,3,2,1,0,1,8,16,100,20,2.5,100,10,4,5,1,3.07525930018164
35,3,2,1,0,1,22,19.5,100,45,20,100,165,4,5,1,1.63926940015517
35,3,2,1,0,1,33,11,100,190,6,100,45,4,5,1,5.08908329997212
35,3,2,1,0,1,42,11,100,110,20,100,170,4,5,1,3.58446100004949
35,3,2,1,0,1,25,8.5,100,105,9,100,160,4,5,0,2.58609230001457
35,3,2,1,0,1,16,14,100,20,16,100,95,4,5,1,2.69020770001225
35,3,2,1,0,1,1,3,100,0,5,100,0,4,5,1,1.24969780002721
36,1,1,0,1,0,56,12,90,0,0,0,0,2,4,15.0206694005008,8.56001639994793
36,1,1,0,1,0,24,19,70,0,0,0,0,2,4,8.54112897592093,6.27028810000047
36,1,1,0,1,0,5,20,85,0,0,0,0,2,4,3.288810736179,2.63278149999678
36,1,1,0,1,0,45,13.5,55,0,0,0,0,2,4,2.02060852873471,2.65844239998842
36,1,1,0,1,0,52,18.5,10,0,0,0,0,2,4,0.99393131483766,1.78413879999425
36,1,1,0,1,0,21,6,95,0,0,0,0,2,4,1.04895128484505,2.37255289999302
36,1,1,0,1,0,26,4,45,0,0,0,0,2,4,1.05617018740514,1.89851099997759
36,1,1,0,1,0,53,14,90,0,0,0,0,2,4,0.984958154267865,2.71439269999973
36,1,1,0,1,0,47,16,100,0,0,0,0,2,4,2.00671910402213,1.4688490999979
36,1,1,0,1,0,6,19,20,0,0,0,0,2,4,0.990832753075264,1.32842360000359
36,1,1,0,1,0,41,19,65,0,0,0,0,2,4,2.99663970208904,1.98211089998949
36,1,1,0,1,0,1,5,50,0,0,0,0,2,4,0.693088844611744,1.99115579994395
36,1,1,0,1,0,51,1,40,0,0,0,0,2,4,0.0728366126211455,1.57411449996289
36,1,1,0,1,0,60,15,35,0,0,0,0,2,4,1.60597224072226,1.42487099999562
36,1,1,0,1,0,32,9.5,30,0,0,0,0,3,4,1.02734586061814,6.28242369997315
36,1,1,0,1,0,2,7.5,75,0,0,0,0,3,4,2.9911317509229,1.76692870003171
36,1,1,0,1,0,69,1.5,95,0,0,0,0,3,4,0.545181484061033,1.83282239997061
36,1,1,0,1,0,50,2.5,90,0,0,0,0,3,4,0.984958154267865,1.58091690001311
36,1,1,0,1,0,23,7.75,60,0,0,0,0,3,4,1.98430195505509,1.6075559000019
36,1,1,0,1,0,18,18.75,80,0,0,0,0,3,4,2.9909289842474,1.75869560003048
36,1,1,0,1,0,12,12,35,0,0,0,0,3,4,2.03437690732758,2.08526760002133
36,1,1,0,1,0,11,18.25,70,0,0,0,0,3,4,3.89632562095105,2.34399229998235
36,1,1,0,1,0,58,14,45,0,0,0,0,3,4,1.96996421818094,1.07994039996993
36,1,1,0,1,0,4,8.5,20,0,0,0,0,3,4,1.01291767143232,1.79066960001364
36,1,1,0,1,0,37,14.5,5,0,0,0,0,3,4,0.367155766212878,1.89137220004341
36,1,1,0,1,0,63,5.5,70,0,0,0,0,3,4,1.02767665810933,1.53118099999847
36,1,1,0,1,0,83,17,80,0,0,0,0,3,4,4.05571568005626,1.599594099971
36,1,1,0,1,0,54,9.25,40,0,0,0,0,3,4,1.97163018056188,1.57589360000566
36,1,1,0,1,0,14,16.75,45,0,0,0,0,1,4,2.46041797284971,1.31767070002388
36,1,1,0,1,0,31,8.5,50,0,0,0,0,1,4,2.1130037731236,1.45447299996158
36,1,1,0,1,0,30,8,75,0,0,0,0,1,4,2.71477749661043,1.46115450002253
36,1,1,0,1,0,42,20,30,0,0,0,0,1,4,2.00219658686413,1.28457469999557
36,1,1,0,1,0,61,15,75,0,0,0,0,1,4,4.01485459360784,1.20399339997675
36,1,1,0,1,0,73,5,70,0,0,0,0,1,4,1.08743104679034,1.21861480001826
36,1,1,0,1,0,77,12,75,0,0,0,0,1,4,2.96458551526561,1.51437320001423
36,1,1,0,1,0,48,7,45,0,0,0,0,1,4,0.557268608155763,1.34937260003062
36,1,1,0,1,0,75,6,85,0,0,0,0,1,4,1.96049171283793,1.08577120001428
36,1,1,0,1,0,34,12,15,0,0,0,0,1,4,1.01171213113599,1.07017179997638
36,1,1,0,1,0,46,2,55,0,0,0,0,1,4,0.293841855457405,1.20173789997352
36,1,1,0,1,0,25,9,60,0,0,0,0,1,4,2.49864969516958,1.57404139998835
36,1,1,0,1,0,82,9.5,20,0,0,0,0,1,4,1.42852192988503,1.01534610003
36,1,1,0,1,0,17,3.25,85,0,0,0,0,1,4,0.261477429567588,1.13960730005056
36,1,1,0,1,0,81,14,55,0,0,0,0,4,4,1.937782503238,1.23098220000975
36,1,1,0,1,0,57,10,50,0,0,0,0,4,4,3.00972117933742,3.12513310002396
36,1,1,0,1,0,59,2,80,0,0,0,0,4,4,0.160581014930035,1.21574069996132
36,1,1,0,1,0,19,17.5,25,0,0,0,0,4,4,1.97387258896639,1.48964290000731
36,1,1,0,1,0,55,16.5,25,0,0,0,0,4,4,1.99732496911206,1.38654640002642
36,1,1,0,1,0,9,2,30,0,0,0,0,4,4,0.103146954843652,1.65285020001465
36,1,1,0,1,0,20,15.75,35,0,0,0,0,4,4,1.02500325524284,1.69046400004299
36,1,1,0,1,0,49,16,50,0,0,0,0,4,4,3.03620320754046,1.47446910000872
36,1,1,0,1,0,3,15,85,0,0,0,0,4,4,1.95984925003762,4.37817059998633
36,1,1,0,1,0,39,17,35,0,0,0,0,4,4,2.95814864550875,1.31013400002848
36,1,1,0,1,0,67,8.5,50,0,0,0,0,4,4,1.01803856063574,1.22501330001978
36,1,1,0,1,0,84,11,50,0,0,0,0,4,4,3.922008134515,1.19233699998586
36,1,1,0,1,0,13,19.5,5,0,0,0,0,4,4,0.279814478620207,1.21881949994713
36,1,1,0,1,0,40,18,15,0,0,0,0,4,4,1.50346330994384,1.36505600000964
36,1,1,0,1,0,27,5.25,50,0,0,0,0,6,4,0.509954457159594,1.31848200003151
36,1,1,0,1,0,66,10,90,0,0,0,0,6,4,0.971795806950578,1.65279020002345
36,1,1,0,1,0,38,15.5,40,0,0,0,0,6,4,2.19656746233989,1.10156049998477
36,1,1,0,1,0,78,8.25,20,0,0,0,0,6,4,0.321694530412625,1.22914690000471
36,1,1,0,1,0,79,10,10,0,0,0,0,6,4,0.509954457159594,1.12070039997343
36,1,1,0,1,0,28,6,25,0,0,0,0,6,4,0.542675533769426,1.09608400001889
36,1,1,0,1,0,74,7,40,0,0,0,0,6,4,1.10046480144154,2.46432470000582
36,1,1,0,1,0,68,2.5,65,0,0,0,0,6,4,0.422816965331826,1.95598650001921
36,1,1,0,1,0,8,16,15,0,0,0,0,6,4,0.988554800503593,1.48760870000115
36,1,1,0,1,0,15,17.25,25,0,0,0,0,6,4,1.52782246111148,2.0555157000199
36,1,1,0,1,0,71,6,25,0,0,0,0,6,4,1.03490081025478,1.44865700002993
36,1,1,0,1,0,33,11,65,0,0,0,0,6,4,2.51219096831494,1.04578429996036
36,1,1,0,1,0,43,3,30,0,0,0,0,6,4,0.596900892757599,2.3708181999973
36,1,1,0,1,0,35,13,70,0,0,0,0,6,4,3.08905097554824,1.16353419999359
36,1,1,0,1,0,7,16.75,65,0,0,0,0,5,4,4.0094525603169,1.89440409996314
36,1,1,0,1,0,16,16,65,0,0,0,0,5,4,3.01031529969813,1.71008829999482
36,1,1,0,1,0,76,4,35,0,0,0,0,5,4,1.0585870423836,1.81313229998341
36,1,1,0,1,0,64,19.5,65,0,0,0,0,5,4,5.97023239889663,1.40286149998428
36,1,1,0,1,0,70,3.5,40,0,0,0,0,5,4,0.336290411726104,1.07917320000706
36,1,1,0,1,0,44,5,40,0,0,0,0,5,4,0.59826502330294,1.44893970002886
36,1,1,0,1,0,72,6.5,90,0,0,0,0,5,4,1.54530864553941,1.74628249998204
36,1,1,0,1,0,62,10,95,0,0,0,0,5,4,0.500012634268963,1.93223770003533
36,1,1,0,1,0,29,7,20,0,0,0,0,5,4,0.959497231635545,1.79009779996704
36,1,1,0,1,0,10,19.5,10,0,0,0,0,5,4,1.98787616201406,2.361797199992
36,1,1,0,1,0,80,8,45,0,0,0,0,5,4,0.98942455448023,1.34971600002609
36,1,1,0,1,0,36,14,15,0,0,0,0,5,4,2.01152922605629,1.78452740004286
36,1,1,0,1,0,65,1.75,80,0,0,0,0,5,4,0.552193414234477,2.7736318000243
36,1,1,0,1,0,22,20,90,0,0,0,0,5,4,9.94119153219985,1.77760210004635
36,1,2,1,1,0,36,8.25,20,0,14,15,0,3,3,1,4.92714139999589
36,1,2,1,1,0,19,17.5,25,0,15,75,0,3,3,0,3.08867850003298
36,1,2,1,1,0,24,10,90,0,19,70,0,3,3,1,4.35291879996657
36,1,2,1,1,0,25,9,60,0,8.5,50,0,3,3,1,1.60776090004947
36,1,2,1,1,0,13,19.5,5,0,16.5,25,0,3,3,0,2.49502370000118
36,1,2,1,1,0,12,9.25,40,0,12,35,0,3,3,1,3.40147089998936
36,1,2,1,1,0,17,2,80,0,3.25,85,0,3,3,1,2.1932475999929
36,1,2,1,1,0,6,19,20,0,7,45,0,2,3,0,10.5026721999748
36,1,2,1,1,0,20,15.75,35,0,10,95,0,2,3,0,2.05714960000478
36,1,2,1,1,0,30,8,75,0,6.5,90,0,2,3,0,3.32652699999744
36,1,2,1,1,0,8,2.5,90,0,16,15,0,2,3,0,2.43366159999277
36,1,2,1,1,0,14,12,90,0,16.75,45,0,2,3,0,2.57817240001168
36,1,2,1,1,0,5,16,100,0,20,85,0,2,3,0,2.49884980003117
36,1,2,1,1,0,38,8,45,0,15.5,40,0,2,3,1,2.92991809995146
36,1,2,1,1,0,41,17,80,0,19,65,0,4,3,0,3.19665680004982
36,1,2,1,1,0,1,3,30,0,5,50,0,4,3,1,2.6726001999923
36,1,2,1,1,0,42,11,50,0,20,30,0,4,3,0,3.34583439998096
36,1,2,1,1,0,33,11,65,0,6,85,0,4,3,0,3.50492520001717
36,1,2,1,1,0,18,18.75,80,0,15,35,0,4,3,1,3.63375590002397
36,1,2,1,1,0,31,5,70,0,8.5,50,0,4,3,0,7.22692650003592
36,1,2,1,1,0,16,14,45,0,16,65,0,4,3,1,1.88169769995147
36,1,2,1,1,0,11,18.25,70,0,14,90,0,6,3,0,1.95415790000698
36,1,2,1,1,0,40,18,15,0,9.5,20,0,6,3,1,2.52718999999342
36,1,2,1,1,0,39,17,35,0,14,55,0,6,3,0,2.11506270000245
36,1,2,1,1,0,2,5,40,0,7.5,75,0,6,3,1,2.545042200014
36,1,2,1,1,0,4,2,55,0,8.5,20,0,6,3,1,4.33791109995218
36,1,2,1,1,0,32,7,40,0,9.5,30,0,6,3,1,2.49072830000659
36,1,2,1,1,0,3,13.5,55,0,15,85,0,6,3,1,3.71501809998881
36,1,2,1,1,0,28,3.5,40,0,6,25,0,5,3,1,5.8506064999965
36,1,2,1,1,0,34,4,35,0,12,15,0,5,3,1,2.58497879997594
36,1,2,1,1,0,10,18.5,10,0,19.5,10,0,5,3,1,2.49904810002772
36,1,2,1,1,0,21,5.5,70,0,6,95,0,5,3,1,2.55388660001336
36,1,2,1,1,0,9,2,30,0,1,40,0,5,3,1,6.30711290001636
36,1,2,1,1,0,29,7,20,0,6,25,0,5,3,0,2.23272090003593
36,1,2,1,1,0,37,10,10,0,14.5,5,0,5,3,0,2.53104299999541
36,1,2,1,1,0,22,20,90,0,19.5,65,0,1,3,1,2.34397129999707
36,1,2,1,1,0,26,4,45,0,2.5,65,0,1,3,0,3.72923699999228
36,1,2,1,1,0,27,5.25,50,0,1.5,95,0,1,3,0,2.33481209998718
36,1,2,1,1,0,23,7.75,60,0,1.75,80,0,1,3,1,3.60697199997958
36,1,2,1,1,0,35,12,75,0,13,70,0,1,3,1,4.70405140001094
36,1,2,1,1,0,7,16,50,0,16.75,65,0,1,3,1,2.52330699999584
36,1,2,1,1,0,15,10,50,0,17.25,25,0,1,3,0,2.95321810001042
36,2,1,1,1,1,24,19,70,150,10,90,80,2,1,1,7.76530530001037
36,2,1,1,1,1,5,20,85,15,16,100,5,2,1,0,2.6735306000337
36,2,1,1,1,1,6,19,20,175,7,45,70,2,1,0,4.61964590009302
36,2,1,1,1,1,27,1.5,95,20,5.25,50,120,2,1,0,5.23924919986166
36,2,1,1,1,1,25,9,60,160,8.5,50,105,2,1,0,3.7924460999202
36,2,1,1,1,1,13,16.5,25,155,19.5,5,7,2,1,0,5.69053000002168
36,2,1,1,1,1,28,6,25,7,3.5,40,3,2,1,0,3.63223190000281
36,2,1,1,1,1,16,14,45,20,16,65,95,3,1,1,4.60874420008622
36,2,1,1,1,1,42,11,50,110,20,30,170,3,1,0,7.82394769997336
36,2,1,1,1,1,3,15,85,14,13.5,55,65,3,1,1,3.31295570009388
36,2,1,1,1,1,19,15,75,225,17.5,25,40,3,1,0,4.27246410003863
36,2,1,1,1,1,18,15,35,31,18.75,80,250,3,1,1,1.89696389995515
36,2,1,1,1,1,22,19.5,65,45,20,90,165,3,1,1,2.13684349996038
36,2,1,1,1,1,9,1,40,3,2,30,19,3,1,0,3.75191949983127
36,2,1,1,1,1,38,15.5,40,215,8,45,125,6,1,1,2.44551840005443
36,2,1,1,1,1,34,12,15,85,4,35,70,6,1,0,2.58382709999569
36,2,1,1,1,1,15,10,50,95,17.25,25,55,6,1,0,2.0166352998931
36,2,1,1,1,1,23,7.75,60,120,1.75,80,10,6,1,0,2.2078134000767
36,2,1,1,1,1,40,9.5,20,25,18,15,110,6,1,1,2.73848229995929
36,2,1,1,1,1,10,18.5,10,85,19.5,10,125,6,1,1,3.4964244000148
36,2,1,1,1,1,12,9.25,40,4,12,35,1,6,1,1,3.55766000016592
36,2,1,1,1,1,39,14,55,5,17,35,15,5,1,0,5.11313019995578
36,2,1,1,1,1,14,16.75,45,145,12,90,210,5,1,0,1.28090290003456
36,2,1,1,1,1,33,11,65,190,6,85,45,5,1,0,2.4339270000346
36,2,1,1,1,1,11,14,90,60,18.25,70,55,5,1,0,3.3050619000569
36,2,1,1,1,1,2,7.5,75,25,5,40,65,5,1,1,1.94490620004945
36,2,1,1,1,1,8,2.5,90,10,16,15,20,5,1,1,4.30306329997256
36,2,1,1,1,1,35,13,70,30,12,75,25,5,1,1,2.97699419991113
36,2,1,1,1,1,7,16,50,20,16.75,65,75,1,1,1,2.80846079997718
36,2,1,1,1,1,26,2.5,65,25,4,45,50,1,1,0,2.51292360015213
36,2,1,1,1,1,4,2,55,70,8.5,20,90,1,1,0,3.39630470005795
36,2,1,1,1,1,21,6,95,55,5.5,70,40,1,1,1,5.05710339988582
36,2,1,1,1,1,32,9.5,30,170,7,40,120,1,1,1,2.53770740004256
36,2,1,1,1,1,37,10,10,140,14.5,5,175,1,1,0,2.79531149985269
36,2,1,1,1,1,30,8,75,90,6.5,90,60,1,1,0,2.44869540003128
36,2,1,1,1,1,1,5,50,0,3,30,0,4,1,1,2.88957970007323
36,2,1,1,1,1,17,2,80,110,3.25,85,205,4,1,1,3.20843750005588
36,2,1,1,1,1,29,7,20,55,6,25,45,4,1,0,3.71262059989385
36,2,1,1,1,1,31,5,70,14,8.5,50,22,4,1,0,3.75569530017674
36,2,1,1,1,1,41,19,65,245,17,80,200,4,1,0,2.61456319992431
36,2,1,1,1,1,20,15.75,35,30,10,95,135,4,1,0,1.94512339984067
36,2,1,1,1,1,36,14,15,40,8.25,20,5,4,1,1,2.34459690004587
36,2,2,0,1,1,38,15.5,40,215,0,0,0,1,2,2.03457778127951,8.19537400011905
36,2,2,0,1,1,78,8.25,20,5,0,0,0,1,2,1.9003032187836,3.10506860003807
36,2,2,0,1,1,46,2,55,70,0,0,0,1,2,1.05839067298488,4.1227174999658
36,2,2,0,1,1,75,6,85,45,0,0,0,1,2,0.335520532569419,1.85810120007955
36,2,2,0,1,1,72,6.5,90,60,0,0,0,1,2,1.41750357343074,1.49991389992647
36,2,2,0,1,1,83,17,80,200,0,0,0,1,2,3.92993180741081,1.65718229999766
36,2,2,0,1,1,50,2.5,90,10,0,0,0,1,2,0.479831922798493,1.46755760000087
36,2,2,0,1,1,55,16.5,25,155,0,0,0,1,2,1.97441285270029,3.53608640003949
36,2,2,0,1,1,43,3,30,0,0,0,0,1,2,0.566649164652897,1.40572790009901
36,2,2,0,1,1,51,1,40,3,0,0,0,1,2,0.145321733518195,2.86965820007026
36,2,2,0,1,1,63,5.5,70,40,0,0,0,1,2,1.96996421818094,1.21284240018576
36,2,2,0,1,1,21,6,95,55,0,0,0,1,2,2.03437690732758,1.29478400014341
36,2,2,0,1,1,18,18.75,80,250,0,0,0,1,2,4.65123526290182,1.18673099996522
36,2,2,0,1,1,26,4,45,50,0,0,0,1,2,0.378320934503009,1.12449910002761
36,2,2,0,1,1,73,5,70,14,0,0,0,3,2,1.02969910463968,2.18891600007191
36,2,2,0,1,1,59,2,80,110,0,0,0,3,2,0.176385273868952,1.99067059997469
36,2,2,0,1,1,71,6,25,45,0,0,0,3,2,1.00214693682019,2.39581320015714
36,2,2,0,1,1,52,18.5,10,85,0,0,0,3,2,2.03467606450616,1.55519629991613
36,2,2,0,1,1,66,10,90,80,0,0,0,3,2,2.96458551526561,1.1284513999708
36,2,2,0,1,1,70,3.5,40,3,0,0,0,3,2,0.98942455448023,1.8112914999947
36,2,2,0,1,1,33,11,65,190,0,0,0,3,2,1.02306462540363,4.14988839998841
36,2,2,0,1,1,84,11,50,110,0,0,0,3,2,3.07483189109936,0.978534300113097
36,2,2,0,1,1,80,8,45,125,0,0,0,3,2,1.02999816656766,1.13215289986692
36,2,2,0,1,1,58,14,45,20,0,0,0,3,2,3.0614235085242,1.38640940003097
36,2,2,0,1,1,15,17.25,25,55,0,0,0,3,2,2.97747240516943,2.86706469999626
36,2,2,0,1,1,37,14.5,5,175,0,0,0,3,2,0.538959405164814,1.14834879990667
36,2,2,0,1,1,39,17,35,15,0,0,0,3,2,3.05528391942636,1.05857630004175
36,2,2,0,1,1,40,18,15,110,0,0,0,3,2,1.02500325524284,0.949931399896741
36,2,2,0,1,1,34,12,15,85,0,0,0,5,2,2.02567223471724,4.08154110005125
36,2,2,0,1,1,47,16,100,5,0,0,0,5,2,1.9928098882287,1.48243890004233
36,2,2,0,1,1,42,20,30,170,0,0,0,5,2,0.9817828615978,1.89198160008527
36,2,2,0,1,1,10,19.5,10,125,0,0,0,5,2,1.04414849718111,1.13560870010406
36,2,2,0,1,1,74,7,40,120,0,0,0,5,2,2.04375751301425,3.00668180012144
36,2,2,0,1,1,31,8.5,50,22,0,0,0,5,2,4.05919055201767,1.33672440005466
36,2,2,0,1,1,54,9.25,40,4,0,0,0,5,2,2.50991879189688,2.01290949992836
36,2,2,0,1,1,19,17.5,25,40,0,0,0,5,2,4.0821206212377,1.03579530003481
36,2,2,0,1,1,20,15.75,35,30,0,0,0,5,2,2.95805130650876,1.95638960017823
36,2,2,0,1,1,24,19,70,150,0,0,0,5,2,6.01803856063575,2.61571000004187
36,2,2,0,1,1,45,13.5,55,65,0,0,0,5,2,4.02592267443117,1.75734529993497
36,2,2,0,1,1,23,7.75,60,120,0,0,0,5,2,2.05739629858332,2.18518679984845
36,2,2,0,1,1,28,6,25,7,0,0,0,5,2,0.921904996648539,1.5473729998339
36,2,2,0,1,1,41,19,65,245,0,0,0,5,2,4.01043666878389,1.74531539995223
36,2,2,0,1,1,2,7.5,75,25,0,0,0,6,2,0.56924061523646,2.04843640001491
36,2,2,0,1,1,65,1.75,80,10,0,0,0,6,2,0.575857152798022,2.007073600078
36,2,2,0,1,1,81,14,55,5,0,0,0,6,2,4.05919055201767,2.15856979996897
36,2,2,0,1,1,5,20,85,15,0,0,0,6,2,6.00230825749328,3.4975792998448
36,2,2,0,1,1,53,14,90,60,0,0,0,6,2,3.97872296282822,1.30471489997581
36,2,2,0,1,1,67,8.5,50,105,0,0,0,6,2,0.981490516802111,1.14892679988407
36,2,2,0,1,1,11,18.25,70,55,0,0,0,6,2,5.07198947426461,1.32031899993308
36,2,2,0,1,1,44,5,40,65,0,0,0,6,2,0.5744950866256,1.18249920010567
36,2,2,0,1,1,82,9.5,20,25,0,0,0,6,2,0.567941941687419,1.05321919987909
36,2,2,0,1,1,79,10,10,140,0,0,0,6,2,0.583755861251362,1.06429010001011
36,2,2,0,1,1,29,7,20,55,0,0,0,6,2,1.06767476416211,1.18023739987984
36,2,2,0,1,1,35,13,70,30,0,0,0,6,2,3.53296463113706,1.46937349997461
36,2,2,0,1,1,76,4,35,70,0,0,0,6,2,2.00671910402213,1.95609370013699
36,2,2,0,1,1,77,12,75,25,0,0,0,6,2,3.93496218527868,1.23206719988957
36,2,2,0,1,1,22,20,90,165,0,0,0,4,2,5.92655772155002,1.29460150003433
36,2,2,0,1,1,7,16.75,65,75,0,0,0,4,2,4.52701284353165,1.14712630002759
36,2,2,0,1,1,61,15,75,225,0,0,0,4,2,5.07152730157504,4.18551789992489
36,2,2,0,1,1,30,8,75,90,0,0,0,4,2,2.98366302707057,1.03624220006168
36,2,2,0,1,1,27,5.25,50,120,0,0,0,4,2,0.946428209467332,1.24532400001772
36,2,2,0,1,1,25,9,60,160,0,0,0,4,2,2.03029314077614,1.16006779996678
36,2,2,0,1,1,3,15,85,14,0,0,0,4,2,4.0192921161969,1.26809339993633
36,2,2,0,1,1,62,10,95,135,0,0,0,4,2,2.02080823170083,1.58039129991084
36,2,2,0,1,1,13,19.5,5,7,0,0,0,4,2,0.582424438553282,1.34439680003561
36,2,2,0,1,1,57,10,50,95,0,0,0,4,2,2.05269703389871,1.4163609999232
36,2,2,0,1,1,16,16,65,95,0,0,0,4,2,4.97952998140277,1.27176779997535
36,2,2,0,1,1,48,7,45,70,0,0,0,4,2,1.03258984437746,1.5342969999183
36,2,2,0,1,1,60,15,35,31,0,0,0,4,2,2.98366302707057,1.1758550000377
36,2,2,0,1,1,64,19.5,65,45,0,0,0,4,2,5.05175656475167,3.79507450014353
36,2,2,0,1,1,14,16.75,45,145,0,0,0,2,2,1.9641587473142,2.60293780011125
36,2,2,0,1,1,1,5,50,0,0,0,0,2,2,1.67856310252371,1.91675679991022
36,2,2,0,1,1,32,9.5,30,170,0,0,0,2,2,1.97987654605808,1.90112129994668
36,2,2,0,1,1,36,14,15,40,0,0,0,2,2,2.01179319743416,2.35066769993864
36,2,2,0,1,1,69,1.5,95,20,0,0,0,2,2,0.186344443714475,2.1415250999853
36,2,2,0,1,1,17,3.25,85,205,0,0,0,2,2,0.44240925077715,1.97461199993268
36,2,2,0,1,1,12,12,35,1,0,0,0,2,2,0.961090927644165,1.42523130006157
36,2,2,0,1,1,4,8.5,20,90,0,0,0,2,2,0.938743157924129,1.81401830003597
36,2,2,0,1,1,56,12,90,210,0,0,0,2,2,2.97050720256167,1.65104779996909
36,2,2,0,1,1,68,2.5,65,25,0,0,0,2,2,0.591505839111001,1.54280409985222
36,2,2,0,1,1,6,19,20,175,0,0,0,2,2,2.0028555794319,1.47969050006941
36,2,2,0,1,1,49,16,50,20,0,0,0,2,2,3.9619562209322,1.63524869992398
36,2,2,0,1,1,9,2,30,19,0,0,0,2,2,0.436354120472807,1.07797420001589
36,2,2,0,1,1,8,16,15,20,0,0,0,2,2,0.985861142733484,1.31563559989445
36,3,1,0,0,1,68,2.5,100,25,0,0,0,3,6,0.583755861251362,6.69073019991629
36,3,1,0,0,1,52,18.5,100,85,0,0,0,3,6,6.95757333895278,1.64968100003898
36,3,1,0,0,1,60,15,100,31,0,0,0,3,6,3.04242666104722,1.12688000011258
36,3,1,0,0,1,7,16.75,100,75,0,0,0,3,6,5.94937154235155,1.21496989997104
36,3,1,0,0,1,50,2.5,100,10,0,0,0,3,6,0.397370486110816,1.45733539992943
36,3,1,0,0,1,83,17,100,200,0,0,0,3,6,4.10821442376513,1.57974790013395
36,3,1,0,0,1,66,10,100,80,0,0,0,3,6,2.97050720256167,1.82614860008471
36,3,1,0,0,1,34,12,100,85,0,0,0,3,6,3.67054124025013,1.92246769997291
36,3,1,0,0,1,41,19,100,245,0,0,0,3,6,6.93129123317643,1.47931959992275
36,3,1,0,0,1,22,20,100,165,0,0,0,3,6,8.05199094687701,1.08006409998052
36,3,1,0,0,1,84,11,100,110,0,0,0,3,6,3.04196697459242,1.49363370006904
36,3,1,0,0,1,20,15.75,100,30,0,0,0,3,6,3.93367506465037,1.08327880012803
36,3,1,0,0,1,77,12,100,25,0,0,0,3,6,2.07098305926542,1.78038160013966
36,3,1,0,0,1,73,5,100,14,0,0,0,3,6,1.03057219204863,1.41698880004697
36,3,1,0,0,1,76,4,100,70,0,0,0,2,6,0.975102349792277,1.86627880018204
36,3,1,0,0,1,8,16,100,20,0,0,0,2,6,5.92655772155002,1.94668769999407
36,3,1,0,0,1,58,14,100,20,0,0,0,2,6,3.03534859612048,1.20460469997488
36,3,1,0,0,1,16,16,100,95,0,0,0,2,6,4.46212670270398,1.84814479993656
36,3,1,0,0,1,38,15.5,100,215,0,0,0,2,6,3.64165303602936,1.44300829991698
36,3,1,0,0,1,74,7,100,120,0,0,0,2,6,1.01291767143232,2.10650100000203
36,3,1,0,0,1,19,17.5,100,40,0,0,0,2,6,3.9619562209322,1.54228139994666
36,3,1,0,0,1,80,8,100,125,0,0,0,2,6,1.03702549107566,1.29914640006609
36,3,1,0,0,1,6,19,100,175,0,0,0,2,6,6.92579186292351,1.33354700007476
36,3,1,0,0,1,75,6,100,45,0,0,0,2,6,1.11623003651998,1.18798830010928
36,3,1,0,0,1,4,8.5,100,90,0,0,0,2,6,1.89506355105835,0.983272799989209
36,3,1,0,0,1,25,9,100,160,0,0,0,2,6,2.51443992686551,1.51316819991916
36,3,1,0,0,1,39,17,100,15,0,0,0,2,6,4.11388447444524,1.28124760021456
36,3,1,0,0,1,71,6,100,45,0,0,0,2,6,1.01523900157096,1.17862809984945
36,3,1,0,0,1,26,4,100,50,0,0,0,6,6,0.393734217636531,1.30650230008177
36,3,1,0,0,1,17,3.25,100,205,0,0,0,6,6,0.480928277179302,1.14665649994276
36,3,1,0,0,1,2,7.5,100,25,0,0,0,6,6,1.02306462540363,1.61495520011522
36,3,1,0,0,1,33,11,100,190,0,0,0,6,6,1.95803302540758,1.27414270001464
36,3,1,0,0,1,40,18,100,110,0,0,0,6,6,3.01439148359833,1.93258389993571
36,3,1,0,0,1,30,8,100,90,0,0,0,6,6,1.03467251306039,1.25967700011097
36,3,1,0,0,1,79,10,100,140,0,0,0,6,6,2.0144652125001,1.05131720006466
36,3,1,0,0,1,72,6.5,100,60,0,0,0,6,6,1.05366823045003,1.20822699996643
36,3,1,0,0,1,59,2,100,110,0,0,0,6,6,0.640162908922459,1.11113630002365
36,3,1,0,0,1,78,8.25,100,5,0,0,0,6,6,1.06312354797933,1.24112939997576
36,3,1,0,0,1,55,16.5,100,155,0,0,0,6,6,2.9392383888902,1.54181839991361
36,3,1,0,0,1,24,19,100,150,0,0,0,6,6,4.0225099211121,1.03001519991085
36,3,1,0,0,1,47,16,100,5,0,0,0,6,6,0.972752554422136,2.33602089993656
36,3,1,0,0,1,15,17.25,100,55,0,0,0,6,6,3.92584804684789,1.3886275999248
36,3,1,0,0,1,67,8.5,100,105,0,0,0,4,6,2.04397617964189,1.23259410005994
36,3,1,0,0,1,27,5.25,100,120,0,0,0,4,6,0.945201948014599,1.09954540012404
36,3,1,0,0,1,82,9.5,100,25,0,0,0,4,6,1.89720330129267,1.28440370014869
36,3,1,0,0,1,35,13,100,30,0,0,0,4,6,3.08362793627759,1.23436619993299
36,3,1,0,0,1,49,16,100,20,0,0,0,4,6,3.99037035241822,1.4632147999946
36,3,1,0,0,1,51,1,100,3,0,0,0,4,6,0.0573515810849834,1.28170000016689
36,3,1,0,0,1,64,19.5,100,45,0,0,0,4,6,3.97546399548468,2.00315300002694
36,3,1,0,0,1,5,20,100,15,0,0,0,4,6,5.920450435716,1.53763130004518
36,3,1,0,0,1,61,15,100,225,0,0,0,4,6,2.07557226407481,2.41469840006903
36,3,1,0,0,1,43,3,100,0,0,0,0,4,6,0.581099058578744,1.43184239999391
36,3,1,0,0,1,56,12,100,210,0,0,0,4,6,2.88926064939016,1.3165615000762
36,3,1,0,0,1,18,18.75,100,250,0,0,0,4,6,5.03954109229132,1.37369000003673
36,3,1,0,0,1,44,5,100,65,0,0,0,4,6,1.03938909995913,1.96672499994747
36,3,1,0,0,1,9,2,100,19,0,0,0,4,6,0.617393120605918,1.29249719996005
36,3,1,0,0,1,42,20,100,170,0,0,0,5,6,4.95945151825215,1.86864609993063
36,3,1,0,0,1,63,5.5,100,40,0,0,0,5,6,5.08965882834471,1.24537240015343
36,3,1,0,0,1,1,5,100,0,0,0,0,5,6,1.03057219204863,1.6916924000252
36,3,1,0,0,1,10,19.5,100,125,0,0,0,5,6,5.91937370544051,1.95156259997748
36,3,1,0,0,1,57,10,100,95,0,0,0,5,6,0.93781836394518,0.868649899959564
36,3,1,0,0,1,70,3.5,100,3,0,0,0,5,6,0.620386092850733,1.1629610999953
36,3,1,0,0,1,29,7,100,55,0,0,0,5,6,1.3654940873541,1.07377850008197
36,3,1,0,0,1,54,9.25,100,4,0,0,0,5,6,2.57124221468304,1.26472890004516
36,3,1,0,0,1,14,16.75,100,145,0,0,0,5,6,5.03307085952483,2.08020670013502
36,3,1,0,0,1,31,8.5,100,22,0,0,0,5,6,2.04832764699134,1.54151919996366
36,3,1,0,0,1,36,14,100,40,0,0,0,5,6,3.60373706751034,1.44064799998887
36,3,1,0,0,1,81,14,100,5,0,0,0,5,6,1.99558151783463,1.39734430005774
36,3,1,0,0,1,53,14,100,60,0,0,0,5,6,3.92949553140042,2.2430297001265
36,3,1,0,0,1,12,12,100,1,0,0,0,5,6,3.08077506446551,2.11855960008688
36,3,1,0,0,1,23,7.75,100,120,0,0,0,1,6,4.03782910668047,2.32621440012008
36,3,1,0,0,1,21,6,100,55,0,0,0,1,6,0.975399144742472,0.967076799832284
36,3,1,0,0,1,69,1.5,100,20,0,0,0,1,6,0.563363061431737,1.26961040007882
36,3,1,0,0,1,46,2,100,70,0,0,0,1,6,0.834423684291778,1.10707380017266
36,3,1,0,0,1,48,7,100,70,0,0,0,1,6,1.95296103254339,1.23868920002133
36,3,1,0,0,1,28,6,100,7,0,0,0,1,6,0.973686569509681,0.853807500097901
36,3,1,0,0,1,65,1.75,100,10,0,0,0,1,6,0.45659279906166,0.850237699924037
36,3,1,0,0,1,32,9.5,100,170,0,0,0,1,6,2.68571602331035,1.26232059998438
36,3,1,0,0,1,45,13.5,100,65,0,0,0,1,6,3.04998419310139,0.916234799893573
36,3,1,0,0,1,11,18.25,100,55,0,0,0,1,6,3.90803066542632,0.749229199951515
36,3,1,0,0,1,37,14.5,100,175,0,0,0,1,6,3.42529581109645,0.788522699847817
36,3,1,0,0,1,13,19.5,100,7,0,0,0,1,6,5.45339118343162,0.700264199869707
36,3,1,0,0,1,3,15,100,14,0,0,0,1,6,5.83797530495845,1.33483049995266
36,3,1,0,0,1,62,10,100,135,0,0,0,1,6,2.82827202241892,1.03153879987076
36,3,2,1,0,1,28,6,100,7,3.5,100,3,1,5,1,2.27103449986316
36,3,2,1,0,1,38,8,100,125,15.5,100,215,1,5,1,1.43045310000889
36,3,2,1,0,1,26,2.5,100,25,4,100,50,1,5,0,2.07866359991021
36,3,2,1,0,1,23,1.75,100,10,7.75,100,120,1,5,1,1.56874660006724
36,3,2,1,0,1,39,17,100,15,14,100,5,1,5,1,3.82017729990184
36,3,2,1,0,1,7,16,100,20,16.75,100,75,1,5,0,2.32188920001499
36,3,2,1,0,1,42,11,100,110,20,100,170,1,5,1,1.47990819998085
36,3,2,1,0,1,19,17.5,100,40,15,100,225,6,5,1,2.16848360002041
36,3,2,1,0,1,14,12,100,210,16.75,100,145,6,5,1,3.27807500003837
36,3,2,1,0,1,3,13.5,100,65,15,100,14,6,5,1,4.10440079984255
36,3,2,1,0,1,37,14.5,100,175,10,100,140,6,5,1,3.44192049978301
36,3,2,1,0,1,40,9.5,100,25,18,100,110,6,5,1,2.06583019997925
36,3,2,1,0,1,35,13,100,30,12,100,25,6,5,1,1.80705390009098
36,3,2,1,0,1,18,18.75,100,250,15,100,31,6,5,1,3.79731049994007
36,3,2,1,0,1,20,15.75,100,30,10,100,135,2,5,1,2.64708449994214
36,3,2,1,0,1,2,5,100,65,7.5,100,25,2,5,1,2.18538319994695
36,3,2,1,0,1,41,19,100,245,17,100,200,2,5,1,2.79497039993294
36,3,2,1,0,1,27,5.25,100,120,1.5,100,20,2,5,0,3.60286799981259
36,3,2,1,0,1,12,12,100,1,9.25,100,4,2,5,1,3.64129290007986
36,3,2,1,0,1,29,7,100,55,6,100,45,2,5,1,2.98603929998353
36,3,2,1,0,1,4,8.5,100,90,2,100,70,2,5,1,1.28247279999778
36,3,2,1,0,1,13,19.5,100,7,16.5,100,155,4,5,1,2.87695310008712
36,3,2,1,0,1,10,19.5,100,125,18.5,100,85,4,5,1,3.09069620002992
36,3,2,1,0,1,11,14,100,60,18.25,100,55,4,5,1,2.56850749999285
36,3,2,1,0,1,36,14,100,40,8.25,100,5,4,5,1,3.640309400158
36,3,2,1,0,1,30,6.5,100,60,8,100,90,4,5,0,1.87329340004362
36,3,2,1,0,1,33,11,100,190,6,100,45,4,5,1,2.88746650004759
36,3,2,1,0,1,16,16,100,95,14,100,20,4,5,0,2.1934767998755
36,3,2,1,0,1,6,19,100,175,7,100,70,5,5,1,2.57776969997212
36,3,2,1,0,1,15,17.25,100,55,10,100,95,5,5,1,1.74427959998138
36,3,2,1,0,1,34,4,100,70,12,100,85,5,5,1,1.89052319992334
36,3,2,1,0,1,24,10,100,80,19,100,150,5,5,1,3.1959560001269
36,3,2,1,0,1,32,9.5,100,170,7,100,120,5,5,0,2.48887300002389
36,3,2,1,0,1,17,3.25,100,205,2,100,110,5,5,0,2.40152170020156
36,3,2,1,0,1,25,9,100,160,8.5,100,105,5,5,0,3.40240520006046
36,3,2,1,0,1,21,5.5,100,40,6,100,55,3,5,0,4.26494699995965
36,3,2,1,0,1,1,3,100,0,5,100,0,3,5,1,2.67438800004311
36,3,2,1,0,1,22,20,100,165,19.5,100,45,3,5,0,3.89912419999018
36,3,2,1,0,1,9,1,100,3,2,100,19,3,5,0,1.71237389999442
36,3,2,1,0,1,5,20,100,15,16,100,5,3,5,1,5.53269659983926
36,3,2,1,0,1,31,5,100,14,8.5,100,22,3,5,1,1.86675379984081
36,3,2,1,0,1,8,2.5,100,10,16,100,20,3,5,1,1.32773120002821
37,1,1,1,0,1,1,5,100,0,3,100,0,2,5,1,2.5988776999875
37,1,1,1,0,1,27,1.5,100,20,5.25,100,120,2,5,1,2.29651539999759
37,1,1,1,0,1,6,19,100,175,7,100,70,2,5,1,2.08911399997305
37,1,1,1,0,1,29,6,100,45,7,100,55,2,5,1,2.64093080000021
37,1,1,1,0,1,35,12,100,25,13,100,30,2,5,1,2.10836640000343
37,1,1,1,0,1,7,16.75,100,75,16,100,20,2,5,0,2.14616579998983
37,1,1,1,0,1,41,19,100,245,17,100,200,2,5,1,2.52955909998855
37,1,1,1,0,1,14,16.75,100,145,12,100,210,3,5,1,2.08966399997007
37,1,1,1,0,1,22,20,100,165,19.5,100,45,3,5,1,1.72345209994819
37,1,1,1,0,1,19,17.5,100,40,15,100,225,3,5,1,3.18475159996888
37,1,1,1,0,1,30,6.5,100,60,8,100,90,3,5,1,3.84060950001003
37,1,1,1,0,1,24,19,100,150,10,100,80,3,5,1,3.15318630001275
37,1,1,1,0,1,39,14,100,5,17,100,15,3,5,1,1.99238100001821
37,1,1,1,0,1,2,5,100,65,7.5,100,25,3,5,1,3.23451499996008
37,1,1,1,0,1,15,10,100,95,17.25,100,55,5,5,1,2.36129109998001
37,1,1,1,0,1,38,15.5,100,215,8,100,125,5,5,1,1.40198899997631
37,1,1,1,0,1,23,7.75,100,120,1.75,100,10,5,5,1,3.8815260999836
37,1,1,1,0,1,31,5,100,14,8.5,100,22,5,5,1,2.45069109997712
37,1,1,1,0,1,37,14.5,100,175,10,100,140,5,5,1,2.60241480002878
37,1,1,1,0,1,8,16,100,20,2.5,100,10,5,5,1,1.76187560003018
37,1,1,1,0,1,21,6,100,55,5.5,100,40,5,5,1,1.87230849999469
37,1,1,1,0,1,20,10,100,135,15.75,100,30,6,5,1,1.73663020000095
37,1,1,1,0,1,25,8.5,100,105,9,100,160,6,5,1,5.35313099995255
37,1,1,1,0,1,4,8.5,100,90,2,100,70,6,5,1,3.41802300000563
37,1,1,1,0,1,42,11,100,110,20,100,170,6,5,1,1.30498990003252
37,1,1,1,0,1,11,18.25,100,55,14,100,60,6,5,1,1.53797240002314
37,1,1,1,0,1,10,19.5,100,125,18.5,100,85,6,5,0,3.52859790000366
37,1,1,1,0,1,28,3.5,100,3,6,100,7,6,5,1,2.60426160000497
37,1,1,1,0,1,3,15,100,14,13.5,100,65,4,5,0,3.41664140002104
37,1,1,1,0,1,40,18,100,110,9.5,100,25,4,5,1,2.64954060001764
37,1,1,1,0,1,18,15,100,31,18.75,100,250,4,5,0,2.16833660000702
37,1,1,1,0,1,36,14,100,40,8.25,100,5,4,5,1,1.69115510000847
37,1,1,1,0,1,34,4,100,70,12,100,85,4,5,1,2.32043160003377
37,1,1,1,0,1,26,2.5,100,25,4,100,50,4,5,1,1.94647439999972
37,1,1,1,0,1,12,12,100,1,9.25,100,4,4,5,1,2.66613399999915
37,1,1,1,0,1,13,16.5,100,155,19.5,100,7,1,5,1,2.80953979998594
37,1,1,1,0,1,9,1,100,3,2,100,19,1,5,1,3.50541779998457
37,1,1,1,0,1,32,7,100,120,9.5,100,170,1,5,1,3.42579170002136
37,1,1,1,0,1,16,14,100,20,16,100,95,1,5,0,2.35351420001825
37,1,1,1,0,1,33,6,100,45,11,100,190,1,5,1,4.35990270000184
37,1,1,1,0,1,5,20,100,15,16,100,5,1,5,1,2.44077629997628
37,1,1,1,0,1,17,3.25,100,205,2,100,110,1,5,1,2.74656739999773
37,1,2,0,0,1,3,15,100,14,0,0,0,6,6,19.9173267552346,15.9585998999537
37,1,2,0,0,1,60,15,100,31,0,0,0,6,6,4.97919550633695,18.0543250999763
37,1,2,0,0,1,81,14,100,5,0,0,0,6,6,6.00554552185455,7.00967450003373
37,1,2,0,0,1,51,1,100,3,0,0,0,6,6,0.497717828038919,4.95532269997057
37,1,2,0,0,1,31,8.5,100,22,0,0,0,6,6,2.00671910402213,2.52819630003069
37,1,2,0,0,1,23,7.75,100,120,0,0,0,6,6,1.06789854220906,2.12800530000823
37,1,2,0,0,1,32,9.5,100,170,0,0,0,6,6,2.58922418885347,1.16392840002663
37,1,2,0,0,1,79,10,100,140,0,0,0,6,6,0.388402753313404,4.95645130000776
37,1,2,0,0,1,14,16.75,100,145,0,0,0,6,6,1.98787616201406,2.55152579996502
37,1,2,0,0,1,64,19.5,100,45,0,0,0,6,6,2.04832764699134,4.06454389996361
37,1,2,0,0,1,55,16.5,100,155,0,0,0,6,6,1.08992247198656,4.82303699996555
37,1,2,0,0,1,56,12,100,210,0,0,0,6,6,0.0291357129329484,3.65429800003767
37,1,2,0,0,1,12,12,100,1,0,0,0,6,6,4.04703440007355,2.0698886999744
37,1,2,0,0,1,58,14,100,20,0,0,0,6,6,2.97773647646231,1.98713909997605
37,1,2,0,0,1,50,2.5,100,10,0,0,0,2,6,0.102671705863635,3.14655130001483
37,1,2,0,0,1,36,14,100,40,0,0,0,2,6,1.01523900157096,2.9378396999673
37,1,2,0,0,1,66,10,100,80,0,0,0,2,6,0.176385273868952,3.46136730001308
37,1,2,0,0,1,34,12,100,85,0,0,0,2,6,0.368003773960872,4.59898210002575
37,1,2,0,0,1,47,16,100,5,0,0,0,2,6,2.0064147342708,3.00524909998057
37,1,2,0,0,1,48,7,100,70,0,0,0,2,6,0.0872027336657659,1.41605629998958
37,1,2,0,0,1,46,2,100,70,0,0,0,2,6,0.132609935998001,1.63541770004667
37,1,2,0,0,1,39,17,100,15,0,0,0,2,6,1.30578454424744,1.46556129999226
37,1,2,0,0,1,53,14,100,60,0,0,0,2,6,0.662284628592818,1.29828869999619
37,1,2,0,0,1,15,17.25,100,55,0,0,0,2,6,1.00830644677874,1.36567520000972
37,1,2,0,0,1,43,3,100,0,0,0,0,2,6,3.00423006684671,2.15604090003762
37,1,2,0,0,1,73,5,100,14,0,0,0,2,6,0.777154520956998,1.78367540001636
37,1,2,0,0,1,13,19.5,100,7,0,0,0,2,6,1.08495087554315,1.97264300001552
37,1,2,0,0,1,8,16,100,20,0,0,0,2,6,1.98831450784873,1.26437779999105
37,1,2,0,0,1,74,7,100,120,0,0,0,5,6,0.275986237572926,1.89533179998398
37,1,2,0,0,1,70,3.5,100,3,0,0,0,5,6,0.579779680397234,2.37001000001328
37,1,2,0,0,1,2,7.5,100,25,0,0,0,5,6,0.905402965798078,2.05018060002476
37,1,2,0,0,1,82,9.5,100,25,0,0,0,5,6,0.955101270768992,1.88390719995368
37,1,2,0,0,1,27,5.25,100,120,0,0,0,5,6,0.130793876220228,1.62855899997521
37,1,2,0,0,1,61,15,100,225,0,0,0,5,6,0.176385273868952,2.43212060001679
37,1,2,0,0,1,57,10,100,95,0,0,0,5,6,0.442355406269069,4.26416100002825
37,1,2,0,0,1,72,6.5,100,60,0,0,0,5,6,0.585093367975457,1.19697230000747
37,1,2,0,0,1,37,14.5,100,175,0,0,0,5,6,0.542675533769426,2.30481459997827
37,1,2,0,0,1,9,2,100,19,0,0,0,5,6,0.840933002398828,4.34845379996113
37,1,2,0,0,1,33,11,100,190,0,0,0,5,6,0.303610863883865,2.51046550000319
37,1,2,0,0,1,77,12,100,25,0,0,0,5,6,1.04654443054575,4.54414409998572
37,1,2,0,0,1,76,4,100,70,0,0,0,5,6,0.234053485496549,0.995698200014886
37,1,2,0,0,1,5,20,100,15,0,0,0,5,6,1.97387258896639,1.75026160001289
37,1,2,0,0,1,49,16,100,20,0,0,0,3,6,2.13100089175675,1.70519549999153
37,1,2,0,0,1,20,15.75,100,30,0,0,0,3,6,1.00373666938081,1.64033189998008
37,1,2,0,0,1,7,16.75,100,75,0,0,0,3,6,0.48536415939871,0.891291500010993
37,1,2,0,0,1,71,6,100,45,0,0,0,3,6,0.2024925208481,1.09088000003248
37,1,2,0,0,1,30,8,100,90,0,0,0,3,6,0.232983260883916,0.480442799977027
37,1,2,0,0,1,18,18.75,100,250,0,0,0,3,6,0.447787629271449,0.937286000000313
37,1,2,0,0,1,16,16,100,95,0,0,0,3,6,0.235677377406827,0.891779900004622
37,1,2,0,0,1,45,13.5,100,65,0,0,0,3,6,0.375747480475152,1.00453039997956
37,1,2,0,0,1,80,8,100,125,0,0,0,3,6,0.206239783049874,0.932296100014355
37,1,2,0,0,1,78,8.25,100,5,0,0,0,3,6,0.396455144963468,0.296470200002659
37,1,2,0,0,1,75,6,100,45,0,0,0,3,6,0.277887182402512,0.571580500050914
37,1,2,0,0,1,65,1.75,100,10,0,0,0,3,6,0.265104892265423,0.114330300013535
37,1,2,0,0,1,35,13,100,30,0,0,0,3,6,0.663813698497844,1.25983360002283
37,1,2,0,0,1,83,17,100,200,0,0,0,3,6,0.913563313170236,0.197798699955456
37,1,2,0,0,1,41,19,100,245,0,0,0,4,6,1.08992247198656,0.682749599975068
37,1,2,0,0,1,44,5,100,65,0,0,0,4,6,0.377459213259971,3.65146480000112
37,1,2,0,0,1,42,20,100,170,0,0,0,4,6,0.160581014930035,1.18826110003283
37,1,2,0,0,1,29,7,100,55,0,0,0,4,6,0.262675509546607,1.45949049998308
37,1,2,0,0,1,63,5.5,100,40,0,0,0,4,6,0.335520532569419,1.72514399996726
37,1,2,0,0,1,68,2.5,100,25,0,0,0,4,6,0.643223205019147,1.10386790003395
37,1,2,0,0,1,24,19,100,150,0,0,0,4,6,0.249239772150485,1.16921060002642
37,1,2,0,0,1,22,20,100,165,0,0,0,4,6,0.249239772150485,1.13793570001144
37,1,2,0,0,1,62,10,100,135,0,0,0,4,6,0.292492763220721,1.0758666000329
37,1,2,0,0,1,54,9.25,100,4,0,0,0,4,6,1.9928098882287,0.993663300003391
37,1,2,0,0,1,26,4,100,50,0,0,0,4,6,0.497717828038919,1.42731940001249
37,1,2,0,0,1,59,2,100,110,0,0,0,4,6,0.102435719737645,0.973007699998561
37,1,2,0,0,1,6,19,100,175,0,0,0,4,6,0.59826502330294,2.73365289997309
37,1,2,0,0,1,10,19.5,100,125,0,0,0,4,6,0.471237492727901,4.41149009997025
37,1,2,0,0,1,25,9,100,160,0,0,0,1,6,0.362148585429097,1.56964440003503
37,1,2,0,0,1,17,3.25,100,205,0,0,0,1,6,0.0146686323904603,1.64937920001103
37,1,2,0,0,1,11,18.25,100,55,0,0,0,1,6,0.821449598192753,2.39767979999306
37,1,2,0,0,1,69,1.5,100,20,0,0,0,1,6,0.272875104387385,1.59141819999786
37,1,2,0,0,1,28,6,100,7,0,0,0,1,6,2.98448751455834,1.14836910000304
37,1,2,0,0,1,84,11,100,110,0,0,0,1,6,0.250392473068274,1.1814951999695
37,1,2,0,0,1,40,18,100,110,0,0,0,1,6,0.554719432442823,2.97694480000064
37,1,2,0,0,1,21,6,100,55,0,0,0,1,6,0.418984315269139,2.76534090004861
37,1,2,0,0,1,38,15.5,100,215,0,0,0,1,6,0.279169084892128,1.10306409996701
37,1,2,0,0,1,1,5,100,0,0,0,0,1,6,3.98261985261288,1.45972269994672
37,1,2,0,0,1,52,18.5,100,85,0,0,0,1,6,0.293165758379018,1.25766539998585
37,1,2,0,0,1,4,8.5,100,90,0,0,0,1,6,0.274733315170536,0.964857499988284
37,1,2,0,0,1,19,17.5,100,40,0,0,0,1,6,0.373239894180802,0.860195000015665
37,1,2,0,0,1,67,8.5,100,105,0,0,0,1,6,0.347692028734251,2.09916519996477
37,2,1,0,1,1,26,4,45,50,0,0,0,6,2,0.763160651491496,19.2665671999566
37,2,1,0,1,1,13,19.5,5,7,0,0,0,6,2,0.132303765761925,4.41728920000605
37,2,1,0,1,1,31,8.5,50,22,0,0,0,6,2,0.818797002482761,1.57207399979234
37,2,1,0,1,1,73,5,70,14,0,0,0,6,2,1.82106003711498,2.22080460004508
37,2,1,0,1,1,58,14,45,20,0,0,0,6,2,0.217439247102995,1.75165609992109
37,2,1,0,1,1,65,1.75,80,10,0,0,0,6,2,0.460098444835538,2.33209999999963
37,2,1,0,1,1,28,6,25,7,0,0,0,6,2,0.408277724536628,1.87050750013441
37,2,1,0,1,1,72,6.5,90,60,0,0,0,6,2,1.78137103932622,1.54085989994928
37,2,1,0,1,1,9,2,30,19,0,0,0,6,2,0.470184748812738,1.54522829991765
37,2,1,0,1,1,3,15,85,14,0,0,0,6,2,1.99769373642336,3.20321070007049
37,2,1,0,1,1,70,3.5,40,3,0,0,0,6,2,0.675932185876867,2.28503299993463
37,2,1,0,1,1,42,20,30,170,0,0,0,6,2,0.160581014930035,1.21676270011812
37,2,1,0,1,1,67,8.5,50,105,0,0,0,6,2,0.851588141265662,1.54937100014649
37,2,1,0,1,1,5,20,85,15,0,0,0,6,2,2.11347651893577,1.44389059999958
37,2,1,0,1,1,48,7,45,70,0,0,0,4,2,0.339209168310273,2.44903540005907
37,2,1,0,1,1,34,12,15,85,0,0,0,4,2,0.748895121994106,1.77999800001271
37,2,1,0,1,1,82,9.5,20,25,0,0,0,4,2,0.845590326369759,1.82839489984326
37,2,1,0,1,1,18,18.75,80,250,0,0,0,4,2,1.05610412608059,2.3354088999331
37,2,1,0,1,1,35,13,70,30,0,0,0,4,2,1.63372798041795,2.30074900016189
37,2,1,0,1,1,12,12,35,1,0,0,0,4,2,0.710860722506251,1.8668223998975
37,2,1,0,1,1,11,18.25,70,55,0,0,0,4,2,1.26525825498032,1.99680129997432
37,2,1,0,1,1,74,7,40,120,0,0,0,4,2,1.04898479061982,1.98797590006143
37,2,1,0,1,1,37,14.5,5,175,0,0,0,4,2,0.116530648832672,3.43310929997824
37,2,1,0,1,1,21,6,95,55,0,0,0,4,2,0.685575010558846,1.72295899991877
37,2,1,0,1,1,51,1,40,3,0,0,0,4,2,0.04380342150262,1.54790419992059
37,2,1,0,1,1,83,17,80,200,0,0,0,4,2,0.988554800503593,2.40353240002878
37,2,1,0,1,1,56,12,90,210,0,0,0,4,2,0.891187755058709,1.39778400002979
37,2,1,0,1,1,41,19,65,245,0,0,0,4,2,0.358885575738682,1.64168979995884
37,2,1,0,1,1,49,16,50,20,0,0,0,3,2,1.36833538658604,3.57163129979745
37,2,1,0,1,1,50,2.5,90,10,0,0,0,3,2,0.405495237728207,2.02120700012892
37,2,1,0,1,1,14,16.75,45,145,0,0,0,3,2,0.823847810108301,1.5161562000867
37,2,1,0,1,1,38,15.5,40,215,0,0,0,3,2,0.434977756042777,1.84805490006693
37,2,1,0,1,1,25,9,60,160,0,0,0,3,2,0.764384945722519,2.78112920001149
37,2,1,0,1,1,63,5.5,70,40,0,0,0,3,2,0.250392473068274,3.48372239992023
37,2,1,0,1,1,33,11,65,190,0,0,0,3,2,0.513899099857166,2.51479919999838
37,2,1,0,1,1,2,7.5,75,25,0,0,0,3,2,0.96851144040258,2.04015280003659
37,2,1,0,1,1,43,3,30,0,0,0,0,3,2,0.187187146432919,3.2494757999666
37,2,1,0,1,1,29,7,20,55,0,0,0,3,2,0.371535232753775,1.30379709997214
37,2,1,0,1,1,80,8,45,125,0,0,0,3,2,0.171631153369457,5.86317249992862
37,2,1,0,1,1,6,19,20,175,0,0,0,3,2,0.204818424420349,3.13444990012795
37,2,1,0,1,1,75,6,85,45,0,0,0,3,2,0.382362143189859,3.19881070009433
37,2,1,0,1,1,57,10,50,95,0,0,0,3,2,0.464285440987716,1.73013189993799
37,2,1,0,1,1,1,5,50,0,0,0,0,2,2,1.07514123330803,1.82460890011862
37,2,1,0,1,1,54,9.25,40,4,0,0,0,2,2,0.350882755159915,3.68343529989943
37,2,1,0,1,1,79,10,10,140,0,0,0,2,2,0.131999005840704,1.29870200017467
37,2,1,0,1,1,64,19.5,65,45,0,0,0,2,2,0.454938797779423,1.46039530006237
37,2,1,0,1,1,27,5.25,50,120,0,0,0,2,2,0.299684967231329,2.6063366997987
37,2,1,0,1,1,8,16,15,20,0,0,0,2,2,0.222795570375212,1.4945611001458
37,2,1,0,1,1,47,16,100,5,0,0,0,2,2,6.07997728458342,4.27254940010607
37,2,1,0,1,1,71,6,25,45,0,0,0,2,2,0.262075101077993,1.41041400004178
37,2,1,0,1,1,69,1.5,95,20,0,0,0,2,2,0.578466263446025,1.96183290006593
37,2,1,0,1,1,17,3.25,85,205,0,0,0,2,2,0.162067236801349,1.12908319989219
37,2,1,0,1,1,52,18.5,10,85,0,0,0,2,2,0.187187146432919,4.83386849984527
37,2,1,0,1,1,7,16.75,65,75,0,0,0,2,2,0.331723366254206,2.08696010010317
37,2,1,0,1,1,46,2,55,70,0,0,0,2,2,0.229830491269176,1.18595619988628
37,2,1,0,1,1,22,20,90,165,0,0,0,2,2,1.06812854795901,1.82906390004791
37,2,1,0,1,1,16,16,65,95,0,0,0,1,2,0.334754167131482,1.89575770008378
37,2,1,0,1,1,15,17.25,25,55,0,0,0,1,2,0.486552067528045,1.71466689999215
37,2,1,0,1,1,44,5,40,65,0,0,0,1,2,0.291695593462343,2.3974384998437
37,2,1,0,1,1,45,13.5,55,65,0,0,0,1,2,0.380056220649394,3.93640549993142
37,2,1,0,1,1,68,2.5,65,25,0,0,0,1,2,0.302239127127656,1.15459070005454
37,2,1,0,1,1,19,17.5,25,40,0,0,0,1,2,0.189761601124559,1.05698730004951
37,2,1,0,1,1,60,15,35,31,0,0,0,1,2,0.12563232791533,1.37940520001575
37,2,1,0,1,1,39,17,35,15,0,0,0,1,2,0.276616991333238,1.48830910003744
37,2,1,0,1,1,4,8.5,20,90,0,0,0,1,2,0.477654113863881,1.40283629996702
37,2,1,0,1,1,62,10,95,135,0,0,0,1,2,1.96939269792888,1.74212600011379
37,2,1,0,1,1,76,4,35,70,0,0,0,1,2,0.406993699196299,0.878409199882299
37,2,1,0,1,1,78,8.25,20,5,0,0,0,1,2,0.437351790298887,0.827825199812651
37,2,1,0,1,1,32,9.5,30,170,0,0,0,1,2,0.233517147519031,0.628803200088441
37,2,1,0,1,1,23,7.75,60,120,0,0,0,1,2,0.915634647745318,0.971632200060412
37,2,1,0,1,1,10,19.5,10,125,0,0,0,5,2,0.174771578179715,1.97346069989726
37,2,1,0,1,1,81,14,55,5,0,0,0,5,2,0.583755861251362,0.908591700019315
37,2,1,0,1,1,30,8,75,90,0,0,0,5,2,0.921904996648539,1.41880270000547
37,2,1,0,1,1,84,11,50,110,0,0,0,5,2,0.528076740296125,1.28819200000726
37,2,1,0,1,1,55,16.5,25,155,0,0,0,5,2,0.366311653380752,2.00440329988487
37,2,1,0,1,1,66,10,90,80,0,0,0,5,2,1.04901738046294,0.954332299996167
37,2,1,0,1,1,59,2,80,110,0,0,0,5,2,0.647669672889815,1.83554330002517
37,2,1,0,1,1,61,15,75,225,0,0,0,5,2,0.633081027188371,2.56535889999941
37,2,1,0,1,1,24,19,70,150,0,0,0,5,2,0.764384945722519,0.964156799949706
37,2,1,0,1,1,36,14,15,40,0,0,0,5,2,0.231922774752949,2.37341100000776
37,2,1,0,1,1,53,14,90,60,0,0,0,5,2,1.04673917306051,0.906874800100923
37,2,1,0,1,1,20,15.75,35,30,0,0,0,5,2,0.304995099315349,0.540767899947241
37,2,1,0,1,1,40,18,15,110,0,0,0,5,2,0.115473914376022,2.70808979985304
37,2,1,0,1,1,77,12,75,25,0,0,0,5,2,0.662284628592818,1.0257578000892
37,2,2,1,1,1,3,15,85,14,13.5,55,65,5,1,1,2.76322040008381
37,2,2,1,1,1,2,7.5,75,25,5,40,65,5,1,1,0.818235200131312
37,2,2,1,1,1,29,6,25,45,7,20,55,5,1,0,1.04040649998933
37,2,2,1,1,1,34,4,35,70,12,15,85,5,1,0,0.681084399810061
37,2,2,1,1,1,30,6.5,90,60,8,75,90,5,1,0,0.464766200166196
37,2,2,1,1,1,7,16,50,20,16.75,65,75,5,1,1,0.896358099998906
37,2,2,1,1,1,8,2.5,90,10,16,15,20,5,1,0,2.86425649980083
37,2,2,1,1,1,42,11,50,110,20,30,170,3,1,0,0.728120299987495
37,2,2,1,1,1,38,8,45,125,15.5,40,215,3,1,0,1.41701700002886
37,2,2,1,1,1,9,2,30,19,1,40,3,3,1,0,5.34517260012217
37,2,2,1,1,1,20,15.75,35,30,10,95,135,3,1,0,2.10448920005001
37,2,2,1,1,1,4,8.5,20,90,2,55,70,3,1,0,0.787138199899346
37,2,2,1,1,1,16,16,65,95,14,45,20,3,1,1,1.45585539983585
37,2,2,1,1,1,13,16.5,25,155,19.5,5,7,3,1,1,5.03581040003337
37,2,2,1,1,1,11,14,90,60,18.25,70,55,1,1,1,1.80869980016723
37,2,2,1,1,1,26,4,45,50,2.5,65,25,1,1,0,2.23299250006676
37,2,2,1,1,1,25,8.5,50,105,9,60,160,1,1,1,0.753492300165817
37,2,2,1,1,1,41,17,80,200,19,65,245,1,1,0,0.535644400166348
37,2,2,1,1,1,37,14.5,5,175,10,10,140,1,1,0,2.48048199992627
37,2,2,1,1,1,10,19.5,10,125,18.5,10,85,1,1,0,3.5362706000451
37,2,2,1,1,1,14,12,90,210,16.75,45,145,1,1,0,1.29652830003761
37,2,2,1,1,1,17,2,80,110,3.25,85,205,2,1,1,4.31961279991083
37,2,2,1,1,1,36,14,15,40,8.25,20,5,2,1,0,2.21692689997144
37,2,2,1,1,1,1,5,50,0,3,30,0,2,1,1,2.86491760006174
37,2,2,1,1,1,19,15,75,225,17.5,25,40,2,1,0,1.47501639998518
37,2,2,1,1,1,27,1.5,95,20,5.25,50,120,2,1,0,6.96884009987116
37,2,2,1,1,1,40,9.5,20,25,18,15,110,2,1,0,3.56940619996749
37,2,2,1,1,1,39,17,35,15,14,55,5,2,1,0,1.00076760002412
37,2,2,1,1,1,31,8.5,50,22,5,70,14,6,1,0,1.72103910008445
37,2,2,1,1,1,35,12,75,25,13,70,30,6,1,0,2.0719351998996
37,2,2,1,1,1,22,19.5,65,45,20,90,165,6,1,1,1.23167430004105
37,2,2,1,1,1,15,10,50,95,17.25,25,55,6,1,0,1.07986789988354
37,2,2,1,1,1,32,9.5,30,170,7,40,120,6,1,0,1.68071349989623
37,2,2,1,1,1,5,20,85,15,16,100,5,6,1,0,1.3125704000704
37,2,2,1,1,1,24,19,70,150,10,90,80,6,1,0,1.20072420011275
37,2,2,1,1,1,33,6,85,45,11,65,190,4,1,0,3.16430709999986
37,2,2,1,1,1,12,9.25,40,4,12,35,1,4,1,1,2.50491450005211
37,2,2,1,1,1,18,15,35,31,18.75,80,250,4,1,1,1.89178280020133
37,2,2,1,1,1,6,7,45,70,19,20,175,4,1,0,1.11271269991994
37,2,2,1,1,1,23,1.75,80,10,7.75,60,120,4,1,0,0.770655000116676
37,2,2,1,1,1,21,5.5,70,40,6,95,55,4,1,1,0.708408799953759
37,2,2,1,1,1,28,3.5,40,3,6,25,7,4,1,0,0.647629800019786
37,3,1,0,1,0,79,10,10,0,0,0,0,3,4,0.965150509026294,15.0368552000728
37,3,1,0,1,0,34,12,15,0,0,0,0,3,4,1.43177874325004,1.75190230016597
37,3,1,0,1,0,52,18.5,10,0,0,0,0,3,4,1.17906149971465,1.65158249996603
37,3,1,0,1,0,8,16,15,0,0,0,0,3,4,1.25378503407747,1.47240080009215
37,3,1,0,1,0,45,13.5,55,0,0,0,0,3,4,2.08480975607697,1.66568510001525
37,3,1,0,1,0,76,4,35,0,0,0,0,3,4,0.500012634268963,1.79694010014646
37,3,1,0,1,0,49,16,50,0,0,0,0,3,4,1.81367180322844,2.18292779987678
37,3,1,0,1,0,72,6.5,90,0,0,0,0,3,4,2.02990165582899,1.44984499993734
37,3,1,0,1,0,24,19,70,0,0,0,0,3,4,2.21412453621203,1.30333820008673
37,3,1,0,1,0,51,1,40,0,0,0,0,3,4,0.432408477120084,2.34693120000884
37,3,1,0,1,0,67,8.5,50,0,0,0,0,3,4,1.04898479061982,1.87899950006977
37,3,1,0,1,0,11,18.25,70,0,0,0,0,3,4,1.9788809721005,1.48590940004215
37,3,1,0,1,0,6,19,20,0,0,0,0,3,4,0.582424438553282,1.27302399999462
37,3,1,0,1,0,62,10,95,0,0,0,0,3,4,3.02290862175008,2.68371440004557
37,3,1,0,1,0,48,7,45,0,0,0,0,1,4,1.14886397954442,2.95845289994031
37,3,1,0,1,0,36,14,15,0,0,0,0,1,4,0.784479104309739,1.65666750003584
37,3,1,0,1,0,44,5,40,0,0,0,0,1,4,0.743869787831169,0.960655000060797
37,3,1,0,1,0,35,13,70,0,0,0,0,1,4,1.11533696218822,3.800200200174
37,3,1,0,1,0,74,7,40,0,0,0,0,1,4,0.449825538231988,1.04301040014252
37,3,1,0,1,0,59,2,80,0,0,0,0,1,4,0.549690240187253,2.04793899995275
37,3,1,0,1,0,43,3,30,0,0,0,0,1,4,0.734017884392436,1.00108760013245
37,3,1,0,1,0,15,17.25,25,0,0,0,0,1,4,0.676892581503978,2.6777115999721
37,3,1,0,1,0,39,17,35,0,0,0,0,1,4,0.654743372003473,2.45607129996642
37,3,1,0,1,0,1,5,50,0,0,0,0,1,4,0.748102369651065,5.82223910000175
37,3,1,0,1,0,78,8.25,20,0,0,0,0,1,4,0.836500120440061,1.92131870007142
37,3,1,0,1,0,57,10,50,0,0,0,0,1,4,1.09932451885949,1.95332510001026
37,3,1,0,1,0,71,6,25,0,0,0,0,1,4,0.660762561552612,1.00665970006958
37,3,1,0,1,0,17,3.25,85,0,0,0,0,1,4,1.02306462540363,1.81831920007244
37,3,1,0,1,0,12,12,35,0,0,0,0,4,4,0.851588141265662,0.694236899958923
37,3,1,0,1,0,18,18.75,80,0,0,0,0,4,4,2.0900574058465,1.5384359001182
37,3,1,0,1,0,5,20,85,0,0,0,0,4,4,1.9788809721005,3.162876999937
37,3,1,0,1,0,69,1.5,95,0,0,0,0,4,4,1.01669519755721,0.626662199851125
37,3,1,0,1,0,80,8,45,0,0,0,0,4,4,0.567941941687419,1.68367639998905
37,3,1,0,1,0,77,12,75,0,0,0,0,4,4,1.58046672418082,1.10951209999621
37,3,1,0,1,0,82,9.5,20,0,0,0,0,4,4,0.755320277809592,1.90023209992796
37,3,1,0,1,0,4,8.5,20,0,0,0,0,4,4,0.570708721380857,1.34150899993256
37,3,1,0,1,0,73,5,70,0,0,0,0,4,4,0.858224214789203,1.3786571000237
37,3,1,0,1,0,2,7.5,75,0,0,0,0,4,4,1.14369501913771,1.4425298999995
37,3,1,0,1,0,60,15,35,0,0,0,0,4,4,0.720672938878906,2.59485869994387
37,3,1,0,1,0,37,14.5,5,0,0,0,0,4,4,0.173459306190832,2.45852160011418
37,3,1,0,1,0,14,16.75,45,0,0,0,0,4,4,0.895331874850701,1.18092519999482
37,3,1,0,1,0,29,7,20,0,0,0,0,4,4,0.638647824885339,3.00444769999012
37,3,1,0,1,0,28,6,25,0,0,0,0,6,4,0.611054589706967,1.22262519993819
37,3,1,0,1,0,46,2,55,0,0,0,0,6,4,1.00830644677874,1.17809480009601
37,3,1,0,1,0,55,16.5,25,0,0,0,0,6,4,0.473357160549337,2.24239489994943
37,3,1,0,1,0,25,9,60,0,0,0,0,6,4,1.03084779430305,1.03898430010304
37,3,1,0,1,0,58,14,45,0,0,0,0,6,4,0.602394970983404,1.74156449991278
37,3,1,0,1,0,64,19.5,65,0,0,0,0,6,4,1.05369936754841,1.68584139994346
37,3,1,0,1,0,81,14,55,0,0,0,0,6,4,0.996958512766266,1.60810650000349
37,3,1,0,1,0,31,8.5,50,0,0,0,0,6,4,0.735251398281822,1.47979380004108
37,3,1,0,1,0,20,15.75,35,0,0,0,0,6,4,0.526865528279895,1.73252339987084
37,3,1,0,1,0,16,16,65,0,0,0,0,6,4,1.42515279803031,4.11499070003629
37,3,1,0,1,0,53,14,90,0,0,0,0,6,4,2.11995554106915,3.8227863998618
37,3,1,0,1,0,21,6,95,0,0,0,0,6,4,2.11777432188217,1.44792599999346
37,3,1,0,1,0,22,20,90,0,0,0,0,6,4,3.96741015562254,1.11809599981643
37,3,1,0,1,0,47,16,100,0,0,0,0,6,4,8.01168549215127,1.02963260002434
37,3,1,0,1,0,40,18,15,0,0,0,0,5,4,0.758041396248775,1.85079270019196
37,3,1,0,1,0,56,12,90,0,0,0,0,5,4,3.00972117933742,1.47886679996736
37,3,1,0,1,0,68,2.5,65,0,0,0,0,5,4,0.672248424766529,1.2277951000724
37,3,1,0,1,0,19,17.5,25,0,0,0,0,5,4,0.745537423084102,1.1685289000161
37,3,1,0,1,0,75,6,85,0,0,0,0,5,4,0.95269408747421,1.95603920007125
37,3,1,0,1,0,61,15,75,0,0,0,0,5,4,1.04443931360544,1.92701709992252
37,3,1,0,1,0,9,2,30,0,0,0,0,5,4,0.360721316228229,0.981860299827531
37,3,1,0,1,0,26,4,45,0,0,0,0,5,4,0.558551979562779,1.05230239988305
37,3,1,0,1,0,13,19.5,5,0,0,0,0,5,4,0.571855813547543,1.57708109985106
37,3,1,0,1,0,83,17,80,0,0,0,0,5,4,2.0928457865238,5.03534330008551
37,3,1,0,1,0,3,15,85,0,0,0,0,5,4,1.5145313343375,1.03360399999656
37,3,1,0,1,0,70,3.5,40,0,0,0,0,5,4,0.962955406142925,1.56733730016276
37,3,1,0,1,0,38,15.5,40,0,0,0,0,5,4,0.769173178520401,1.31274099997245
37,3,1,0,1,0,23,7.75,60,0,0,0,0,5,4,0.932772220875925,2.7725277999416
37,3,1,0,1,0,42,20,30,0,0,0,0,2,4,0.556514501912375,0.891806300031021
37,3,1,0,1,0,33,11,65,0,0,0,0,2,4,0.414289981419,3.87751949997619
37,3,1,0,1,0,10,19.5,10,0,0,0,0,2,4,0.318768292301019,1.69023160007782
37,3,1,0,1,0,7,16.75,65,0,0,0,0,2,4,0.901295720660443,2.42347929999232
37,3,1,0,1,0,66,10,90,0,0,0,0,2,4,2.066673987337,0.998325899941847
37,3,1,0,1,0,84,11,50,0,0,0,0,2,4,0.897225325277539,1.50928190001287
37,3,1,0,1,0,27,5.25,50,0,0,0,0,2,4,0.802498409351134,1.10098230000585
37,3,1,0,1,0,50,2.5,90,0,0,0,0,2,4,1.0585870423836,1.22964329994284
37,3,1,0,1,0,32,9.5,30,0,0,0,0,2,4,0.488745039443948,1.16476390021853
37,3,1,0,1,0,63,5.5,70,0,0,0,0,2,4,0.772550829797098,0.866585700074211
37,3,1,0,1,0,41,19,65,0,0,0,0,2,4,0.788185880865232,2.52982110017911
37,3,1,0,1,0,30,8,75,0,0,0,0,2,4,0.975102349792277,1.10812059999444
37,3,1,0,1,0,54,9.25,40,0,0,0,0,2,4,0.245844449266464,1.12611400010064
37,3,1,0,1,0,65,1.75,80,0,0,0,0,2,4,0.575857152798022,2.39945389982313
37,3,2,1,1,0,41,17,80,0,19,65,0,6,3,0,1.73488519992679
37,3,2,1,1,0,22,19.5,65,0,20,90,0,6,3,1,1.26365279988386
37,3,2,1,1,0,15,10,50,0,17.25,25,0,6,3,0,0.881125299958512
37,3,2,1,1,0,34,4,35,0,12,15,0,6,3,0,1.11985950008966
37,3,2,1,1,0,23,1.75,80,0,7.75,60,0,6,3,1,4.08618290000595
37,3,2,1,1,0,36,14,15,0,8.25,20,0,6,3,0,2.97670979984105
37,3,2,1,1,0,20,10,95,0,15.75,35,0,6,3,0,0.784960599849001
37,3,2,1,1,0,3,13.5,55,0,15,85,0,3,3,1,1.77617079997435
37,3,2,1,1,0,39,17,35,0,14,55,0,3,3,0,1.11253280006349
37,3,2,1,1,0,6,7,45,0,19,20,0,3,3,0,2.13633330003358
37,3,2,1,1,0,37,14.5,5,0,10,10,0,3,3,0,2.70447440003045
37,3,2,1,1,0,14,16.75,45,0,12,90,0,3,3,0,1.63449910003692
37,3,2,1,1,0,40,18,15,0,9.5,20,0,3,3,1,3.25399280013517
37,3,2,1,1,0,17,2,80,0,3.25,85,0,3,3,1,2.56898360000923
37,3,2,1,1,0,27,1.5,95,0,5.25,50,0,5,3,0,1.00419929996133
37,3,2,1,1,0,29,6,25,0,7,20,0,5,3,0,2.27535500004888
37,3,2,1,1,0,38,8,45,0,15.5,40,0,5,3,0,1.82288060011342
37,3,2,1,1,0,35,13,70,0,12,75,0,5,3,0,2.16138910013251
37,3,2,1,1,0,19,17.5,25,0,15,75,0,5,3,0,1.31389830005355
37,3,2,1,1,0,16,14,45,0,16,65,0,5,3,1,1.89713970012963
37,3,2,1,1,0,12,12,35,0,9.25,40,0,5,3,0,2.10653809993528
37,3,2,1,1,0,2,7.5,75,0,5,40,0,2,3,1,2.05180269991979
37,3,2,1,1,0,13,19.5,5,0,16.5,25,0,2,3,0,1.33747710008174
37,3,2,1,1,0,31,8.5,50,0,5,70,0,2,3,0,1.33820990007371
37,3,2,1,1,0,25,9,60,0,8.5,50,0,2,3,1,1.55514599988237
37,3,2,1,1,0,7,16.75,65,0,16,50,0,2,3,1,2.02674830006436
37,3,2,1,1,0,10,19.5,10,0,18.5,10,0,2,3,1,3.57204639981501
37,3,2,1,1,0,42,20,30,0,11,50,0,2,3,0,3.56255499995314
37,3,2,1,1,0,8,16,15,0,2.5,90,0,4,3,1,3.48164299991913
37,3,2,1,1,0,28,3.5,40,0,6,25,0,4,3,0,3.33656130009331
37,3,2,1,1,0,32,7,40,0,9.5,30,0,4,3,0,3.93645219993778
37,3,2,1,1,0,21,5.5,70,0,6,95,0,4,3,1,4.33770849998109
37,3,2,1,1,0,5,20,85,0,16,100,0,4,3,0,0.935605000006035
37,3,2,1,1,0,4,8.5,20,0,2,55,0,4,3,0,1.12133899983019
37,3,2,1,1,0,30,8,75,0,6.5,90,0,4,3,0,1.03201869991608
37,3,2,1,1,0,18,18.75,80,0,15,35,0,1,3,1,1.88430639985017
37,3,2,1,1,0,26,4,45,0,2.5,65,0,1,3,0,1.4345186999999
37,3,2,1,1,0,11,18.25,70,0,14,90,0,1,3,0,2.88592300005257
37,3,2,1,1,0,1,5,50,0,3,30,0,1,3,1,0.97063530003652
37,3,2,1,1,0,24,19,70,0,10,90,0,1,3,0,1.03667899989523
37,3,2,1,1,0,9,2,30,0,1,40,0,1,3,0,2.96927200001664
37,3,2,1,1,0,33,11,65,0,6,85,0,1,3,0,4.26531770010479
38,1,1,0,1,1,76,4,35,70,0,0,0,3,2,0.501930103899152,15.1617088000057
38,1,1,0,1,1,1,5,50,0,0,0,0,3,2,0.798855832936255,7.13093679997837
38,1,1,0,1,1,7,16.75,65,75,0,0,0,3,2,4.00304148723374,13.1106215999462
38,1,1,0,1,1,28,6,25,7,0,0,0,3,2,0.599635384684145,5.99661349999951
38,1,1,0,1,1,17,3.25,85,205,0,0,0,3,2,0.102435719737645,5.71842859999742
38,1,1,0,1,1,62,10,95,135,0,0,0,3,2,2.99641396983677,5.42927839996992
38,1,1,0,1,1,39,17,35,15,0,0,0,3,2,1.49952592008842,5.5315464999876
38,1,1,0,1,1,5,20,85,15,0,0,0,3,2,4.75128501146188,1.99706510000397
38,1,1,0,1,1,31,8.5,50,22,0,0,0,3,2,0.848587426728617,3.0350943999947
38,1,1,0,1,1,44,5,40,65,0,0,0,3,2,0.849640223729683,2.01152659999207
38,1,1,0,1,1,71,6,25,45,0,0,0,3,2,0.200218832498798,3.32891959999688
38,1,1,0,1,1,32,9.5,30,170,0,0,0,3,2,0.802498409351134,11.4005849999958
38,1,1,0,1,1,69,1.5,95,20,0,0,0,3,2,0.014178590640622,4.00957400002517
38,1,1,0,1,1,50,2.5,90,10,0,0,0,3,2,0.0436034121489826,1.66035389999161
38,1,1,0,1,1,66,10,90,80,0,0,0,4,2,1.75401589594037,2.03192179999314
38,1,1,0,1,1,20,15.75,35,30,0,0,0,4,2,1.49952592008842,6.63913820002927
38,1,1,0,1,1,25,9,60,160,0,0,0,4,2,0.749822116018834,3.44850399997085
38,1,1,0,1,1,33,11,65,190,0,0,0,4,2,0.698054676462377,2.57346909999615
38,1,1,0,1,1,58,14,45,20,0,0,0,4,2,0.748102369651065,2.2202514000237
38,1,1,0,1,1,79,10,10,140,0,0,0,4,2,0.101271874965168,1.77497149998089
38,1,1,0,1,1,81,14,55,5,0,0,0,4,2,0.796950172588826,2.72972509998363
38,1,1,0,1,1,23,7.75,60,120,0,0,0,4,2,0.304301408621097,1.88412249996327
38,1,1,0,1,1,61,15,75,225,0,0,0,4,2,2.00219658686413,4.05980749998707
38,1,1,0,1,1,80,8,45,125,0,0,0,4,2,0.503060976289717,3.5273276999942
38,1,1,0,1,1,22,20,90,165,0,0,0,4,2,5,4.02616459998535
38,1,1,0,1,1,3,15,85,14,0,0,0,4,2,3.00396027555258,2.05110470001819
38,1,1,0,1,1,51,1,40,3,0,0,0,4,2,0.014634911515401,2.20233739999821
38,1,1,0,1,1,11,18.25,70,55,0,0,0,4,2,2.75076949015977,5.46318439999595
38,1,1,0,1,1,65,1.75,80,10,0,0,0,2,2,0.0522879225439112,2.6545907999971
38,1,1,0,1,1,30,8,75,90,0,0,0,2,2,0.74715034367885,6.18802509998204
38,1,1,0,1,1,77,12,75,25,0,0,0,2,2,1.24845882775249,1.44385789998341
38,1,1,0,1,1,34,12,15,85,0,0,0,2,2,0.0294048612048954,3.01781569997547
38,1,1,0,1,1,55,16.5,25,155,0,0,0,2,2,0.895071549240335,3.11163090000628
38,1,1,0,1,1,57,10,50,95,0,0,0,2,2,0.797147137386922,1.41177940001944
38,1,1,0,1,1,14,16.75,45,145,0,0,0,2,2,0.853544957361272,1.43883909995202
38,1,1,0,1,1,64,19.5,65,45,0,0,0,2,2,1.24863791931784,3.737247400044
38,1,1,0,1,1,43,3,30,0,0,0,0,2,2,0.0137498657118265,1.3814084000187
38,1,1,0,1,1,56,12,90,210,0,0,0,2,2,0.751549750501365,3.0221497999737
38,1,1,0,1,1,38,15.5,40,215,0,0,0,2,2,0.864111418491795,3.17000799998641
38,1,1,0,1,1,70,3.5,40,3,0,0,0,2,2,0,1.96513440000126
38,1,1,0,1,1,68,2.5,65,25,0,0,0,2,2,0.101502523558381,1.4824643000029
38,1,1,0,1,1,9,2,30,19,0,0,0,2,2,0,1.30642290000105
38,1,1,0,1,1,59,2,80,110,0,0,0,5,2,0.0144686062786938,2.09164329996565
38,1,1,0,1,1,27,5.25,50,120,0,0,0,5,2,0.197120095424211,2.76104799995665
38,1,1,0,1,1,49,16,50,20,0,0,0,5,2,1.49895398605675,1.79906349995872
38,1,1,0,1,1,75,6,85,45,0,0,0,5,2,0.745537423084102,2.27455950004514
38,1,1,0,1,1,60,15,35,31,0,0,0,5,2,0.745537423084102,1.54252819996327
38,1,1,0,1,1,24,19,70,150,0,0,0,5,2,2.75178656470538,1.77303849998862
38,1,1,0,1,1,4,8.5,20,90,0,0,0,5,2,0.496578289852842,2.08544840000104
38,1,1,0,1,1,10,19.5,10,125,0,0,0,5,2,0.750585285954063,3.58888510003453
38,1,1,0,1,1,13,19.5,5,7,0,0,0,5,2,0.495443947238414,3.72077919996809
38,1,1,0,1,1,37,14.5,5,175,0,0,0,5,2,0.448804274187541,2.04551750002429
38,1,1,0,1,1,53,14,90,60,0,0,0,5,2,2.80468788614767,2.61211849999381
38,1,1,0,1,1,35,13,70,30,0,0,0,5,2,1.10183623565636,1.64896879997104
38,1,1,0,1,1,21,6,95,55,0,0,0,5,2,0.449825538231988,2.05310710001504
38,1,1,0,1,1,47,16,100,5,0,0,0,5,2,5.99695851276626,10.5435431000078
38,1,1,0,1,1,78,8.25,20,5,0,0,0,1,2,0.250392473068274,2.80362110002898
38,1,1,0,1,1,40,18,15,110,0,0,0,1,2,0.996199999994484,1.51510630000848
38,1,1,0,1,1,12,12,35,1,0,0,0,1,2,0.751549750501365,2.40399660001276
38,1,1,0,1,1,83,17,80,200,0,0,0,1,2,3.00290825057218,1.65479539998341
38,1,1,0,1,1,72,6.5,90,60,0,0,0,1,2,1.50499704088283,1.46839819999877
38,1,1,0,1,1,2,7.5,75,25,0,0,0,1,2,0.800673000153697,1.22625059995335
38,1,1,0,1,1,8,16,15,20,0,0,0,1,2,0.752990044486253,1.34783980000066
38,1,1,0,1,1,67,8.5,50,105,0,0,0,1,2,0.402750370230436,6.95174550003139
38,1,1,0,1,1,45,13.5,55,65,0,0,0,1,2,0.601768564928658,2.41070110001601
38,1,1,0,1,1,54,9.25,40,4,0,0,0,1,2,0.497717828038919,1.04310840001563
38,1,1,0,1,1,63,5.5,70,40,0,0,0,1,2,0.497717828038919,1.2091184000019
38,1,1,0,1,1,15,17.25,25,55,0,0,0,1,2,0.502652019575308,3.11435280001024
38,1,1,0,1,1,18,18.75,80,250,0,0,0,1,2,3.74737518151242,1.57841299998108
38,1,1,0,1,1,84,11,50,110,0,0,0,1,2,0.800673000153697,3.75322220003
38,1,1,0,1,1,74,7,40,120,0,0,0,6,2,0.748895121994106,1.08773619995918
38,1,1,0,1,1,41,19,65,245,0,0,0,6,2,0.999916782871033,1.66698410001118
38,1,1,0,1,1,46,2,55,70,0,0,0,6,2,0,2.03405539999949
38,1,1,0,1,1,73,5,70,14,0,0,0,6,2,0.764161453856847,4.61708509997698
38,1,1,0,1,1,36,14,15,40,0,0,0,6,2,0.304301408621097,1.38223240000661
38,1,1,0,1,1,19,17.5,25,40,0,0,0,6,2,0.745537423084102,1.53676599997561
38,1,1,0,1,1,42,20,30,170,0,0,0,6,2,0.848587426728617,1.53457499999786
38,1,1,0,1,1,48,7,45,70,0,0,0,6,2,0.495443947238414,2.59191499999724
38,1,1,0,1,1,6,19,20,175,0,0,0,6,2,0.800673000153697,1.46370069996919
38,1,1,0,1,1,29,7,20,55,0,0,0,6,2,0.503060976289717,1.32954079995397
38,1,1,0,1,1,16,16,65,95,0,0,0,6,2,0.901295720660443,1.35767299996223
38,1,1,0,1,1,52,18.5,10,85,0,0,0,6,2,0.404694499179367,1.49758750002366
38,1,1,0,1,1,82,9.5,20,25,0,0,0,6,2,0.249814793594549,1.5469265000429
38,1,1,0,1,1,26,4,45,50,0,0,0,6,2,0.204348980378708,1.34081040002638
38,1,2,1,1,1,26,2.5,65,25,4,45,50,1,1,0,8.45630949997576
38,1,2,1,1,1,7,16,50,20,16.75,65,75,1,1,1,8.46284359996207
38,1,2,1,1,1,1,3,30,0,5,50,0,1,1,1,3.74251549999462
38,1,2,1,1,1,2,5,40,65,7.5,75,25,1,1,1,2.90389369998593
38,1,2,1,1,1,37,14.5,5,175,10,10,140,1,1,0,13.2595172000001
38,1,2,1,1,1,21,6,95,55,5.5,70,40,1,1,1,4.36985499999719
38,1,2,1,1,1,32,9.5,30,170,7,40,120,1,1,0,6.41857720003463
38,1,2,1,1,1,38,8,45,125,15.5,40,215,5,1,1,11.1511032999842
38,1,2,1,1,1,20,10,95,135,15.75,35,30,5,1,1,7.84367660002317
38,1,2,1,1,1,25,9,60,160,8.5,50,105,5,1,1,8.35287410003366
38,1,2,1,1,1,23,7.75,60,120,1.75,80,10,5,1,1,10.1531748999842
38,1,2,1,1,1,30,8,75,90,6.5,90,60,5,1,0,6.89496900001541
38,1,2,1,1,1,10,18.5,10,85,19.5,10,125,5,1,0,9.51306190004107
38,1,2,1,1,1,12,9.25,40,4,12,35,1,5,1,0,6.05842630000552
38,1,2,1,1,1,9,1,40,3,2,30,19,3,1,0,8.10482880001655
38,1,2,1,1,1,35,12,75,25,13,70,30,3,1,0,9.40968219999922
38,1,2,1,1,1,34,4,35,70,12,15,85,3,1,1,12.5282229000004
38,1,2,1,1,1,13,16.5,25,155,19.5,5,7,3,1,1,5.98595499998191
38,1,2,1,1,1,41,17,80,200,19,65,245,3,1,0,6.10310930002015
38,1,2,1,1,1,24,19,70,150,10,90,80,3,1,0,5.88072310003918
38,1,2,1,1,1,19,15,75,225,17.5,25,40,3,1,0,8.18908270000247
38,1,2,1,1,1,22,20,90,165,19.5,65,45,4,1,1,6.40993650001474
38,1,2,1,1,1,29,7,20,55,6,25,45,4,1,0,6.55347009998513
38,1,2,1,1,1,16,16,65,95,14,45,20,4,1,0,12.7217899000389
38,1,2,1,1,1,8,2.5,90,10,16,15,20,4,1,1,8.10664030001499
38,1,2,1,1,1,17,3.25,85,205,2,80,110,4,1,1,10.5238265999942
38,1,2,1,1,1,3,13.5,55,65,15,85,14,4,1,1,4.7040206999518
38,1,2,1,1,1,5,20,85,15,16,100,5,4,1,0,5.12167300004512
38,1,2,1,1,1,36,8.25,20,5,14,15,40,6,1,0,6.7079950000043
38,1,2,1,1,1,14,16.75,45,145,12,90,210,6,1,0,5.87385430000722
38,1,2,1,1,1,4,2,55,70,8.5,20,90,6,1,1,9.2649284999934
38,1,2,1,1,1,33,6,85,45,11,65,190,6,1,0,4.7929301999975
38,1,2,1,1,1,27,5.25,50,120,1.5,95,20,6,1,1,7.81132549996255
38,1,2,1,1,1,18,15,35,31,18.75,80,250,6,1,1,8.04129510000348
38,1,2,1,1,1,11,18.25,70,55,14,90,60,6,1,0,4.85767559998203
38,1,2,1,1,1,39,14,55,5,17,35,15,2,1,0,7.00244049995672
38,1,2,1,1,1,6,19,20,175,7,45,70,2,1,0,4.80148000002373
38,1,2,1,1,1,31,5,70,14,8.5,50,22,2,1,0,5.00896409997949
38,1,2,1,1,1,15,10,50,95,17.25,25,55,2,1,0,9.72129000001587
38,1,2,1,1,1,40,18,15,110,9.5,20,25,2,1,0,6.3135406000074
38,1,2,1,1,1,28,3.5,40,3,6,25,7,2,1,1,9.41875029995572
38,1,2,1,1,1,42,11,50,110,20,30,170,2,1,0,10.0670115000103
38,2,1,1,1,0,25,8.5,50,0,9,60,0,2,3,1,3.98956159991212
38,2,1,1,1,0,34,4,35,0,12,15,0,2,3,1,8.97421829984523
38,2,1,1,1,0,7,16,50,0,16.75,65,0,2,3,1,2.51862860005349
38,2,1,1,1,0,35,13,70,0,12,75,0,2,3,0,5.10928760003299
38,2,1,1,1,0,38,8,45,0,15.5,40,0,2,3,1,2.37988579994999
38,2,1,1,1,0,11,18.25,70,0,14,90,0,2,3,0,3.86526830005459
38,2,1,1,1,0,3,13.5,55,0,15,85,0,2,3,1,2.2884682000149
38,2,1,1,1,0,20,15.75,35,0,10,95,0,4,3,0,5.34642020007595
38,2,1,1,1,0,12,9.25,40,0,12,35,0,4,3,1,3.4813087999355
38,2,1,1,1,0,36,14,15,0,8.25,20,0,4,3,0,9.04307370004244
38,2,1,1,1,0,22,19.5,65,0,20,90,0,4,3,1,2.38370310002938
38,2,1,1,1,0,30,8,75,0,6.5,90,0,4,3,0,4.42634129989892
38,2,1,1,1,0,29,6,25,0,7,20,0,4,3,0,3.53703740006313
38,2,1,1,1,0,2,5,40,0,7.5,75,0,4,3,1,1.80142739997245
38,2,1,1,1,0,40,18,15,0,9.5,20,0,1,3,1,7.53833679994568
38,2,1,1,1,0,17,2,80,0,3.25,85,0,1,3,1,1.70836449996568
38,2,1,1,1,0,14,16.75,45,0,12,90,0,1,3,0,3.43945429986343
38,2,1,1,1,0,32,9.5,30,0,7,40,0,1,3,0,4.32008310011588
38,2,1,1,1,0,15,10,50,0,17.25,25,0,1,3,0,3.66791020007804
38,2,1,1,1,0,18,15,35,0,18.75,80,0,1,3,1,1.54460099991411
38,2,1,1,1,0,1,5,50,0,3,30,0,1,3,1,3.39385719993152
38,2,1,1,1,0,9,2,30,0,1,40,0,3,3,0,10.2811410001013
38,2,1,1,1,0,26,2.5,65,0,4,45,0,3,3,0,2.47449129982851
38,2,1,1,1,0,31,5,70,0,8.5,50,0,3,3,0,6.06661229999736
38,2,1,1,1,0,41,17,80,0,19,65,0,3,3,0,2.23378820018843
38,2,1,1,1,0,6,7,45,0,19,20,0,3,3,0,46.3146991000976
38,2,1,1,1,0,23,1.75,80,0,7.75,60,0,3,3,1,4.91410430008546
38,2,1,1,1,0,19,17.5,25,0,15,75,0,3,3,0,1.69009910011664
38,2,1,1,1,0,4,2,55,0,8.5,20,0,6,3,1,9.81875299988315
38,2,1,1,1,0,42,11,50,0,20,30,0,6,3,0,4.15267590014264
38,2,1,1,1,0,21,5.5,70,0,6,95,0,6,3,1,2.16955240000971
38,2,1,1,1,0,28,6,25,0,3.5,40,0,6,3,0,10.5932036000304
38,2,1,1,1,0,13,16.5,25,0,19.5,5,0,6,3,0,4.03383649978787
38,2,1,1,1,0,37,14.5,5,0,10,10,0,6,3,0,5.45854260004126
38,2,1,1,1,0,5,16,100,0,20,85,0,6,3,0,1.63821400003508
38,2,1,1,1,0,10,18.5,10,0,19.5,10,0,5,3,1,4.68933529988863
38,2,1,1,1,0,33,6,85,0,11,65,0,5,3,0,4.59277240000665
38,2,1,1,1,0,39,17,35,0,14,55,0,5,3,0,2.35387390013784
38,2,1,1,1,0,8,2.5,90,0,16,15,0,5,3,1,6.61030899989419
38,2,1,1,1,0,24,10,90,0,19,70,0,5,3,0,7.89203629991971
38,2,1,1,1,0,27,5.25,50,0,1.5,95,0,5,3,1,5.60800209990703
38,2,1,1,1,0,16,14,45,0,16,65,0,5,3,1,1.73687030002475
38,2,2,0,1,0,8,16,15,0,0,0,0,4,4,1.74666976501043,17.5828050000127
38,2,2,0,1,0,22,20,90,0,0,0,0,4,4,4.00304148723374,6.53213980002329
38,2,2,0,1,0,5,20,85,0,0,0,0,4,4,3.74734221704043,2.98570469999686
38,2,2,0,1,0,7,16.75,65,0,0,0,0,4,4,2.60362066427888,3.87246369989589
38,2,2,0,1,0,13,19.5,5,0,0,0,0,4,4,0.749822116018834,2.38004749990068
38,2,2,0,1,0,84,11,50,0,0,0,0,4,4,0.950745108046092,2.27798099978827
38,2,2,0,1,0,28,6,25,0,0,0,0,4,4,0.45188204998966,1.69914069981314
38,2,2,0,1,0,10,19.5,10,0,0,0,0,4,4,0.800673000153697,2.09501950000413
38,2,2,0,1,0,26,4,45,0,0,0,0,4,4,0.145321733518195,1.59623540006578
38,2,2,0,1,0,66,10,90,0,0,0,0,4,4,1.75223030726786,1.91801459994167
38,2,2,0,1,0,62,10,95,0,0,0,0,4,4,0.998478980309287,6.37576050008647
38,2,2,0,1,0,17,3.25,85,0,0,0,0,4,4,0.396455144963468,1.2462239000015
38,2,2,0,1,0,47,16,100,0,0,0,0,4,4,5.99801304277545,5.49060290004127
38,2,2,0,1,0,51,1,40,0,0,0,0,4,4,0.0290691939660874,1.2128415000625
38,2,2,0,1,0,77,12,75,0,0,0,0,5,4,0.804332116427542,1.96134809986688
38,2,2,0,1,0,16,16,65,0,0,0,0,5,4,1.2538509602905,1.38655969989486
38,2,2,0,1,0,49,16,50,0,0,0,0,5,4,0.854343510371571,1.67039959994145
38,2,2,0,1,0,18,18.75,80,0,0,0,0,5,4,2.25275811522242,1.76783539983444
38,2,2,0,1,0,56,12,90,0,0,0,0,5,4,2.75379013955733,1.75577330007218
38,2,2,0,1,0,80,8,45,0,0,0,0,5,4,0.395544005677881,1.21110889990814
38,2,2,0,1,0,64,19.5,65,0,0,0,0,5,4,0.998478980309287,1.47683759988286
38,2,2,0,1,0,81,14,55,0,0,0,0,5,4,0.849640223729683,1.77487349999137
38,2,2,0,1,0,82,9.5,20,0,0,0,0,5,4,0.199323585450227,1.07060770015232
38,2,2,0,1,0,43,3,30,0,0,0,0,5,4,0,1.40440460015088
38,2,2,0,1,0,31,8.5,50,0,0,0,0,5,4,0.503060976289717,1.51759060006589
38,2,2,0,1,0,48,7,45,0,0,0,0,5,4,0.246965903293823,1.10110599990003
38,2,2,0,1,0,39,17,35,0,0,0,0,5,4,0.897125693612317,0.891721399966627
38,2,2,0,1,0,74,7,40,0,0,0,0,5,4,0.248667390442254,1.29843960003927
38,2,2,0,1,0,61,15,75,0,0,0,0,6,4,1.24510527860028,1.29211669997312
38,2,2,0,1,0,46,2,55,0,0,0,0,6,4,0,1.23135320004076
38,2,2,0,1,0,3,15,85,0,0,0,0,6,4,1.74666976501043,1.33366450015455
38,2,2,0,1,0,71,6,25,0,0,0,0,6,4,0.495443947238414,1.63619010010734
38,2,2,0,1,0,75,6,85,0,0,0,0,6,4,0.146660632657976,3.08770009991713
38,2,2,0,1,0,83,17,80,0,0,0,0,6,4,1.850011722067,1.17424910003319
38,2,2,0,1,0,6,19,20,0,0,0,0,6,4,0.746358232481782,1.3707997999154
38,2,2,0,1,0,11,18.25,70,0,0,0,0,6,4,1.79746053713884,13.3372732999269
38,2,2,0,1,0,54,9.25,40,0,0,0,0,6,4,0.554719432442823,1.23626999999397
38,2,2,0,1,0,25,9,60,0,0,0,0,6,4,0.745537423084102,1.38274349994026
38,2,2,0,1,0,9,2,30,0,0,0,0,6,4,0,1.52008670009673
38,2,2,0,1,0,50,2.5,90,0,0,0,0,6,4,0.248097630343416,1.00866380007938
38,2,2,0,1,0,65,1.75,80,0,0,0,0,6,4,0.246965903293823,1.46836049994454
38,2,2,0,1,0,1,5,50,0,0,0,0,6,4,0.598551326124078,1.20507609983906
38,2,2,0,1,0,44,5,40,0,0,0,0,2,4,0.302239127127656,1.45963179995306
38,2,2,0,1,0,23,7.75,60,0,0,0,0,2,4,0.874007596988541,3.47876329999417
38,2,2,0,1,0,2,7.5,75,0,0,0,0,2,4,0.903344706017332,1.90030879992992
38,2,2,0,1,0,36,14,15,0,0,0,0,2,4,0.903344706017332,3.82058870000765
38,2,2,0,1,0,27,5.25,50,0,0,0,0,2,4,0.295562133586568,0.977578999940306
38,2,2,0,1,0,40,18,15,0,0,0,0,2,4,0.852416210683948,1.09349499992095
38,2,2,0,1,0,68,2.5,65,0,0,0,0,2,4,0.245844449266464,1.28236519987695
38,2,2,0,1,0,38,15.5,40,0,0,0,0,2,4,0.846685828141499,2.87855600006878
38,2,2,0,1,0,15,17.25,25,0,0,0,0,2,4,0.903344706017332,1.00358540005982
38,2,2,0,1,0,73,5,70,0,0,0,0,2,4,0.402750370230436,1.08371469983831
38,2,2,0,1,0,42,20,30,0,0,0,0,2,4,1.50346330994384,1.55880609992892
38,2,2,0,1,0,41,19,65,0,0,0,0,2,4,1.74760399502435,1.88250010018237
38,2,2,0,1,0,19,17.5,25,0,0,0,0,2,4,1.14627373530418,1.19292770000175
38,2,2,0,1,0,29,7,20,0,0,0,0,2,4,0.448804274187541,1.06885430007242
38,2,2,0,1,0,79,10,10,0,0,0,0,3,4,0.745537423084102,1.84371930011548
38,2,2,0,1,0,63,5.5,70,0,0,0,0,3,4,0.701245619459179,1.49485910008661
38,2,2,0,1,0,60,15,35,0,0,0,0,3,4,0.954273201350713,1.02928590006195
38,2,2,0,1,0,21,6,95,0,0,0,0,3,4,0.897321814982032,1.26782869989984
38,2,2,0,1,0,67,8.5,50,0,0,0,0,3,4,0.498567726576727,1.66508509987034
38,2,2,0,1,0,57,10,50,0,0,0,0,3,4,0.653255610497272,1.29923090012744
38,2,2,0,1,0,14,16.75,45,0,0,0,0,3,4,0.853218200818745,1.07566169998609
38,2,2,0,1,0,32,9.5,30,0,0,0,0,3,4,0.203881682614501,1.1072474999819
38,2,2,0,1,0,34,12,15,0,0,0,0,3,4,0.296873843696954,1.00005879998207
38,2,2,0,1,0,78,8.25,20,0,0,0,0,3,4,0.204348980378708,1.5936328000389
38,2,2,0,1,0,24,19,70,0,0,0,0,3,4,1.25092385206709,1.35859169997275
38,2,2,0,1,0,37,14.5,5,0,0,0,0,3,4,0.146999220574159,0.923994299955666
38,2,2,0,1,0,20,15.75,35,0,0,0,0,3,4,0.350882755159915,1.35084689990617
38,2,2,0,1,0,45,13.5,55,0,0,0,0,3,4,0.599079961280598,1.51663130009547
38,2,2,0,1,0,76,4,35,0,0,0,0,1,4,0.100134177463744,1.0799304000102
38,2,2,0,1,0,52,18.5,10,0,0,0,0,1,4,0.50116797470616,1.14776409999467
38,2,2,0,1,0,70,3.5,40,0,0,0,0,1,4,0.247530473893047,0.945978299947456
38,2,2,0,1,0,58,14,45,0,0,0,0,1,4,0.749822116018834,1.01416669995524
38,2,2,0,1,0,53,14,90,0,0,0,0,1,4,2.0028555794319,2.53931510006078
38,2,2,0,1,0,30,8,75,0,0,0,0,1,4,0.797046852298106,2.43673809990287
38,2,2,0,1,0,12,12,35,0,0,0,0,1,4,0.699646524331598,1.0083693000488
38,2,2,0,1,0,4,8.5,20,0,0,0,0,1,4,0.352532657726872,1.00094589986838
38,2,2,0,1,0,72,6.5,90,0,0,0,0,1,4,0.996958512766266,0.879480200121179
38,2,2,0,1,0,35,13,70,0,0,0,0,1,4,0.599859059396906,1.2929238001816
38,2,2,0,1,0,69,1.5,95,0,0,0,0,1,4,0.0530504197010657,1.22280670003965
38,2,2,0,1,0,55,16.5,25,0,0,0,0,1,4,0.853218200818745,1.22889670007862
38,2,2,0,1,0,33,11,65,0,0,0,0,1,4,0.895331874850701,0.845942599931732
38,2,2,0,1,0,59,2,80,0,0,0,0,1,4,0.0147365424835719,0.868812900036573
38,3,1,1,0,1,42,20,100,170,11,100,110,6,5,1,3.92085619999852
38,3,1,1,0,1,28,3.5,100,3,6,100,7,6,5,1,4.12641570000415
38,3,1,1,0,1,29,6,100,45,7,100,55,6,5,0,9.16800050000165
38,3,1,1,0,1,17,2,100,110,3.25,100,205,6,5,0,4.24694859999727
38,3,1,1,0,1,13,16.5,100,155,19.5,100,7,6,5,1,3.15898010000092
38,3,1,1,0,1,41,19,100,245,17,100,200,6,5,0,4.80315589999373
38,3,1,1,0,1,12,9.25,100,4,12,100,1,6,5,1,4.61638380000659
38,3,1,1,0,1,10,18.5,100,85,19.5,100,125,3,5,0,3.49701469999854
38,3,1,1,0,1,9,1,100,3,2,100,19,3,5,0,4.98079910000524
38,3,1,1,0,1,6,19,100,175,7,100,70,3,5,1,7.66063549999672
38,3,1,1,0,1,8,16,100,20,2.5,100,10,3,5,1,3.28831069999433
38,3,1,1,0,1,19,15,100,225,17.5,100,40,3,5,1,3.93200429999706
38,3,1,1,0,1,25,9,100,160,8.5,100,105,3,5,0,5.27332130000286
38,3,1,1,0,1,14,16.75,100,145,12,100,210,3,5,1,2.52984840000136
38,3,1,1,0,1,33,11,100,190,6,100,45,1,5,0,7.68356870000571
38,3,1,1,0,1,30,6.5,100,60,8,100,90,1,5,0,10.1159461999996
38,3,1,1,0,1,23,1.75,100,10,7.75,100,120,1,5,1,9.01124730000447
38,3,1,1,0,1,27,5.25,100,120,1.5,100,20,1,5,1,7.01745939999819
38,3,1,1,0,1,7,16.75,100,75,16,100,20,1,5,0,2.26092659999995
38,3,1,1,0,1,34,4,100,70,12,100,85,1,5,1,2.40097840000089
38,3,1,1,0,1,40,18,100,110,9.5,100,25,1,5,1,10.6770069999984
38,3,1,1,0,1,36,14,100,40,8.25,100,5,2,5,0,8.86490320000303
38,3,1,1,0,1,21,6,100,55,5.5,100,40,2,5,0,3.42244660000142
38,3,1,1,0,1,39,14,100,5,17,100,15,2,5,0,2.84937109999737
38,3,1,1,0,1,38,15.5,100,215,8,100,125,2,5,1,19.5004311000012
38,3,1,1,0,1,2,5,100,65,7.5,100,25,2,5,1,2.63668399999733
38,3,1,1,0,1,15,17.25,100,55,10,100,95,2,5,1,1.83643020000454
38,3,1,1,0,1,1,5,100,0,3,100,0,2,5,1,2.37295789999916
38,3,1,1,0,1,5,16,100,5,20,100,15,5,5,1,6.0175442999971
38,3,1,1,0,1,37,10,100,140,14.5,100,175,5,5,0,10.9406327999968
38,3,1,1,0,1,3,13.5,100,65,15,100,14,5,5,1,2.50422779999644
38,3,1,1,0,1,32,7,100,120,9.5,100,170,5,5,0,3.18128309999884
38,3,1,1,0,1,16,16,100,95,14,100,20,5,5,0,1.61010429999442
38,3,1,1,0,1,35,12,100,25,13,100,30,5,5,0,6.60695739999937
38,3,1,1,0,1,18,18.75,100,250,15,100,31,5,5,0,3.00460380000004
38,3,1,1,0,1,11,18.25,100,55,14,100,60,4,5,1,4.94137269999919
38,3,1,1,0,1,24,19,100,150,10,100,80,4,5,0,24.9085390999971
38,3,1,1,0,1,4,8.5,100,90,2,100,70,4,5,1,4.44414040000265
38,3,1,1,0,1,26,4,100,50,2.5,100,25,4,5,0,8.41284290000476
38,3,1,1,0,1,22,20,100,165,19.5,100,45,4,5,0,4.38774630000262
38,3,1,1,0,1,31,8.5,100,22,5,100,14,4,5,0,3.01507599999604
38,3,1,1,0,1,20,10,100,135,15.75,100,30,4,5,1,1.80383040000015
38,3,2,0,0,1,28,6,100,7,0,0,0,2,6,1.00438697815057,10.9719504000022
38,3,2,0,0,1,51,1,100,3,0,0,0,2,6,0,2.14418250000017
38,3,2,0,0,1,61,15,100,225,0,0,0,2,6,2.0028555794319,4.31450490000134
38,3,2,0,0,1,65,1.75,100,10,0,0,0,2,6,0.246965903293823,1.68617529999756
38,3,2,0,0,1,52,18.5,100,85,0,0,0,2,6,3.49767926139776,6.72388830000273
38,3,2,0,0,1,74,7,100,120,0,0,0,2,6,0.51347237800157,1.58386020000034
38,3,2,0,0,1,83,17,100,200,0,0,0,2,6,1.99769373642336,1.33601270000509
38,3,2,0,0,1,10,19.5,100,125,0,0,0,2,6,2.74781980557714,3.05795589999616
38,3,2,0,0,1,63,5.5,100,40,0,0,0,2,6,0.50375457177606,1.52110689999972
38,3,2,0,0,1,37,14.5,100,175,0,0,0,2,6,1.50008716470688,7.44827459999942
38,3,2,0,0,1,35,13,100,30,0,0,0,2,6,1.9984155015077,1.37097340000037
38,3,2,0,0,1,8,16,100,20,0,0,0,2,6,3.99980498638207,1.82716440000513
38,3,2,0,0,1,32,9.5,100,170,0,0,0,2,6,1.24562590320852,5.31641229999514
38,3,2,0,0,1,55,16.5,100,155,0,0,0,2,6,2.25007038992027,2.1848777999985
38,3,2,0,0,1,50,2.5,100,10,0,0,0,5,6,0.0141157146137232,4.25145939999493
38,3,2,0,0,1,69,1.5,100,20,0,0,0,5,6,0,1.76925949999713
38,3,2,0,0,1,22,20,100,165,0,0,0,5,6,2.99709806937205,8.40811560000293
38,3,2,0,0,1,12,12,100,1,0,0,0,5,6,3.99561302184943,3.87753679999878
38,3,2,0,0,1,30,8,100,90,0,0,0,5,6,0.811029268134718,3.36166789999697
38,3,2,0,0,1,44,5,100,65,0,0,0,5,6,0.0992422586875534,2.02480629999627
38,3,2,0,0,1,39,17,100,15,0,0,0,5,6,5,1.94693310000002
38,3,2,0,0,1,31,8.5,100,22,0,0,0,5,6,1.50398404101491,1.97282239999913
38,3,2,0,0,1,43,3,100,0,0,0,0,5,6,0.102671705863635,4.22211449999304
38,3,2,0,0,1,9,2,100,19,0,0,0,5,6,0,1.8156960999986
38,3,2,0,0,1,56,12,100,210,0,0,0,5,6,0.750585285954063,5.84216780000133
38,3,2,0,0,1,66,10,100,80,0,0,0,5,6,1.75223030726786,3.24594539999816
38,3,2,0,0,1,5,20,100,15,0,0,0,5,6,6.99657108223967,2.59797629999957
38,3,2,0,0,1,19,17.5,100,40,0,0,0,5,6,4.49710088814842,2.95500660000107
38,3,2,0,0,1,47,16,100,5,0,0,0,3,6,5.49790063867876,1.94007669999701
38,3,2,0,0,1,72,6.5,100,60,0,0,0,3,6,0.503060976289717,6.12059720000252
38,3,2,0,0,1,14,16.75,100,145,0,0,0,3,6,2.75477694460283,4.68927249999979
38,3,2,0,0,1,3,15,100,14,0,0,0,3,6,3.49968206726032,5.21322950000467
38,3,2,0,0,1,77,12,100,25,0,0,0,3,6,1.99732496911206,3.21299130000261
38,3,2,0,0,1,34,12,100,85,0,0,0,3,6,1.00280845159634,5.49151030000212
38,3,2,0,0,1,75,6,100,45,0,0,0,3,6,0.49525000760616,2.67464979999932
38,3,2,0,0,1,40,18,100,110,0,0,0,3,6,2.49591249882302,4.41132579999976
38,3,2,0,0,1,67,8.5,100,105,0,0,0,3,6,0.748102369651065,5.44847769998887
38,3,2,0,0,1,7,16.75,100,75,0,0,0,3,6,2.70250252447131,3.60628539999016
38,3,2,0,0,1,80,8,100,125,0,0,0,3,6,0.500804293999014,2.4944533000089
38,3,2,0,0,1,20,15.75,100,30,0,0,0,3,6,2.74765522354145,14.848937200004
38,3,2,0,0,1,53,14,100,60,0,0,0,3,6,1.75430086025243,2.20941880000464
38,3,2,0,0,1,58,14,100,20,0,0,0,3,6,1.99732496911206,4.80643450000207
38,3,2,0,0,1,64,19.5,100,45,0,0,0,6,6,2.50132721589135,8.26962920000369
38,3,2,0,0,1,25,9,100,160,0,0,0,6,6,0.750585285954063,5.85639430000447
38,3,2,0,0,1,41,19,100,245,0,0,0,6,6,1.50346330994384,16.2877261000103
38,3,2,0,0,1,49,16,100,20,0,0,0,6,6,2.49539489021195,3.36881129999529
38,3,2,0,0,1,33,11,100,190,0,0,0,6,6,0.751549750501365,4.82868260001123
38,3,2,0,0,1,18,18.75,100,250,0,0,0,6,6,1.75157727014444,5.75085890000628
38,3,2,0,0,1,13,19.5,100,7,0,0,0,6,6,3.49767926139776,9.23049499999615
38,3,2,0,0,1,38,15.5,100,215,0,0,0,6,6,0.998478980309287,9.70978739998827
38,3,2,0,0,1,45,13.5,100,65,0,0,0,6,6,1.50293273267278,4.00707770000736
38,3,2,0,0,1,17,3.25,100,205,0,0,0,6,6,0.245287531045168,2.23351730000286
38,3,2,0,0,1,81,14,100,5,0,0,0,6,6,3.99769174250672,22.4730292000022
38,3,2,0,0,1,84,11,100,110,0,0,0,6,6,0.495443947238414,3.80135300000256
38,3,2,0,0,1,21,6,100,55,0,0,0,6,6,0.396455144963468,3.18002700000943
38,3,2,0,0,1,6,19,100,175,0,0,0,6,6,1.00146715062697,2.91006190000917
38,3,2,0,0,1,23,7.75,100,120,0,0,0,1,6,0.498862597500583,2.98159419999865
38,3,2,0,0,1,78,8.25,100,5,0,0,0,1,6,1.25099024477645,2.05353269999614
38,3,2,0,0,1,57,10,100,95,0,0,0,1,6,0.745537423084102,5.27836570001091
38,3,2,0,0,1,70,3.5,100,3,0,0,0,1,6,0.0996862232208429,1.42038169999432
38,3,2,0,0,1,68,2.5,100,25,0,0,0,1,6,0,1.46579679999559
38,3,2,0,0,1,26,4,100,50,0,0,0,1,6,0.102671705863635,1.77493640000466
38,3,2,0,0,1,27,5.25,100,120,0,0,0,1,6,0.102908781710681,1.87815319999936
38,3,2,0,0,1,24,19,100,150,0,0,0,1,6,1.45366563053457,2.57845479999378
38,3,2,0,0,1,29,7,100,55,0,0,0,1,6,0.749659539656225,9.2619832999917
38,3,2,0,0,1,73,5,100,14,0,0,0,1,6,0.102908781710681,5.22048830000858
38,3,2,0,0,1,54,9.25,100,4,0,0,0,1,6,2.24648701516239,11.8790494999994
38,3,2,0,0,1,79,10,100,140,0,0,0,1,6,0.746390457746514,9.66271710000001
38,3,2,0,0,1,82,9.5,100,25,0,0,0,1,6,0.745537423084102,1.6901649999927
38,3,2,0,0,1,59,2,100,110,0,0,0,1,6,0,1.14588740000909
38,3,2,0,0,1,60,15,100,31,0,0,0,4,6,0.998478980309287,2.80944019999879
38,3,2,0,0,1,16,16,100,95,0,0,0,4,6,0.746390457746514,2.7975521000044
38,3,2,0,0,1,76,4,100,70,0,0,0,4,6,0.0441068997330483,2.22806609999679
38,3,2,0,0,1,11,18.25,100,55,0,0,0,4,6,1.24562590320852,2.41205949999858
38,3,2,0,0,1,71,6,100,45,0,0,0,4,6,0.350079601474192,2.82509159999609
38,3,2,0,0,1,46,2,100,70,0,0,0,4,6,0,1.78791990000173
38,3,2,0,0,1,15,17.25,100,55,0,0,0,4,6,1.24537159099183,2.4166516999976
38,3,2,0,0,1,48,7,100,70,0,0,0,4,6,0.749659539656225,2.75059119999059
38,3,2,0,0,1,36,14,100,40,0,0,0,4,6,1.30465176293541,2.08013270000811
38,3,2,0,0,1,4,8.5,100,90,0,0,0,4,6,0.248667390442254,1.39923779999663
38,3,2,0,0,1,42,20,100,170,0,0,0,4,6,1.00146715062697,3.25725759999477
38,3,2,0,0,1,62,10,100,135,0,0,0,4,6,0.746390457746514,24.0421857000038
38,3,2,0,0,1,2,7.5,100,25,0,0,0,4,6,1.14627373530418,1.6298603000032
38,3,2,0,0,1,1,5,100,0,0,0,0,4,6,0.999207787572097,1.91262519999873
39,1,1,1,0,1,8,2.5,100,10,16,100,20,3,5,1,2.30077079997864
39,1,1,1,0,1,12,12,100,1,9.25,100,4,3,5,1,1.59954229998402
39,1,1,1,0,1,36,8.25,100,5,14,100,40,3,5,1,3.42813110002317
39,1,1,1,0,1,41,17,100,200,19,100,245,3,5,0,2.56096949998755
39,1,1,1,0,1,2,5,100,65,7.5,100,25,3,5,1,1.99471230001654
39,1,1,1,0,1,26,4,100,50,2.5,100,25,3,5,1,1.73620589997154
39,1,1,1,0,1,40,18,100,110,9.5,100,25,3,5,0,2.11997959995642
39,1,1,1,0,1,4,2,100,70,8.5,100,90,1,5,1,2.43267879995983
39,1,1,1,0,1,33,11,100,190,6,100,45,1,5,0,3.80145089991856
39,1,1,1,0,1,20,15.75,100,30,10,100,135,1,5,1,3.39338790008333
39,1,1,1,0,1,24,10,100,80,19,100,150,1,5,1,3.67171200003941
39,1,1,1,0,1,21,5.5,100,40,6,100,55,1,5,1,2.28079469990917
39,1,1,1,0,1,29,6,100,45,7,100,55,1,5,1,2.46373479999602
39,1,1,1,0,1,7,16,100,20,16.75,100,75,1,5,0,2.04180370003451
39,1,1,1,0,1,19,15,100,225,17.5,100,40,2,5,1,2.95317130000331
39,1,1,1,0,1,17,3.25,100,205,2,100,110,2,5,0,2.81016330001876
39,1,1,1,0,1,18,15,100,31,18.75,100,250,2,5,0,2.79991930001415
39,1,1,1,0,1,31,8.5,100,22,5,100,14,2,5,0,2.04847609996796
39,1,1,1,0,1,16,16,100,95,14,100,20,2,5,0,2.0154870999977
39,1,1,1,0,1,39,14,100,5,17,100,15,2,5,0,2.0021865000017
39,1,1,1,0,1,3,13.5,100,65,15,100,14,2,5,1,2.42489899997599
39,1,1,1,0,1,5,16,100,5,20,100,15,6,5,1,3.72572129999753
39,1,1,1,0,1,34,4,100,70,12,100,85,6,5,1,2.69984399992973
39,1,1,1,0,1,27,1.5,100,20,5.25,100,120,6,5,1,4.20870730001479
39,1,1,1,0,1,32,7,100,120,9.5,100,170,6,5,0,1.93725120008457
39,1,1,1,0,1,6,7,100,70,19,100,175,6,5,1,2.29617149999831
39,1,1,1,0,1,28,6,100,7,3.5,100,3,6,5,1,2.20788800006267
39,1,1,1,0,1,1,5,100,0,3,100,0,6,5,1,1.15281409991439
39,1,1,1,0,1,42,20,100,170,11,100,110,4,5,1,1.94477140007075
39,1,1,1,0,1,25,8.5,100,105,9,100,160,4,5,1,1.8742563999258
39,1,1,1,0,1,38,15.5,100,215,8,100,125,4,5,0,2.68329730001278
39,1,1,1,0,1,22,19.5,100,45,20,100,165,4,5,0,2.25660700001754
39,1,1,1,0,1,37,14.5,100,175,10,100,140,4,5,1,3.39185150002595
39,1,1,1,0,1,10,19.5,100,125,18.5,100,85,4,5,1,5.16943469992839
39,1,1,1,0,1,9,2,100,19,1,100,3,4,5,0,2.13885779993143
39,1,1,1,0,1,13,16.5,100,155,19.5,100,7,5,5,1,3.86692189995665
39,1,1,1,0,1,14,16.75,100,145,12,100,210,5,5,1,3.02420740004163
39,1,1,1,0,1,35,12,100,25,13,100,30,5,5,1,1.69735159992706
39,1,1,1,0,1,15,17.25,100,55,10,100,95,5,5,1,1.70454940001946
39,1,1,1,0,1,11,18.25,100,55,14,100,60,5,5,1,2.54697320004925
39,1,1,1,0,1,23,1.75,100,10,7.75,100,120,5,5,1,3.0083367000334
39,1,1,1,0,1,30,6.5,100,60,8,100,90,5,5,1,3.22546089999378
39,1,2,0,0,1,27,5.25,100,120,0,0,0,1,6,4.49710088814842,12.4653296000324
39,1,2,0,0,1,14,16.75,100,145,0,0,0,1,6,12.9778705496616,5.57302680006251
39,1,2,0,0,1,24,19,100,150,0,0,0,1,6,14.9688443055511,4.34794529993087
39,1,2,0,0,1,50,2.5,100,10,0,0,0,1,6,2.28740758833054,5.25992520002183
39,1,2,0,0,1,9,2,100,19,0,0,0,1,6,1.52093618661048,3.83495910000056
39,1,2,0,0,1,58,14,100,20,0,0,0,1,6,10.9054029657981,5.77024520002306
39,1,2,0,0,1,78,8.25,100,5,0,0,0,1,6,7.97939147126529,3.21831040002871
39,1,2,0,0,1,22,20,100,165,0,0,0,1,6,14.7396624957031,4.83807129994966
39,1,2,0,0,1,61,15,100,225,0,0,0,1,6,9.95708246327455,3.64883050008211
39,1,2,0,0,1,65,1.75,100,10,0,0,0,1,6,1.08693411464525,5.65800679998938
39,1,2,0,0,1,34,12,100,85,0,0,0,1,6,9.15996797379558,3.97994610003661
39,1,2,0,0,1,8,16,100,20,0,0,0,1,6,13.9200227154166,9.38530139997602
39,1,2,0,0,1,43,3,100,0,0,0,0,1,6,2.99072829077237,4.83221330004744
39,1,2,0,0,1,81,14,100,5,0,0,0,1,6,13.514785478187,3.81629809993319
39,1,2,0,0,1,20,15.75,100,30,0,0,0,2,6,13.9773757863123,3.21600049990229
39,1,2,0,0,1,72,6.5,100,60,0,0,0,2,6,4.01802830470264,4.21204759995453
39,1,2,0,0,1,83,17,100,200,0,0,0,2,6,11.0157378026139,5.33041170006618
39,1,2,0,0,1,17,3.25,100,205,0,0,0,2,6,1.03233009499069,10.3865101000993
39,1,2,0,0,1,1,5,100,0,0,0,0,2,6,4.98964846810879,2.81851090001874
39,1,2,0,0,1,13,19.5,100,7,0,0,0,2,6,18.0023062635766,4.05916329997126
39,1,2,0,0,1,31,8.5,100,22,0,0,0,2,6,6.99657108223967,3.79215510003269
39,1,2,0,0,1,10,19.5,100,125,0,0,0,2,6,16.0055455218546,2.64238780003507
39,1,2,0,0,1,49,16,100,20,0,0,0,2,6,14.9896484681088,2.72542709996924
39,1,2,0,0,1,7,16.75,100,75,0,0,0,2,6,12.9839877999365,3.53462140006013
39,1,2,0,0,1,64,19.5,100,45,0,0,0,2,6,16.5249302405539,4.56126570003107
39,1,2,0,0,1,35,13,100,30,0,0,0,2,6,11.4933793254074,4.92266769998241
39,1,2,0,0,1,36,14,100,40,0,0,0,2,6,11.0349008102548,4.14433909999207
39,1,2,0,0,1,63,5.5,100,40,0,0,0,2,6,3.06198278092228,2.35147569992114
39,1,2,0,0,1,68,2.5,100,25,0,0,0,4,6,0.753988497004318,4.21234450000338
39,1,2,0,0,1,56,12,100,210,0,0,0,4,6,7.36957982434917,2.56177209992893
39,1,2,0,0,1,28,6,100,7,0,0,0,4,6,4.5049330185193,4.44347420008853
39,1,2,0,0,1,33,11,100,190,0,0,0,4,6,7.99682193448745,3.56265860004351
39,1,2,0,0,1,3,15,100,14,0,0,0,4,6,14.0041046464963,3.59253570006695
39,1,2,0,0,1,16,16,100,95,0,0,0,4,6,13.5024641385287,6.36533120006789
39,1,2,0,0,1,39,17,100,15,0,0,0,4,6,14.5034913086442,2.58980140008498
39,1,2,0,0,1,21,6,100,55,0,0,0,4,6,4.00407278444222,13.7094876000192
39,1,2,0,0,1,70,3.5,100,3,0,0,0,4,6,3.00342891776033,2.8622113999445
39,1,2,0,0,1,73,5,100,14,0,0,0,4,6,4.01139881452826,2.22465220000595
39,1,2,0,0,1,30,8,100,90,0,0,0,4,6,5.74671373454959,2.70933689991944
39,1,2,0,0,1,26,4,100,50,0,0,0,4,6,1.02999816656766,3.30316160002258
39,1,2,0,0,1,19,17.5,100,40,0,0,0,4,6,13.9768217107616,2.63954779994674
39,1,2,0,0,1,55,16.5,100,155,0,0,0,4,6,12.0081769673574,4.32842430006713
39,1,2,0,0,1,41,19,100,245,0,0,0,3,6,12.9959692365817,5.23649979999755
39,1,2,0,0,1,52,18.5,100,85,0,0,0,3,6,14.5159893655263,5.00187119992916
39,1,2,0,0,1,42,20,100,170,0,0,0,3,6,15.9779675914675,6.02774629998021
39,1,2,0,0,1,40,18,100,110,0,0,0,3,6,14.0189172591212,5.24812280002516
39,1,2,0,0,1,5,20,100,15,0,0,0,3,6,18.4955048025589,3.06120929995086
39,1,2,0,0,1,51,1,100,3,0,0,0,3,6,0.496578289852842,2.8096252999967
39,1,2,0,0,1,80,8,100,125,0,0,0,3,6,4.06550421922496,7.29920110001694
39,1,2,0,0,1,45,13.5,100,65,0,0,0,3,6,11.0299981665677,2.62266999995336
39,1,2,0,0,1,23,7.75,100,120,0,0,0,3,6,4.08827504732205,4.14097930002026
39,1,2,0,0,1,2,7.5,100,25,0,0,0,3,6,5.99695851276626,6.87751679995563
39,1,2,0,0,1,47,16,100,5,0,0,0,3,6,15,1.83003119996283
39,1,2,0,0,1,69,1.5,100,20,0,0,0,3,6,0.487646092842798,1.73780620004982
39,1,2,0,0,1,84,11,100,110,0,0,0,3,6,8.96741015562254,5.73074280004948
39,1,2,0,0,1,38,15.5,100,215,0,0,0,3,6,10.0140224392692,3.72802220005542
39,1,2,0,0,1,77,12,100,25,0,0,0,6,6,9.98585291723473,7.07983950001653
39,1,2,0,0,1,67,8.5,100,105,0,0,0,6,6,5.43972812379198,3.39586120005697
39,1,2,0,0,1,79,10,100,140,0,0,0,6,6,6.99709174942781,4.1621447999496
39,1,2,0,0,1,15,17.25,100,55,0,0,0,6,6,15.7764988588871,3.1654899000423
39,1,2,0,0,1,11,18.25,100,55,0,0,0,6,6,16.0245360045153,4.52930499997456
39,1,2,0,0,1,29,7,100,55,0,0,0,6,6,4.0433006734636,2.11074399994686
39,1,2,0,0,1,74,7,100,120,0,0,0,6,6,4.60386423026696,4.63401200005319
39,1,2,0,0,1,60,15,100,31,0,0,0,6,6,13.9519294135231,2.41302389989141
39,1,2,0,0,1,46,2,100,70,0,0,0,6,6,0.484378649371646,3.37076590000652
39,1,2,0,0,1,37,14.5,100,175,0,0,0,6,6,11.4900474403781,3.45438370003831
39,1,2,0,0,1,82,9.5,100,25,0,0,0,6,6,7.94266783606628,2.77203950006515
39,1,2,0,0,1,48,7,100,70,0,0,0,6,6,4.55327032181521,4.95574889995623
39,1,2,0,0,1,59,2,100,110,0,0,0,6,6,0.498567726576727,2.66044450004119
39,1,2,0,0,1,54,9.25,100,4,0,0,0,6,6,8.99853284937303,2.16514080006164
39,1,2,0,0,1,6,19,100,175,0,0,0,5,6,14.9589283264614,2.15269719995558
39,1,2,0,0,1,62,10,100,135,0,0,0,5,6,6.49834750378973,3.13974909996614
39,1,2,0,0,1,12,12,100,1,0,0,0,5,6,10.9947192593505,2.03717470006086
39,1,2,0,0,1,66,10,100,80,0,0,0,5,6,7.06094645647832,10.3154220000142
39,1,2,0,0,1,44,5,100,65,0,0,0,5,6,2.00349600976258,3.43344739999156
39,1,2,0,0,1,4,8.5,100,90,0,0,0,5,6,5.06995540093447,7.51486380002461
39,1,2,0,0,1,71,6,100,45,0,0,0,5,6,3.58743330522288,2.11436760006472
39,1,2,0,0,1,75,6,100,45,0,0,0,5,6,3.07177504041541,3.05931840010453
39,1,2,0,0,1,18,18.75,100,250,0,0,0,5,6,12.9970980693721,2.25975530000869
39,1,2,0,0,1,25,9,100,160,0,0,0,5,6,4.48934581201502,1.95096429996192
39,1,2,0,0,1,53,14,100,60,0,0,0,5,6,11.9501192040605,10.1237351000309
39,1,2,0,0,1,57,10,100,95,0,0,0,5,6,6.94524033871781,4.21522080001887
39,1,2,0,0,1,76,4,100,70,0,0,0,5,6,1.01344733272578,3.12710990000051
39,1,2,0,0,1,32,9.5,100,170,0,0,0,5,6,6.00643201429085,5.22138470003847
39,2,1,0,1,1,13,19.5,5,7,0,0,0,2,2,1.00663697220339,10.0667310000863
39,2,1,0,1,1,27,5.25,50,120,0,0,0,2,2,2.02080823170083,4.08346710004844
39,2,1,0,1,1,45,13.5,55,65,0,0,0,2,2,6.01551279297471,3.82826559990644
39,2,1,0,1,1,44,5,40,65,0,0,0,2,2,1.4834272681475,5.82953210012056
39,2,1,0,1,1,34,12,15,85,0,0,0,2,2,1.22501542304937,6.23343060002662
39,2,1,0,1,1,61,15,75,225,0,0,0,2,2,8.00562188967623,9.50827300013043
39,2,1,0,1,1,10,19.5,10,125,0,0,0,2,2,1.02077396481731,4.39709139987826
39,2,1,0,1,1,32,9.5,30,170,0,0,0,2,2,2.02100507773903,3.05113469995558
39,2,1,0,1,1,42,20,30,170,0,0,0,2,2,5.02040441001331,10.3445669999346
39,2,1,0,1,1,9,2,30,19,0,0,0,2,2,0.272261270767117,2.68506940011866
39,2,1,0,1,1,15,17.25,25,55,0,0,0,2,2,3.49217395720428,4.21233240002766
39,2,1,0,1,1,53,14,90,60,0,0,0,2,2,10.9992077875721,2.24756839987822
39,2,1,0,1,1,17,3.25,85,205,0,0,0,2,2,1.01344733272578,2.49822529987432
39,2,1,0,1,1,40,18,15,110,0,0,0,2,2,2.25712941530401,4.05976390000433
39,2,1,0,1,1,43,3,30,0,0,0,0,6,2,0.96851144040258,3.76406150008552
39,2,1,0,1,1,76,4,35,70,0,0,0,6,2,0.836248971042352,3.6223500999622
39,2,1,0,1,1,29,7,20,55,0,0,0,6,2,1.07514123330803,4.80312029994093
39,2,1,0,1,1,28,6,25,7,0,0,0,6,2,0.996958512766266,3.95210019988008
39,2,1,0,1,1,5,20,85,15,0,0,0,6,2,14.5143558846769,7.70812699990347
39,2,1,0,1,1,41,19,65,245,0,0,0,6,2,10.0138999729416,4.68566149985418
39,2,1,0,1,1,63,5.5,70,40,0,0,0,6,2,3.2619726158657,6.68971229996532
39,2,1,0,1,1,3,15,85,14,0,0,0,6,2,10.4996835127409,5.63627990009263
39,2,1,0,1,1,54,9.25,40,4,0,0,0,6,2,2.98350307637278,5.26978159998544
39,2,1,0,1,1,68,2.5,65,25,0,0,0,6,2,0.505338045458377,4.10185580002144
39,2,1,0,1,1,4,8.5,20,90,0,0,0,6,2,1.50829855802707,6.44663499994203
39,2,1,0,1,1,36,14,15,40,0,0,0,6,2,1.4951770537348,5.44612370012328
39,2,1,0,1,1,16,16,65,95,0,0,0,6,2,6.99709174942781,3.41746899997815
39,2,1,0,1,1,84,11,50,110,0,0,0,6,2,4.04814643394257,3.66094249999151
39,2,1,0,1,1,58,14,45,20,0,0,0,4,2,5.73511433261343,8.2401930000633
39,2,1,0,1,1,6,19,20,175,0,0,0,4,2,2.98994562570087,6.9663929999806
39,2,1,0,1,1,60,15,35,31,0,0,0,4,2,4.01043666878389,2.22565729985945
39,2,1,0,1,1,71,6,25,45,0,0,0,4,2,1.01344733272578,3.120390499942
39,2,1,0,1,1,1,5,50,0,0,0,0,4,2,2.48822461902236,3.82622669986449
39,2,1,0,1,1,81,14,55,5,0,0,0,4,2,6.9968327318932,3.36716759996489
39,2,1,0,1,1,67,8.5,50,105,0,0,0,4,2,2.99052963886356,2.4723700999748
39,2,1,0,1,1,24,19,70,150,0,0,0,4,2,11.9984155015077,13.5860909000039
39,2,1,0,1,1,50,2.5,90,10,0,0,0,4,2,2.00349600976258,11.1965024999809
39,2,1,0,1,1,11,18.25,70,55,0,0,0,4,2,11.1128307005917,8.09338620002382
39,2,1,0,1,1,37,14.5,5,175,0,0,0,4,2,0.49745690225577,7.75958200008608
39,2,1,0,1,1,26,4,45,50,0,0,0,4,2,0.999207787572097,3.2773337000981
39,2,1,0,1,1,73,5,70,14,0,0,0,4,2,2.49539489021195,4.56234699999914
39,2,1,0,1,1,8,16,15,20,0,0,0,4,2,1.75401589594037,7.1209339001216
39,2,1,0,1,1,82,9.5,20,25,0,0,0,1,2,1.51828893117299,8.909182399977
39,2,1,0,1,1,70,3.5,40,3,0,0,0,1,2,1.01344733272578,7.35333559988067
39,2,1,0,1,1,22,20,90,165,0,0,0,1,2,14.9897484827359,4.10317520005628
39,2,1,0,1,1,79,10,10,140,0,0,0,1,2,0.49745690225577,4.13710619998164
39,2,1,0,1,1,66,10,90,80,0,0,0,1,2,6.99057138937775,3.46306440001354
39,2,1,0,1,1,69,1.5,95,20,0,0,0,1,2,1.01573780261388,8.40698790014721
39,2,1,0,1,1,77,12,75,25,0,0,0,1,2,7.00313227639973,4.95647060009651
39,2,1,0,1,1,21,6,95,55,0,0,0,1,2,4.98978139284709,5.81249239994213
39,2,1,0,1,1,72,6.5,90,60,0,0,0,1,2,5.0102186071529,7.19671399984509
39,2,1,0,1,1,12,12,35,1,0,0,0,1,2,4.01262752307277,2.73228429979645
39,2,1,0,1,1,46,2,55,70,0,0,0,1,2,0.501930103899152,4.43589909980074
39,2,1,0,1,1,51,1,40,3,0,0,0,1,2,0.30020458947028,2.62164789997041
39,2,1,0,1,1,39,17,35,15,0,0,0,1,2,5.0102186071529,4.11224370007403
39,2,1,0,1,1,52,18.5,10,85,0,0,0,1,2,0.990270552169193,2.96457760012709
39,2,1,0,1,1,47,16,100,5,0,0,0,3,2,14.9899745000615,3.4472724001389
39,2,1,0,1,1,56,12,90,210,0,0,0,3,2,7.00358603016323,8.0908435001038
39,2,1,0,1,1,35,13,70,30,0,0,0,3,2,7.9971444205681,8.31390660000034
39,2,1,0,1,1,48,7,45,70,0,0,0,3,2,2.48984342918207,3.52176499995403
39,2,1,0,1,1,25,9,60,160,0,0,0,3,2,4.0175761599787,14.3150442999322
39,2,1,0,1,1,31,8.5,50,22,0,0,0,3,2,3.49491269556993,2.48724600020796
39,2,1,0,1,1,75,6,85,45,0,0,0,3,2,4.0427057573151,13.8011876000091
39,2,1,0,1,1,80,8,45,125,0,0,0,3,2,2.48356480721841,2.43213959992863
39,2,1,0,1,1,64,19.5,65,45,0,0,0,3,2,10,5.20239380002022
39,2,1,0,1,1,19,17.5,25,40,0,0,0,3,2,3.00972117933742,12.503185500158
39,2,1,0,1,1,38,15.5,40,215,0,0,0,3,2,3.02290862175008,7.47627389989793
39,2,1,0,1,1,55,16.5,25,155,0,0,0,3,2,2.49218672160093,3.20456179999746
39,2,1,0,1,1,62,10,95,135,0,0,0,3,2,7.99682193448745,2.51438140007667
39,2,1,0,1,1,14,16.75,45,145,0,0,0,3,2,5.98860118547174,2.87899579992518
39,2,1,0,1,1,33,11,65,190,0,0,0,5,2,4.51909510157234,5.76399979996495
39,2,1,0,1,1,57,10,50,95,0,0,0,5,2,3.03620320754046,2.09239949984476
39,2,1,0,1,1,59,2,80,110,0,0,0,5,2,0.49745690225577,3.62173590017483
39,2,1,0,1,1,18,18.75,80,250,0,0,0,5,2,11.9936052321287,5.4851694998797
39,2,1,0,1,1,2,7.5,75,25,0,0,0,5,2,5.01018590766591,14.8272679999936
39,2,1,0,1,1,74,7,40,120,0,0,0,5,2,1.49672586849045,8.09749620012008
39,2,1,0,1,1,20,15.75,35,30,0,0,0,5,2,4.00828115495899,2.38730460009538
39,2,1,0,1,1,7,16.75,65,75,0,0,0,5,2,6.50307210895932,4.74703409988433
39,2,1,0,1,1,78,8.25,20,5,0,0,0,5,2,1.2538509602905,15.9633766999468
39,2,1,0,1,1,49,16,50,20,0,0,0,5,2,7.00313227639973,2.90071850013919
39,2,1,0,1,1,30,8,75,90,0,0,0,5,2,3.50359132668101,4.8339526001364
39,2,1,0,1,1,65,1.75,80,10,0,0,0,5,2,0.749822116018834,10.3111119999085
39,2,1,0,1,1,23,7.75,60,120,0,0,0,5,2,3.4846947152154,13.6080188001506
39,2,1,0,1,1,83,17,80,200,0,0,0,5,2,9.01726007846744,13.4957215001341
39,2,2,1,1,1,6,7,45,70,19,20,175,5,1,0,4.59812329988927
39,2,2,1,1,1,1,3,30,0,5,50,0,5,1,1,4.98453229991719
39,2,2,1,1,1,8,16,15,20,2.5,90,10,5,1,0,14.6841112999246
39,2,2,1,1,1,27,5.25,50,120,1.5,95,20,5,1,1,11.0717579999473
39,2,2,1,1,1,18,18.75,80,250,15,35,31,5,1,0,8.37159060011618
39,2,2,1,1,1,3,15,85,14,13.5,55,65,5,1,1,10.876156500075
39,2,2,1,1,1,33,11,65,190,6,85,45,5,1,0,4.09672609996051
39,2,2,1,1,1,39,17,35,15,14,55,5,1,1,0,7.9602572999429
39,2,2,1,1,1,13,16.5,25,155,19.5,5,7,1,1,1,27.3517317001242
39,2,2,1,1,1,36,14,15,40,8.25,20,5,1,1,0,24.7793467999436
39,2,2,1,1,1,38,8,45,125,15.5,40,215,1,1,0,10.1614231998101
39,2,2,1,1,1,34,12,15,85,4,35,70,1,1,0,12.4610067999456
39,2,2,1,1,1,25,9,60,160,8.5,50,105,1,1,0,17.0910934000276
39,2,2,1,1,1,5,20,85,15,16,100,5,1,1,0,16.1261799000204
39,2,2,1,1,1,30,6.5,90,60,8,75,90,3,1,0,9.45568230003119
39,2,2,1,1,1,20,10,95,135,15.75,35,30,3,1,0,7.51972470013425
39,2,2,1,1,1,7,16.75,65,75,16,50,20,3,1,0,6.18483800021932
39,2,2,1,1,1,4,8.5,20,90,2,55,70,3,1,1,9.35046199988574
39,2,2,1,1,1,15,17.25,25,55,10,50,95,3,1,1,14.558411499951
39,2,2,1,1,1,21,5.5,70,40,6,95,55,3,1,1,5.86995809990913
39,2,2,1,1,1,11,18.25,70,55,14,90,60,3,1,0,17.0017027999274
39,2,2,1,1,1,31,8.5,50,22,5,70,14,6,1,1,12.2238987998571
39,2,2,1,1,1,9,2,30,19,1,40,3,6,1,1,8.98122279997915
39,2,2,1,1,1,37,10,10,140,14.5,5,175,6,1,0,15.5846402999014
39,2,2,1,1,1,2,7.5,75,25,5,40,65,6,1,1,15.338917999994
39,2,2,1,1,1,32,7,40,120,9.5,30,170,6,1,0,24.0733772001695
39,2,2,1,1,1,17,2,80,110,3.25,85,205,6,1,0,9.53277799999341
39,2,2,1,1,1,35,12,75,25,13,70,30,6,1,1,12.1301609000657
39,2,2,1,1,1,28,6,25,7,3.5,40,3,4,1,1,10.4733533998951
39,2,2,1,1,1,16,16,65,95,14,45,20,4,1,0,8.20144900004379
39,2,2,1,1,1,14,16.75,45,145,12,90,210,4,1,1,6.7284145001322
39,2,2,1,1,1,12,12,35,1,9.25,40,4,4,1,1,12.2390018000733
39,2,2,1,1,1,42,20,30,170,11,50,110,4,1,1,16.3034951000009
39,2,2,1,1,1,24,19,70,150,10,90,80,4,1,0,18.7465800999198
39,2,2,1,1,1,23,1.75,80,10,7.75,60,120,4,1,0,11.5127530000173
39,2,2,1,1,1,29,6,25,45,7,20,55,2,1,0,22.3364788999315
39,2,2,1,1,1,41,17,80,200,19,65,245,2,1,0,21.2566684999038
39,2,2,1,1,1,19,17.5,25,40,15,75,225,2,1,0,18.8086790000089
39,2,2,1,1,1,10,19.5,10,125,18.5,10,85,2,1,0,5.77366339997388
39,2,2,1,1,1,22,19.5,65,45,20,90,165,2,1,1,9.5755789000541
39,2,2,1,1,1,40,18,15,110,9.5,20,25,2,1,0,27.0904200999066
39,2,2,1,1,1,26,2.5,65,25,4,45,50,2,1,0,7.91299819992855
40,1,1,0,1,1,68,2.5,65,25,0,0,0,1,2,7.00358603016323,22.5784194999142
40,1,1,0,1,1,59,2,80,110,0,0,0,1,2,1.02767665810933,5.55846939992625
40,1,1,0,1,1,84,11,50,110,0,0,0,1,2,4.85580659147345,12.1954898999538
40,1,1,0,1,1,74,7,40,120,0,0,0,1,2,2.49218672160093,2.87166740000248
40,1,1,0,1,1,43,3,30,0,0,0,0,1,2,0.766611888354578,4.12604300002567
40,1,1,0,1,1,51,1,40,3,0,0,0,1,2,0.116530648832672,4.37125059997197
40,1,1,0,1,1,70,3.5,40,3,0,0,0,1,2,1.13488588723006,5.79951189993881
40,1,1,0,1,1,83,17,80,200,0,0,0,1,2,5.91201012406452,4.35797260003164
40,1,1,0,1,1,52,18.5,10,85,0,0,0,1,2,0.143682093480152,3.33058910002001
40,1,1,0,1,1,4,8.5,20,90,0,0,0,1,2,0.955101270768992,3.0754600999644
40,1,1,0,1,1,47,16,100,5,0,0,0,1,2,9.89732829413636,5.6801329998998
40,1,1,0,1,1,30,8,75,90,0,0,0,1,2,5.32847896194485,3.12128399999347
40,1,1,0,1,1,54,9.25,40,4,0,0,0,1,2,2.99072829077237,2.92569800000638
40,1,1,0,1,1,64,19.5,65,45,0,0,0,1,2,7.98370902295031,4.79986170004122
40,1,1,0,1,1,9,2,30,19,0,0,0,6,2,0.203416516447277,7.26921300007962
40,1,1,0,1,1,61,15,75,225,0,0,0,6,2,7.87431707428985,7.57648500008509
40,1,1,0,1,1,6,19,20,175,0,0,0,6,2,1.90667685028366,4.05429709993768
40,1,1,0,1,1,14,16.75,45,145,0,0,0,6,2,4.85533859193568,2.6254908000119
40,1,1,0,1,1,23,7.75,60,120,0,0,0,6,2,2.68283799560241,2.91345079999883
40,1,1,0,1,1,36,14,15,40,0,0,0,6,2,0.225258077833356,2.21011530002579
40,1,1,0,1,1,19,17.5,25,40,0,0,0,6,2,1.97387258896639,1.710548400064
40,1,1,0,1,1,57,10,50,95,0,0,0,6,2,3.87611837210009,2.70558009995148
40,1,1,0,1,1,10,19.5,10,125,0,0,0,6,2,0.188895619447571,2.24646619998384
40,1,1,0,1,1,24,19,70,150,0,0,0,6,2,6.0141007068759,4.04130250005983
40,1,1,0,1,1,79,10,10,140,0,0,0,6,2,1.025365500544,2.172056099982
40,1,1,0,1,1,33,11,65,190,0,0,0,6,2,5.0202744464999,2.39768259995617
40,1,1,0,1,1,41,19,65,245,0,0,0,6,2,3.95533565289434,4.40037309995387
40,1,1,0,1,1,28,6,25,7,0,0,0,6,2,1.95304598654105,4.37707439996302
40,1,1,0,1,1,27,5.25,50,120,0,0,0,2,2,2.04832764699134,6.86119119997602
40,1,1,0,1,1,50,2.5,90,10,0,0,0,2,2,0.505338045458377,6.14270540000871
40,1,1,0,1,1,56,12,90,210,0,0,0,2,2,5.9687388094791,7.7525957999751
40,1,1,0,1,1,80,8,45,125,0,0,0,2,2,3.99881005035359,2.02609130006749
40,1,1,0,1,1,21,6,95,55,0,0,0,2,2,3.9435956458465,2.0468776000198
40,1,1,0,1,1,72,6.5,90,60,0,0,0,2,2,3.92878823582789,1.55295039992779
40,1,1,0,1,1,49,16,50,20,0,0,0,2,2,3.05424068129893,5.22880069992971
40,1,1,0,1,1,53,14,90,60,0,0,0,2,2,6.00325440429245,1.42301409994252
40,1,1,0,1,1,75,6,85,45,0,0,0,2,2,2.0575943037999,2.36247339996044
40,1,1,0,1,1,44,5,40,65,0,0,0,2,2,0.215477419020441,2.10296829999425
40,1,1,0,1,1,81,14,55,5,0,0,0,2,2,3.05321824018109,1.83557029999793
40,1,1,0,1,1,38,15.5,40,215,0,0,0,2,2,3.20057424854472,9.12395100004505
40,1,1,0,1,1,45,13.5,55,65,0,0,0,2,2,4.03214513455646,6.10274610004853
40,1,1,0,1,1,20,15.75,35,30,0,0,0,2,2,2.20946279042838,2.73729750001803
40,1,1,0,1,1,1,5,50,0,0,0,0,4,2,1.94800905312299,3.5246054000454
40,1,1,0,1,1,16,16,65,95,0,0,0,4,2,5.83980037816603,1.60721749998629
40,1,1,0,1,1,34,12,15,85,0,0,0,4,2,2.04832764699134,3.12518249999266
40,1,1,0,1,1,37,14.5,5,175,0,0,0,4,2,0.201122155013081,1.37422180001158
40,1,1,0,1,1,67,8.5,50,105,0,0,0,4,2,0.658155719734935,2.39165460004006
40,1,1,0,1,1,82,9.5,20,25,0,0,0,4,2,0.666154089341717,1.37907180003822
40,1,1,0,1,1,3,15,85,14,0,0,0,4,2,4.01357282208318,2.4145581999328
40,1,1,0,1,1,8,16,15,20,0,0,0,4,2,0.275358352021112,1.67119939997792
40,1,1,0,1,1,48,7,45,70,0,0,0,4,2,2.97747240516943,4.71382790000644
40,1,1,0,1,1,26,4,45,50,0,0,0,4,2,0.233517147519031,4.93606760003604
40,1,1,0,1,1,17,3.25,85,205,0,0,0,4,2,2.17419650903216,1.37495850003324
40,1,1,0,1,1,13,19.5,5,7,0,0,0,4,2,0.114436171198925,2.15715250000358
40,1,1,0,1,1,69,1.5,95,20,0,0,0,4,2,0.509954457159594,1.1492820000276
40,1,1,0,1,1,58,14,45,20,0,0,0,4,2,4.63545769193229,1.42140170000494
40,1,1,0,1,1,22,20,90,165,0,0,0,5,2,8.97693537459637,2.55080770002678
40,1,1,0,1,1,77,12,75,25,0,0,0,5,2,6.67884168026005,1.70033470005728
40,1,1,0,1,1,15,17.25,25,55,0,0,0,5,2,2.55153033998384,4.55746260005981
40,1,1,0,1,1,78,8.25,20,5,0,0,0,5,2,0.853218200818745,1.6150957000209
40,1,1,0,1,1,62,10,95,135,0,0,0,5,2,5.01041929957347,1.69887409999501
40,1,1,0,1,1,32,9.5,30,170,0,0,0,5,2,1.11115510876845,9.98763109999709
40,1,1,0,1,1,31,8.5,50,22,0,0,0,5,2,1.77171065565809,1.74791160004679
40,1,1,0,1,1,63,5.5,70,40,0,0,0,5,2,1.06570201295072,2.76155819999985
40,1,1,0,1,1,76,4,35,70,0,0,0,5,2,1.0056357419093,3.82199189998209
40,1,1,0,1,1,11,18.25,70,55,0,0,0,5,2,1.91571771099333,4.44507259991951
40,1,1,0,1,1,5,20,85,15,0,0,0,5,2,8.02505466730399,5.05566189996898
40,1,1,0,1,1,12,12,35,1,0,0,0,5,2,2.02567223471724,4.32691609999165
40,1,1,0,1,1,18,18.75,80,250,0,0,0,5,2,8.02350228326039,1.31821169995237
40,1,1,0,1,1,40,18,15,110,0,0,0,5,2,0.173580546315822,2.38215920003131
40,1,1,0,1,1,39,17,35,15,0,0,0,3,2,2.91336069280484,1.54543099994771
40,1,1,0,1,1,55,16.5,25,155,0,0,0,3,2,0.915440063959469,2.58053389994893
40,1,1,0,1,1,42,20,30,170,0,0,0,3,2,2.08018112245859,4.48391970002558
40,1,1,0,1,1,35,13,70,30,0,0,0,3,2,4.74467159384929,1.70915090001654
40,1,1,0,1,1,65,1.75,80,10,0,0,0,3,2,0.0856387494879982,2.87923650001176
40,1,1,0,1,1,60,15,35,31,0,0,0,3,2,1.1677825965854,5.86965910007711
40,1,1,0,1,1,29,7,20,55,0,0,0,3,2,1.1284606042619,3.52777889999561
40,1,1,0,1,1,66,10,90,80,0,0,0,3,2,5.02066940050083,2.69759320002049
40,1,1,0,1,1,46,2,55,70,0,0,0,3,2,2.21176043454902,3.26407789997756
40,1,1,0,1,1,71,6,25,45,0,0,0,3,2,0.314477328947099,1.44327520008665
40,1,1,0,1,1,2,7.5,75,25,0,0,0,3,2,2.93886311934136,1.90376440004911
40,1,1,0,1,1,7,16.75,65,75,0,0,0,3,2,3.99239568156557,4.35994480003137
40,1,1,0,1,1,25,9,60,160,0,0,0,3,2,3.22969313654047,3.03051219996996
40,1,1,0,1,1,73,5,70,14,0,0,0,3,2,2.066673987337,1.5721681000432
40,1,2,1,1,1,41,17,80,200,19,65,245,4,1,0,2.5997099999804
40,1,2,1,1,1,13,16.5,25,155,19.5,5,7,4,1,0,2.97399129997939
40,1,2,1,1,1,4,2,55,70,8.5,20,90,4,1,0,5.13203920004889
40,1,2,1,1,1,14,16.75,45,145,12,90,210,4,1,0,2.08898130001035
40,1,2,1,1,1,36,8.25,20,5,14,15,40,4,1,1,3.22072159999516
40,1,2,1,1,1,2,7.5,75,25,5,40,65,4,1,1,1.99937870004214
40,1,2,1,1,1,24,19,70,150,10,90,80,4,1,1,4.45778149995022
40,1,2,1,1,1,20,15.75,35,30,10,95,135,5,1,0,4.1469210999785
40,1,2,1,1,1,38,8,45,125,15.5,40,215,5,1,1,3.03326860000379
40,1,2,1,1,1,23,7.75,60,120,1.75,80,10,5,1,1,3.58827910001855
40,1,2,1,1,1,27,1.5,95,20,5.25,50,120,5,1,1,2.92159519996494
40,1,2,1,1,1,33,11,65,190,6,85,45,5,1,1,8.75261730002239
40,1,2,1,1,1,1,3,30,0,5,50,0,5,1,1,3.41752030001953
40,1,2,1,1,1,31,5,70,14,8.5,50,22,5,1,1,2.78593450004701
40,1,2,1,1,1,21,5.5,70,40,6,95,55,6,1,1,2.74384940008167
40,1,2,1,1,1,35,13,70,30,12,75,25,6,1,0,2.8029310000129
40,1,2,1,1,1,12,9.25,40,4,12,35,1,6,1,1,1.91210380010307
40,1,2,1,1,1,9,1,40,3,2,30,19,6,1,1,1.69101439998485
40,1,2,1,1,1,25,9,60,160,8.5,50,105,6,1,1,3.52214780007489
40,1,2,1,1,1,28,6,25,7,3.5,40,3,6,1,1,3.35214430000633
40,1,2,1,1,1,8,16,15,20,2.5,90,10,6,1,0,1.49748449993785
40,1,2,1,1,1,22,19.5,65,45,20,90,165,2,1,1,3.19178909994662
40,1,2,1,1,1,10,19.5,10,125,18.5,10,85,2,1,1,2.8013590000337
40,1,2,1,1,1,26,4,45,50,2.5,65,25,2,1,1,2.29916699999012
40,1,2,1,1,1,32,9.5,30,170,7,40,120,2,1,0,2.3850003000116
40,1,2,1,1,1,6,19,20,175,7,45,70,2,1,1,7.14428200002294
40,1,2,1,1,1,42,11,50,110,20,30,170,2,1,1,2.60133759991731
40,1,2,1,1,1,29,6,25,45,7,20,55,2,1,1,3.56323189998511
40,1,2,1,1,1,40,9.5,20,25,18,15,110,3,1,1,2.90624520007987
40,1,2,1,1,1,3,15,85,14,13.5,55,65,3,1,1,2.6890401999699
40,1,2,1,1,1,7,16.75,65,75,16,50,20,3,1,1,2.78614190011285
40,1,2,1,1,1,18,15,35,31,18.75,80,250,3,1,1,2.81531830003951
40,1,2,1,1,1,5,16,100,5,20,85,15,3,1,0,1.28074230009224
40,1,2,1,1,1,19,15,75,225,17.5,25,40,3,1,0,1.43380890006665
40,1,2,1,1,1,17,2,80,110,3.25,85,205,3,1,1,3.04077149997465
40,1,2,1,1,1,16,14,45,20,16,65,95,1,1,1,2.19271859992296
40,1,2,1,1,1,39,17,35,15,14,55,5,1,1,0,2.94708140008152
40,1,2,1,1,1,30,6.5,90,60,8,75,90,1,1,0,3.00287620001473
40,1,2,1,1,1,15,10,50,95,17.25,25,55,1,1,0,3.71150919992942
40,1,2,1,1,1,34,4,35,70,12,15,85,1,1,1,2.42584499996156
40,1,2,1,1,1,11,14,90,60,18.25,70,55,1,1,0,2.76202270004433
40,1,2,1,1,1,37,14.5,5,175,10,10,140,1,1,0,2.0190587999532
40,2,1,0,0,1,18,18.75,100,250,0,0,0,4,6,10.0434052209773,12.687474100152
40,2,1,0,0,1,72,6.5,100,60,0,0,0,4,6,2.93860009679467,3.093334000092
40,2,1,0,0,1,74,7,100,120,0,0,0,4,6,3.46242874519861,1.65378559986129
40,2,1,0,0,1,71,6,100,45,0,0,0,4,6,1.9984155015077,2.00234010000713
40,2,1,0,0,1,29,7,100,55,0,0,0,4,6,2.41972071183619,1.40609079995193
40,2,1,0,0,1,53,14,100,60,0,0,0,4,6,6.96422626905947,4.83210180001333
40,2,1,0,0,1,45,13.5,100,65,0,0,0,4,6,5.90042710873137,1.24013010016643
40,2,1,0,0,1,56,12,100,210,0,0,0,4,6,5.86641492373688,1.94490080000833
40,2,1,0,0,1,10,19.5,100,125,0,0,0,4,6,6.56936922201127,1.31243439996615
40,2,1,0,0,1,82,9.5,100,25,0,0,0,4,6,3.99239568156557,1.03381779999472
40,2,1,0,0,1,49,16,100,20,0,0,0,4,6,8.04070427857611,0.971773100085557
40,2,1,0,0,1,13,19.5,100,7,0,0,0,4,6,9.782560752897,0.875088300090283
40,2,1,0,0,1,63,5.5,100,40,0,0,0,4,6,2.40061413807095,2.34459379990585
40,2,1,0,0,1,58,14,100,20,0,0,0,4,6,6.94575931870107,1.97500069998205
40,2,1,0,0,1,55,16.5,100,155,0,0,0,2,6,7.95167235300866,8.16819210001267
40,2,1,0,0,1,43,3,100,0,0,0,0,2,6,0.98942455448023,1.45176719990559
40,2,1,0,0,1,79,10,100,140,0,0,0,2,6,4.91732675523459,3.18210289999843
40,2,1,0,0,1,62,10,100,135,0,0,0,2,6,5.01025151726407,4.49530049995519
40,2,1,0,0,1,60,15,100,31,0,0,0,2,6,7.15719566630782,1.28148930007592
40,2,1,0,0,1,65,1.75,100,10,0,0,0,2,6,0.371535232753775,1.32924580015242
40,2,1,0,0,1,69,1.5,100,20,0,0,0,2,6,0.362148585429097,1.64445180003531
40,2,1,0,0,1,75,6,100,45,0,0,0,2,6,3.04289105162242,1.32698159990832
40,2,1,0,0,1,33,11,100,190,0,0,0,2,6,5.86279622426948,3.62477990007028
40,2,1,0,0,1,76,4,100,70,0,0,0,2,6,2.03467606450616,1.82376659987494
40,2,1,0,0,1,31,8.5,100,22,0,0,0,2,6,4.41719577336522,8.38820170005783
40,2,1,0,0,1,28,6,100,7,0,0,0,2,6,2.7619857180023,0.984520600177348
40,2,1,0,0,1,50,2.5,100,10,0,0,0,2,6,1.11033556313632,2.69387200009078
40,2,1,0,0,1,8,16,100,20,0,0,0,2,6,7.92423201551686,0.985721200006083
40,2,1,0,0,1,80,8,100,125,0,0,0,3,6,4.061788288583,1.32202030019835
40,2,1,0,0,1,9,2,100,19,0,0,0,3,6,0.977158168994102,0.928565500071272
40,2,1,0,0,1,20,15.75,100,30,0,0,0,3,6,5.85511685800184,4.30548400012776
40,2,1,0,0,1,5,20,100,15,0,0,0,3,6,10,1.07770680007525
40,2,1,0,0,1,64,19.5,100,45,0,0,0,3,6,8.09862916463683,1.15384939988144
40,2,1,0,0,1,61,15,100,225,0,0,0,3,6,7.93371415600508,5.49902589991689
40,2,1,0,0,1,51,1,100,3,0,0,0,3,6,0.983671013621496,0.995762600097805
40,2,1,0,0,1,37,14.5,100,175,0,0,0,3,6,6.83810926717362,1.159329299815
40,2,1,0,0,1,47,16,100,5,0,0,0,3,6,8.04133118135337,1.54133159993216
40,2,1,0,0,1,68,2.5,100,25,0,0,0,3,6,0.807726683322475,0.986774299992248
40,2,1,0,0,1,40,18,100,110,0,0,0,3,6,6.10844849141683,1.11976539995521
40,2,1,0,0,1,35,13,100,30,0,0,0,3,6,4.16899533623039,2.27958500012755
40,2,1,0,0,1,84,11,100,110,0,0,0,3,6,5.83181740444229,1.07252140017226
40,2,1,0,0,1,1,5,100,0,0,0,0,3,6,2.34474612259648,1.26559050008655
40,2,1,0,0,1,19,17.5,100,40,0,0,0,5,6,6.92822495958459,2.33132080012001
40,2,1,0,0,1,38,15.5,100,215,0,0,0,5,6,7.41117074881305,1.89567840006202
40,2,1,0,0,1,23,7.75,100,120,0,0,0,5,6,3.55312505170742,1.78117159986869
40,2,1,0,0,1,7,16.75,100,75,0,0,0,5,6,7.93396392100808,1.42737419996411
40,2,1,0,0,1,6,19,100,175,0,0,0,5,6,9.26537796722292,1.36565890000202
40,2,1,0,0,1,78,8.25,100,5,0,0,0,5,6,3.93029413330506,1.12750420020893
40,2,1,0,0,1,14,16.75,100,145,0,0,0,5,6,8.08905097554823,1.06013139989227
40,2,1,0,0,1,2,7.5,100,25,0,0,0,5,6,4.81522680651752,1.10572640015744
40,2,1,0,0,1,39,17,100,15,0,0,0,5,6,5.41569861317453,4.95017099985853
40,2,1,0,0,1,4,8.5,100,90,0,0,0,5,6,4.62475842668354,1.20764390006661
40,2,1,0,0,1,42,20,100,170,0,0,0,5,6,10.0146013453224,2.46853869990446
40,2,1,0,0,1,36,14,100,40,0,0,0,5,6,6.57393163897424,0.9894304999616
40,2,1,0,0,1,32,9.5,100,170,0,0,0,5,6,5.12048146992094,1.81753130001016
40,2,1,0,0,1,12,12,100,1,0,0,0,5,6,6.11672132949082,0.94793859985657
40,2,1,0,0,1,25,9,100,160,0,0,0,1,6,4.63076439498495,1.41604010015726
40,2,1,0,0,1,34,12,100,85,0,0,0,1,6,6.00728485849273,1.29445960000157
40,2,1,0,0,1,81,14,100,5,0,0,0,1,6,7.05477769313656,1.00623450009152
40,2,1,0,0,1,48,7,100,70,0,0,0,1,6,3.27835015565126,1.74022320006043
40,2,1,0,0,1,21,6,100,55,0,0,0,1,6,2.99575016900305,0.84451590012759
40,2,1,0,0,1,70,3.5,100,3,0,0,0,1,6,0.932076544506671,1.78455949993804
40,2,1,0,0,1,66,10,100,80,0,0,0,1,6,4.98974848273593,0.957033199956641
40,2,1,0,0,1,73,5,100,14,0,0,0,1,6,2.35082175452225,0.770738799823448
40,2,1,0,0,1,44,5,100,65,0,0,0,1,6,2.63831985606994,0.813540400005877
40,2,1,0,0,1,26,4,100,50,0,0,0,1,6,1.91427358299004,0.818098600022495
40,2,1,0,0,1,17,3.25,100,205,0,0,0,1,6,1.19034700253234,0.815231200074777
40,2,1,0,0,1,46,2,100,70,0,0,0,1,6,1.05597731128753,0.764607100049034
40,2,1,0,0,1,16,16,100,95,0,0,0,1,6,7.92403346273884,1.02561570005491
40,2,1,0,0,1,83,17,100,200,0,0,0,1,6,5.21246504444323,0.668730299919844
40,2,1,0,0,1,27,5.25,100,120,0,0,0,6,6,2.27398478441946,2.67677619983442
40,2,1,0,0,1,41,19,100,245,0,0,0,6,6,9.37536190401282,1.45785830006935
40,2,1,0,0,1,11,18.25,100,55,0,0,0,6,6,8.47870461533617,0.804057599976659
40,2,1,0,0,1,67,8.5,100,105,0,0,0,6,6,8.35383135913595,0.953496000031009
40,2,1,0,0,1,57,10,100,95,0,0,0,6,6,4.96934438916111,1.26187809999101
40,2,1,0,0,1,24,19,100,150,0,0,0,6,6,8.71198050996766,1.11075260001235
40,2,1,0,0,1,30,8,100,90,0,0,0,6,6,4.00728067270584,0.793485099915415
40,2,1,0,0,1,77,12,100,25,0,0,0,6,6,6.0206806844615,0.731572500197217
40,2,1,0,0,1,15,17.25,100,55,0,0,0,6,6,7.52118948789599,0.503175800200552
40,2,1,0,0,1,54,9.25,100,4,0,0,0,6,6,4.87951853007906,0.596038599964231
40,2,1,0,0,1,52,18.5,100,85,0,0,0,6,6,8.8347949385196,1.06337639992125
40,2,1,0,0,1,59,2,100,110,0,0,0,6,6,0.903344706017332,0.663296299986541
40,2,1,0,0,1,22,20,100,165,0,0,0,6,6,9.85886574856885,0.716057000216097
40,2,1,0,0,1,3,15,100,14,0,0,0,6,6,7.81527470499372,4.22131170006469
40,2,2,1,0,1,37,14.5,100,175,10,100,140,4,5,1,1.54283799999394
40,2,2,1,0,1,8,2.5,100,10,16,100,20,4,5,1,1.86414349987172
40,2,2,1,0,1,10,19.5,100,125,18.5,100,85,4,5,1,2.37530219997279
40,2,2,1,0,1,21,5.5,100,40,6,100,55,4,5,1,1.77092030015774
40,2,2,1,0,1,41,19,100,245,17,100,200,4,5,1,2.47239160002209
40,2,2,1,0,1,5,20,100,15,16,100,5,4,5,1,1.40081989997998
40,2,2,1,0,1,38,15.5,100,215,8,100,125,4,5,1,1.65719309984706
40,2,2,1,0,1,33,11,100,190,6,100,45,2,5,1,3.48995380010456
40,2,2,1,0,1,35,13,100,30,12,100,25,2,5,1,4.0591087997891
40,2,2,1,0,1,39,17,100,15,14,100,5,2,5,1,2.23437770013697
40,2,2,1,0,1,42,20,100,170,11,100,110,2,5,1,1.43721200013533
40,2,2,1,0,1,22,20,100,165,19.5,100,45,2,5,0,7.23444109992124
40,2,2,1,0,1,20,15.75,100,30,10,100,135,2,5,1,2.64926550001837
40,2,2,1,0,1,40,18,100,110,9.5,100,25,2,5,1,4.28769909986295
40,2,2,1,0,1,25,9,100,160,8.5,100,105,3,5,1,5.37677580001764
40,2,2,1,0,1,9,2,100,19,1,100,3,3,5,1,4.05024309991859
40,2,2,1,0,1,30,8,100,90,6.5,100,60,3,5,1,3.20842000003904
40,2,2,1,0,1,6,19,100,175,7,100,70,3,5,1,1.9612377001904
40,2,2,1,0,1,28,6,100,7,3.5,100,3,3,5,1,1.52211879985407
40,2,2,1,0,1,34,12,100,85,4,100,70,3,5,1,1.14481649990194
40,2,2,1,0,1,3,15,100,14,13.5,100,65,3,5,1,1.88933170004748
40,2,2,1,0,1,17,2,100,110,3.25,100,205,5,5,1,3.08142170007341
40,2,2,1,0,1,36,8.25,100,5,14,100,40,5,5,1,2.35897319996729
40,2,2,1,0,1,15,10,100,95,17.25,100,55,5,5,1,2.57869760016911
40,2,2,1,0,1,26,4,100,50,2.5,100,25,5,5,1,2.44323810003698
40,2,2,1,0,1,27,1.5,100,20,5.25,100,120,5,5,1,1.45947230001912
40,2,2,1,0,1,19,15,100,225,17.5,100,40,5,5,1,1.7846220000647
40,2,2,1,0,1,16,14,100,20,16,100,95,5,5,1,1.17079670005478
40,2,2,1,0,1,29,7,100,55,6,100,45,6,5,1,1.23271470004693
40,2,2,1,0,1,1,5,100,0,3,100,0,6,5,1,2.24215359985828
40,2,2,1,0,1,12,12,100,1,9.25,100,4,6,5,1,2.70713160000741
40,2,2,1,0,1,14,16.75,100,145,12,100,210,6,5,1,1.45028680004179
40,2,2,1,0,1,23,7.75,100,120,1.75,100,10,6,5,1,1.00170249980874
40,2,2,1,0,1,32,9.5,100,170,7,100,120,6,5,1,1.38687140005641
40,2,2,1,0,1,7,16.75,100,75,16,100,20,6,5,1,1.78596259979531
40,2,2,1,0,1,24,10,100,80,19,100,150,1,5,1,1.95400989986956
40,2,2,1,0,1,2,5,100,65,7.5,100,25,1,5,1,2.23300160001963
40,2,2,1,0,1,18,15,100,31,18.75,100,250,1,5,1,3.05781530006789
40,2,2,1,0,1,13,19.5,100,7,16.5,100,155,1,5,1,1.30716580012813
40,2,2,1,0,1,31,8.5,100,22,5,100,14,1,5,1,3.1625058001373
40,2,2,1,0,1,11,14,100,60,18.25,100,55,1,5,1,1.97664290014654
40,2,2,1,0,1,4,2,100,70,8.5,100,90,1,5,1,1.35434750001878
