subjectNum,sessionNum,blockNum,isChoice,isDelay,isRisk,stimNum,stim_1,stim_2,stim_3,stim_4,stim_5,stim_6,stimLoc,trialType,avgEyeData_1,avgEyeData_2,avgEyeData_3,avgEyeData_4,avgEyeData_5,avgEyeData_6,resp,rt
1,1,2,0,1,0,71,6,25,0,0,0,0,1,4,0.170909090909091,0.167272727272727,0.161818181818182,0,0,0,2.43591815152213,9.48569060000591
1,1,2,0,1,0,16,16,65,0,0,0,0,1,4,0.247422680412371,0.360824742268041,0.120274914089347,0,0,0,10.0145015642657,5.17563529987819
1,1,2,0,1,0,30,8,75,0,0,0,0,1,4,0.376623376623377,0.366883116883117,0.37012987012987,0,0,0,5.98833953312974,5.45990450005047
1,1,2,0,1,0,14,16.75,45,0,0,0,0,1,4,0.138211382113821,0.16260162601626,0.170731707317073,0,0,0,5.01041929957347,2.38414630014449
1,1,2,0,1,0,20,15.75,35,0,0,0,0,1,4,0.223214285714286,0.267857142857143,0.178571428571429,0,0,0,3.45305373497543,2.20185000007041
1,1,2,0,1,0,25,9,60,0,0,0,0,1,4,0.158878504672897,0.373831775700935,0.242990654205607,0,0,0,4.03214513455646,2.11688840016723
1,1,2,0,1,0,2,7.5,75,0,0,0,0,1,4,0.215909090909091,0.238636363636364,0.193181818181818,0,0,0,5.02066940050083,1.79812279995531
1,1,2,0,1,0,75,6,85,0,0,0,0,1,4,0.315789473684211,0.216374269005848,0.134502923976608,0,0,0,4.446920422391,3.18136539985426
1,1,2,0,1,0,78,8.25,20,0,0,0,0,1,4,0.264367816091954,0.35632183908046,0.160919540229885,0,0,0,1.04414849718111,1.77301399991848
1,1,2,0,1,0,62,10,95,0,0,0,0,1,4,0.28125,0.265625,0.296875,0,0,0,8.01212383798594,1.3902365998365
1,1,2,0,1,0,29,7,20,0,0,0,0,1,4,0.3125,0.291666666666667,0.3125,0,0,0,2.0064147342708,1.1399536000099
1,1,2,0,1,0,55,16.5,25,0,0,0,0,1,4,0.307692307692308,0.261538461538462,0.246153846153846,0,0,0,4.02031156416027,1.41693720011972
1,1,2,0,1,0,32,9.5,30,0,0,0,0,1,4,0.257142857142857,0.314285714285714,0.214285714285714,0,0,0,3.12956324214676,1.49120689998381
1,1,2,0,1,0,24,19,70,0,0,0,0,1,4,0.385714285714286,0.271428571428571,0.185714285714286,0,0,0,12.9973307751232,1.48778369999491
1,1,2,0,1,0,50,2.5,90,0,0,0,0,5,4,0.392,0.168,0.264,0,0,0,2.02040590619034,2.41009579994716
1,1,2,0,1,0,45,13.5,55,0,0,0,0,5,4,0.434782608695652,0.0579710144927536,0.144927536231884,0,0,0,6.03443779722067,1.47773410007358
1,1,2,0,1,0,81,14,55,0,0,0,0,5,4,0.363636363636364,0.181818181818182,0.25,0,0,0,6.5244660338019,1.79325759992935
1,1,2,0,1,0,5,20,85,0,0,0,0,5,4,0.384615384615385,0.107692307692308,0.230769230769231,0,0,0,14.9587954121302,1.41388519993052
1,1,2,0,1,0,11,18.25,70,0,0,0,0,5,4,0.602409638554217,0.289156626506024,0.0602409638554217,0,0,0,15.5344083013369,1.70762020000257
1,1,2,0,1,0,34,12,15,0,0,0,0,5,4,0.473684210526316,0.302631578947368,0.118421052631579,0,0,0,1.59866033937191,1.6018735000398
1,1,2,0,1,0,22,20,90,0,0,0,0,5,4,0.492537313432836,0.343283582089552,0.194029850746269,0,0,0,17.5508950543135,1.45343360002153
1,1,2,0,1,0,12,12,35,0,0,0,0,5,4,0.375,0.21875,0.171875,0,0,0,3.53595347190627,1.404626699863
1,1,2,0,1,0,53,14,90,0,0,0,0,5,4,0.333333333333333,0.105263157894737,0.210526315789474,0,0,0,12.0076062553157,1.2876716000028
1,1,2,0,1,0,79,10,10,0,0,0,0,5,4,0.375,0.3,0.2,0,0,0,1.0372220514598,1.65640420001
1,1,2,0,1,0,59,2,80,0,0,0,0,5,4,0.509090909090909,0.254545454545455,0.272727272727273,0,0,0,1.49952592008842,1.24468419980258
1,1,2,0,1,0,65,1.75,80,0,0,0,0,5,4,0.402439024390244,0.170731707317073,0.170731707317073,0,0,0,0.768349181926027,1.70116070006043
1,1,2,0,1,0,15,17.25,25,0,0,0,0,5,4,0.487179487179487,0.192307692307692,0.153846153846154,0,0,0,4.49259493273349,1.63914049998857
1,1,2,0,1,0,38,15.5,40,0,0,0,0,5,4,0.383333333333333,0.166666666666667,0.216666666666667,0,0,0,5.4965086913558,1.32906859996729
1,1,2,0,1,0,67,8.5,50,0,0,0,0,6,4,0.456521739130435,0.141304347826087,0.33695652173913,0,0,0,4.19557362259755,1.8565016000066
1,1,2,0,1,0,31,8.5,50,0,0,0,0,6,4,0.338709677419355,0.225806451612903,0.274193548387097,0,0,0,4.5816400280614,1.37079059984535
1,1,2,0,1,0,1,5,50,0,0,0,0,6,4,0.281553398058252,0.252427184466019,0.155339805825243,0,0,0,2.43591815152213,2.05032399995252
1,1,2,0,1,0,84,11,50,0,0,0,0,6,4,0.403508771929825,0.421052631578947,0.105263157894737,0,0,0,5.24631048230447,1.28177380003035
1,1,2,0,1,0,51,1,40,0,0,0,0,6,4,0.361111111111111,0.375,0.0833333333333333,0,0,0,0.35168959875671,1.52871489990503
1,1,2,0,1,0,56,12,90,0,0,0,0,6,4,0.36144578313253,0.397590361445783,0.27710843373494,0,0,0,10.0143060382192,1.71779759996571
1,1,2,0,1,0,60,15,35,0,0,0,0,6,4,0.289617486338798,0.295081967213115,0.19672131147541,0,0,0,3.51578322098104,3.38069960009307
1,1,2,0,1,0,44,5,40,0,0,0,0,6,4,0.338235294117647,0.426470588235294,0.0735294117647059,0,0,0,1.99321042916964,1.47809860017151
1,1,2,0,1,0,26,4,45,0,0,0,0,6,4,0.561643835616438,0.356164383561644,0.0547945205479452,0,0,0,1.85130885477867,1.55007150000893
1,1,2,0,1,0,42,20,30,0,0,0,0,6,4,0.425925925925926,0.462962962962963,0.0555555555555556,0,0,0,5.98642717791681,1.22353529999964
1,1,2,0,1,0,40,18,15,0,0,0,0,6,4,0.517857142857143,0.25,0.0535714285714286,0,0,0,3.73539302796002,1.26728520006873
1,1,2,0,1,0,58,14,45,0,0,0,0,6,4,0.421686746987952,0.313253012048193,0.0843373493975904,0,0,0,6.75656290683607,1.71632070001215
1,1,2,0,1,0,27,5.25,50,0,0,0,0,6,4,0.32,0.26,0.34,0,0,0,2.45619975204946,1.16240309993736
1,1,2,0,1,0,74,7,40,0,0,0,0,6,4,0.347826086956522,0.217391304347826,0.347826086956522,0,0,0,3.51664091457126,1.10168049996719
1,1,2,0,1,0,66,10,90,0,0,0,0,3,4,0.245614035087719,0.157894736842105,0.315789473684211,0,0,0,8.49500295911716,2.23463790002279
1,1,2,0,1,0,33,11,65,0,0,0,0,3,4,0.373493975903614,0.228915662650602,0.301204819277108,0,0,0,6.16051244974664,1.72085319994949
1,1,2,0,1,0,61,15,75,0,0,0,0,3,4,0.416666666666667,0.0357142857142857,0.154761904761905,0,0,0,11.5029327326728,1.73133280011825
1,1,2,0,1,0,46,2,55,0,0,0,0,3,4,0.380952380952381,0.0952380952380952,0.253968253968254,0,0,0,0.987186343040655,1.38374700001441
1,1,2,0,1,0,64,19.5,65,0,0,0,0,3,4,0.433962264150943,0.207547169811321,0.150943396226415,0,0,0,11.5039840410149,2.10740299988538
1,1,2,0,1,0,76,4,35,0,0,0,0,3,4,0.366120218579235,0.153005464480874,0.185792349726776,0,0,0,0.493190707522746,3.38579939980991
1,1,2,0,1,0,73,5,70,0,0,0,0,3,4,0.313725490196078,0.392156862745098,0.274509803921569,0,0,0,3.52130811972715,1.17280729999766
1,1,2,0,1,0,80,8,45,0,0,0,0,3,4,0.440366972477064,0.18348623853211,0.137614678899083,0,0,0,3.86783734781331,2.14353420003317
1,1,2,0,1,0,57,10,50,0,0,0,0,3,4,0.333333333333333,0.185185185185185,0.240740740740741,0,0,0,5,1.2238270000089
1,1,2,0,1,0,3,15,85,0,0,0,0,3,4,0.384615384615385,0.153846153846154,0.142857142857143,0,0,0,12.0028555794319,1.8414236002136
1,1,2,0,1,0,68,2.5,65,0,0,0,0,3,4,0.333333333333333,0.26984126984127,0.206349206349206,0,0,0,1.54895457447667,1.38667849986814
1,1,2,0,1,0,43,3,30,0,0,0,0,3,4,0.379310344827586,0.137931034482759,0,0,0,0,0.751321118321645,1.30367629998364
1,1,2,0,1,0,18,18.75,80,0,0,0,0,3,4,0.476190476190476,0.161904761904762,0.114285714285714,0,0,0,16.0034524218267,2.08721520006657
1,1,2,0,1,0,72,6.5,90,0,0,0,0,3,4,0.324675324675325,0.142857142857143,0.233766233766234,0,0,0,5.49809105336636,1.61525989999063
1,1,2,0,1,0,41,19,65,0,0,0,0,2,4,0.202020202020202,0.525252525252525,0.181818181818182,0,0,0,14.0126275230728,1.98332599992864
1,1,2,0,1,0,70,3.5,40,0,0,0,0,2,4,0.0714285714285714,0.369047619047619,0.19047619047619,0,0,0,0.526930857457749,1.72625219984911
1,1,2,0,1,0,6,19,20,0,0,0,0,2,4,0.306451612903226,0.32258064516129,0.274193548387097,0,0,0,4.5066261215339,1.37237789994106
1,1,2,0,1,0,54,9.25,40,0,0,0,0,2,4,0.2,0.471428571428571,0.242857142857143,0,0,0,4.04703440007355,1.50057130004279
1,1,2,0,1,0,69,1.5,95,0,0,0,0,2,4,0.113636363636364,0.465909090909091,0.215909090909091,0,0,0,1.0466111398018,1.80451370007358
1,1,2,0,1,0,10,19.5,10,0,0,0,0,2,4,0.168421052631579,0.273684210526316,0.168421052631579,0,0,0,3.01696439925755,1.90885120001622
1,1,2,0,1,0,28,6,25,0,0,0,0,2,4,0.0428571428571429,0.428571428571429,0.114285714285714,0,0,0,1.51411053998795,1.49332320014946
1,1,2,0,1,0,13,19.5,5,0,0,0,0,2,4,0.197916666666667,0.3125,0.125,0,0,0,1.50008716470688,1.93309970013797
1,1,2,0,1,0,47,16,100,0,0,0,0,2,4,0.134328358208955,0.447761194029851,0.26865671641791,0,0,0,14.4954775511635,1.44586709979922
1,1,2,0,1,0,8,16,15,0,0,0,0,2,4,0.11864406779661,0.322033898305085,0.254237288135593,0,0,0,2.53777365513138,1.30898199998774
1,1,2,0,1,0,21,6,95,0,0,0,0,2,4,0.125,0.453125,0.140625,0,0,0,5,1.39933769986965
1,1,2,0,1,0,17,3.25,85,0,0,0,0,2,4,0.175438596491228,0.280701754385965,0.228070175438596,0,0,0,1.50685440090405,1.28241360001266
1,1,2,0,1,0,63,5.5,70,0,0,0,0,2,4,0.17741935483871,0.370967741935484,0.193548387096774,0,0,0,3.24786037801758,1.36054729996249
1,1,2,0,1,0,19,17.5,25,0,0,0,0,2,4,0.114754098360656,0.278688524590164,0.19672131147541,0,0,0,4.49097554608033,1.33849120000377
1,1,2,0,1,0,35,13,70,0,0,0,0,4,4,0.306122448979592,0.469387755102041,0.0408163265306122,0,0,0,9.98556420223973,1.96003359998576
1,1,2,0,1,0,36,14,15,0,0,0,0,4,4,0.442622950819672,0.442622950819672,0.131147540983607,0,0,0,2.35895679333847,1.34075709991157
1,1,2,0,1,0,49,16,50,0,0,0,0,4,4,0.405405405405405,0.486486486486487,0.0675675675675676,0,0,0,7.96983549266676,1.56501449993812
1,1,2,0,1,0,4,8.5,20,0,0,0,0,4,4,0.491803278688525,0.360655737704918,0.0983606557377049,0,0,0,1.49672586849045,1.35162530001253
1,1,2,0,1,0,9,2,30,0,0,0,0,4,4,0.462686567164179,0.552238805970149,0.0597014925373134,0,0,0,0.306392004895038,1.44000199995935
1,1,2,0,1,0,82,9.5,20,0,0,0,0,4,4,0.619047619047619,0.317460317460317,0,0,0,0,1.76373796386663,1.37596359988675
1,1,2,0,1,0,37,14.5,5,0,0,0,0,4,4,0.388888888888889,0.518518518518518,0,0,0,0,2.04832764699134,1.22281800000928
1,1,2,0,1,0,83,17,80,0,0,0,0,4,4,0.27536231884058,0.463768115942029,0.159420289855072,0,0,0,14.9690462841691,1.48579950002022
1,1,2,0,1,0,48,7,45,0,0,0,0,4,4,0.307692307692308,0.435897435897436,0.0384615384615385,0,0,0,2.75279339653688,1.63696779985912
1,1,2,0,1,0,77,12,75,0,0,0,0,4,4,0.472727272727273,0.509090909090909,0,0,0,0,7.97449016828587,1.24577020015568
1,1,2,0,1,0,52,18.5,10,0,0,0,0,4,4,0.333333333333333,0.578947368421053,0,0,0,0,2.23782438937283,1.27445569983684
1,1,2,0,1,0,7,16.75,65,0,0,0,0,4,4,0.318840579710145,0.623188405797101,0,0,0,0,11.9987687224689,1.4860180998221
1,1,2,0,1,0,23,7.75,60,0,0,0,0,4,4,0.359375,0.46875,0.09375,0,0,0,4.34933182384123,1.3892944001127
1,1,2,0,1,0,39,17,35,0,0,0,0,4,4,0.328358208955224,0.507462686567164,0,0,0,0,4.01043666878389,1.44160020002164
1,2,2,0,0,1,16,16,100,95,0,0,0,3,6,0.150909090909091,0.152727272727273,0.229090909090909,0,0,0,12.0112614124296,9.49171590000014
1,2,2,0,0,1,42,20,100,170,0,0,0,3,6,0.400793650793651,0.103174603174603,0.349206349206349,0,0,0,9.0007922124279,4.52022490000013
1,2,2,0,0,1,30,8,100,90,0,0,0,3,6,0.255434782608696,0.173913043478261,0.326086956521739,0,0,0,3.98915783697319,3.40173240000013
1,2,2,0,0,1,65,1.75,100,10,0,0,0,3,6,0.35632183908046,0.241379310344828,0.436781609195402,0,0,0,0.9817828615978,1.78487819999987
1,2,2,0,0,1,34,12,100,85,0,0,0,3,6,0.306451612903226,0.282258064516129,0.387096774193548,0,0,0,8.97232334189067,2.38397369999984
1,2,2,0,0,1,18,18.75,100,250,0,0,0,3,6,0.236180904522613,0.14572864321608,0.246231155778894,0,0,0,9.98543206725031,3.63965050000002
1,2,2,0,0,1,60,15,100,31,0,0,0,3,6,0.351724137931034,0.137931034482759,0.43448275862069,0,0,0,10,2.75284090000014
1,2,2,0,0,1,33,11,100,190,0,0,0,3,6,0.312849162011173,0.0782122905027933,0.670391061452514,0,0,0,5.9905474396831,3.3190803
1,2,2,0,0,1,26,4,100,50,0,0,0,3,6,0.357615894039735,0.357615894039735,0.344370860927152,0,0,0,0.981490516802111,2.85034680000012
1,2,2,0,0,1,46,2,100,70,0,0,0,3,6,0.216216216216216,0.423423423423423,0.333333333333333,0,0,0,0.496578289852842,2.16896010000005
1,2,2,0,0,1,12,12,100,1,0,0,0,3,6,0.343949044585987,0.299363057324841,0.305732484076433,0,0,0,10,2.93739459999983
1,2,2,0,0,1,72,6.5,100,60,0,0,0,3,6,0.377622377622378,0.223776223776224,0.384615384615385,0,0,0,4.0094525603169,2.72012729999983
1,2,2,0,0,1,27,5.25,100,120,0,0,0,3,6,0.307692307692308,0.253846153846154,0.353846153846154,0,0,0,1.99437811032377,2.50204869999993
1,2,2,0,0,1,80,8,100,125,0,0,0,3,6,0.302325581395349,0.22093023255814,0.36046511627907,0,0,0,3.49350803047135,1.76741289999995
1,2,2,0,0,1,71,6,100,45,0,0,0,2,6,0.388888888888889,0.174603174603175,0.412698412698413,0,0,0,2.01179319743416,2.43515079999997
1,2,2,0,0,1,37,14.5,100,175,0,0,0,2,6,0.33974358974359,0.224358974358974,0.352564102564103,0,0,0,7.00266922487682,2.93460819999996
1,2,2,0,0,1,40,18,100,110,0,0,0,2,6,0.268292682926829,0.276422764227642,0.317073170731707,0,0,0,7.98348035674863,2.3784177
1,2,2,0,0,1,8,16,100,20,0,0,0,2,6,0.446808510638298,0.148936170212766,0.287234042553192,0,0,0,11.9976937364234,1.90183220000017
1,2,2,0,0,1,79,10,100,140,0,0,0,2,6,0.304964539007092,0.283687943262411,0.326241134751773,0,0,0,4.50518902840068,2.68487750000008
1,2,2,0,0,1,83,17,100,200,0,0,0,2,6,0.476635514018692,0.11214953271028,0.383177570093458,0,0,0,4.0094525603169,2.11743390000015
1,2,2,0,0,1,32,9.5,100,170,0,0,0,2,6,0.557894736842105,0.2,0.2,0,0,0,2.49680280496788,1.91740379999987
1,2,2,0,0,1,13,19.5,100,7,0,0,0,2,6,0.306666666666667,0.453333333333333,0.226666666666667,0,0,0,16.9849844864359,1.57203790000017
1,2,2,0,0,1,70,3.5,100,3,0,0,0,2,6,0.375,0.275,0.2875,0,0,0,2.74983878765697,1.6662437
1,2,2,0,0,1,50,2.5,100,10,0,0,0,2,6,0.3,0.230769230769231,0.3,0,0,0,1.00214693682019,2.48675159999993
1,2,2,0,0,1,81,14,100,5,0,0,0,2,6,0.440677966101695,0.254237288135593,0.220338983050847,0,0,0,11.9759876047436,1.30110799999989
1,2,2,0,0,1,25,9,100,160,0,0,0,2,6,0.293577981651376,0.275229357798165,0.357798165137615,0,0,0,1.49843637744569,2.13664590000008
1,2,2,0,0,1,10,19.5,100,125,0,0,0,2,6,0.385714285714286,0.228571428571429,0.3,0,0,0,6.49834750378973,2.66586570000004
1,2,2,0,0,1,28,6,100,7,0,0,0,2,6,0.414634146341463,0.25609756097561,0.195121951219512,0,0,0,3.99561302184943,1.69995320000021
1,2,2,0,0,1,56,12,100,210,0,0,0,5,6,0.377049180327869,0.262295081967213,0.352459016393443,0,0,0,4.95065061854312,2.3675510999999
1,2,2,0,0,1,73,5,100,14,0,0,0,5,6,0.539007092198582,0.24822695035461,0.24113475177305,0,0,0,3.04668317481608,2.66912160000015
1,2,2,0,0,1,58,14,100,20,0,0,0,5,6,0.516666666666667,0.0583333333333333,0.291666666666667,0,0,0,9.98556420223973,2.33521780000001
1,2,2,0,0,1,82,9.5,100,25,0,0,0,5,6,0.461139896373057,0.326424870466321,0.134715025906736,0,0,0,5.01008905292237,3.60307979999993
1,2,2,0,0,1,4,8.5,100,90,0,0,0,5,6,0.428571428571429,0.122448979591837,0.26530612244898,0,0,0,3.04106143102273,1.96705679999991
1,2,2,0,0,1,48,7,100,70,0,0,0,5,6,0.389830508474576,0.338983050847458,0.254237288135593,0,0,0,2.97721363110821,1.30346970000005
1,2,2,0,0,1,43,3,100,0,0,0,0,5,6,0.243697478991597,0.394957983193277,0.243697478991597,0,0,0,2.49771493301146,2.30584420000014
1,2,2,0,0,1,75,6,100,45,0,0,0,5,6,0.426829268292683,0.109756097560976,0.353658536585366,0,0,0,2.48368863188771,1.69249799999989
1,2,2,0,0,1,3,15,100,14,0,0,0,5,6,0.426666666666667,0.173333333333333,0.32,0,0,0,11.5000871647069,1.5844353
1,2,2,0,0,1,84,11,100,110,0,0,0,5,6,0.253521126760563,0.380281690140845,0.387323943661972,0,0,0,5.50102905260888,2.70087460000013
1,2,2,0,0,1,69,1.5,100,20,0,0,0,5,6,0.308411214953271,0.345794392523364,0.327102803738318,0,0,0,0.496136541192364,2.11580079999999
1,2,2,0,0,1,63,5.5,100,40,0,0,0,5,6,0.331550802139037,0.20855614973262,0.379679144385027,0,0,0,3.01347815601763,3.43506559999992
1,2,2,0,0,1,47,16,100,5,0,0,0,5,6,0.348837209302326,0.313953488372093,0.372093023255814,0,0,0,14.4881891277065,1.76747060000002
1,2,2,0,0,1,59,2,100,110,0,0,0,5,6,0.242424242424242,0.393939393939394,0.313131313131313,0,0,0,0.203416516447277,1.97804420000011
1,2,2,0,0,1,19,17.5,100,40,0,0,0,4,6,0.407894736842105,0.25,0.236842105263158,0,0,0,13.9806554187192,1.5995234999998
1,2,2,0,0,1,11,18.25,100,55,0,0,0,4,6,0.409638554216867,0.204819277108434,0.301204819277108,0,0,0,11.9788809721005,1.71732339999994
1,2,2,0,0,1,76,4,100,70,0,0,0,4,6,0.335640138408304,0.332179930795848,0.238754325259516,0,0,0,0.995485878574701,5.14401300000009
1,2,2,0,0,1,1,5,100,0,0,0,0,4,6,0.376344086021505,0.440860215053763,0.236559139784946,0,0,0,3.99654757817326,1.88321710000014
1,2,2,0,0,1,68,2.5,100,25,0,0,0,4,6,0.483516483516484,0.164835164835165,0.274725274725275,0,0,0,0.245287531045168,1.85067210000011
1,2,2,0,0,1,35,13,100,30,0,0,0,4,6,0.293103448275862,0.327586206896552,0.327586206896552,0,0,0,9.0348494909737,1.29133399999978
1,2,2,0,0,1,7,16.75,100,75,0,0,0,4,6,0.407692307692308,0.130769230769231,0.307692307692308,0,0,0,12.5165697050729,2.49824549999994
1,2,2,0,0,1,64,19.5,100,45,0,0,0,4,6,0.353535353535354,0.181818181818182,0.424242424242424,0,0,0,15.4871896527845,1.98493839999992
1,2,2,0,0,1,45,13.5,100,65,0,0,0,4,6,0.452631578947368,0.2,0.263157894736842,0,0,0,9.04652878878408,1.91731659999982
1,2,2,0,0,1,38,15.5,100,215,0,0,0,4,6,0.573333333333333,0.226666666666667,0.253333333333333,0,0,0,10.9499901113618,1.57111010000017
1,2,2,0,0,1,14,16.75,100,145,0,0,0,4,6,0.375,0.21875,0.390625,0,0,0,10.0144031376959,1.39958130000014
1,2,2,0,0,1,31,8.5,100,22,0,0,0,4,6,0.282527881040892,0.12639405204461,0.431226765799257,0,0,0,5,4.80301650000001
1,2,2,0,0,1,21,6,100,55,0,0,0,4,6,0.412371134020619,0.288659793814433,0.268041237113402,0,0,0,2.99641396983677,1.95146260000001
1,2,2,0,0,1,41,19,100,245,0,0,0,4,6,0.378947368421053,0.168421052631579,0.452631578947368,0,0,0,6.05136913422507,1.91767490000007
1,2,2,0,0,1,52,18.5,100,85,0,0,0,1,6,0.311203319502075,0.174273858921162,0.477178423236515,0,0,0,12.0070190850663,4.33542890000012
1,2,2,0,0,1,24,19,100,150,0,0,0,1,6,0.1484375,0.359375,0.4609375,0,0,0,11.1053783687342,2.46850429999995
1,2,2,0,0,1,61,15,100,225,0,0,0,1,6,0.201754385964912,0.315789473684211,0.385964912280702,0,0,0,5.98421764040315,2.2330179999999
1,2,2,0,0,1,15,17.25,100,55,0,0,0,1,6,0.244186046511628,0.313953488372093,0.523255813953488,0,0,0,13.4949126955699,1.76620220000018
1,2,2,0,0,1,78,8.25,100,5,0,0,0,1,6,0.2875,0.3125,0.4,0,0,0,6.75111703202867,1.6730215
1,2,2,0,0,1,57,10,100,95,0,0,0,1,6,0.214814814814815,0.103703703703704,0.640740740740741,0,0,0,4.74857891031784,4.83656459999997
1,2,2,0,0,1,62,10,100,135,0,0,0,1,6,0.178947368421053,0.294736842105263,0.473684210526316,0,0,0,4.24986022982418,1.91800310000008
1,2,2,0,0,1,23,7.75,100,120,0,0,0,1,6,0.244897959183673,0.153061224489796,0.489795918367347,0,0,0,3.99674559570756,1.96685740000021
1,2,2,0,0,1,17,3.25,100,205,0,0,0,1,6,0.4125,0.1875,0.3625,0,0,0,0.352500157725732,1.66714909999996
1,2,2,0,0,1,74,7,100,120,0,0,0,1,6,0.0545454545454545,0.236363636363636,0.709090909090909,0,0,0,1.4919316182944,1.2496294
1,2,2,0,0,1,66,10,100,80,0,0,0,1,6,0.166666666666667,0.277777777777778,0.351851851851852,0,0,0,6.49913818650442,1.23186989999999
1,2,2,0,0,1,51,1,100,3,0,0,0,1,6,0.436619718309859,0.23943661971831,0.295774647887324,0,0,0,0.352532657726872,1.5162734999999
1,2,2,0,0,1,6,19,100,175,0,0,0,1,6,0.131868131868132,0.186813186813187,0.417582417582418,0,0,0,8.00562188967623,1.8505705
1,2,2,0,0,1,44,5,100,65,0,0,0,1,6,0.276595744680851,0.25531914893617,0.425531914893617,0,0,0,3.05221598037722,1.11955740000008
1,2,2,0,0,1,9,2,100,19,0,0,0,6,6,0.415094339622642,0.226415094339623,0.245283018867925,0,0,0,0.155933563043643,1.21644200000014
1,2,2,0,0,1,36,14,100,40,0,0,0,6,6,0.535211267605634,0.197183098591549,0.253521126760563,0,0,0,9.9711938720554,1.51613610000004
1,2,2,0,0,1,20,15.75,100,30,0,0,0,6,6,0.533333333333333,0.2,0.266666666666667,0,0,0,13.4989106718576,1.58426830000008
1,2,2,0,0,1,39,17,100,15,0,0,0,6,6,0.431034482758621,0.293103448275862,0.344827586206897,0,0,0,15.5074050672665,1.29838080000013
1,2,2,0,0,1,2,7.5,100,25,0,0,0,6,6,0.622950819672131,0.245901639344262,0.0983606557377049,0,0,0,4.5034913086442,1.34958069999993
1,2,2,0,0,1,22,20,100,165,0,0,0,6,6,0.439393939393939,0.151515151515152,0.409090909090909,0,0,0,8.49550480255889,1.43353350000007
1,2,2,0,0,1,54,9.25,100,4,0,0,0,6,6,0.377049180327869,0.19672131147541,0.163934426229508,0,0,0,8.00639476787126,1.3506875999999
1,2,2,0,0,1,55,16.5,100,155,0,0,0,6,6,0.418604651162791,0.325581395348837,0.186046511627907,0,0,0,9.51562135062835,1.04709739999998
1,2,2,0,0,1,67,8.5,100,105,0,0,0,6,6,0.349206349206349,0.206349206349206,0.206349206349206,0,0,0,4.03052282754336,1.38330799999994
1,2,2,0,0,1,49,16,100,20,0,0,0,6,6,0.442307692307692,0.288461538461538,0.269230769230769,0,0,0,13.9988100503536,1.200965
1,2,2,0,0,1,29,7,100,55,0,0,0,6,6,0.504464285714286,0.178571428571429,0.200892857142857,0,0,0,2.75660093060662,4.05221060000008
1,2,2,0,0,1,5,20,100,15,0,0,0,6,6,0.557377049180328,0.213114754098361,0.0327868852459016,0,0,0,12.9773423659971,1.35130150000009
1,2,2,0,0,1,53,14,100,60,0,0,0,6,6,0.4,0.257142857142857,0.285714285714286,0,0,0,7.98281353303994,1.50078629999985
1,2,2,0,0,1,77,12,100,25,0,0,0,6,6,0.566666666666667,0.25,0.15,0,0,0,9.98591551474137,1.33350939999991
1,3,1,0,1,1,45,13.5,55,65,0,0,0,4,2,0.318718381112985,0.296795952782462,0.251264755480607,0,0,0,6.03829687801108,10.2076978000114
1,3,1,0,1,1,8,16,15,20,0,0,0,4,2,0.293785310734463,0.384180790960452,0.271186440677966,0,0,0,4.04759671782304,3.28179510001792
1,3,1,0,1,1,16,16,65,95,0,0,0,4,2,0.182539682539683,0.428571428571429,0.285714285714286,0,0,0,12.5032664447708,2.44397799996659
1,3,1,0,1,1,53,14,90,60,0,0,0,4,2,0.312138728323699,0.225433526011561,0.439306358381503,0,0,0,12.0028555794319,3.2140932000475
1,3,1,0,1,1,41,19,65,245,0,0,0,4,2,0.193103448275862,0.406896551724138,0.262068965517241,0,0,0,9.00304148723373,2.75054689997341
1,3,1,0,1,1,21,6,95,55,0,0,0,4,2,0.408163265306122,0.387755102040816,0.17687074829932,0,0,0,4.95018726289419,2.78397480002604
1,3,1,0,1,1,74,7,40,120,0,0,0,4,2,0.340579710144928,0.398550724637681,0.246376811594203,0,0,0,2.50779019615718,2.61812810000265
1,3,1,0,1,1,59,2,80,110,0,0,0,4,2,0.313829787234043,0.24468085106383,0.414893617021277,0,0,0,0.49306256860477,3.46337800001493
1,3,1,0,1,1,20,15.75,35,30,0,0,0,4,2,0.384892086330935,0.37410071942446,0.172661870503597,0,0,0,4.04209742499744,4.9520530999871
1,3,1,0,1,1,18,18.75,80,250,0,0,0,4,2,0.354285714285714,0.388571428571429,0.251428571428571,0,0,0,9.98566174108281,3.25065340002766
1,3,1,0,1,1,38,15.5,40,215,0,0,0,4,2,0.462121212121212,0.257575757575758,0.204545454545455,0,0,0,5.05012650519859,2.53389680001419
1,3,1,0,1,1,76,4,35,70,0,0,0,4,2,0.268292682926829,0.430894308943089,0.170731707317073,0,0,0,0.749659539656225,2.38218730001245
1,3,1,0,1,1,52,18.5,10,85,0,0,0,4,2,0.315789473684211,0.308270676691729,0.360902255639098,0,0,0,2.02534508357163,2.54866070003482
1,3,1,0,1,1,69,1.5,95,20,0,0,0,4,2,0.357142857142857,0.418367346938776,0.204081632653061,0,0,0,0.988554800503593,1.96129890001612
1,3,1,0,1,1,72,6.5,90,60,0,0,0,3,2,0.425742574257426,0.247524752475248,0.227722772277228,0,0,0,5,2.00350619998062
1,3,1,0,1,1,26,4,45,50,0,0,0,3,2,0.41,0.26,0.37,0,0,0,1.03233009499069,2.00184369995259
1,3,1,0,1,1,44,5,40,65,0,0,0,3,2,0.341269841269841,0.158730158730159,0.436507936507937,0,0,0,1.74192516936104,2.43315170001006
1,3,1,0,1,1,11,18.25,70,55,0,0,0,3,2,0.296296296296296,0.185185185185185,0.5,0,0,0,11.9991169792741,2.13282870000694
1,3,1,0,1,1,30,8,75,90,0,0,0,3,2,0.37719298245614,0.254385964912281,0.473684210526316,0,0,0,6.49952592008842,2.22174559999257
1,3,1,0,1,1,50,2.5,90,10,0,0,0,3,2,0.362745098039216,0.254901960784314,0.372549019607843,0,0,0,1.75047720651198,2.03350129997125
1,3,1,0,1,1,75,6,85,45,0,0,0,3,2,0.317365269461078,0.245508982035928,0.389221556886228,0,0,0,4.102471827516,3.1058394999709
1,3,1,0,1,1,56,12,90,210,0,0,0,3,2,0.385964912280702,0.175438596491228,0.350877192982456,0,0,0,7.15349335794703,2.22353700001258
1,3,1,0,1,1,1,5,50,0,0,0,0,3,2,0.571428571428571,0.293650793650794,0.182539682539683,0,0,0,2.99619049254112,2.425515800016
1,3,1,0,1,1,73,5,70,14,0,0,0,3,2,0.378109452736318,0.298507462686567,0.323383084577114,0,0,0,3.73937929489953,3.67107690003468
1,3,1,0,1,1,84,11,50,110,0,0,0,3,2,0.454545454545455,0.464646464646465,0.151515151515152,0,0,0,4.50972167597017,1.98483790003229
1,3,1,0,1,1,22,20,90,165,0,0,0,3,2,0.435643564356436,0.188118811881188,0.415841584158416,0,0,0,15.9990915995431,2.00714529998368
1,3,1,0,1,1,39,17,35,15,0,0,0,3,2,0.484375,0.1875,0.2734375,0,0,0,6.50065983880653,2.45803489995888
1,3,1,0,1,1,49,16,50,20,0,0,0,3,2,0.393162393162393,0.179487179487179,0.418803418803419,0,0,0,8.00487053859703,2.28294899995672
1,3,1,0,1,1,17,3.25,85,205,0,0,0,6,2,0.307377049180328,0.413934426229508,0.25,0,0,0,0.79685690726523,4.39151819999097
1,3,1,0,1,1,68,2.5,65,25,0,0,0,6,2,0.43801652892562,0.305785123966942,0.289256198347107,0,0,0,2.49907629824632,2.34198199998355
1,3,1,0,1,1,6,19,20,175,0,0,0,6,2,0.352941176470588,0.294117647058824,0.339100346020761,0,0,0,4.00828115495899,5.14192889997503
1,3,1,0,1,1,80,8,45,125,0,0,0,6,2,0.293650793650794,0.333333333333333,0.380952380952381,0,0,0,3.50549931236155,2.4228666999843
1,3,1,0,1,1,48,7,45,70,0,0,0,6,2,0.309090909090909,0.402597402597403,0.233766233766234,0,0,0,2.74781980557714,6.74700339999981
1,3,1,0,1,1,36,14,15,40,0,0,0,6,2,0.327731092436975,0.327731092436975,0.34453781512605,0,0,0,3.99583525097363,2.31597070000134
1,3,1,0,1,1,19,17.5,25,40,0,0,0,6,2,0.347826086956522,0.391304347826087,0.269565217391304,0,0,0,5.51292801039456,2.24645979999332
1,3,1,0,1,1,10,19.5,10,125,0,0,0,6,2,0.378640776699029,0.359223300970874,0.262135922330097,0,0,0,1.72787226246897,2.04874119994929
1,3,1,0,1,1,32,9.5,30,170,0,0,0,6,2,0.343195266272189,0.396449704142012,0.254437869822485,0,0,0,1.00889698489186,3.1389693999663
1,3,1,0,1,1,12,12,35,1,0,0,0,6,2,0.333333333333333,0.464912280701754,0.184210526315789,0,0,0,3.75498630687141,2.22747279994655
1,3,1,0,1,1,51,1,40,3,0,0,0,6,2,0.373188405797101,0.239130434782609,0.242753623188406,0,0,0,0.245844449266464,4.93326720001642
1,3,1,0,1,1,29,7,20,55,0,0,0,6,2,0.453781512605042,0.504201680672269,0.159663865546218,0,0,0,1.48548206531876,2.30812750000041
1,3,1,0,1,1,3,15,85,14,0,0,0,6,2,0.375,0.241071428571429,0.294642857142857,0,0,0,10.0141470827653,2.19898649997776
1,3,1,0,1,1,9,2,30,19,0,0,0,6,2,0.290697674418605,0.321705426356589,0.387596899224806,0,0,0,0.198436306095381,4.62083909998182
1,3,1,0,1,1,46,2,55,70,0,0,0,5,2,0.422222222222222,0.177777777777778,0.355555555555556,0,0,0,0.851867140201573,1.82476899999892
1,3,1,0,1,1,82,9.5,20,25,0,0,0,5,2,0.32258064516129,0.327188940092166,0.336405529953917,0,0,0,1.70239000831831,3.94647480000276
1,3,1,0,1,1,70,3.5,40,3,0,0,0,5,2,0.150326797385621,0.348583877995643,0.450980392156863,0,0,0,1.01003076898026,7.96534319996135
1,3,1,0,1,1,83,17,80,200,0,0,0,5,2,0.350877192982456,0.298245614035088,0.368421052631579,0,0,0,11.4886999842206,2.23638859996572
1,3,1,0,1,1,4,8.5,20,90,0,0,0,5,2,0.204545454545455,0.5,0.279220779220779,0,0,0,1.74216934693547,5.44962810003199
1,3,1,0,1,1,81,14,55,5,0,0,0,5,2,0.357142857142857,0.25,0.404761904761905,0,0,0,7.98769006049583,1.7312276000157
1,3,1,0,1,1,13,19.5,5,7,0,0,0,5,2,0.380952380952381,0.214285714285714,0.369047619047619,0,0,0,1.01060684333609,1.73152010003105
1,3,1,0,1,1,58,14,45,20,0,0,0,5,2,0.383458646616541,0.157894736842105,0.43609022556391,0,0,0,7.48453961406733,2.5369989000028
1,3,1,0,1,1,35,13,70,30,0,0,0,5,2,0.342342342342342,0.297297297297297,0.36036036036036,0,0,0,9.98603906245981,2.17084549996071
1,3,1,0,1,1,2,7.5,75,25,0,0,0,5,2,0.374149659863946,0.251700680272109,0.340136054421769,0,0,0,5.98021366175859,2.77258749998873
1,3,1,0,1,1,28,6,25,7,0,0,0,5,2,0.336206896551724,0.310344827586207,0.379310344827586,0,0,0,1.50548982355246,2.25545200001216
1,3,1,0,1,1,40,18,15,110,0,0,0,5,2,0.348314606741573,0.280898876404494,0.359550561797753,0,0,0,1.73694414478392,1.82007720001275
1,3,1,0,1,1,5,20,85,15,0,0,0,5,2,0.444444444444444,0.166666666666667,0.322222222222222,0,0,0,16.9973481743614,1.82387169997673
1,3,1,0,1,1,47,16,100,5,0,0,0,5,2,0.46195652173913,0.168478260869565,0.309782608695652,0,0,0,15,3.3951130999485
1,3,1,0,1,1,57,10,50,95,0,0,0,1,2,0.350877192982456,0.324561403508772,0.333333333333333,0,0,0,4.7571332436916,2.23301289998926
1,3,1,0,1,1,55,16.5,25,155,0,0,0,1,2,0.34375,0.229166666666667,0.427083333333333,0,0,0,3.51104538654336,1.93279549997533
1,3,1,0,1,1,60,15,35,31,0,0,0,1,2,0.25,0.296875,0.3828125,0,0,0,3.50359132668101,2.46072350000031
1,3,1,0,1,1,77,12,75,25,0,0,0,1,2,0.204724409448819,0.425196850393701,0.496062992125984,0,0,0,9.49123884965532,2.4518367999699
1,3,1,0,1,1,79,10,10,140,0,0,0,1,2,0.153846153846154,0.230769230769231,0.559440559440559,0,0,0,2.00380950745887,2.7184516999987
1,3,1,0,1,1,23,7.75,60,120,0,0,0,1,2,0.271428571428571,0.314285714285714,0.392857142857143,0,0,0,4.74704277978102,2.65628240001388
1,3,1,0,1,1,64,19.5,65,45,0,0,0,1,2,0.304054054054054,0.378378378378378,0.331081081081081,0,0,0,15.74436479504,2.79089540004497
1,3,1,0,1,1,63,5.5,70,40,0,0,0,1,2,0.213114754098361,0.377049180327869,0.442622950819672,0,0,0,4.4961153987904,2.35578750004061
1,3,1,0,1,1,31,8.5,50,22,0,0,0,1,2,0.362790697674419,0.386046511627907,0.204651162790698,0,0,0,5.75409950577738,3.91388469998492
1,3,1,0,1,1,78,8.25,20,5,0,0,0,1,2,0.19672131147541,0.344262295081967,0.442622950819672,0,0,0,1.99911697927407,2.37022159999469
1,3,1,0,1,1,66,10,90,80,0,0,0,1,2,0.166666666666667,0.277777777777778,0.411111111111111,0,0,0,8.15124381439708,1.83301489998121
1,3,1,0,1,1,71,6,25,45,0,0,0,1,2,0.0679611650485437,0.398058252427184,0.41747572815534,0,0,0,1.74666976501043,2.0445197999943
1,3,1,0,1,1,67,8.5,50,105,0,0,0,1,2,0.39041095890411,0.363013698630137,0.294520547945205,0,0,0,5,2.75751660001697
1,3,1,0,1,1,37,14.5,5,175,0,0,0,1,2,0.214285714285714,0.326530612244898,0.459183673469388,0,0,0,0.499373072514665,1.96498970000539
1,3,1,0,1,1,27,5.25,50,120,0,0,0,2,2,0.182539682539683,0.412698412698413,0.412698412698413,0,0,0,2.2595761430596,2.42065719998209
1,3,1,0,1,1,43,3,30,0,0,0,0,2,2,0.228070175438596,0.473684210526316,0.263157894736842,0,0,0,0.741460186723625,2.22860130004119
1,3,1,0,1,1,25,9,60,160,0,0,0,2,2,0.229508196721311,0.5,0.30327868852459,0,0,0,5.24586677857575,2.3517034999677
1,3,1,0,1,1,42,20,30,170,0,0,0,2,2,0.240740740740741,0.308641975308642,0.444444444444444,0,0,0,5,3.02882329997374
1,3,1,0,1,1,54,9.25,40,4,0,0,0,2,2,0.395061728395062,0.320987654320988,0.197530864197531,0,0,0,4.25155430954229,3.02586669998709
1,3,1,0,1,1,62,10,95,135,0,0,0,2,2,0.242857142857143,0.385714285714286,0.328571428571429,0,0,0,8.50424520446547,2.66326299996581
1,3,1,0,1,1,61,15,75,225,0,0,0,2,2,0.202614379084967,0.392156862745098,0.392156862745098,0,0,0,11.0062355570243,2.87706890003756
1,3,1,0,1,1,24,19,70,150,0,0,0,2,2,0.271523178807947,0.271523178807947,0.417218543046358,0,0,0,15.2473947417871,2.84636260004481
1,3,1,0,1,1,33,11,65,190,0,0,0,2,2,0.276073619631902,0.325153374233129,0.331288343558282,0,0,0,6.50257340560178,3.05175139999483
1,3,1,0,1,1,14,16.75,45,145,0,0,0,2,2,0.263803680981595,0.423312883435583,0.276073619631902,0,0,0,9.45254333915011,3.04332820000127
1,3,1,0,1,1,7,16.75,65,75,0,0,0,2,2,0.353125,0.39375,0.221875,0,0,0,14.0040727844422,5.66289370000595
1,3,1,0,1,1,15,17.25,25,55,0,0,0,2,2,0.28,0.413333333333333,0.3,0,0,0,4.74704277978102,2.82863820000784
1,3,1,0,1,1,34,12,15,85,0,0,0,2,2,0.396396396396396,0.355855855855856,0.31981981981982,0,0,0,3.48821077175008,4.02921850001439
1,3,1,0,1,1,65,1.75,80,10,0,0,0,2,2,0.259259259259259,0.37962962962963,0.277777777777778,0,0,0,0.739620098527979,2.13092429999961
2,1,1,0,1,0,26,4,45,0,0,0,0,1,4,0.28005284015852,0.241743725231176,0.0686922060766182,0,0,0,1.04898479061982,12.9447986001614
2,1,1,0,1,0,24,19,70,0,0,0,0,1,4,0.364942528735632,0.241379310344828,0.0862068965517241,0,0,0,8.00230626357663,6.13195850001648
2,1,1,0,1,0,21,6,95,0,0,0,0,1,4,0.316363636363636,0.254545454545455,0.0145454545454545,0,0,0,3.0036932398579,4.91195879993029
2,1,1,0,1,0,43,3,30,0,0,0,0,1,4,0.116279069767442,0.321705426356589,0.108527131782946,0,0,0,0.0285477805003893,4.62205410003662
2,1,1,0,1,0,57,10,50,0,0,0,0,1,4,0.303664921465969,0.345549738219895,0.120418848167539,0,0,0,4.98981409233409,3.52029639994726
2,1,1,0,1,0,11,18.25,70,0,0,0,0,1,4,0.396103896103896,0.441558441558442,0.0649350649350649,0,0,0,8.0382509496447,2.8939737000037
2,1,1,0,1,0,68,2.5,65,0,0,0,0,1,4,0.453125,0.34375,0,0,0,0,0.760887903585537,1.40051120007411
2,1,1,0,1,0,27,5.25,50,0,0,0,0,1,4,0.462068965517241,0.413793103448276,0.00689655172413793,0,0,0,1.6270035855817,2.74777080002241
2,1,1,0,1,0,64,19.5,65,0,0,0,0,1,4,0.2125,0.6375,0.0125,0,0,0,5.02080449366305,2.99477529991418
2,1,1,0,1,0,10,19.5,10,0,0,0,0,1,4,0.252173913043478,0.347826086956522,0.0347826086956522,0,0,0,1.01757090488666,2.25080220005475
2,1,1,0,1,0,61,15,75,0,0,0,0,1,4,0.432432432432432,0.27027027027027,0,0,0,0,7.02212945033838,2.18666380015202
2,1,1,0,1,0,19,17.5,25,0,0,0,0,1,4,0.449101796407186,0.44311377245509,0.0239520958083832,0,0,0,3.01001672711843,3.10444790008478
2,1,1,0,1,0,29,7,20,0,0,0,0,1,4,0.327868852459016,0.450819672131148,0.00819672131147541,0,0,0,1.00537839182461,2.35754530015402
2,1,1,0,1,0,22,20,90,0,0,0,0,1,4,0.28448275862069,0.456896551724138,0.0258620689655172,0,0,0,10,2.26850860007107
2,1,1,0,1,0,54,9.25,40,0,0,0,0,4,4,0.544776119402985,0.164179104477612,0.188432835820896,0,0,0,2.95167235300866,9.25566549994983
2,1,1,0,1,0,42,20,30,0,0,0,0,4,4,0.442942942942943,0.364864864864865,0.018018018018018,0,0,0,3.99881005035359,11.4220765999053
2,1,1,0,1,0,32,9.5,30,0,0,0,0,4,4,0.587837837837838,0.331081081081081,0.0675675675675676,0,0,0,1.94800905312299,2.8017762999516
2,1,1,0,1,0,66,10,90,0,0,0,0,4,4,0.444444444444444,0.232323232323232,0.0404040404040404,0,0,0,5.02008257604545,1.9832662998233
2,1,1,0,1,0,58,14,45,0,0,0,0,4,4,0.386904761904762,0.297619047619048,0.130952380952381,0,0,0,4.00828115495899,3.12538089998998
2,1,1,0,1,0,63,5.5,70,0,0,0,0,4,4,0.428571428571429,0.372670807453416,0.0093167701863354,0,0,0,2.05291755082738,5.69130149995908
2,1,1,0,1,0,79,10,10,0,0,0,0,4,4,0.403397027600849,0.26963906581741,0.00849256900212314,0,0,0,1.02734586061814,8.18111349991523
2,1,1,0,1,0,5,20,85,0,0,0,0,4,4,0.382165605095541,0.24203821656051,0.121019108280255,0,0,0,10.9817828615978,2.9534293001052
2,1,1,0,1,0,40,18,15,0,0,0,0,4,4,0.410112359550562,0.297752808988764,0.0224719101123595,0,0,0,1.06088156304213,3.2936156000942
2,1,1,0,1,0,53,14,90,0,0,0,0,4,4,0.326086956521739,0.130434782608696,0.0543478260869565,0,0,0,8.04196697459241,1.86829199991189
2,1,1,0,1,0,78,8.25,20,0,0,0,0,4,4,0.474358974358974,0.282051282051282,0,0,0,0,1.08939001982536,1.629293900216
2,1,1,0,1,0,41,19,65,0,0,0,0,4,4,0.298850574712644,0.32183908045977,0,0,0,0,5.07129843337973,1.77380109997466
2,1,1,0,1,0,80,8,45,0,0,0,0,4,4,0.231884057971014,0.289855072463768,0,0,0,0,2.03029314077614,1.48400909989141
2,1,1,0,1,0,37,14.5,5,0,0,0,0,4,4,0.343283582089552,0.283582089552239,0.238805970149254,0,0,0,0.498862597500583,1.4484721000772
2,1,1,0,1,0,81,14,55,0,0,0,0,5,4,0.240566037735849,0.391509433962264,0.0613207547169811,0,0,0,7.00380950745887,7.38786729983985
2,1,1,0,1,0,9,2,30,0,0,0,0,5,4,0.322834645669291,0.307086614173228,0.125984251968504,0,0,0,0.591505839111001,2.45283340010792
2,1,1,0,1,0,34,12,15,0,0,0,0,5,4,0.323308270676692,0.240601503759398,0.240601503759398,0,0,0,1.04901738046294,2.54907710012048
2,1,1,0,1,0,83,17,80,0,0,0,0,5,4,0.237597911227154,0.509138381201044,0.12532637075718,0,0,0,7.9428549102762,6.71363750007004
2,1,1,0,1,0,52,18.5,10,0,0,0,0,5,4,0.542857142857143,0.238095238095238,0.0285714285714286,0,0,0,1.02799846930101,2.07409060001373
2,1,1,0,1,0,15,17.25,25,0,0,0,0,5,4,0.219798657718121,0.573825503355705,0.0302013422818792,0,0,0,2.04832764699134,10.2622207000386
2,1,1,0,1,0,33,11,65,0,0,0,0,5,4,0.39426523297491,0.458781362007168,0.010752688172043,0,0,0,3.9858992931241,4.99451839993708
2,1,1,0,1,0,17,3.25,85,0,0,0,0,5,4,0.476190476190476,0.352380952380952,0,0,0,0,1.97846819911763,2.07527250004932
2,1,1,0,1,0,71,6,25,0,0,0,0,5,4,0.286995515695067,0.300448430493274,0.0941704035874439,0,0,0,1.02034967565935,4.04787250002846
2,1,1,0,1,0,2,7.5,75,0,0,0,0,5,4,0.526315789473684,0.263157894736842,0,0,0,0,3.04289105162242,1.91768359998241
2,1,1,0,1,0,46,2,55,0,0,0,0,5,4,0.283870967741935,0.42258064516129,0.0032258064516129,0,0,0,0.634510348611069,5.49188459990546
2,1,1,0,1,0,72,6.5,90,0,0,0,0,5,4,0.445652173913043,0.239130434782609,0,0,0,0,2.95167235300866,1.86743400013074
2,1,1,0,1,0,38,15.5,40,0,0,0,0,5,4,0.495049504950495,0.227722772277228,0.0198019801980198,0,0,0,4.06479560775036,2.02090809983201
2,1,1,0,1,0,67,8.5,50,0,0,0,0,5,4,0.5078125,0.33203125,0,0,0,0,3.07546202710184,4.59011140000075
2,1,1,0,1,0,16,16,65,0,0,0,0,2,4,0.31858407079646,0.424778761061947,0.0176991150442478,0,0,0,5.03055751439338,2.21114490018226
2,1,1,0,1,0,28,6,25,0,0,0,0,2,4,0.256756756756757,0.378378378378378,0.027027027027027,0,0,0,1.00830644677874,1.56824779999442
2,1,1,0,1,0,1,5,50,0,0,0,0,2,4,0.275510204081633,0.418367346938776,0.107142857142857,0,0,0,0.996958512766266,3.59847349999472
2,1,1,0,1,0,69,1.5,95,0,0,0,0,2,4,0.443850267379679,0.401069518716578,0.0053475935828877,0,0,0,1.06570201295072,3.45086700003594
2,1,1,0,1,0,36,14,15,0,0,0,0,2,4,0.227722772277228,0.297029702970297,0.0198019801980198,0,0,0,1.04176341126402,2.00347790005617
2,1,1,0,1,0,48,7,45,0,0,0,0,2,4,0.3359375,0.3984375,0.0078125,0,0,0,1.63071034860556,2.47077520005405
2,1,1,0,1,0,35,13,70,0,0,0,0,2,4,0.329411764705882,0.317647058823529,0.0117647058823529,0,0,0,4.02118179370215,1.74120910000056
2,1,1,0,1,0,8,16,15,0,0,0,0,2,4,0.363265306122449,0.387755102040816,0,0,0,0,0.667667328610502,4.41595589998178
2,1,1,0,1,0,45,13.5,55,0,0,0,0,2,4,0.30952380952381,0.30952380952381,0.0357142857142857,0,0,0,4.04513143741249,1.72042999998666
2,1,1,0,1,0,51,1,40,0,0,0,0,2,4,0.218390804597701,0.505747126436782,0.0114942528735632,0,0,0,0.323924679626945,1.77159129991196
2,1,1,0,1,0,74,7,40,0,0,0,0,2,4,0.346749226006192,0.402476780185758,0.00928792569659443,0,0,0,1.974945332696,5.71418460016139
2,1,1,0,1,0,14,16.75,45,0,0,0,0,2,4,0.517073170731707,0.321951219512195,0.0048780487804878,0,0,0,4.01043666878389,7.1652061000932
2,1,1,0,1,0,60,15,35,0,0,0,0,2,4,0.131147540983607,0.508196721311475,0,0,0,0,2.46594494537711,1.34823079989292
2,1,1,0,1,0,65,1.75,80,0,0,0,0,2,4,0.23943661971831,0.422535211267606,0.0140845070422535,0,0,0,1.02500325524284,1.5143115001265
2,1,1,0,1,0,50,2.5,90,0,0,0,0,6,4,0.376373626373626,0.409340659340659,0.021978021978022,0,0,0,1.53477015854115,6.39247839991003
2,1,1,0,1,0,12,12,35,0,0,0,0,6,4,0.462962962962963,0.444444444444444,0,0,0,0,1.98831450784873,1.23239829996601
2,1,1,0,1,0,6,19,20,0,0,0,0,6,4,0.440559440559441,0.363636363636364,0.0629370629370629,0,0,0,1.9393591565473,2.71272590011358
2,1,1,0,1,0,3,15,85,0,0,0,0,6,4,0.556603773584906,0.349056603773585,0.0754716981132075,0,0,0,8.04015074996237,2.09958290006034
2,1,1,0,1,0,7,16.75,65,0,0,0,0,6,4,0.666666666666667,0.310344827586207,0,0,0,0,5.02047001859723,1.78168209991418
2,1,1,0,1,0,55,16.5,25,0,0,0,0,6,4,0.42433234421365,0.373887240356083,0,0,0,0,3.08834884720392,5.95315889990889
2,1,1,0,1,0,44,5,40,0,0,0,0,6,4,0.232558139534884,0.406976744186047,0,0,0,0,1.02969910463968,1.75987359997816
2,1,1,0,1,0,31,8.5,50,0,0,0,0,6,4,0.575342465753425,0.212328767123288,0.116438356164384,0,0,0,3.98261985261288,2.77025020006113
2,1,1,0,1,0,4,8.5,20,0,0,0,0,6,4,0.356353591160221,0.350828729281768,0.0331491712707182,0,0,0,1.54530864553941,6.35944729996845
2,1,1,0,1,0,23,7.75,60,0,0,0,0,6,4,0.452830188679245,0.330188679245283,0,0,0,0,3.04196697459242,2.08858360000886
2,1,1,0,1,0,62,10,95,0,0,0,0,6,4,0.616279069767442,0.255813953488372,0,0,0,0,5.972571132452,1.7525394000113
2,1,1,0,1,0,84,11,50,0,0,0,0,6,4,0.510204081632653,0.285714285714286,0,0,0,0,4.01043666878389,1.16673369985074
2,1,1,0,1,0,47,16,100,0,0,0,0,6,4,0.414141414141414,0.207070707070707,0.141414141414141,0,0,0,14.9896820224483,3.62368609989062
2,1,1,0,1,0,39,17,35,0,0,0,0,6,4,0.447619047619048,0.523809523809524,0.0285714285714286,0,0,0,3.99674559570756,2.07635859982111
2,1,1,0,1,0,25,9,60,0,0,0,0,3,4,0.25,0.474025974025974,0.217532467532468,0,0,0,4.05114259146444,5.4526708999183
2,1,1,0,1,0,49,16,50,0,0,0,0,3,4,0.469565217391304,0.28695652173913,0.139130434782609,0,0,0,6.03957677299256,2.24385230010375
2,1,1,0,1,0,13,19.5,5,0,0,0,0,3,4,0.593548387096774,0.174193548387097,0.0967741935483871,0,0,0,0.425737716710039,2.91411640006118
2,1,1,0,1,0,82,9.5,20,0,0,0,0,3,4,0.418181818181818,0.313636363636364,0.109090909090909,0,0,0,1.9928098882287,4.00053479988128
2,1,1,0,1,0,59,2,80,0,0,0,0,3,4,0.454545454545455,0.471074380165289,0,0,0,0,0.984029924482826,2.34483870002441
2,1,1,0,1,0,70,3.5,40,0,0,0,0,3,4,0.39010989010989,0.250915750915751,0.0512820512820513,0,0,0,0.691758784936194,9.42770050000399
2,1,1,0,1,0,20,15.75,35,0,0,0,0,3,4,0.685393258426966,0.247191011235955,0.0112359550561798,0,0,0,3.04336021889254,1.80751579999924
2,1,1,0,1,0,75,6,85,0,0,0,0,3,4,0.361111111111111,0.222222222222222,0.00925925925925926,0,0,0,2.95821520550836,2.12366420007311
2,1,1,0,1,0,73,5,70,0,0,0,0,3,4,0.358974358974359,0.320512820512821,0.0256410256410256,0,0,0,1.99081665391145,1.62405549990945
2,1,1,0,1,0,77,12,75,0,0,0,0,3,4,0.657534246575342,0.315068493150685,0.0136986301369863,0,0,0,5.01038530518177,1.55144060007297
2,1,1,0,1,0,18,18.75,80,0,0,0,0,3,4,0.515463917525773,0.22680412371134,0,0,0,0,7.99682193448745,1.93777669989504
2,1,1,0,1,0,30,8,75,0,0,0,0,3,4,0.628571428571429,0.19047619047619,0,0,0,0,3.99674559570756,2.08415020001121
2,1,1,0,1,0,76,4,35,0,0,0,0,3,4,0.292682926829268,0.422764227642276,0.0569105691056911,0,0,0,0.905402965798078,4.4255350001622
2,1,1,0,1,0,56,12,90,0,0,0,0,3,4,0.548387096774194,0.387096774193548,0,0,0,0,7.95624248698575,1.36804039985873
2,2,1,0,1,1,39,17,35,15,0,0,0,3,2,0.187279151943463,0.157243816254417,0.176678445229682,0,0,0,2.97760376854777,9.75124350000988
2,2,1,0,1,1,3,15,85,14,0,0,0,3,2,0.458167330677291,0.223107569721116,0.183266932270916,0,0,0,6.03008853197442,4.50702610000735
2,2,1,0,1,1,29,7,20,55,0,0,0,3,2,0.211340206185567,0.180412371134021,0.237113402061856,0,0,0,0.591505839111001,3.56422800000291
2,2,1,0,1,1,34,12,15,85,0,0,0,3,2,0.276515151515151,0.189393939393939,0.170454545454545,0,0,0,1.01523900157096,4.72741959999257
2,2,1,0,1,1,20,15.75,35,30,0,0,0,3,2,0.455357142857143,0.227678571428571,0.120535714285714,0,0,0,2.01205340865895,4.06682819999696
2,2,1,0,1,1,72,6.5,90,60,0,0,0,3,2,0.357142857142857,0.31055900621118,0.0962732919254658,0,0,0,1.05376424236025,5.6972870999889
2,2,1,0,1,1,8,16,15,20,0,0,0,3,2,0.381188118811881,0.193069306930693,0.158415841584158,0,0,0,0.507635778430647,3.69856660001096
2,2,1,0,1,1,28,6,25,7,0,0,0,3,2,0.308584686774942,0.287703016241299,0.197215777262181,0,0,0,1.00146715062697,7.50824229999853
2,2,1,0,1,1,55,16.5,25,155,0,0,0,3,2,0.382783882783883,0.144688644688645,0.30952380952381,0,0,0,1.97938235278756,9.42826240000431
2,2,1,0,1,1,31,8.5,50,22,0,0,0,3,2,0.415929203539823,0.163716814159292,0.314159292035398,0,0,0,2.91355186417272,4.09446560000652
2,2,1,0,1,1,75,6,85,45,0,0,0,3,2,0.420454545454545,0.227272727272727,0.318181818181818,0,0,0,1.9788809721005,1.80103420000523
2,2,1,0,1,1,16,16,65,95,0,0,0,3,2,0.280487804878049,0.219512195121951,0.25609756097561,0,0,0,4.0123397246195,3.05388550000498
2,2,1,0,1,1,61,15,75,225,0,0,0,3,2,0.381909547738693,0.281407035175879,0.236180904522613,0,0,0,2.99052963886356,3.63976619999448
2,2,1,0,1,1,24,19,70,150,0,0,0,3,2,0.320512820512821,0.275641025641026,0.224358974358974,0,0,0,4.05960979878843,2.93288710000343
2,2,1,0,1,1,60,15,35,31,0,0,0,6,2,0.234285714285714,0.346938775510204,0.280816326530612,0,0,0,2.04832764699134,20.7391403000074
2,2,1,0,1,1,40,18,15,110,0,0,0,6,2,0.365296803652968,0.17351598173516,0.301369863013699,0,0,0,1.06328637549705,3.98670739999216
2,2,1,0,1,1,30,8,75,90,0,0,0,6,2,0.296969696969697,0.36969696969697,0.212121212121212,0,0,0,1.95984925003762,3.07172259999788
2,2,1,0,1,1,58,14,45,20,0,0,0,6,2,0.232214765100671,0.193288590604027,0.330201342281879,0,0,0,1.989592216079,12.7430550999998
2,2,1,0,1,1,27,5.25,50,120,0,0,0,6,2,0.575342465753425,0.315068493150685,0.0547945205479452,0,0,0,1.01757090488666,1.55151459999615
2,2,1,0,1,1,38,15.5,40,215,0,0,0,6,2,0.40650406504065,0.308943089430894,0.227642276422764,0,0,0,2.00380950745887,2.37363229999028
2,2,1,0,1,1,41,19,65,245,0,0,0,6,2,0.288557213930348,0.318407960199005,0.26865671641791,0,0,0,3.99037035241822,3.69326880000881
2,2,1,0,1,1,37,14.5,5,175,0,0,0,6,2,0.268571428571429,0.48,0.217142857142857,0,0,0,0.318045025123524,3.25125190000108
2,2,1,0,1,1,68,2.5,65,25,0,0,0,6,2,0.205533596837945,0.387351778656126,0.280632411067194,0,0,0,0.98942455448023,4.54847519999021
2,2,1,0,1,1,50,2.5,90,10,0,0,0,6,2,0.630769230769231,0.184615384615385,0,0,0,0,1.52403748432489,1.40781940000306
2,2,1,0,1,1,46,2,55,70,0,0,0,6,2,0.249230769230769,0.209230769230769,0.369230769230769,0,0,0,0.599079961280598,5.73978230000648
2,2,1,0,1,1,53,14,90,60,0,0,0,6,2,0.254742547425474,0.288617886178862,0.140921409214092,0,0,0,5.02033922064927,12.6216437999974
2,2,1,0,1,1,83,17,80,200,0,0,0,6,2,0.366412213740458,0.290076335877863,0.32824427480916,0,0,0,5.0100254999385,2.50277149998874
2,2,1,0,1,1,9,2,30,19,0,0,0,6,2,0.403846153846154,0.33974358974359,0.192307692307692,0,0,0,0.323924679626945,2.92126079999434
2,2,1,0,1,1,79,10,10,140,0,0,0,1,2,0.219047619047619,0.428571428571429,0.257142857142857,0,0,0,0.409213713777447,2.08239049999975
2,2,1,0,1,1,17,3.25,85,205,0,0,0,1,2,0.493788819875776,0.217391304347826,0.18944099378882,0,0,0,0.959859878383053,5.69147789999261
2,2,1,0,1,1,14,16.75,45,145,0,0,0,1,2,0.285714285714286,0.285714285714286,0.314285714285714,0,0,0,1.96297090140171,1.49840890000632
2,2,1,0,1,1,84,11,50,110,0,0,0,1,2,0.348387096774194,0.316129032258064,0.219354838709677,0,0,0,1.98874654256517,2.90920290000213
2,2,1,0,1,1,73,5,70,14,0,0,0,1,2,0.344262295081967,0.30327868852459,0.209016393442623,0,0,0,2.35212653048416,4.40263589999813
2,2,1,0,1,1,45,13.5,55,65,0,0,0,1,2,0.41747572815534,0.288834951456311,0.109223300970874,0,0,0,3.03409859381446,7.19513449999795
2,2,1,0,1,1,15,17.25,25,55,0,0,0,1,2,0.277844311377246,0.359281437125749,0.178443113772455,0,0,0,1.98430195505509,14.2407567999908
2,2,1,0,1,1,77,12,75,25,0,0,0,1,2,0.417721518987342,0.272151898734177,0.10126582278481,0,0,0,5.40448210851675,2.96178100000543
2,2,1,0,1,1,5,20,85,15,0,0,0,1,2,0.410404624277457,0.317919075144509,0.213872832369942,0,0,0,8.97693537459637,3.20910380000714
2,2,1,0,1,1,26,4,45,50,0,0,0,1,2,0.389937106918239,0.30188679245283,0.188679245283019,0,0,0,0.938471049094051,2.97593590000179
2,2,1,0,1,1,4,8.5,20,90,0,0,0,1,2,0,0,0,0,0,0,1.50008716470688,2.31580300000496
2,2,1,0,1,1,69,1.5,95,20,0,0,0,1,2,0.280254777070064,0.261146496815287,0.45859872611465,0,0,0,0.751549750501365,2.94114960001025
2,2,1,0,1,1,51,1,40,3,0,0,0,1,2,0.323076923076923,0.323076923076923,0.315384615384615,0,0,0,0.536510065680954,2.49308960000053
2,2,1,0,1,1,42,20,30,170,0,0,0,1,2,0.295154185022026,0.312775330396476,0.255506607929515,0,0,0,1.68082885479879,4.11335109999345
2,2,1,0,1,1,23,7.75,60,120,0,0,0,2,2,0.445141065830721,0.266457680250784,0.231974921630094,0,0,0,2.2203451691,5.6468426999927
2,2,1,0,1,1,66,10,90,80,0,0,0,2,2,0.353932584269663,0.219101123595506,0.241573033707865,0,0,0,3.98915783697319,3.29884650000895
2,2,1,0,1,1,25,9,60,160,0,0,0,2,2,0.277777777777778,0.339506172839506,0.265432098765432,0,0,0,2.66976944073179,3.02652379999927
2,2,1,0,1,1,57,10,50,95,0,0,0,2,2,0.311827956989247,0.268817204301075,0.370967741935484,0,0,0,2.56039975557286,3.43313770000532
2,2,1,0,1,1,78,8.25,20,5,0,0,0,2,2,0.287037037037037,0.259259259259259,0.287037037037037,0,0,0,1.50635476994841,2.12411909998627
2,2,1,0,1,1,76,4,35,70,0,0,0,2,2,0.331896551724138,0.243534482758621,0.15301724137931,0,0,0,0.70285201124711,8.05711270000029
2,2,1,0,1,1,35,13,70,30,0,0,0,2,2,0.424050632911392,0.291139240506329,0.158227848101266,0,0,0,5,2.95613210000738
2,2,1,0,1,1,43,3,30,0,0,0,0,2,2,0.409756097560976,0.297560975609756,0.307317073170732,0,0,0,0.583755861251362,3.75357300000906
2,2,1,0,1,1,56,12,90,210,0,0,0,2,2,0.333333333333333,0.364583333333333,0.25,0,0,0,4.73404367030168,1.93184369998926
2,2,1,0,1,1,47,16,100,5,0,0,0,2,2,0.341463414634146,0.304878048780488,0.170731707317073,0,0,0,8.97499674475716,3.0716253999999
2,2,1,0,1,1,80,8,45,125,0,0,0,2,2,0.312080536912752,0.291946308724832,0.325503355704698,0,0,0,1.9788809721005,5.29125459998613
2,2,1,0,1,1,62,10,95,135,0,0,0,2,2,0.318181818181818,0.254545454545455,0.4,0,0,0,4.05114259146444,2.15921349999553
2,2,1,0,1,1,36,14,15,40,0,0,0,2,2,0.332116788321168,0.208029197080292,0.156934306569343,0,0,0,0.957294242684899,9.45397899999807
2,2,1,0,1,1,54,9.25,40,4,0,0,0,2,2,0.373493975903614,0.319277108433735,0.114457831325301,0,0,0,1.96236431713034,8.62597789999563
2,2,1,0,1,1,22,20,90,165,0,0,0,5,2,0.359281437125749,0.251497005988024,0.341317365269461,0,0,0,6.02781565603635,3.10284029999457
2,2,1,0,1,1,18,18.75,80,250,0,0,0,5,2,0.383177570093458,0.364485981308411,0.224299065420561,0,0,0,7.0088682490771,3.89871909999056
2,2,1,0,1,1,64,19.5,65,45,0,0,0,5,2,0.460251046025105,0.246861924686192,0.184100418410042,0,0,0,5.96334748581994,4.30428639998718
2,2,1,0,1,1,19,17.5,25,40,0,0,0,5,2,0.367609254498715,0.354755784061697,0.146529562982005,0,0,0,2.01674506833987,6.80726549999963
2,2,1,0,1,1,21,6,95,55,0,0,0,5,2,0.513157894736842,0.0921052631578947,0.355263157894737,0,0,0,3.07359066857904,1.60400350000418
2,2,1,0,1,1,52,18.5,10,85,0,0,0,5,2,0.32,0.328,0.248,0,0,0,1.04189563270048,2.40682390000438
2,2,1,0,1,1,10,19.5,10,125,0,0,0,5,2,0.456140350877193,0.0350877192982456,0.421052631578947,0,0,0,0.947862845549793,1.27869269999792
2,2,1,0,1,1,48,7,45,70,0,0,0,5,2,0.309210526315789,0.486842105263158,0.144736842105263,0,0,0,1.95673400023076,2.86923090000346
2,2,1,0,1,1,2,7.5,75,25,0,0,0,5,2,0.451612903225806,0.182795698924731,0.268817204301075,0,0,0,2.99072829077237,1.8875498999987
2,2,1,0,1,1,67,8.5,50,105,0,0,0,5,2,0.519230769230769,0.294871794871795,0.141025641025641,0,0,0,2.58530053445077,2.92724059999455
2,2,1,0,1,1,82,9.5,20,25,0,0,0,5,2,0.507692307692308,0.275113122171946,0.126696832579186,0,0,0,1.00438697815057,18.7399213000026
2,2,1,0,1,1,32,9.5,30,170,0,0,0,5,2,0.518716577540107,0.401069518716578,0.0427807486631016,0,0,0,2.02534508357163,3.44326539999747
2,2,1,0,1,1,7,16.75,65,75,0,0,0,5,2,0.430656934306569,0.153284671532847,0.0437956204379562,0,0,0,5.04107167353856,4.89394049999828
2,2,1,0,1,1,44,5,40,65,0,0,0,5,2,0.227722772277228,0.396039603960396,0.297029702970297,0,0,0,1.78548602335972,2.00477590000082
2,2,1,0,1,1,59,2,80,110,0,0,0,4,2,0.348717948717949,0.302564102564103,0.307692307692308,0,0,0,0.56924061523646,3.58179820000078
2,2,1,0,1,1,65,1.75,80,10,0,0,0,4,2,0.417004048582996,0.327935222672065,0.165991902834008,0,0,0,0.746390457746514,4.44906489999266
2,2,1,0,1,1,63,5.5,70,40,0,0,0,4,2,0.473684210526316,0.263157894736842,0.292397660818713,0,0,0,1.95166829858811,3.17905469999823
2,2,1,0,1,1,49,16,50,20,0,0,0,4,2,0.417112299465241,0.224598930481283,0.283422459893048,0,0,0,4.0123397246195,3.44706350000342
2,2,1,0,1,1,1,5,50,0,0,0,0,4,2,0.528089887640449,0.359550561797753,0.0224719101123595,0,0,0,1.58086229784416,1.81348979999893
2,2,1,0,1,1,70,3.5,40,3,0,0,0,4,2,0.328729281767956,0.223756906077348,0.187845303867403,0,0,0,1.07056605372122,6.35310819999722
2,2,1,0,1,1,71,6,25,45,0,0,0,4,2,0.38929889298893,0.215867158671587,0.282287822878229,0,0,0,0.982739921532566,9.36443050000526
2,2,1,0,1,1,6,19,20,175,0,0,0,4,2,0.279245283018868,0.181132075471698,0.132075471698113,0,0,0,1.98430195505509,4.74751580000157
2,2,1,0,1,1,74,7,40,120,0,0,0,4,2,0.472527472527473,0.263736263736264,0.032967032967033,0,0,0,1.05376424236025,1.84219879999
2,2,1,0,1,1,12,12,35,1,0,0,0,4,2,0.381443298969072,0.463917525773196,0,0,0,0,1.64863944086872,1.94424729999446
2,2,1,0,1,1,33,11,65,190,0,0,0,4,2,0.4125,0.325,0.05,0,0,0,3.95708081797176,1.66666149999946
2,2,1,0,1,1,13,19.5,5,7,0,0,0,4,2,0.434782608695652,0.507246376811594,0,0,0,0,0.257947843314749,1.47557199999574
2,2,1,0,1,1,81,14,55,5,0,0,0,4,2,0.44047619047619,0.30952380952381,0.226190476190476,0,0,0,3.0989524578568,1.7374470000068
2,2,1,0,1,1,11,18.25,70,55,0,0,0,4,2,0.416184971098266,0.173410404624277,0.236994219653179,0,0,0,4.95879541213021,6.09694830000808
2,3,1,0,0,1,60,15,100,31,0,0,0,1,6,0.289608177172061,0.120954003407155,0.333901192504259,0,0,0,5.0102186071529,10.1205684999586
2,3,1,0,0,1,18,18.75,100,250,0,0,0,1,6,0.38255033557047,0.114093959731544,0.416107382550336,0,0,0,4.97926327293716,2.8142596000107
2,3,1,0,0,1,71,6,100,45,0,0,0,1,6,0.333333333333333,0.215686274509804,0.313725490196078,0,0,0,2.05288469540675,2.03067609999562
2,3,1,0,0,1,75,6,100,45,0,0,0,1,6,0.357446808510638,0.0212765957446809,0.438297872340426,0,0,0,2.88736951238558,4.24957620003261
2,3,1,0,0,1,20,15.75,100,30,0,0,0,1,6,0.551724137931034,0.160919540229885,0.264367816091954,0,0,0,5,3.22969000000739
2,3,1,0,0,1,11,18.25,100,55,0,0,0,1,6,0.447761194029851,0.149253731343284,0.305970149253731,0,0,0,6.00009663166606,2.56919449998531
2,3,1,0,0,1,26,4,100,50,0,0,0,1,6,0.284153005464481,0.114754098360656,0.415300546448087,0,0,0,1.04424811065845,3.37823459994979
2,3,1,0,0,1,31,8.5,100,22,0,0,0,1,6,0.419354838709677,0.0887096774193548,0.290322580645161,0,0,0,4.027428867548,4.45660460001091
2,3,1,0,0,1,73,5,100,14,0,0,0,1,6,0.308900523560209,0.141361256544503,0.277486910994764,0,0,0,1.02267121716315,3.51257880002959
2,3,1,0,0,1,22,20,100,165,0,0,0,1,6,0.276119402985075,0.194029850746269,0.298507462686567,0,0,0,5.99374272028493,2.58367269998416
2,3,1,0,0,1,72,6.5,100,60,0,0,0,1,6,0.458139534883721,0.106976744186047,0.248837209302326,0,0,0,0.990270552169193,7.48719700000947
2,3,1,0,0,1,49,16,100,20,0,0,0,1,6,0.320675105485232,0.0928270042194093,0.240506329113924,0,0,0,7.99182303264261,8.31885440001497
2,3,1,0,0,1,57,10,100,95,0,0,0,1,6,0.233766233766234,0.0800865800865801,0.551948051948052,0,0,0,1.95080299949938,8.02270609996049
2,3,1,0,0,1,34,12,100,85,0,0,0,1,6,0.366013071895425,0.0740740740740741,0.314814814814815,0,0,0,3.02254814418137,15.6132047999999
2,3,1,0,0,1,14,16.75,100,145,0,0,0,4,6,0.398809523809524,0.113095238095238,0.244047619047619,0,0,0,5.04107167353856,3.13473540003179
2,3,1,0,0,1,32,9.5,100,170,0,0,0,4,6,0.320855614973262,0.120320855614973,0.310160427807487,0,0,0,2.01256286750259,6.55684969999129
2,3,1,0,0,1,6,19,100,175,0,0,0,4,6,0.375874125874126,0.104895104895105,0.388111888111888,0,0,0,4.04209742499744,9.86262610001722
2,3,1,0,0,1,64,19.5,100,45,0,0,0,4,6,0.423728813559322,0.271186440677966,0.288135593220339,0,0,0,8.02783012821157,1.31729749997612
2,3,1,0,0,1,40,18,100,110,0,0,0,4,6,0.448598130841121,0.205607476635514,0.214953271028037,0,0,0,4.00715401749092,2.10449370002607
2,3,1,0,0,1,1,5,100,0,0,0,0,4,6,0.36551724137931,0.196551724137931,0.141379310344828,0,0,0,2.99052963886356,5.16042359999847
2,3,1,0,0,1,38,15.5,100,215,0,0,0,4,6,0.340557275541796,0.148606811145511,0.346749226006192,0,0,0,3.00396027555258,5.70978420000756
2,3,1,0,0,1,70,3.5,100,3,0,0,0,4,6,0.33256351039261,0.145496535796767,0.272517321016166,0,0,0,2.01629097704969,7.54514860000927
2,3,1,0,0,1,59,2,100,110,0,0,0,4,6,0.376923076923077,0.153846153846154,0.4,0,0,0,0.32874690519786,2.4942735999939
2,3,1,0,0,1,68,2.5,100,25,0,0,0,4,6,0.397058823529412,0.25,0.205882352941176,0,0,0,1.01573780261388,1.47104599996237
2,3,1,0,0,1,15,17.25,100,55,0,0,0,4,6,0.402298850574713,0.218390804597701,0.172413793103448,0,0,0,4.98964846810879,1.77575269999215
2,3,1,0,0,1,53,14,100,60,0,0,0,4,6,0.379310344827586,0.172413793103448,0,0,0,0,3.9567613820743,1.30194149998715
2,3,1,0,0,1,8,16,100,20,0,0,0,4,6,0.409722222222222,0.201388888888889,0.236111111111111,0,0,0,5.94989742449097,2.72596360003809
2,3,1,0,0,1,77,12,100,25,0,0,0,4,6,0.418918918918919,0,0.216216216216216,0,0,0,3.99980498638207,1.55978640000103
2,3,1,0,0,1,35,13,100,30,0,0,0,5,6,0.408783783783784,0.114864864864865,0.293918918918919,0,0,0,4.07075318577765,5.26524670002982
2,3,1,0,0,1,7,16.75,100,75,0,0,0,5,6,0.35793991416309,0.040343347639485,0.308154506437768,0,0,0,4.95892832646144,19.7288412000053
2,3,1,0,0,1,10,19.5,100,125,0,0,0,5,6,0.357142857142857,0.227272727272727,0.298701298701299,0,0,0,5.99695851276626,2.89564830000745
2,3,1,0,0,1,30,8,100,90,0,0,0,5,6,0.258064516129032,0.0483870967741935,0.112903225806452,0,0,0,1.98874654256517,1.36117240000749
2,3,1,0,0,1,24,19,100,150,0,0,0,5,6,0.305882352941176,0.0705882352941176,0.423529411764706,0,0,0,6.02317828923842,1.73874810000416
2,3,1,0,0,1,84,11,100,110,0,0,0,5,6,0.384105960264901,0,0.298013245033113,0,0,0,2.00900365879732,2.8523299000226
2,3,1,0,0,1,13,19.5,100,7,0,0,0,5,6,0.5,0.123655913978495,0.21505376344086,0,0,0,7.92885453773146,3.42904300004011
2,3,1,0,0,1,83,17,100,200,0,0,0,5,6,0.423529411764706,0.0117647058823529,0.458823529411765,0,0,0,3.09297744754255,1.74105249997228
2,3,1,0,0,1,33,11,100,190,0,0,0,5,6,0.294117647058824,0.0235294117647059,0.5,0,0,0,1.84859812522796,3.15832480002427
2,3,1,0,0,1,17,3.25,100,205,0,0,0,5,6,0.4,0.176923076923077,0.330769230769231,0,0,0,0.535293705771068,2.50813949998701
2,3,1,0,0,1,82,9.5,100,25,0,0,0,5,6,0.625,0,0.2875,0,0,0,4.07685820805741,1.65911960002268
2,3,1,0,0,1,45,13.5,100,65,0,0,0,5,6,0.326340326340326,0.0652680652680653,0.375291375291375,0,0,0,5.08135273084042,7.47123319999082
2,3,1,0,0,1,48,7,100,70,0,0,0,5,6,0.278571428571429,0.103571428571429,0.357142857142857,0,0,0,2.03003402572384,5.0016631000326
2,3,1,0,0,1,69,1.5,100,20,0,0,0,5,6,0.205882352941176,0.25,0.411764705882353,0,0,0,0.262075101077993,1.46260750002693
2,3,1,0,0,1,65,1.75,100,10,0,0,0,2,6,0.587878787878788,0.175757575757576,0.254545454545455,0,0,0,0.409213713777447,3.08438190002926
2,3,1,0,0,1,66,10,100,80,0,0,0,2,6,0.487603305785124,0.198347107438017,0.194214876033058,0,0,0,1.91954930711429,4.36109659995418
2,3,1,0,0,1,81,14,100,5,0,0,0,2,6,0.36697247706422,0.201834862385321,0.211009174311927,0,0,0,7.78466758397716,2.13962610001909
2,3,1,0,0,1,4,8.5,100,90,0,0,0,2,6,0.257425742574257,0.099009900990099,0.212871287128713,0,0,0,2.31975067873847,7.06468190002488
2,3,1,0,0,1,16,16,100,95,0,0,0,2,6,0.382151029748284,0.123569794050343,0.283752860411899,0,0,0,4.07973895366319,7.61455890000798
2,3,1,0,0,1,55,16.5,100,155,0,0,0,2,6,0.365256124721604,0.0579064587973274,0.447661469933185,0,0,0,5.03036319293387,7.81702999997651
2,3,1,0,0,1,61,15,100,225,0,0,0,2,6,0.24390243902439,0.25609756097561,0.475609756097561,0,0,0,3.06254778184119,1.6946833000402
2,3,1,0,0,1,78,8.25,100,5,0,0,0,2,6,0.482142857142857,0.133928571428571,0.366071428571429,0,0,0,4.04083865470258,2.20733329997165
2,3,1,0,0,1,39,17,100,15,0,0,0,2,6,0.331932773109244,0.130252100840336,0.289915966386555,0,0,0,8.99169355322126,4.29687170003308
2,3,1,0,0,1,74,7,100,120,0,0,0,2,6,0.369369369369369,0.13963963963964,0.337837837837838,0,0,0,1.57711064068902,4.03206459997455
2,3,1,0,0,1,63,5.5,100,40,0,0,0,2,6,0.357894736842105,0.184210526315789,0.284210526315789,0,0,0,1.04895128484505,3.4925284999772
2,3,1,0,0,1,62,10,100,135,0,0,0,2,6,0.41,0.09,0.2,0,0,0,3.05372690017291,2.00393489998532
2,3,1,0,0,1,46,2,100,70,0,0,0,2,6,0.39142091152815,0.0697050938337802,0.327077747989276,0,0,0,0.304995099315349,6.53956900001504
2,3,1,0,0,1,54,9.25,100,4,0,0,0,2,6,0.46031746031746,0.0158730158730159,0.26984126984127,0,0,0,4.01802830470264,1.3863775000209
2,3,1,0,0,1,37,14.5,100,175,0,0,0,3,6,0.530864197530864,0,0.345679012345679,0,0,0,6.00760431843443,3.03369589999784
2,3,1,0,0,1,52,18.5,100,85,0,0,0,3,6,0.382899628252788,0.0669144981412639,0.330855018587361,0,0,0,6.74199534530314,4.81512430001749
2,3,1,0,0,1,50,2.5,100,10,0,0,0,3,6,0.227272727272727,0.136363636363636,0.484848484848485,0,0,0,0.61878431391062,1.42340839997632
2,3,1,0,0,1,21,6,100,55,0,0,0,3,6,0.481481481481481,0,0.425925925925926,0,0,0,0.99393131483766,1.24124399997527
2,3,1,0,0,1,56,12,100,210,0,0,0,3,6,0.544444444444444,0.0555555555555556,0.322222222222222,0,0,0,1.99911697927407,1.83707209996646
2,3,1,0,0,1,76,4,100,70,0,0,0,3,6,0.5,0.272727272727273,0,0,0,0,0.782534776818807,1.05979839997599
2,3,1,0,0,1,42,20,100,170,0,0,0,3,6,0.552631578947368,0,0.315789473684211,0,0,0,4.44298736055158,1.59139430004871
2,3,1,0,0,1,47,16,100,5,0,0,0,3,6,0.393258426966292,0.213483146067416,0.337078651685393,0,0,0,8.92943394627878,1.80997180001577
2,3,1,0,0,1,27,5.25,100,120,0,0,0,3,6,0.355737704918033,0.114754098360656,0.111475409836066,0,0,0,0.625835090219429,10.49694490002
2,3,1,0,0,1,23,7.75,100,120,0,0,0,3,6,0.240601503759398,0.103114930182599,0.262083780880773,0,0,0,1.47531353885602,15.8366410000017
2,3,1,0,0,1,28,6,100,7,0,0,0,3,6,0.336538461538462,0.0961538461538462,0.173076923076923,0,0,0,1.01291767143232,2.05753200000618
2,3,1,0,0,1,41,19,100,245,0,0,0,3,6,0.316239316239316,0.0256410256410256,0.333333333333333,0,0,0,3.97682171076157,2.28026000002865
2,3,1,0,0,1,19,17.5,100,40,0,0,0,3,6,0.4375,0.116666666666667,0.204166666666667,0,0,0,7.0353486685949,4.32212520000758
2,3,1,0,0,1,80,8,100,125,0,0,0,3,6,0.472573839662447,0.0464135021097046,0.333333333333333,0,0,0,1.64780032144398,4.28856059996178
2,3,1,0,0,1,44,5,100,65,0,0,0,6,6,0.321739130434783,0.0956521739130435,0.408695652173913,0,0,0,0.759740202841158,2.23892319999868
2,3,1,0,0,1,51,1,100,3,0,0,0,6,6,0.415584415584416,0.220779220779221,0.272727272727273,0,0,0,0.587522938628055,1.61459620000096
2,3,1,0,0,1,79,10,100,140,0,0,0,6,6,0.238970588235294,0.0588235294117647,0.511029411764706,0,0,0,2.7558511281575,4.85252619994571
2,3,1,0,0,1,12,12,100,1,0,0,0,6,6,0.5,0.24390243902439,0.231707317073171,0,0,0,6.02262421368766,1.69335590000264
2,3,1,0,0,1,5,20,100,15,0,0,0,6,6,0.190546528803545,0.0679468242245199,0.212703101920236,0,0,0,9.94290558707176,11.6110021000495
2,3,1,0,0,1,43,3,100,0,0,0,0,6,6,0.432432432432432,0.263513513513513,0.216216216216216,0,0,0,2.00317806551255,2.79143350000959
2,3,1,0,0,1,29,7,100,55,0,0,0,6,6,0.326086956521739,0.181159420289855,0.36231884057971,0,0,0,1.02734586061814,2.63438880001195
2,3,1,0,0,1,3,15,100,14,0,0,0,6,6,0.596638655462185,0.142857142857143,0.168067226890756,0,0,0,7.02226352353768,2.32260859996313
2,3,1,0,0,1,25,9,100,160,0,0,0,6,6,0.226351351351351,0.101351351351351,0.420608108108108,0,0,0,5.80663600513998,10.1911586000351
2,3,1,0,0,1,9,2,100,19,0,0,0,6,6,0.258687258687259,0.0492277992277992,0.28957528957529,0,0,0,0.396455144963468,17.5822193000349
2,3,1,0,0,1,36,14,100,40,0,0,0,6,6,0.378995433789954,0.159817351598174,0.342465753424658,0,0,0,2.97747240516943,3.97836539999116
2,3,1,0,0,1,58,14,100,20,0,0,0,6,6,0.508064516129032,0.185483870967742,0.217741935483871,0,0,0,4.09371885612649,2.38793480000459
2,3,1,0,0,1,67,8.5,100,105,0,0,0,6,6,0.464646464646465,0.131313131313131,0.282828282828283,0,0,0,0.932076544506671,1.98727099999087
2,3,1,0,0,1,2,7.5,100,25,0,0,0,6,6,0.371810449574727,0.0473876063183475,0.320777642770352,0,0,0,1.38890982678285,14.0475372000365
3,1,2,0,0,1,60,15,100,31,0,0,0,3,6,0.18343949044586,0.133757961783439,0.159235668789809,0,0,0,3.9775971873728,13.3950875
3,1,2,0,0,1,1,5,100,0,0,0,0,3,6,0.152866242038217,0.124203821656051,0.0764331210191083,0,0,0,0.999916782871033,10.7868568000001
3,1,2,0,0,1,64,19.5,100,45,0,0,0,3,6,0.0958904109589041,0.0205479452054795,0.0684931506849315,0,0,0,3.00396027555258,5.19701280000004
3,1,2,0,0,1,46,2,100,70,0,0,0,3,6,0.23546511627907,0.212209302325581,0.174418604651163,0,0,0,0.151547503511434,6.06499830000007
3,1,2,0,0,1,13,19.5,100,7,0,0,0,3,6,0.256505576208178,0.144981412639405,0.16728624535316,0,0,0,4.03251441427551,4.80338349999988
3,1,2,0,0,1,7,16.75,100,75,0,0,0,3,6,0.333333333333333,0.188755020080321,0.0803212851405622,0,0,0,2.99596923658168,4.47524550000003
3,1,2,0,0,1,14,16.75,100,145,0,0,0,3,6,0.181818181818182,0.133971291866029,0.320574162679426,0,0,0,2.03907445914171,7.29724549999992
3,1,2,0,0,1,5,20,100,15,0,0,0,3,6,0.3248730964467,0.142131979695431,0.299492385786802,0,0,0,5,3.60303010000007
3,1,2,0,0,1,42,20,100,170,0,0,0,3,6,0.0982658959537572,0.248554913294798,0.127167630057803,0,0,0,5.0102186071529,3.20279160000018
3,1,2,0,0,1,73,5,100,14,0,0,0,3,6,0.230326295585413,0.0748560460652591,0.145873320537428,0,0,0,0.253387258297984,9.0135216000001
3,1,2,0,0,1,81,14,100,5,0,0,0,3,6,0.266401590457256,0.220675944333996,0.242544731610338,0,0,0,3.00942861062224,8.70807439999999
3,1,2,0,0,1,27,5.25,100,120,0,0,0,3,6,0.237333333333333,0.0253333333333333,0.277333333333333,0,0,0,0.101042272133238,12.8173382
3,1,2,0,0,1,19,17.5,100,40,0,0,0,3,6,0.237373737373737,0.0707070707070707,0.202020202020202,0,0,0,5.98737247692722,3.62389839999992
3,1,2,0,0,1,4,8.5,100,90,0,0,0,3,6,0.491442542787286,0.0855745721271394,0.388753056234719,0,0,0,2.04382219995607,7.13725150000005
3,1,2,0,0,1,70,3.5,100,3,0,0,0,2,6,0.151340996168582,0.189655172413793,0.10536398467433,0,0,0,0.132303765761925,9.02762920000009
3,1,2,0,0,1,58,14,100,20,0,0,0,2,6,0.3125,0.09765625,0.24609375,0,0,0,4.51284333320864,4.59922639999991
3,1,2,0,0,1,76,4,100,70,0,0,0,2,6,0.295081967213115,0.286140089418778,0.27123695976155,0,0,0,0.0431112894459496,11.4981018000001
3,1,2,0,0,1,34,12,100,85,0,0,0,2,6,0.223309608540925,0.196619217081851,0.241992882562278,0,0,0,2.02517793912398,19.0458096
3,1,2,0,0,1,45,13.5,100,65,0,0,0,2,6,0.221649484536082,0.288659793814433,0.257731958762887,0,0,0,4.01891725912121,3.55673540000021
3,1,2,0,0,1,32,9.5,100,170,0,0,0,2,6,0.128125,0.128125,0.121875,0,0,0,1.98787616201406,5.65946600000007
3,1,2,0,0,1,83,17,100,200,0,0,0,2,6,0.259060402684564,0.276510067114094,0.228187919463087,0,0,0,4.0312611905209,12.7291243000002
3,1,2,0,0,1,15,17.25,100,55,0,0,0,2,6,0.152173913043478,0.214285714285714,0.161490683229814,0,0,0,5,5.69775300000015
3,1,2,0,0,1,36,14,100,40,0,0,0,2,6,0.239410681399632,0.147329650092081,0.180478821362799,0,0,0,2.04369094153031,9.37513680000006
3,1,2,0,0,1,57,10,100,95,0,0,0,2,6,0.243454038997214,0.184401114206128,0.191643454038997,0,0,0,2.04385386155514,30.2246325000001
3,1,2,0,0,1,18,18.75,100,250,0,0,0,2,6,0.281481481481481,0.272222222222222,0.183333333333333,0,0,0,3.01696439925755,9.32359190000011
3,1,2,0,0,1,41,19,100,245,0,0,0,2,6,0.209302325581395,0.27906976744186,0.244186046511628,0,0,0,1.94655118068263,1.76484879999998
3,1,2,0,0,1,65,1.75,100,10,0,0,0,2,6,0.207446808510638,0.292553191489362,0.25,0,0,0,0.189327620336417,3.45748750000007
3,1,2,0,0,1,62,10,100,135,0,0,0,2,6,0.390572390572391,0.0841750841750842,0.333333333333333,0,0,0,4.9487434769599,5.26628300000016
3,1,2,0,0,1,68,2.5,100,25,0,0,0,4,6,0.26509186351706,0.10761154855643,0.341207349081365,0,0,0,0.1906355570774,6.67089840000017
3,1,2,0,0,1,77,12,100,25,0,0,0,4,6,0.200335289186924,0.225481978206203,0.314333612740989,0,0,0,2.02517793912398,20.2274527
3,1,2,0,0,1,61,15,100,225,0,0,0,4,6,0.19758064516129,0.213709677419355,0.104838709677419,0,0,0,2.9909289842474,4.4611969
3,1,2,0,0,1,35,13,100,30,0,0,0,4,6,0.248175182481752,0.127007299270073,0.25985401459854,0,0,0,4.55846940556774,11.7354227999999
3,1,2,0,0,1,49,16,100,20,0,0,0,4,6,0.18854415274463,0.100238663484487,0.0715990453460621,0,0,0,5.02060250970488,7.30789770000001
3,1,2,0,0,1,16,16,100,95,0,0,0,4,6,0.146853146853147,0.181818181818182,0.223776223776224,0,0,0,2.86774154632039,2.71907640000018
3,1,2,0,0,1,50,2.5,100,10,0,0,0,4,6,0.285714285714286,0.327731092436975,0.0420168067226891,0,0,0,0.337840808210185,2.31942140000001
3,1,2,0,0,1,52,18.5,100,85,0,0,0,4,6,0.453389830508475,0.207627118644068,0.0593220338983051,0,0,0,7.0420431497991,4.26708610000014
3,1,2,0,0,1,3,15,100,14,0,0,0,4,6,0.180555555555556,0.265046296296296,0.159722222222222,0,0,0,5.09315721937801,14.7278119999996
3,1,2,0,0,1,17,3.25,100,205,0,0,0,4,6,0.149882903981265,0.304449648711944,0.11943793911007,0,0,0,0.0142420293137242,7.44237210000028
3,1,2,0,0,1,40,18,100,110,0,0,0,4,6,0.126315789473684,0.231578947368421,0.421052631578947,0,0,0,4.12225648730386,1.91212350000023
3,1,2,0,0,1,30,8,100,90,0,0,0,4,6,0.102362204724409,0.196850393700787,0.133858267716535,0,0,0,2.98864888427921,2.45182300000033
3,1,2,0,0,1,20,15.75,100,30,0,0,0,4,6,0.0603015075376884,0.0720268006700168,0.0636515912897822,0,0,0,5.97632261186932,10.2983826999998
3,1,2,0,0,1,79,10,100,140,0,0,0,4,6,0.25,0.37962962962963,0.185185185185185,0,0,0,4.05919055201767,2.13596219999999
3,1,2,0,0,1,37,14.5,100,175,0,0,0,5,6,0.133574007220217,0.140794223826715,0.148014440433213,0,0,0,3.10197557758382,4.94453580000027
3,1,2,0,0,1,10,19.5,100,125,0,0,0,5,6,0.348484848484849,0.189393939393939,0.321969696969697,0,0,0,4.97919550633695,4.73307549999981
3,1,2,0,0,1,75,6,100,45,0,0,0,5,6,0.280467445742905,0.113522537562604,0.263772954924875,0,0,0,2.03016450733324,10.3097235999999
3,1,2,0,0,1,2,7.5,100,25,0,0,0,5,6,0.217021276595745,0.263829787234043,0.285106382978723,0,0,0,2.87403964378828,4.23581680000007
3,1,2,0,0,1,44,5,100,65,0,0,0,5,6,0.347826086956522,0.210144927536232,0.333333333333333,0,0,0,3.49968206726032,4.93053370000007
3,1,2,0,0,1,80,8,100,125,0,0,0,5,6,0.299539170506912,0.161290322580645,0.271889400921659,0,0,0,1.08120713740612,3.9405385
3,1,2,0,0,1,47,16,100,5,0,0,0,5,6,0.269058295964126,0.103139013452915,0.255605381165919,0,0,0,6.09181029096115,4.05077840000013
3,1,2,0,0,1,63,5.5,100,40,0,0,0,5,6,0.373913043478261,0.182608695652174,0.2,0,0,0,3.24986959294966,2.24627310000005
3,1,2,0,0,1,74,7,100,120,0,0,0,5,6,0.304695304695305,0.10989010989011,0.186813186813187,0,0,0,3.31031268604059,16.9936368999997
3,1,2,0,0,1,84,11,100,110,0,0,0,5,6,0.210169491525424,0.0813559322033898,0.169491525423729,0,0,0,3.63208279110097,5.24601989999974
3,1,2,0,0,1,24,19,100,150,0,0,0,5,6,0.275510204081633,0.326530612244898,0.183673469387755,0,0,0,3.95885494326487,1.96125100000017
3,1,2,0,0,1,28,6,100,7,0,0,0,5,6,0.171478565179353,0.21084864391951,0.10673665791776,0,0,0,1.23402388948038,19.3721747999998
3,1,2,0,0,1,6,19,100,175,0,0,0,5,6,0.1375,0.15,0.104166666666667,0,0,0,3.79206078601613,4.33162719999973
3,1,2,0,0,1,66,10,100,80,0,0,0,5,6,0.23134328358209,0.455223880597015,0.17910447761194,0,0,0,3.94209808435974,2.56255079999983
3,1,2,0,0,1,31,8.5,100,22,0,0,0,6,6,0.316412859560068,0.138747884940778,0.189509306260575,0,0,0,5.18923650870132,10.1972000000001
3,1,2,0,0,1,78,8.25,100,5,0,0,0,6,6,0.135802469135802,0.104938271604938,0.157407407407407,0,0,0,2.3102911107781,5.73195680000026
3,1,2,0,0,1,71,6,100,45,0,0,0,6,6,0.333333333333333,0.191489361702128,0.198581560283688,0,0,0,0.460098444835538,2.67734160000009
3,1,2,0,0,1,59,2,100,110,0,0,0,6,6,0.394230769230769,0.153846153846154,0.25,0,0,0,0.0586729721000196,2.06514399999969
3,1,2,0,0,1,25,9,100,160,0,0,0,6,6,0.286443148688047,0.097667638483965,0.153061224489796,0,0,0,1.89925303771037,23.1806768000001
3,1,2,0,0,1,29,7,100,55,0,0,0,6,6,0.19047619047619,0.166666666666667,0.0535714285714286,0,0,0,2.3406606281243,3.18360910000001
3,1,2,0,0,1,48,7,100,70,0,0,0,6,6,0.212698412698413,0.206349206349206,0.26031746031746,0,0,0,2.00701908506628,5.5712966000001
3,1,2,0,0,1,54,9.25,100,4,0,0,0,6,6,0.158940397350993,0.0794701986754967,0.357615894039735,0,0,0,4.83627539251065,2.84954050000033
3,1,2,0,0,1,33,11,100,190,0,0,0,6,6,0.234177215189873,0.322784810126582,0.136075949367089,0,0,0,6.71955237609982,5.59582890000001
3,1,2,0,0,1,26,4,100,50,0,0,0,6,6,0.264285714285714,0.182142857142857,0.285714285714286,0,0,0,1.00146715062697,4.98548449999998
3,1,2,0,0,1,69,1.5,100,20,0,0,0,6,6,0.273230088495575,0.0896017699115044,0.152654867256637,0,0,0,0.32342642512975,15.3869337000001
3,1,2,0,0,1,39,17,100,15,0,0,0,6,6,0.162162162162162,0.131274131274131,0.22007722007722,0,0,0,6.08282733246661,4.65481369999998
3,1,2,0,0,1,72,6.5,100,60,0,0,0,6,6,0.5,0.225,0.0875,0,0,0,2.57762116818313,1.66884619999973
3,1,2,0,0,1,43,3,100,0,0,0,0,6,6,0.188679245283019,0.220125786163522,0.264150943396226,0,0,0,1.02734586061814,2.98434610000004
3,1,2,0,0,1,21,6,100,55,0,0,0,1,6,0.306990881458967,0.179331306990881,0.243161094224924,0,0,0,3.43063077798872,5.81872770000018
3,1,2,0,0,1,51,1,100,3,0,0,0,1,6,0.0747663551401869,0.205607476635514,0.439252336448598,0,0,0,0.131393678148985,3.89942430000019
3,1,2,0,0,1,82,9.5,100,25,0,0,0,1,6,0.273869346733668,0.0954773869346734,0.276381909547739,0,0,0,6.15036889376993,6.95609079999986
3,1,2,0,0,1,53,14,100,60,0,0,0,1,6,0.392265193370166,0.198895027624309,0.223756906077348,0,0,0,3.51194469402765,6.36424100000022
3,1,2,0,0,1,22,20,100,165,0,0,0,1,6,0.282352941176471,0.223529411764706,0.447058823529412,0,0,0,9.95659477902271,1.75245620000032
3,1,2,0,0,1,56,12,100,210,0,0,0,1,6,0.19016393442623,0.2,0.0622950819672131,0,0,0,7.12329412541956,5.40810469999997
3,1,2,0,0,1,11,18.25,100,55,0,0,0,1,6,0.0324074074074074,0.240740740740741,0.25462962962963,0,0,0,7.86358055654312,3.91809950000015
3,1,2,0,0,1,55,16.5,100,155,0,0,0,1,6,0.245742092457421,0.158150851581509,0.294403892944039,0,0,0,3.39377042290566,7.18255869999984
3,1,2,0,0,1,12,12,100,1,0,0,0,1,6,0.326923076923077,0.317307692307692,0.240384615384615,0,0,0,7.47429170666779,2.06250809999983
3,1,2,0,0,1,23,7.75,100,120,0,0,0,1,6,0.284810126582278,0.221518987341772,0.0822784810126582,0,0,0,2.98415267181184,2.96218990000034
3,1,2,0,0,1,9,2,100,19,0,0,0,1,6,0.0503597122302158,0.0863309352517986,0.20863309352518,0,0,0,1.15146582847207,2.65337520000003
3,1,2,0,0,1,38,15.5,100,215,0,0,0,1,6,0.161676646706587,0.182634730538922,0.197604790419162,0,0,0,0.730791398880164,5.96054920000006
3,1,2,0,0,1,67,8.5,100,105,0,0,0,1,6,0.281059063136456,0.169042769857434,0.242362525458248,0,0,0,4.10834710402153,8.51197079999974
3,1,2,0,0,1,8,16,100,20,0,0,0,1,6,0.316725978647687,0.217081850533808,0.277580071174377,0,0,0,6.76471329892037,5.01635220000026
3,2,1,0,1,0,6,19,20,0,0,0,0,6,4,0.140018921475875,0.135288552507096,0.0936613055818354,0,0,0,2.02040590619034,17.9438391999993
3,2,1,0,1,0,80,8,45,0,0,0,0,6,4,0.243076923076923,0.147692307692308,0.0584615384615385,0,0,0,2.06616008697296,5.73894160000054
3,2,1,0,1,0,50,2.5,90,0,0,0,0,6,4,0.133630289532294,0.0244988864142539,0.0111358574610245,0,0,0,1.03057219204863,7.80857000000105
3,2,1,0,1,0,21,6,95,0,0,0,0,6,4,0.23721881390593,0.186094069529652,0.0429447852760736,0,0,0,1.9838387037688,8.48057770000014
3,2,1,0,1,0,75,6,85,0,0,0,0,6,4,0.251655629139073,0.165562913907285,0.125827814569536,0,0,0,1.08939001982536,2.84181370000078
3,2,1,0,1,0,19,17.5,25,0,0,0,0,6,4,0.232432432432432,0.248648648648649,0.124324324324324,0,0,0,2.99596923658168,3.40701780000018
3,2,1,0,1,0,16,16,65,0,0,0,0,6,4,0.211038961038961,0.204545454545455,0.0649350649350649,0,0,0,3.04106143102273,5.46111849999943
3,2,1,0,1,0,29,7,20,0,0,0,0,6,4,0.181318681318681,0.0494505494505494,0,0,0,0,0.511609684109057,3.36126390000027
3,2,1,0,1,0,78,8.25,20,0,0,0,0,6,4,0.382566585956416,0.104116222760291,0.0411622276029056,0,0,0,0.48424754974803,7.2038665
3,2,1,0,1,0,71,6,25,0,0,0,0,6,4,0.0391304347826087,0.265217391304348,0,0,0,0,0.287866887243901,4.1523459
3,2,1,0,1,0,7,16.75,65,0,0,0,0,6,4,0.118367346938776,0.0693877551020408,0,0,0,0,3.05321824018109,4.46103969999967
3,2,1,0,1,0,23,7.75,60,0,0,0,0,6,4,0.244897959183673,0.19047619047619,0.0816326530612245,0,0,0,1.04901738046294,2.78239399999984
3,2,1,0,1,0,62,10,95,0,0,0,0,6,4,0.256944444444444,0.104166666666667,0.0416666666666667,0,0,0,4.9689456232728,2.73724530000072
3,2,1,0,1,0,61,15,75,0,0,0,0,6,4,0.195530726256983,0.217877094972067,0.100558659217877,0,0,0,3.15696238256362,3.30499930000042
3,2,1,0,1,0,84,11,50,0,0,0,0,5,4,0.233128834355828,0.134969325153374,0.0736196319018405,0,0,0,3.01001672711843,3.04787290000058
3,2,1,0,1,0,17,3.25,85,0,0,0,0,5,4,0.172413793103448,0.0788177339901478,0.0344827586206897,0,0,0,1.10465120435278,3.71183250000104
3,2,1,0,1,0,67,8.5,50,0,0,0,0,5,4,0.324468085106383,0.228723404255319,0.101063829787234,0,0,0,2.00380950745887,3.45357030000014
3,2,1,0,1,0,55,16.5,25,0,0,0,0,5,4,0.255813953488372,0.0697674418604651,0.0930232558139535,0,0,0,1.01803856063574,1.75625660000151
3,2,1,0,1,0,35,13,70,0,0,0,0,5,4,0.4,0.075,0.0333333333333333,0,0,0,2.05260888220584,2.3257375000012
3,2,1,0,1,0,24,19,70,0,0,0,0,5,4,0.287234042553192,0.223404255319149,0.117021276595745,0,0,0,3.07527231037509,1.90322129999913
3,2,1,0,1,0,37,14.5,5,0,0,0,0,5,4,0.291139240506329,0.0253164556962025,0.278481012658228,0,0,0,0.309614841054803,1.64420520000021
3,2,1,0,1,0,4,8.5,20,0,0,0,0,5,4,0.338446788111218,0.161073825503356,0.0671140939597315,0,0,0,1.10953818170144,17.7404643000009
3,2,1,0,1,0,57,10,50,0,0,0,0,5,4,0.405882352941176,0.170588235294118,0.164705882352941,0,0,0,3.03409859381446,3.16172109999934
3,2,1,0,1,0,2,7.5,75,0,0,0,0,5,4,0.344086021505376,0.333333333333333,0,0,0,0,1.94593115285689,1.8801712000004
3,2,1,0,1,0,73,5,70,0,0,0,0,5,4,0.336842105263158,0.305263157894737,0.0210526315789474,0,0,0,2.63831985606994,1.90727510000033
3,2,1,0,1,0,65,1.75,80,0,0,0,0,5,4,0.401869158878505,0.252336448598131,0.158878504672897,0,0,0,0.274733315170536,2.11963449999894
3,2,1,0,1,0,31,8.5,50,0,0,0,0,5,4,0.375,0.392857142857143,0.0178571428571429,0,0,0,0.995485878574701,1.25571059999857
3,2,1,0,1,0,12,12,35,0,0,0,0,5,4,0.432432432432432,0.256756756756757,0.0540540540540541,0,0,0,1.41424579657735,1.57306640000024
3,2,1,0,1,0,18,18.75,80,0,0,0,0,4,4,0.315555555555556,0.162222222222222,0.0844444444444444,0,0,0,6.02592483436413,7.8252451999997
3,2,1,0,1,0,20,15.75,35,0,0,0,0,4,4,0.310810810810811,0.391891891891892,0.0675675675675676,0,0,0,2.00349600976258,1.5571818999997
3,2,1,0,1,0,79,10,10,0,0,0,0,4,4,0.329113924050633,0.227848101265823,0,0,0,0,0.965150509026294,1.64744249999967
3,2,1,0,1,0,41,19,65,0,0,0,0,4,4,0.29940119760479,0.347305389221557,0.11377245508982,0,0,0,4.05876170744279,3.10119029999987
3,2,1,0,1,0,44,5,40,0,0,0,0,4,4,0.288702928870293,0.301255230125523,0.0167364016736402,0,0,0,0.637388376319016,4.31441799999993
3,2,1,0,1,0,47,16,100,0,0,0,0,4,4,0.487394957983193,0.210084033613445,0.0420168067226891,0,0,0,0.0286763723706862,2.30243259999952
3,2,1,0,1,0,32,9.5,30,0,0,0,0,4,4,0.137392661982826,0.128805620608899,0.00312256049960968,0,0,0,0.954273201350713,21.6692938999986
3,2,1,0,1,0,10,19.5,10,0,0,0,0,4,4,0.351351351351351,0.243243243243243,0.0900900900900901,0,0,0,2.03523747135391,2.17442979999942
3,2,1,0,1,0,45,13.5,55,0,0,0,0,4,4,0.225,0.141666666666667,0.0333333333333333,0,0,0,3.87292474097434,2.33378679999987
3,2,1,0,1,0,48,7,45,0,0,0,0,4,4,0.300955414012739,0.121019108280255,0.0238853503184713,0,0,0,0.972895512886033,10.7943185999993
3,2,1,0,1,0,66,10,90,0,0,0,0,4,4,0.428571428571429,0.272727272727273,0.0649350649350649,0,0,0,3.04151192114618,1.62033040000097
3,2,1,0,1,0,53,14,90,0,0,0,0,4,4,0.493670886075949,0.291139240506329,0,0,0,0,4.92777719248559,1.65335419999974
3,2,1,0,1,0,39,17,35,0,0,0,0,4,4,0.336492890995261,0.369668246445498,0.028436018957346,0,0,0,2.14807471875559,3.84826599999906
3,2,1,0,1,0,52,18.5,10,0,0,0,0,4,4,0.291338582677165,0.181102362204724,0,0,0,0,2.02583234230042,2.43851580000046
3,2,1,0,1,0,42,20,30,0,0,0,0,1,4,0.295825771324864,0.15426497277677,0.112522686025408,0,0,0,2.29565252422623,9.53499439999905
3,2,1,0,1,0,11,18.25,70,0,0,0,0,1,4,0.430555555555556,0.222222222222222,0.0833333333333333,0,0,0,5.01038530518177,2.72958430000108
3,2,1,0,1,0,30,8,75,0,0,0,0,1,4,0.496815286624204,0.299363057324841,0.0445859872611465,0,0,0,2.01629097704969,2.94421220000004
3,2,1,0,1,0,43,3,30,0,0,0,0,1,4,0.376623376623377,0.207792207792208,0.155844155844156,0,0,0,0.353314457762693,1.60856500000045
3,2,1,0,1,0,33,11,65,0,0,0,0,1,4,0.412790697674419,0.238372093023256,0.122093023255814,0,0,0,2.67137564262375,3.19554570000037
3,2,1,0,1,0,64,19.5,65,0,0,0,0,1,4,0.192307692307692,0.448717948717949,0.153846153846154,0,0,0,2.86899910824325,1.63185589999921
3,2,1,0,1,0,9,2,30,0,0,0,0,1,4,0.309734513274336,0.300884955752212,0.0353982300884956,0,0,0,1.05610412608059,2.20762760000071
3,2,1,0,1,0,72,6.5,90,0,0,0,0,1,4,0.51685393258427,0.123595505617978,0.0674157303370786,0,0,0,1.05376424236025,1.81638700000076
3,2,1,0,1,0,56,12,90,0,0,0,0,1,4,0.346938775510204,0.306122448979592,0.26530612244898,0,0,0,4.05663482067051,1.14884709999933
3,2,1,0,1,0,13,19.5,5,0,0,0,0,1,4,0.474137931034483,0.267241379310345,0.129310344827586,0,0,0,0.512751841987601,2.25912029999927
3,2,1,0,1,0,36,14,15,0,0,0,0,1,4,0.340845070422535,0.2,0.0957746478873239,0,0,0,1.04898479061982,6.23793329999899
3,2,1,0,1,0,3,15,85,0,0,0,0,1,4,0.131578947368421,0.578947368421053,0.184210526315789,0,0,0,5.06140836277202,0.968187500000568
3,2,1,0,1,0,54,9.25,40,0,0,0,0,1,4,0.37037037037037,0.203703703703704,0.12962962962963,0,0,0,2.00411865123193,1.23604199999863
3,2,1,0,1,0,26,4,45,0,0,0,0,1,4,0.32258064516129,0.32258064516129,0.0806451612903226,0,0,0,0.234053485496549,1.37324119999903
3,2,1,0,1,0,70,3.5,40,0,0,0,0,2,4,0.481327800829876,0.298755186721992,0.0954356846473029,0,0,0,0.675337442638586,4.34162409999954
3,2,1,0,1,0,63,5.5,70,0,0,0,0,2,4,0.51358024691358,0.222222222222222,0.120987654320988,0,0,0,1.08002399422898,7.07849250000072
3,2,1,0,1,0,81,14,55,0,0,0,0,2,4,0.44,0.25,0.08,0,0,0,4.01262752307277,1.99288780000097
3,2,1,0,1,0,27,5.25,50,0,0,0,0,2,4,0.506666666666667,0.146666666666667,0.12,0,0,0,0.942782661486124,1.57992000000013
3,2,1,0,1,0,76,4,35,0,0,0,0,2,4,0.30188679245283,0.415094339622642,0.339622641509434,0,0,0,0.541431157054337,1.21296509999956
3,2,1,0,1,0,60,15,35,0,0,0,0,2,4,0.294736842105263,0.368421052631579,0.147368421052632,0,0,0,1.4207446054652,3.49731109999993
3,2,1,0,1,0,77,12,75,0,0,0,0,2,4,0.357142857142857,0.482142857142857,0.0357142857142857,0,0,0,3.04242666104722,2.18935330000022
3,2,1,0,1,0,58,14,45,0,0,0,0,2,4,0.376,0.12,0.128,0,0,0,2.56668895616371,2.41461200000049
3,2,1,0,1,0,34,12,15,0,0,0,0,2,4,0.471910112359551,0.235955056179775,0.123595505617978,0,0,0,1.57025220268093,1.81085600000006
3,2,1,0,1,0,69,1.5,95,0,0,0,0,2,4,0.330827067669173,0.263157894736842,0.18796992481203,0,0,0,0.161320703589837,2.5459222999998
3,2,1,0,1,0,46,2,55,0,0,0,0,2,4,0.406779661016949,0.350282485875706,0.0564971751412429,0,0,0,0.234592291730667,3.28363010000066
3,2,1,0,1,0,40,18,15,0,0,0,0,2,4,0.25,0.333333333333333,0.183333333333333,0,0,0,1.00537839182461,1.32246110000051
3,2,1,0,1,0,49,16,50,0,0,0,0,2,4,0.382352941176471,0.455882352941176,0.0294117647058824,0,0,0,4.00090840045691,1.45849850000013
3,2,1,0,1,0,25,9,60,0,0,0,0,2,4,0.441558441558442,0.285714285714286,0.12987012987013,0,0,0,1.93697694434271,1.61083159999907
3,2,1,0,1,0,5,20,85,0,0,0,0,3,4,0.190697674418605,0.381395348837209,0.111627906976744,0,0,0,6.00554552185455,3.91276700000162
3,2,1,0,1,0,28,6,25,0,0,0,0,3,4,0.359823399558499,0.258278145695364,0.0529801324503311,0,0,0,1.2538509602905,7.87641390000135
3,2,1,0,1,0,82,9.5,20,0,0,0,0,3,4,0.356828193832599,0.259911894273128,0.123348017621145,0,0,0,0.508213473322318,4.10766520000107
3,2,1,0,1,0,15,17.25,25,0,0,0,0,3,4,0.384955752212389,0.247787610619469,0.084070796460177,0,0,0,1.92822495958459,4.09129620000022
3,2,1,0,1,0,83,17,80,0,0,0,0,3,4,0.450381679389313,0.236641221374046,0.0610687022900763,0,0,0,4.98991094707763,2.5189395999987
3,2,1,0,1,0,74,7,40,0,0,0,0,3,4,0.3342175066313,0.392572944297082,0.0371352785145889,0,0,0,2.06167395390355,6.60408299999835
3,2,1,0,1,0,8,16,15,0,0,0,0,3,4,0.395,0.26875,0.07125,0,0,0,2.06148999430862,13.6544007999983
3,2,1,0,1,0,1,5,50,0,0,0,0,3,4,0.229357798165138,0.357798165137615,0.348623853211009,0,0,0,0.452917361564428,2.1413610999989
3,2,1,0,1,0,22,20,90,0,0,0,0,3,4,0.344262295081967,0.19672131147541,0.180327868852459,0,0,0,6.94988913656309,1.34099479999713
3,2,1,0,1,0,59,2,80,0,0,0,0,3,4,0.367924528301887,0.273584905660377,0.169811320754717,0,0,0,0.268040517679257,2.10238850000314
3,2,1,0,1,0,51,1,40,0,0,0,0,3,4,0.198830409356725,0.181286549707602,0.187134502923977,0,0,0,0.129904369767491,3.17400970000017
3,2,1,0,1,0,38,15.5,40,0,0,0,0,3,4,0.203084832904884,0.213367609254499,0.0925449871465296,0,0,0,4.11388447444524,6.88154140000188
3,2,1,0,1,0,68,2.5,65,0,0,0,0,3,4,0.292682926829268,0.382113821138211,0.154471544715447,0,0,0,0.318768292301019,2.38329159999921
3,2,1,0,1,0,14,16.75,45,0,0,0,0,3,4,0.48314606741573,0.0337078651685393,0,0,0,0,2.48984342918207,1.81931990000157
3,3,1,0,1,1,34,12,15,85,0,0,0,1,2,0.226794258373206,0.190430622009569,0.282296650717703,0,0,0,1.02158864961596,17.7665609000105
3,3,1,0,1,1,63,5.5,70,40,0,0,0,1,2,0.215447154471545,0.170731707317073,0.203252032520325,0,0,0,1.0662632862166,4.43400900000415
3,3,1,0,1,1,7,16.75,65,75,0,0,0,1,2,0.30718954248366,0.135947712418301,0.203921568627451,0,0,0,3.07527231037509,13.0774560999998
3,3,1,0,1,1,23,7.75,60,120,0,0,0,1,2,0.245454545454545,0.145454545454545,0.254545454545455,0,0,0,1.99954547747115,4.00376510000206
3,3,1,0,1,1,12,12,35,1,0,0,0,1,2,0.301939058171745,0.260387811634349,0.213296398891967,0,0,0,2.00927170922763,6.34550009999657
3,3,1,0,1,1,76,4,35,70,0,0,0,1,2,0.194748358862144,0.185995623632385,0.185995623632385,0,0,0,0.579715473301757,7.93355840000731
3,3,1,0,1,1,68,2.5,65,25,0,0,0,1,2,0.310734463276836,0.129943502824859,0.231638418079096,0,0,0,0.407891668197607,3.28640529999393
3,3,1,0,1,1,51,1,40,3,0,0,0,1,2,0.0718954248366013,0.254901960784314,0.222222222222222,0,0,0,0.305691957497459,2.88308770000003
3,3,1,0,1,1,61,15,75,225,0,0,0,1,2,0.168181818181818,0.218181818181818,0.290909090909091,0,0,0,0.996958512766266,3.99852350000583
3,3,1,0,1,1,16,16,65,95,0,0,0,1,2,0.227684346701164,0.170763260025873,0.21862871927555,0,0,0,2.54421695755986,13.2061186000064
3,3,1,0,1,1,21,6,95,55,0,0,0,1,2,0.203921568627451,0.192156862745098,0.301960784313725,0,0,0,3.00239795457523,4.58499489999667
3,3,1,0,1,1,56,12,90,210,0,0,0,1,2,0.176271186440678,0.166101694915254,0.311864406779661,0,0,0,2.98956593954854,5.24120069999481
3,3,1,0,1,1,60,15,35,31,0,0,0,1,2,0.200477326968974,0.164677804295943,0.374701670644391,0,0,0,1.05829644131,7.30973100000119
3,3,1,0,1,1,73,5,70,14,0,0,0,1,2,0.233468286099865,0.140350877192982,0.194331983805668,0,0,0,1.05136913422507,12.6822301999928
3,3,1,0,1,1,44,5,40,65,0,0,0,5,2,0.360091743119266,0.123853211009174,0.174311926605505,0,0,0,0.508792481753979,7.59828500000003
3,3,1,0,1,1,1,5,50,0,0,0,0,5,2,0.333333333333333,0.17816091954023,0.218390804597701,0,0,0,1.04202426354431,3.23222309999983
3,3,1,0,1,1,20,15.75,35,30,0,0,0,5,2,0.2,0.339024390243902,0.154878048780488,0,0,0,3.0989524578568,13.9870869000006
3,3,1,0,1,1,24,19,70,150,0,0,0,5,2,0.248780487804878,0.160975609756098,0.4,0,0,0,4.64615533504909,3.73869309999282
3,3,1,0,1,1,58,14,45,20,0,0,0,5,2,0.377245508982036,0.106287425149701,0.220059880239521,0,0,0,1.34290212092303,11.4490787999966
3,3,1,0,1,1,27,5.25,50,120,0,0,0,5,2,0.27979274611399,0.212435233160622,0.150259067357513,0,0,0,0.990832753075264,3.5476239000127
3,3,1,0,1,1,78,8.25,20,5,0,0,0,5,2,0.252331321996709,0.134942402633022,0.0844761382336807,0,0,0,0.61878431391062,30.6932424999977
3,3,1,0,1,1,38,15.5,40,215,0,0,0,5,2,0.277542372881356,0.13771186440678,0.224576271186441,0,0,0,2.58491766667722,8.26242630000343
3,3,1,0,1,1,14,16.75,45,145,0,0,0,5,2,0.375,0.159090909090909,0.164772727272727,0,0,0,2.50453585653392,3.26344169999356
3,3,1,0,1,1,62,10,95,135,0,0,0,5,2,0.243781094527363,0.144278606965174,0.288557213930348,0,0,0,4.05458852041441,3.67596839999896
3,3,1,0,1,1,53,14,90,60,0,0,0,5,2,0.294460641399417,0.145772594752187,0.183673469387755,0,0,0,3.99445447814545,6.04807840001013
3,3,1,0,1,1,42,20,30,170,0,0,0,5,2,0.260869565217391,0.243478260869565,0.243478260869565,0,0,0,1.78760128780078,2.24738020000223
3,3,1,0,1,1,9,2,30,19,0,0,0,5,2,0.278606965174129,0.233830845771144,0.189054726368159,0,0,0,0.287866887243901,3.67112790000101
3,3,1,0,1,1,79,10,10,140,0,0,0,5,2,0.315169366715758,0.294550810014728,0.11340206185567,0,0,0,1.43947992014064,11.640790400008
3,3,1,0,1,1,13,19.5,5,7,0,0,0,4,2,0.285714285714286,0.131868131868132,0.214285714285714,0,0,0,2.50326644477076,3.35758490000444
3,3,1,0,1,1,67,8.5,50,105,0,0,0,4,2,0.289655172413793,0.151724137931034,0.206896551724138,0,0,0,1.48464764238404,2.74065249999694
3,3,1,0,1,1,77,12,75,25,0,0,0,4,2,0.283720930232558,0.2,0.176744186046512,0,0,0,3.01696439925755,3.90065820000018
3,3,1,0,1,1,2,7.5,75,25,0,0,0,4,2,0.183068783068783,0.11957671957672,0.207407407407407,0,0,0,2.37097418755759,16.0763217000058
3,3,1,0,1,1,15,17.25,25,55,0,0,0,4,2,0.194444444444444,0.222222222222222,0.231481481481481,0,0,0,1.66185620922921,2.13239440000325
3,3,1,0,1,1,26,4,45,50,0,0,0,4,2,0.295652173913043,0.308695652173913,0.147826086956522,0,0,0,0.618419350028113,4.16101100000378
3,3,1,0,1,1,3,15,85,14,0,0,0,4,2,0.304054054054054,0.310810810810811,0.0945945945945946,0,0,0,4.41353937216816,2.79166459999396
3,3,1,0,1,1,31,8.5,50,22,0,0,0,4,2,0.294964028776978,0.18705035971223,0.194244604316547,0,0,0,1.70257998169188,2.65058899999713
3,3,1,0,1,1,59,2,80,110,0,0,0,4,2,0.296,0.152,0.272,0,0,0,0.676892581503978,2.41124459999264
3,3,1,0,1,1,33,11,65,190,0,0,0,4,2,0.214936247723133,0.271402550091075,0.14936247723133,0,0,0,3.54289693441991,9.46777820000716
3,3,1,0,1,1,39,17,35,15,0,0,0,4,2,0.302631578947368,0.157894736842105,0.210526315789474,0,0,0,1.55261359257124,1.59909420000622
3,3,1,0,1,1,57,10,50,95,0,0,0,4,2,0.276923076923077,0.130769230769231,0.138461538461538,0,0,0,1.59437022699413,2.49601459999394
3,3,1,0,1,1,19,17.5,25,40,0,0,0,4,2,0.333333333333333,0.279279279279279,0.135135135135135,0,0,0,1.56305760595972,2.17450219999591
3,3,1,0,1,1,45,13.5,55,65,0,0,0,4,2,0.294594594594595,0.207207207207207,0.143243243243243,0,0,0,2.56808237142029,18.8125
3,3,1,0,1,1,70,3.5,40,3,0,0,0,6,2,0.185185185185185,0.160493827160494,0.037037037037037,0,0,0,0.545181484061033,1.68327400000999
3,3,1,0,1,1,65,1.75,80,10,0,0,0,6,2,0.294478527607362,0.196319018404908,0.226993865030675,0,0,0,0.476921960860473,3.05246289999923
3,3,1,0,1,1,49,16,50,20,0,0,0,6,2,0.238095238095238,0.174603174603175,0.246031746031746,0,0,0,1.45018503801236,2.42007190000731
3,3,1,0,1,1,71,6,25,45,0,0,0,6,2,0.303719008264463,0.225206611570248,0.111570247933884,0,0,0,1.41203679284042,8.38448550000612
3,3,1,0,1,1,32,9.5,30,170,0,0,0,6,2,0.532608695652174,0.215217391304348,0.132608695652174,0,0,0,1.06328637549705,7.98565740000049
3,3,1,0,1,1,41,19,65,245,0,0,0,6,2,0.36,0.234285714285714,0.171428571428571,0,0,0,3.56377787503267,3.24294010001177
3,3,1,0,1,1,48,7,45,70,0,0,0,6,2,0.305555555555556,0.194444444444444,0.305555555555556,0,0,0,2.40914351258277,1.5328531999985
3,3,1,0,1,1,6,19,20,175,0,0,0,6,2,0.269662921348315,0.179775280898876,0.202247191011236,0,0,0,2.1016000246354,1.81270740000764
3,3,1,0,1,1,17,3.25,85,205,0,0,0,6,2,0.441624365482233,0.17258883248731,0.111675126903553,0,0,0,1.33402234156579,3.61818640001002
3,3,1,0,1,1,50,2.5,90,10,0,0,0,6,2,0.348387096774194,0.103225806451613,0.129032258064516,0,0,0,1.07056605372122,2.91031380000641
3,3,1,0,1,1,36,14,15,40,0,0,0,6,2,0.254457050243112,0.186385737439222,0.307941653160454,0,0,0,1.20568536033312,10.60068399999
3,3,1,0,1,1,30,8,75,90,0,0,0,6,2,0.241379310344828,0.189655172413793,0.0948275862068965,0,0,0,1.43622212496733,2.26902680000057
3,3,1,0,1,1,5,20,85,15,0,0,0,6,2,0.396946564885496,0.16793893129771,0.10941475826972,0,0,0,5.34876473709817,6.87871720000112
3,3,1,0,1,1,4,8.5,20,90,0,0,0,6,2,0.267080745341615,0.229813664596273,0.267080745341615,0,0,0,1.99321042916964,3.01219880000281
3,3,1,0,1,1,47,16,100,5,0,0,0,2,2,0.184415584415584,0.262337662337662,0.27012987012987,0,0,0,6.0206806844615,6.74874609999824
3,3,1,0,1,1,25,9,60,160,0,0,0,2,2,0.166666666666667,0.283333333333333,0.177777777777778,0,0,0,2.51758164366384,3.3315639999928
3,3,1,0,1,1,43,3,30,0,0,0,0,2,2,0.216,0.216,0.272,0,0,0,0.235133583291496,2.40726599999471
3,3,1,0,1,1,55,16.5,25,155,0,0,0,2,2,0.107843137254902,0.372549019607843,0.147058823529412,0,0,0,1.99876872246893,2.03077309999208
3,3,1,0,1,1,37,14.5,5,175,0,0,0,2,2,0.27536231884058,0.208695652173913,0.249275362318841,0,0,0,0.928261203931076,6.0731100999983
3,3,1,0,1,1,54,9.25,40,4,0,0,0,2,2,0.376237623762376,0.128712871287129,0.133663366336634,0,0,0,2.04832764699134,10.4208462999959
3,3,1,0,1,1,8,16,15,20,0,0,0,2,2,0.228915662650602,0.168674698795181,0.0963855421686747,0,0,0,1.46213065954905,1.70812179999484
3,3,1,0,1,1,35,13,70,30,0,0,0,2,2,0.208092485549133,0.277456647398844,0.15028901734104,0,0,0,3.24379256252407,3.21496449998813
3,3,1,0,1,1,74,7,40,120,0,0,0,2,2,0.207253886010363,0.170984455958549,0.212435233160622,0,0,0,2.14807471875559,3.5502034999954
3,3,1,0,1,1,11,18.25,70,55,0,0,0,2,2,0.0903225806451613,0.219354838709677,0.316129032258064,0,0,0,4.09381704284496,2.90612890000921
3,3,1,0,1,1,66,10,90,80,0,0,0,2,2,0.213114754098361,0.14344262295082,0.266393442622951,0,0,0,5.10367483591316,4.39794510000502
3,3,1,0,1,1,10,19.5,10,125,0,0,0,2,2,0.141666666666667,0.183333333333333,0.166666666666667,0,0,0,1.46783666426384,2.33965260001423
3,3,1,0,1,1,84,11,50,110,0,0,0,2,2,0.113821138211382,0.235772357723577,0.317073170731707,0,0,0,2.04832764699134,2.37556460000633
3,3,1,0,1,1,83,17,80,200,0,0,0,2,2,0.282926829268293,0.273170731707317,0.0731707317073171,0,0,0,3.71554102286469,3.75066639999568
3,3,1,0,1,1,80,8,45,125,0,0,0,3,2,0.268882175226586,0.166163141993958,0.141993957703928,0,0,0,2.2856941190053,5.84461739999824
3,3,1,0,1,1,52,18.5,10,85,0,0,0,3,2,0.24160346695558,0.112676056338028,0.411700975081257,0,0,0,1.45528320383103,15.7090216999932
3,3,1,0,1,1,81,14,55,5,0,0,0,3,2,0.214634146341463,0.102439024390244,0.28780487804878,0,0,0,2.14401847282561,3.73881660000188
3,3,1,0,1,1,46,2,55,70,0,0,0,3,2,0.356435643564356,0.128712871287129,0.297029702970297,0,0,0,0.457007338826635,2.01139060000423
3,3,1,0,1,1,22,20,90,165,0,0,0,3,2,0.229299363057325,0.127388535031847,0.267515923566879,0,0,0,7.99747154649781,2.93983570000273
3,3,1,0,1,1,64,19.5,65,45,0,0,0,3,2,0.200828157349896,0.380952380952381,0.122153209109731,0,0,0,3.07648376568371,8.38125040000887
3,3,1,0,1,1,29,7,20,55,0,0,0,3,2,0.302197802197802,0.142857142857143,0.43956043956044,0,0,0,0.846592525456192,3.36785330000566
3,3,1,0,1,1,28,6,25,7,0,0,0,3,2,0.4,0.228571428571429,0.271428571428571,0,0,0,1.0286165587497,2.65756320000219
3,3,1,0,1,1,72,6.5,90,60,0,0,0,3,2,0.373913043478261,0.252173913043478,0.28695652173913,0,0,0,1.05136913422507,2.24019339999359
3,3,1,0,1,1,75,6,85,45,0,0,0,3,2,0.362068965517241,0.275862068965517,0.206896551724138,0,0,0,1.01803856063574,3.22237279999536
3,3,1,0,1,1,69,1.5,95,20,0,0,0,3,2,0.222222222222222,0.420634920634921,0.182539682539683,0,0,0,0.581941785201391,2.42873790000158
3,3,1,0,1,1,40,18,15,110,0,0,0,3,2,0.284541723666211,0.281805745554036,0.244870041039672,0,0,0,1.33990896549576,12.5153552999982
3,3,1,0,1,1,18,18.75,80,250,0,0,0,3,2,0.282828282828283,0.151515151515152,0.282828282828283,0,0,0,3.98065541871919,1.98597460000019
3,3,1,0,1,1,82,9.5,20,25,0,0,0,3,2,0.228280961182994,0.201478743068392,0.208872458410351,0,0,0,3.35177076403,18.342438000007
4,1,2,0,1,0,22,20,90,0,0,0,0,6,4,0.20251572327044,0.145911949685535,0.0289308176100629,0,0,0,3.01031529969813,13.5642012999997
4,1,2,0,1,0,16,16,65,0,0,0,0,6,4,0.143968871595331,0.120622568093385,0.159533073929961,0,0,0,2.02040590619034,4.62016109999968
4,1,2,0,1,0,21,6,95,0,0,0,0,6,4,0.481481481481481,0.288888888888889,0.311111111111111,0,0,0,0.990832753075264,2.5722708000003
4,1,2,0,1,0,42,20,30,0,0,0,0,6,4,0.451612903225806,0.198924731182796,0.10752688172043,0,0,0,0.998478980309287,3.42831560000013
4,1,2,0,1,0,73,5,70,0,0,0,0,6,4,0.327586206896552,0.379310344827586,0.275862068965517,0,0,0,1.03206305929602,2.26299389999986
4,1,2,0,1,0,67,8.5,50,0,0,0,0,6,4,0.387755102040816,0.392857142857143,0.158163265306122,0,0,0,0.509954457159594,3.59540220000054
4,1,2,0,1,0,19,17.5,25,0,0,0,0,6,4,0.707317073170732,0.231707317073171,0,0,0,0,1.0585870423836,1.70396439999968
4,1,2,0,1,0,56,12,90,0,0,0,0,6,4,0.206896551724138,0.586206896551724,0,0,0,0,1.04414849718111,0.814817100000255
4,1,2,0,1,0,65,1.75,80,0,0,0,0,6,4,0.333333333333333,0.583333333333333,0.142857142857143,0,0,0,0.117606900649861,1.73876740000014
4,1,2,0,1,0,79,10,10,0,0,0,0,6,4,0.526315789473684,0.394736842105263,0,0,0,0,0.0874022572098667,1.59293089999937
4,1,2,0,1,0,54,9.25,40,0,0,0,0,6,4,0.469613259668508,0.298342541436464,0,0,0,0,0.59826502330294,3.34305790000053
4,1,2,0,1,0,20,15.75,35,0,0,0,0,6,4,0.715909090909091,0.556818181818182,0.329545454545455,0,0,0,1.01757090488666,1.80037699999957
4,1,2,0,1,0,78,8.25,20,0,0,0,0,6,4,0.526717557251908,0.32824427480916,0,0,0,0,0.495443947238414,2.51548579999962
4,1,2,0,1,0,15,17.25,25,0,0,0,0,6,4,0.4375,0.277777777777778,0,0,0,0,0.482029643492019,2.73861519999991
4,1,2,0,1,0,70,3.5,40,0,0,0,0,5,4,0.284210526315789,0.389473684210526,0.247368421052632,0,0,0,0.101502523558381,3.48816050000005
4,1,2,0,1,0,29,7,20,0,0,0,0,5,4,0.44954128440367,0.321100917431193,0.321100917431193,0,0,0,0.496578289852842,2.1486874000002
4,1,2,0,1,0,66,10,90,0,0,0,0,5,4,0.716535433070866,0.456692913385827,0.425196850393701,0,0,0,1.06101488097066,2.45261469999969
4,1,2,0,1,0,30,8,75,0,0,0,0,5,4,0.439716312056738,0.24822695035461,0.212765957446809,0,0,0,0.500012634268963,2.68417310000041
4,1,2,0,1,0,14,16.75,45,0,0,0,0,5,4,0.320512820512821,0.358974358974359,0.205128205128205,0,0,0,0.528076740296125,1.6360138
4,1,2,0,1,0,37,14.5,5,0,0,0,0,5,4,0.552083333333333,0.354166666666667,0.0416666666666667,0,0,0,0.0726703334468652,1.93711199999962
4,1,2,0,1,0,64,19.5,65,0,0,0,0,5,4,0.322033898305085,0.372881355932203,0.288135593220339,0,0,0,1.02500325524284,1.31124999999975
4,1,2,0,1,0,59,2,80,0,0,0,0,5,4,0.254658385093168,0.329192546583851,0.204968944099379,0,0,0,0.0882095654972694,3.01050729999952
4,1,2,0,1,0,44,5,40,0,0,0,0,5,4,0.271523178807947,0.463576158940397,0.132450331125828,0,0,0,0.0586729721000196,2.85105999999996
4,1,2,0,1,0,2,7.5,75,0,0,0,0,5,4,0.242774566473988,0.329479768786127,0.109826589595376,0,0,0,0.132303765761925,3.21532240000033
4,1,2,0,1,0,3,15,85,0,0,0,0,5,4,0.266666666666667,0.466666666666667,0.226666666666667,0,0,0,0.988554800503593,1.58908289999999
4,1,2,0,1,0,40,18,15,0,0,0,0,5,4,0.256756756756757,0.324324324324324,0.148648648648649,0,0,0,2.0575943037999,1.5613242999998
4,1,2,0,1,0,46,2,55,0,0,0,0,5,4,0.430555555555556,0.222222222222222,0.222222222222222,0,0,0,1.02969910463968,1.52703310000015
4,1,2,0,1,0,1,5,50,0,0,0,0,5,4,0.215384615384615,0.307692307692308,0.184615384615385,0,0,0,0.425737716710039,1.41186319999997
4,1,2,0,1,0,4,8.5,20,0,0,0,0,3,4,0.43,0.26,0.33,0,0,0,0.56924061523646,1.99903770000037
4,1,2,0,1,0,7,16.75,65,0,0,0,0,3,4,0.326923076923077,0.254807692307692,0.120192307692308,0,0,0,1.04414849718111,3.7893251000005
4,1,2,0,1,0,39,17,35,0,0,0,0,3,4,0.175438596491228,0.491228070175439,0.210526315789474,0,0,0,0.549690240187253,1.28165199999967
4,1,2,0,1,0,5,20,85,0,0,0,0,3,4,0.367088607594937,0.30379746835443,0.240506329113924,0,0,0,2.03914122086579,1.64928169999985
4,1,2,0,1,0,49,16,50,0,0,0,0,3,4,0.323529411764706,0.397058823529412,0.279411764705882,0,0,0,1.02734586061814,1.46272959999988
4,1,2,0,1,0,33,11,65,0,0,0,0,3,4,0.337837837837838,0.27027027027027,0.283783783783784,0,0,0,0.59826502330294,1.55870099999993
4,1,2,0,1,0,72,6.5,90,0,0,0,0,3,4,0.428571428571429,0.36734693877551,0.224489795918367,0,0,0,1.03443779722067,1.96458699999948
4,1,2,0,1,0,24,19,70,0,0,0,0,3,4,0.340659340659341,0.340659340659341,0.197802197802198,0,0,0,1.05136913422507,1.84403229999953
4,1,2,0,1,0,83,17,80,0,0,0,0,3,4,0.0526315789473684,0.614035087719298,0.210526315789474,0,0,0,1.04895128484505,1.2752672000006
4,1,2,0,1,0,71,6,25,0,0,0,0,3,4,0.363636363636364,0.299465240641711,0.181818181818182,0,0,0,0.1906355570774,3.45050840000022
4,1,2,0,1,0,31,8.5,50,0,0,0,0,3,4,0.166666666666667,0.404761904761905,0.285714285714286,0,0,0,0.439360857280121,1.03238650000003
4,1,2,0,1,0,9,2,30,0,0,0,0,3,4,0.322033898305085,0.355932203389831,0.338983050847458,0,0,0,0.0858311728219512,1.32788919999985
4,1,2,0,1,0,62,10,95,0,0,0,0,3,4,0.241379310344828,0.448275862068966,0.189655172413793,0,0,0,1.05376424236025,1.29456200000004
4,1,2,0,1,0,81,14,55,0,0,0,0,3,4,0.296296296296296,0.333333333333333,0.296296296296296,0,0,0,0.614171127961793,1.22239309999986
4,1,2,0,1,0,80,8,45,0,0,0,0,4,4,0.411764705882353,0.394957983193277,0.0672268907563025,0,0,0,1.02767665810933,2.30935229999977
4,1,2,0,1,0,32,9.5,30,0,0,0,0,4,4,0.399038461538462,0.427884615384615,0.125,0,0,0,0.0435040908434132,3.79346110000006
4,1,2,0,1,0,51,1,40,0,0,0,0,4,4,0.337837837837838,0.310810810810811,0.310810810810811,0,0,0,0.0439041158341666,1.57028530000025
4,1,2,0,1,0,53,14,90,0,0,0,0,4,4,0.591715976331361,0.301775147928994,0,0,0,0,0.998478980309287,3.15206500000022
4,1,2,0,1,0,11,18.25,70,0,0,0,0,4,4,0.421686746987952,0.367469879518072,0.144578313253012,0,0,0,2.01179319743416,3.10141829999975
4,1,2,0,1,0,18,18.75,80,0,0,0,0,4,4,0.333333333333333,0.512820512820513,0,0,0,0,1.96112491332557,0.986707099999876
4,1,2,0,1,0,45,13.5,55,0,0,0,0,4,4,0.3,0.42,0,0,0,0,1.00601641188096,1.17365990000053
4,1,2,0,1,0,60,15,35,0,0,0,0,4,4,0.128205128205128,0.448717948717949,0.307692307692308,0,0,0,1.01803856063574,1.62959560000036
4,1,2,0,1,0,17,3.25,85,0,0,0,0,4,4,0.388888888888889,0.566666666666667,0,0,0,0,0.129904369767491,1.82367489999979
4,1,2,0,1,0,52,18.5,10,0,0,0,0,4,4,0.229166666666667,0.4375,0.229166666666667,0,0,0,0.467475950871645,1.13285129999986
4,1,2,0,1,0,38,15.5,40,0,0,0,0,4,4,0.302884615384615,0.533653846153846,0.0913461538461538,0,0,0,1.01116708270736,3.79189630000019
4,1,2,0,1,0,25,9,60,0,0,0,0,4,4,0.20253164556962,0.240506329113924,0.481012658227848,0,0,0,1.04654443054575,1.64502029999949
4,1,2,0,1,0,10,19.5,10,0,0,0,0,4,4,0.485294117647059,0.441176470588235,0,0,0,0,1.05617018740514,1.45961609999995
4,1,2,0,1,0,74,7,40,0,0,0,0,4,4,0.218390804597701,0.563218390804598,0.0804597701149425,0,0,0,0.372370118658196,1.77169030000005
4,1,2,0,1,0,69,1.5,95,0,0,0,0,2,4,0.45,0.4125,0.0625,0,0,0,0.0441068997330483,1.66339679999965
4,1,2,0,1,0,55,16.5,25,0,0,0,0,2,4,0.304195804195804,0.356643356643357,0.0769230769230769,0,0,0,1.03702549107566,5.08568230000037
4,1,2,0,1,0,28,6,25,0,0,0,0,2,4,0.196969696969697,0.46969696969697,0.287878787878788,0,0,0,0.0424406894143345,1.42683589999979
4,1,2,0,1,0,6,19,20,0,0,0,0,2,4,0.252491694352159,0.302325581395349,0.186046511627907,0,0,0,1.06328637549705,5.35013359999994
4,1,2,0,1,0,68,2.5,65,0,0,0,0,2,4,0.276729559748428,0.389937106918239,0.157232704402516,0,0,0,0.0428213119703393,2.97248149999996
4,1,2,0,1,0,57,10,50,0,0,0,0,2,4,0.37,0.34,0.19,0,0,0,0.5534535483676,1.99660600000061
4,1,2,0,1,0,34,12,15,0,0,0,0,2,4,0.195121951219512,0.463414634146341,0.365853658536585,0,0,0,0.588844616019081,1.02191029999994
4,1,2,0,1,0,13,19.5,5,0,0,0,0,2,4,0.355555555555556,0.388888888888889,0.255555555555556,0,0,0,1.0466111398018,1.8389489000001
4,1,2,0,1,0,61,15,75,0,0,0,0,2,4,0.272727272727273,0.409090909090909,0.272727272727273,0,0,0,2.01205340865895,1.07080920000044
4,1,2,0,1,0,23,7.75,60,0,0,0,0,2,4,0.210526315789474,0.552631578947368,0.263157894736842,0,0,0,1.06570201295072,0.958691499999986
4,1,2,0,1,0,27,5.25,50,0,0,0,0,2,4,0.40495867768595,0.305785123966942,0.132231404958678,0,0,0,0.0581371757982438,2.34698819999994
4,1,2,0,1,0,35,13,70,0,0,0,0,2,4,0.2375,0.5,0.11875,0,0,0,0,2.99228270000003
4,1,2,0,1,0,41,19,65,0,0,0,0,2,4,0.284552845528455,0.463414634146341,0.195121951219512,0,0,0,1.00889698489186,2.38611519999995
4,1,2,0,1,0,63,5.5,70,0,0,0,0,2,4,0.4,0.555555555555556,0.0444444444444444,0,0,0,0.353314457762693,1.07379130000027
4,1,2,0,1,0,47,16,100,0,0,0,0,1,4,0.28125,0,0.59375,0,0,0,1.02500325524284,0.86110540000027
4,1,2,0,1,0,36,14,15,0,0,0,0,1,4,0.424778761061947,0.283185840707965,0.15929203539823,0,0,0,1.06101488097066,2.21678890000021
4,1,2,0,1,0,82,9.5,20,0,0,0,0,1,4,0.316666666666667,0.383333333333333,0.133333333333333,0,0,0,0.522268108126454,1.32819310000014
4,1,2,0,1,0,12,12,35,0,0,0,0,1,4,0.220588235294118,0.235294117647059,0.102941176470588,0,0,0,0.272261270767117,1.46405669999967
4,1,2,0,1,0,50,2.5,90,0,0,0,0,1,4,0.384615384615385,0.269230769230769,0.282051282051282,0,0,0,0.0144686062786938,1.63157640000009
4,1,2,0,1,0,26,4,45,0,0,0,0,1,4,0.245283018867925,0.415094339622642,0.320754716981132,0,0,0,0.455002257953311,1.21600549999948
4,1,2,0,1,0,75,6,85,0,0,0,0,1,4,0.252427184466019,0.242718446601942,0.145631067961165,0,0,0,0.616996781448535,2.04566220000015
4,1,2,0,1,0,84,11,50,0,0,0,0,1,4,0.517241379310345,0.103448275862069,0.241379310344828,0,0,0,0.635946117130633,1.29137810000066
4,1,2,0,1,0,77,12,75,0,0,0,0,1,4,0.137254901960784,0.392156862745098,0.274509803921569,0,0,0,1.06550574546091,1.17901239999992
4,1,2,0,1,0,43,3,30,0,0,0,0,1,4,0.409090909090909,0.318181818181818,0.196969696969697,0,0,0,0.0699554009344752,1.43494589999955
4,1,2,0,1,0,76,4,35,0,0,0,0,1,4,0.217391304347826,0.326086956521739,0.326086956521739,0,0,0,0.142396778417709,1.10745680000036
4,1,2,0,1,0,48,7,45,0,0,0,0,1,4,0.102941176470588,0.588235294117647,0.161764705882353,0,0,0,0.526865528279895,1.46468559999994
4,1,2,0,1,0,58,14,45,0,0,0,0,1,4,0.273809523809524,0.583333333333333,0.0238095238095238,0,0,0,0.476572592091003,1.73173240000051
4,1,2,0,1,0,8,16,15,0,0,0,0,1,4,0.361904761904762,0.352380952380952,0.0952380952380952,0,0,0,0.581099058578744,2.08400519999941
4,2,2,0,1,1,58,14,45,20,0,0,0,5,2,0.190388170055453,0.21996303142329,0.164510166358595,0,0,0,0.840933002398828,9.33686179999859
4,2,2,0,1,1,19,17.5,25,40,0,0,0,5,2,0.272727272727273,0.372727272727273,0.3,0,0,0,1.06088156304213,2.16513610000038
4,2,2,0,1,1,12,12,35,1,0,0,0,5,2,0.247619047619048,0.361904761904762,0.352380952380952,0,0,0,0.542675533769426,2.07573530000082
4,2,2,0,1,1,65,1.75,80,10,0,0,0,5,2,0.273809523809524,0.44047619047619,0.19047619047619,0,0,0,0.130199524745425,1.73202630000014
4,2,2,0,1,1,32,9.5,30,170,0,0,0,5,2,0.464285714285714,0.224489795918367,0.25,0,0,0,0.559841260458729,3.5991303999981
4,2,2,0,1,1,67,8.5,50,105,0,0,0,5,2,0.21505376344086,0.236559139784946,0.301075268817204,0,0,0,0.558551979562779,1.87518119999731
4,2,2,0,1,1,48,7,45,70,0,0,0,5,2,0.324675324675325,0.636363636363636,0.012987012987013,0,0,0,0.542675533769426,1.61733670000103
4,2,2,0,1,1,45,13.5,55,65,0,0,0,5,2,0.540540540540541,0.351351351351351,0.0630630630630631,0,0,0,1.01060684333609,2.17299930000081
4,2,2,0,1,1,80,8,45,125,0,0,0,5,2,0.423529411764706,0.305882352941176,0.329411764705882,0,0,0,0.574561379778054,1.75194239999837
4,2,2,0,1,1,40,18,15,110,0,0,0,5,2,0.453488372093023,0.22093023255814,0.232558139534884,0,0,0,0.795312557068421,1.75486440000168
4,2,2,0,1,1,37,14.5,5,175,0,0,0,5,2,0.622222222222222,0.2,0.0666666666666667,0,0,0,0.870079442616703,1.08157270000083
4,2,2,0,1,1,15,17.25,25,55,0,0,0,5,2,0.436363636363636,0.145454545454545,0.381818181818182,0,0,0,0.612767954582779,1.252719600001
4,2,2,0,1,1,4,8.5,20,90,0,0,0,5,2,0.491228070175439,0.222222222222222,0.134502923976608,0,0,0,0.604481336778392,3.18595719999939
4,2,2,0,1,1,25,9,60,160,0,0,0,5,2,0.558139534883721,0.13953488372093,0.255813953488372,0,0,0,0.447787629271449,1.04327670000202
4,2,2,0,1,1,27,5.25,50,120,0,0,0,3,2,0.271428571428571,0.4,0.285714285714286,0,0,0,0.160581014930035,1.49622350000209
4,2,2,0,1,1,64,19.5,65,45,0,0,0,3,2,0.383561643835616,0.383561643835616,0.191780821917808,0,0,0,1.04202426354431,1.55288610000207
4,2,2,0,1,1,8,16,15,20,0,0,0,3,2,0.290322580645161,0.435483870967742,0.258064516129032,0,0,0,0.706053725996441,1.35766849999709
4,2,2,0,1,1,22,20,90,165,0,0,0,3,2,0.426829268292683,0.268292682926829,0.0731707317073171,0,0,0,1.0703020084409,1.69074499999988
4,2,2,0,1,1,11,18.25,70,55,0,0,0,3,2,0.344444444444444,0.422222222222222,0.155555555555556,0,0,0,1.06101488097066,1.82470660000035
4,2,2,0,1,1,54,9.25,40,4,0,0,0,3,2,0.345679012345679,0.197530864197531,0.320987654320988,0,0,0,0.99393131483766,1.69464769999831
4,2,2,0,1,1,71,6,25,45,0,0,0,3,2,0.351851851851852,0.398148148148148,0.148148148148148,0,0,0,0.982739921532566,2.1329110000006
4,2,2,0,1,1,35,13,70,30,0,0,0,3,2,0.425287356321839,0.229885057471264,0.126436781609195,0,0,0,0.388402753313404,1.78105309999955
4,2,2,0,1,1,81,14,55,5,0,0,0,3,2,0.27710843373494,0.246987951807229,0.307228915662651,0,0,0,0.49525000760616,3.09803109999848
4,2,2,0,1,1,20,15.75,35,30,0,0,0,3,2,0.440677966101695,0.0508474576271186,0.338983050847458,0,0,0,0.287866887243901,1.3129184999998
4,2,2,0,1,1,82,9.5,20,25,0,0,0,3,2,0.359375,0.359375,0.25,0,0,0,0.417093891519926,1.39753749999727
4,2,2,0,1,1,73,5,70,14,0,0,0,3,2,0.418439716312057,0.397163120567376,0.134751773049645,0,0,0,0.117879076696024,2.68714620000173
4,2,2,0,1,1,76,4,35,70,0,0,0,3,2,0.411764705882353,0.274509803921569,0.352941176470588,0,0,0,0.0586729721000196,1.18720739999844
4,2,2,0,1,1,46,2,55,70,0,0,0,3,2,0.345454545454545,0.4,0.0363636363636364,0,0,0,0.0576110763656317,1.2499347999983
4,2,2,0,1,1,16,16,65,95,0,0,0,4,2,0.327868852459016,0.401639344262295,0.122950819672131,0,0,0,0.950745108046092,2.36932870000237
4,2,2,0,1,1,6,19,20,175,0,0,0,4,2,0.391304347826087,0.391304347826087,0.152173913043478,0,0,0,0.438354025448618,1.09447670000009
4,2,2,0,1,1,39,17,35,15,0,0,0,4,2,0.32,0.44,0.16,0,0,0,0.559014116305743,1.16114860000016
4,2,2,0,1,1,36,14,15,40,0,0,0,4,2,0.285714285714286,0.317460317460317,0.111111111111111,0,0,0,0.360509705171491,1.37522190000163
4,2,2,0,1,1,52,18.5,10,85,0,0,0,4,2,0.405797101449275,0.289855072463768,0.188405797101449,0,0,0,0.231922774752949,1.47832079999716
4,2,2,0,1,1,63,5.5,70,40,0,0,0,4,2,0.421052631578947,0.456140350877193,0.087719298245614,0,0,0,0.0560883965062011,1.27388710000014
4,2,2,0,1,1,41,19,65,245,0,0,0,4,2,0.487179487179487,0.358974358974359,0.128205128205128,0,0,0,1.02034967565935,0.984785000000556
4,2,2,0,1,1,28,6,25,7,0,0,0,4,2,0.422222222222222,0.444444444444444,0.0444444444444444,0,0,0,0.376601404100395,1.08800060000067
4,2,2,0,1,1,70,3.5,40,3,0,0,0,4,2,0.431372549019608,0.294117647058824,0.215686274509804,0,0,0,0.0988022308028533,1.17237109999769
4,2,2,0,1,1,31,8.5,50,22,0,0,0,4,2,0.425,0.4,0.175,0,0,0,0.369052862594003,0.992760199998884
4,2,2,0,1,1,78,8.25,20,5,0,0,0,4,2,0.382978723404255,0.382978723404255,0.319148936170213,0,0,0,0.101734225073194,1.10578099999839
4,2,2,0,1,1,57,10,50,95,0,0,0,4,2,0.298245614035088,0.333333333333333,0.175438596491228,0,0,0,0.538959405164814,1.28330259999711
4,2,2,0,1,1,5,20,85,15,0,0,0,4,2,0.422222222222222,0.444444444444444,0.155555555555556,0,0,0,0.957294242684899,1.08436050000091
4,2,2,0,1,1,23,7.75,60,120,0,0,0,4,2,0.595238095238095,0.238095238095238,0.166666666666667,0,0,0,0.197995621147403,1.03438390000156
4,2,2,0,1,1,42,20,30,170,0,0,0,2,2,0.2,0.383333333333333,0.333333333333333,0,0,0,1.01116708270736,1.33683599999858
4,2,2,0,1,1,24,19,70,150,0,0,0,2,2,0.28169014084507,0.23943661971831,0.28169014084507,0,0,0,0.723602558809759,1.51583240000036
4,2,2,0,1,1,68,2.5,65,25,0,0,0,2,2,0.342105263157895,0.289473684210526,0.552631578947368,0,0,0,0.0726703334468652,0.967520799997146
4,2,2,0,1,1,33,11,65,190,0,0,0,2,2,0.184210526315789,0.368421052631579,0.473684210526316,0,0,0,0.377459213259971,0.96915860000081
4,2,2,0,1,1,30,8,75,90,0,0,0,2,2,0.361111111111111,0.388888888888889,0.25,0,0,0,0.829465650680156,0.936934400000609
4,2,2,0,1,1,83,17,80,200,0,0,0,2,2,0.4375,0.270833333333333,0.25,0,0,0,0.508792481753979,1.13193010000032
4,2,2,0,1,1,18,18.75,80,250,0,0,0,2,2,0.435897435897436,0.384615384615385,0.153846153846154,0,0,0,1.0199134531522,0.982519100001809
4,2,2,0,1,1,77,12,75,25,0,0,0,2,2,0.315789473684211,0.526315789473684,0.105263157894737,0,0,0,0.441388437861182,0.656933400001435
4,2,2,0,1,1,60,15,35,31,0,0,0,2,2,0.285714285714286,0.342857142857143,0.2,0,0,0,0.268040517679257,1.49655969999731
4,2,2,0,1,1,59,2,80,110,0,0,0,2,2,0.264705882352941,0.411764705882353,0.323529411764706,0,0,0,0.0424406894143345,0.892578499999217
4,2,2,0,1,1,14,16.75,45,145,0,0,0,2,2,0.116279069767442,0.27906976744186,0.232558139534884,0,0,0,0.498862597500583,1.03968309999982
4,2,2,0,1,1,2,7.5,75,25,0,0,0,2,2,0.283018867924528,0.377358490566038,0.283018867924528,0,0,0,0,1.21008769999753
4,2,2,0,1,1,3,15,85,14,0,0,0,2,2,0.25,0.107142857142857,0.5,0,0,0,0.667667328610502,0.804887500002224
4,2,2,0,1,1,10,19.5,10,125,0,0,0,2,2,0.27536231884058,0.173913043478261,0.260869565217391,0,0,0,0.984029924482826,1.48351770000227
4,2,2,0,1,1,50,2.5,90,10,0,0,0,6,2,0.515625,0.3125,0.203125,0,0,0,0.0417906320293788,1.39862509999875
4,2,2,0,1,1,43,3,30,0,0,0,0,6,2,0.277777777777778,0.407407407407407,0.0185185185185185,0,0,0,0.146323600643697,1.22730809999848
4,2,2,0,1,1,74,7,40,120,0,0,0,6,2,0.509803921568627,0.274509803921569,0,0,0,0,0.160213707964587,1.18191709999883
4,2,2,0,1,1,79,10,10,140,0,0,0,6,2,0.489795918367347,0.408163265306122,0.102040816326531,0,0,0,0.376601404100395,1.14515960000062
4,2,2,0,1,1,47,16,100,5,0,0,0,6,2,0.471428571428571,0.3,0.271428571428571,0,0,0,0.87657017271243,1.50078949999806
4,2,2,0,1,1,9,2,30,19,0,0,0,6,2,0.43298969072165,0.11340206185567,0.268041237113402,0,0,0,0.109988151931315,1.94830260000163
4,2,2,0,1,1,7,16.75,65,75,0,0,0,6,2,0.291338582677165,0.181102362204724,0.165354330708661,0,0,0,0.1834537931427,2.4739668000002
4,2,2,0,1,1,38,15.5,40,215,0,0,0,6,2,0.297520661157025,0.305785123966942,0.0991735537190083,0,0,0,0.741301199512076,2.3485483000004
4,2,2,0,1,1,1,5,50,0,0,0,0,6,2,0.423076923076923,0.442307692307692,0.0961538461538462,0,0,0,0.228798436487683,1.1910134000027
4,2,2,0,1,1,49,16,50,20,0,0,0,6,2,0.355555555555556,0.2,0.2,0,0,0,0.454969534094193,1.83281010000064
4,2,2,0,1,1,26,4,45,50,0,0,0,6,2,0.316666666666667,0.316666666666667,0.133333333333333,0,0,0,0.0415180921824607,1.32221410000056
4,2,2,0,1,1,66,10,90,80,0,0,0,6,2,0.301587301587302,0.26984126984127,0.301587301587302,0,0,0,0.994719259350461,1.38138210000034
4,2,2,0,1,1,13,19.5,5,7,0,0,0,6,2,0.415730337078652,0.247191011235955,0.0786516853932584,0,0,0,0.244181226379606,1.82020729999931
4,2,2,0,1,1,56,12,90,210,0,0,0,6,2,0.305882352941176,0.294117647058824,0.164705882352941,0,0,0,0.927861392481265,1.74948930000028
4,2,2,0,1,1,17,3.25,85,205,0,0,0,1,2,0.409638554216867,0.325301204819277,0.289156626506024,0,0,0,0.0970804568852408,1.70736560000296
4,2,2,0,1,1,44,5,40,65,0,0,0,1,2,0.241379310344828,0.379310344827586,0.344827586206897,0,0,0,0.0584038451619548,1.29695379999976
4,2,2,0,1,1,29,7,20,55,0,0,0,1,2,0.181818181818182,0.454545454545455,0.318181818181818,0,0,0,0.339963211447149,1.06043019999925
4,2,2,0,1,1,69,1.5,95,20,0,0,0,1,2,0.296875,0.390625,0.3125,0,0,0,0.0835776626771683,1.39446940000198
4,2,2,0,1,1,34,12,15,85,0,0,0,1,2,0.214285714285714,0.392857142857143,0.375,0,0,0,0.528076740296125,1.26300249999986
4,2,2,0,1,1,62,10,95,135,0,0,0,1,2,0.255555555555556,0.322222222222222,0.244444444444444,0,0,0,0.513899099857166,1.84383200000229
4,2,2,0,1,1,75,6,85,45,0,0,0,1,2,0.379310344827586,0.293103448275862,0.327586206896552,0,0,0,0.802498409351134,1.29038430000219
4,2,2,0,1,1,51,1,40,3,0,0,0,1,2,0.046875,0.328125,0.359375,0,0,0,0.0850666212803119,1.40083809999851
4,2,2,0,1,1,72,6.5,90,60,0,0,0,1,2,0.275,0.4,0.325,0,0,0,0.100586175435087,1.00431200000094
4,2,2,0,1,1,61,15,75,225,0,0,0,1,2,0.354166666666667,0.354166666666667,0.3125,0,0,0,0.285288592131973,1.12610069999937
4,2,2,0,1,1,21,6,95,55,0,0,0,1,2,0.422222222222222,0.155555555555556,0.333333333333333,0,0,0,0.710860722506251,1.09666120000111
4,2,2,0,1,1,53,14,90,60,0,0,0,1,2,0.327272727272727,0.345454545454545,0.345454545454545,0,0,0,0.994719259350461,1.24917389999973
4,2,2,0,1,1,55,16.5,25,155,0,0,0,1,2,0.5,0.444444444444444,0.0555555555555556,0,0,0,0.907341063134371,0.928187699999398
4,2,2,0,1,1,84,11,50,110,0,0,0,1,2,0.361111111111111,0.5,0.166666666666667,0,0,0,0.551581573993815,0.931256799998664
4,3,2,0,0,1,53,14,100,60,0,0,0,5,6,0.207831325301205,0.168674698795181,0.207831325301205,0,0,0,1.99805720948986,5.86593349999748
4,3,2,0,0,1,5,20,100,15,0,0,0,5,6,0.266666666666667,0.285714285714286,0.276190476190476,0,0,0,2.09881553943543,2.0750357999932
4,3,2,0,0,1,76,4,100,70,0,0,0,5,6,0.29585798816568,0.355029585798817,0.366863905325444,0,0,0,0.230350016538491,3.15229910006747
4,3,2,0,0,1,50,2.5,100,10,0,0,0,5,6,0.417910447761194,0.238805970149254,0.17910447761194,0,0,0,0.337063828799529,1.44865330005996
4,3,2,0,0,1,42,20,100,170,0,0,0,5,6,0.218181818181818,0.418181818181818,0.254545454545455,0,0,0,1.53826729303511,1.25090129999444
4,3,2,0,0,1,75,6,100,45,0,0,0,5,6,0.4375,0,0.375,0,0,0,0.467054500808821,1.13215379999019
4,3,2,0,0,1,52,18.5,100,85,0,0,0,5,6,0.176470588235294,0,0.588235294117647,0,0,0,1.43850105729299,0.897499999962747
4,3,2,0,0,1,45,13.5,100,65,0,0,0,5,6,0.26530612244898,0.285714285714286,0.408163265306122,0,0,0,1.69996550073353,1.14883269998245
4,3,2,0,0,1,72,6.5,100,60,0,0,0,5,6,0.407407407407407,0,0.444444444444444,0,0,0,0.397370486110816,0.775108099915087
4,3,2,0,0,1,27,5.25,100,120,0,0,0,5,6,0.465116279069767,0.232558139534884,0.186046511627907,0,0,0,0.246403900910174,1.03959160007071
4,3,2,0,0,1,83,17,100,200,0,0,0,5,6,0.384615384615385,0.0769230769230769,0.461538461538462,0,0,0,1.06281088632617,1.19354979996569
4,3,2,0,0,1,64,19.5,100,45,0,0,0,5,6,0.218181818181818,0.104545454545455,0.268181818181818,0,0,0,1.76771555249652,4.01007060008124
4,3,2,0,0,1,18,18.75,100,250,0,0,0,5,6,0.275862068965517,0,0.620689655172414,0,0,0,1.83931033582265,0.819081300054677
4,3,2,0,0,1,9,2,100,19,0,0,0,5,6,0.205882352941176,0,0.617647058823529,0,0,0,0,0.899426200077869
4,3,2,0,0,1,15,17.25,100,55,0,0,0,4,6,0.320754716981132,0.150943396226415,0.415094339622642,0,0,0,1.74192516936104,1.21683219994884
4,3,2,0,0,1,49,16,100,20,0,0,0,4,6,0.404761904761905,0.142857142857143,0.333333333333333,0,0,0,1.59829311715613,1.02418430009857
4,3,2,0,0,1,78,8.25,100,5,0,0,0,4,6,0.22972972972973,0.391891891891892,0.324324324324324,0,0,0,0.272875104387385,1.56069119996391
4,3,2,0,0,1,13,19.5,100,7,0,0,0,4,6,0.41025641025641,0,0.461538461538462,0,0,0,1.29881879727102,0.977730100043118
4,3,2,0,0,1,60,15,100,31,0,0,0,4,6,0.309090909090909,0.236363636363636,0.290909090909091,0,0,0,1.64408469389526,3.07571310002822
4,3,2,0,0,1,8,16,100,20,0,0,0,4,6,0.380952380952381,0.0595238095238095,0.226190476190476,0,0,0,1.64616864086405,1.7213189000031
4,3,2,0,0,1,4,8.5,100,90,0,0,0,4,6,0.285714285714286,0.3,0.314285714285714,0,0,0,0.2024925208481,1.50330049998593
4,3,2,0,0,1,62,10,100,135,0,0,0,4,6,0.2,0.345454545454545,0.327272727272727,0,0,0,0.696631397453519,1.25292230001651
4,3,2,0,0,1,41,19,100,245,0,0,0,4,6,0.177777777777778,0.333333333333333,0.355555555555556,0,0,0,1.01573780261388,1.08410300000105
4,3,2,0,0,1,3,15,100,14,0,0,0,4,6,0.336683417085427,0.311557788944724,0.130653266331658,0,0,0,1.66735610613192,3.64518470002804
4,3,2,0,0,1,47,16,100,5,0,0,0,4,6,0.229885057471264,0.367816091954023,0.229885057471264,0,0,0,2.01230993950416,1.77659070002846
4,3,2,0,0,1,23,7.75,100,120,0,0,0,4,6,0,0.19047619047619,0.404761904761905,0,0,0,0.582294867842705,1.02775539993308
4,3,2,0,0,1,29,7,100,55,0,0,0,4,6,0.0851063829787234,0,0,0,0,0,0.688653070381207,1.14202529995237
4,3,2,0,0,1,28,6,100,7,0,0,0,4,6,0.485714285714286,0.142857142857143,0.2,0,0,0,0.352532657726872,0.90706980007235
4,3,2,0,0,1,56,12,100,210,0,0,0,1,6,0.436363636363636,0.309090909090909,0.163636363636364,0,0,0,0.866687542686854,1.25146319996566
4,3,2,0,0,1,16,16,100,95,0,0,0,1,6,0.318181818181818,0.295454545454545,0.272727272727273,0,0,0,1.5731928438373,1.06660080002621
4,3,2,0,0,1,82,9.5,100,25,0,0,0,1,6,0.314285714285714,0.0285714285714286,0.428571428571429,0,0,0,0.538959405164814,0.9129703999497
4,3,2,0,0,1,63,5.5,100,40,0,0,0,1,6,0.41304347826087,0.217391304347826,0.0434782608695652,0,0,0,0.201122155013081,1.09366020001471
4,3,2,0,0,1,33,11,100,190,0,0,0,1,6,0.282608695652174,0.369565217391304,0.239130434782609,0,0,0,1.2078439900257,1.09317739994731
4,3,2,0,0,1,46,2,100,70,0,0,0,1,6,0.259259259259259,0.0740740740740741,0,0,0,0,0.0285477805003893,0.774024199927226
4,3,2,0,0,1,84,11,100,110,0,0,0,1,6,0.153061224489796,0.357142857142857,0.224489795918367,0,0,0,0.551001577175729,2.00277140003163
4,3,2,0,0,1,24,19,100,150,0,0,0,1,6,0.519230769230769,0.230769230769231,0.0961538461538462,0,0,0,1.35973519532578,1.19168420007918
4,3,2,0,0,1,7,16.75,100,75,0,0,0,1,6,0.456140350877193,0.298245614035088,0.298245614035088,0,0,0,1.49212402999677,1.28471619996708
4,3,2,0,0,1,73,5,100,14,0,0,0,1,6,0.27027027027027,0.513513513513513,0.216216216216216,0,0,0,0.12759044066496,0.953147500054911
4,3,2,0,0,1,31,8.5,100,22,0,0,0,1,6,0.354838709677419,0.258064516129032,0.290322580645161,0,0,0,0.575888829836234,1.3685228000395
4,3,2,0,0,1,10,19.5,100,125,0,0,0,1,6,0.321428571428571,0.196428571428571,0.392857142857143,0,0,0,1.36755731304754,1.25742350006476
4,3,2,0,0,1,77,12,100,25,0,0,0,1,6,0.261904761904762,0.333333333333333,0.166666666666667,0,0,0,0.370704078023703,1.03758470003959
4,3,2,0,0,1,67,8.5,100,105,0,0,0,1,6,0,0.36,0.2,0,0,0,0.186344443714475,0.745306700002402
4,3,2,0,0,1,2,7.5,100,25,0,0,0,3,6,0.444444444444444,0.0555555555555556,0.388888888888889,0,0,0,0.450851452904075,0.936091699986719
4,3,2,0,0,1,22,20,100,165,0,0,0,3,6,0.477272727272727,0.181818181818182,0.181818181818182,0,0,0,1.81367180322844,1.06791980005801
4,3,2,0,0,1,26,4,100,50,0,0,0,3,6,0.645161290322581,0.161290322580645,0.32258064516129,0,0,0,0.100813707967045,0.838167699985206
4,3,2,0,0,1,66,10,100,80,0,0,0,3,6,0.4375,0,0.34375,0,0,0,0.245287531045168,0.865458300104365
4,3,2,0,0,1,79,10,100,140,0,0,0,3,6,0.538461538461538,0.179487179487179,0.282051282051282,0,0,0,0.207519871048241,0.988782900036313
4,3,2,0,0,1,70,3.5,100,3,0,0,0,3,6,0.361702127659574,0.0851063829787234,0.319148936170213,0,0,0,0.158402087913618,1.11331879999489
4,3,2,0,0,1,54,9.25,100,4,0,0,0,3,6,0.354838709677419,0,0.419354838709677,0,0,0,0.994058855611435,0.850822500069626
4,3,2,0,0,1,39,17,100,15,0,0,0,3,6,0.388888888888889,0.0555555555555556,0.333333333333333,0,0,0,1.36092133979386,0.934594099991955
4,3,2,0,0,1,36,14,100,40,0,0,0,3,6,0.333333333333333,0,0.481481481481481,0,0,0,1.37945528380812,0.775603200076148
4,3,2,0,0,1,48,7,100,70,0,0,0,3,6,0.434782608695652,0.173913043478261,0.434782608695652,0,0,0,0.115473914376022,1.10181189991999
4,3,2,0,0,1,71,6,100,45,0,0,0,3,6,0.638888888888889,0.0833333333333333,0.333333333333333,0,0,0,0.399147760694369,0.934983000042848
4,3,2,0,0,1,80,8,100,125,0,0,0,3,6,0.370967741935484,0.0967741935483871,0.32258064516129,0,0,0,0.94094382020792,1.36584929993842
4,3,2,0,0,1,19,17.5,100,40,0,0,0,3,6,0.425925925925926,0.12962962962963,0.37037037037037,0,0,0,1.46712684970765,1.23480620002374
4,3,2,0,0,1,32,9.5,100,170,0,0,0,3,6,0.32258064516129,0,0.483870967741935,0,0,0,0.49525000760616,0.842201099963859
4,3,2,0,0,1,65,1.75,100,10,0,0,0,6,6,0.4,0.123076923076923,0.430769230769231,0,0,0,0.0843155693631701,1.42110589996446
4,3,2,0,0,1,37,14.5,100,175,0,0,0,6,6,0.391891891891892,0.189189189189189,0.216216216216216,0,0,0,1.51368181093454,1.56198440003209
4,3,2,0,0,1,20,15.75,100,30,0,0,0,6,6,0.433962264150943,0.339622641509434,0.245283018867925,0,0,0,1.22643575038015,1.20718280004803
4,3,2,0,0,1,51,1,100,3,0,0,0,6,6,0.40625,0.265625,0.3125,0,0,0,0,1.39877189998515
4,3,2,0,0,1,59,2,100,110,0,0,0,6,6,0.515151515151515,0.121212121212121,0.212121212121212,0,0,0,0.15558718213396,0.882909800042398
4,3,2,0,0,1,58,14,100,20,0,0,0,6,6,0.511627906976744,0.116279069767442,0.13953488372093,0,0,0,1.42333463678701,1.0503871999681
4,3,2,0,0,1,81,14,100,5,0,0,0,6,6,0.404255319148936,0.404255319148936,0,0,0,0,1.16156486508705,1.10754640004598
4,3,2,0,0,1,17,3.25,100,205,0,0,0,6,6,0.310344827586207,0.517241379310345,0,0,0,0,0.238796023984762,0.81590549997054
4,3,2,0,0,1,55,16.5,100,155,0,0,0,6,6,0.46969696969697,0,0.212121212121212,0,0,0,1.2511185231218,1.42528990004212
4,3,2,0,0,1,61,15,100,225,0,0,0,6,6,0.5,0.272727272727273,0,0,0,0,1.29055164422949,0.693450800026767
4,3,2,0,0,1,35,13,100,30,0,0,0,6,6,0.358490566037736,0.245283018867925,0.283018867924528,0,0,0,1.45657868868381,1.21779019990936
4,3,2,0,0,1,57,10,100,95,0,0,0,6,6,0.0555555555555556,0.361111111111111,0.25,0,0,0,0.862140118147543,0.924299699952826
4,3,2,0,0,1,38,15.5,100,215,0,0,0,6,6,0.5,0.333333333333333,0,0,0,0,1.55958260754739,0.725829900009558
4,3,2,0,0,1,69,1.5,100,20,0,0,0,6,6,0.382978723404255,0.180851063829787,0.414893617021277,0,0,0,0.11573629733444,1.89910110004712
4,3,2,0,0,1,1,5,100,0,0,0,0,2,6,0.34375,0.28125,0.302083333333333,0,0,0,0.508792481753979,1.93422329996247
4,3,2,0,0,1,44,5,100,65,0,0,0,2,6,0.208860759493671,0.215189873417722,0.348101265822785,0,0,0,1.31284656379266,2.97027209994849
4,3,2,0,0,1,40,18,100,110,0,0,0,2,6,0.452830188679245,0.0943396226415094,0.320754716981132,0,0,0,1.78571546778209,1.20548340003006
4,3,2,0,0,1,6,19,100,175,0,0,0,2,6,0.530612244897959,0.102040816326531,0.26530612244898,0,0,0,2.03914122086579,1.14078399993014
4,3,2,0,0,1,11,18.25,100,55,0,0,0,2,6,0.592592592592593,0.333333333333333,0.0740740740740741,0,0,0,1.84155641743433,0.776581900077872
4,3,2,0,0,1,21,6,100,55,0,0,0,2,6,0.290322580645161,0.129032258064516,0.612903225806452,0,0,0,0.441388437861182,0.843995500006713
4,3,2,0,0,1,34,12,100,85,0,0,0,2,6,0.27906976744186,0.348837209302326,0.325581395348837,0,0,0,1.35293773154951,1.05005790002178
4,3,2,0,0,1,68,2.5,100,25,0,0,0,2,6,0.522727272727273,0.0454545454545455,0.409090909090909,0,0,0,0.113164927523684,1.05891469994094
4,3,2,0,0,1,12,12,100,1,0,0,0,2,6,0.428571428571429,0.166666666666667,0.238095238095238,0,0,0,1.28801949003234,1.02725449996069
4,3,2,0,0,1,74,7,100,120,0,0,0,2,6,0.379310344827586,0.0344827586206897,0.413793103448276,0,0,0,0.429495685539084,0.819261800032109
4,3,2,0,0,1,43,3,100,0,0,0,0,2,6,0.461538461538462,0.0769230769230769,0.346153846153846,0,0,0,0.103146954843652,0.764629199984483
4,3,2,0,0,1,14,16.75,100,145,0,0,0,2,6,0.6,0.1,0.1,0,0,0,1.47864581449965,0.655041399993934
4,3,2,0,0,1,25,9,100,160,0,0,0,2,6,0,0.368421052631579,0.421052631578947,0,0,0,0.471237492727901,0.970408400055021
4,3,2,0,0,1,30,8,100,90,0,0,0,2,6,0.214285714285714,0.0714285714285714,0.321428571428571,0,0,0,0.947862845549793,0.794905000017025
5,1,2,0,1,1,40,18,15,110,0,0,0,5,2,0.198697068403909,0.172638436482085,0.117263843648208,0,0,0,3.08091749136879,10.5537992999998
5,1,2,0,1,1,28,6,25,7,0,0,0,5,2,0.395663956639566,0.0894308943089431,0.151761517615176,0,0,0,0.720672938878906,6.47715280000011
5,1,2,0,1,1,22,20,90,165,0,0,0,5,2,0.350253807106599,0.182741116751269,0.258883248730964,0,0,0,3.08026491613417,3.61260120000043
5,1,2,0,1,1,42,20,30,170,0,0,0,5,2,0.253246753246753,0.0779220779220779,0.266233766233766,0,0,0,1.13462930468888,2.90266849999989
5,1,2,0,1,1,58,14,45,20,0,0,0,5,2,0.303921568627451,0.00980392156862745,0.0588235294117647,0,0,0,1.08743104679034,2.03681509999933
5,1,2,0,1,1,39,17,35,15,0,0,0,5,2,0.260869565217391,0.0347826086956522,0.156521739130435,0,0,0,1.1043593405686,2.24119710000014
5,1,2,0,1,1,19,17.5,25,40,0,0,0,5,2,0.316326530612245,0.173469387755102,0.357142857142857,0,0,0,1.96996421818094,1.95693570000003
5,1,2,0,1,1,84,11,50,110,0,0,0,5,2,0.25,0.293103448275862,0.241379310344828,0,0,0,0.97954595687246,2.25608310000007
5,1,2,0,1,1,10,19.5,10,125,0,0,0,5,2,0.387096774193548,0.145161290322581,0.0161290322580645,0,0,0,2.05746135338384,1.36753649999991
5,1,2,0,1,1,17,3.25,85,205,0,0,0,5,2,0.374149659863946,0.231292517006803,0.19047619047619,0,0,0,0.188895619447571,2.7723661
5,1,2,0,1,1,60,15,35,31,0,0,0,5,2,0.636363636363636,0.0606060606060606,0,0,0,0,1.0466111398018,0.882411800000227
5,1,2,0,1,1,15,17.25,25,55,0,0,0,5,2,0.416666666666667,0,0.25,0,0,0,1.93078337782208,0.53740310000012
5,1,2,0,1,1,36,14,15,40,0,0,0,5,2,0.278481012658228,0.341772151898734,0.0759493670886076,0,0,0,0.437351790298887,1.64776999999958
5,1,2,0,1,1,81,14,55,5,0,0,0,5,2,0.175355450236967,0.14218009478673,0.123222748815166,0,0,0,2.0028555794319,3.83813240000018
5,1,2,0,1,1,23,7.75,60,120,0,0,0,4,2,0.5,0.351851851851852,0.0555555555555556,0,0,0,2.22524695656148,1.23601969999982
5,1,2,0,1,1,72,6.5,90,60,0,0,0,4,2,0.344444444444444,0.277777777777778,0.2,0,0,0,0.385790735287369,1.82662609999988
5,1,2,0,1,1,33,11,65,190,0,0,0,4,2,0.225806451612903,0.0887096774193548,0.141129032258065,0,0,0,1.12547473526289,4.46283099999982
5,1,2,0,1,1,31,8.5,50,22,0,0,0,4,2,0.0727272727272727,0.187878787878788,0.157575757575758,0,0,0,1.25665916378002,3.08571440000014
5,1,2,0,1,1,13,19.5,5,7,0,0,0,4,2,0,0,0,0,0,0,1.95096440688247,0.26236979999976
5,1,2,0,1,1,54,9.25,40,4,0,0,0,4,2,0.180722891566265,0.216867469879518,0.150602409638554,0,0,0,0.615067396817434,3.08867850000024
5,1,2,0,1,1,43,3,30,0,0,0,0,4,2,0.211038961038961,0.133116883116883,0.383116883116883,0,0,0,0.483136056116724,5.45449280000048
5,1,2,0,1,1,48,7,45,70,0,0,0,4,2,0.302752293577982,0.00917431192660551,0.26605504587156,0,0,0,0.828783596348075,2.14364849999947
5,1,2,0,1,1,76,4,35,70,0,0,0,4,2,0.303030303030303,0.545454545454545,0,0,0,0,0.696470026892662,0.878950000000259
5,1,2,0,1,1,44,5,40,65,0,0,0,4,2,0.595744680851064,0,0.297872340425532,0,0,0,0.559841260458729,1.11854789999961
5,1,2,0,1,1,69,1.5,95,20,0,0,0,4,2,0.369230769230769,0.0307692307692308,0.169230769230769,0,0,0,0.249814793594549,1.41579480000019
5,1,2,0,1,1,27,5.25,50,120,0,0,0,4,2,0.477611940298507,0.0447761194029851,0.0149253731343284,0,0,0,1.10944002273815,1.45077190000029
5,1,2,0,1,1,46,2,55,70,0,0,0,4,2,0.229166666666667,0.520833333333333,0.0625,0,0,0,1.1619908270219,1.12658319999991
5,1,2,0,1,1,70,3.5,40,3,0,0,0,4,2,0.402439024390244,0.219512195121951,0.304878048780488,0,0,0,0.466407595240103,1.70121730000028
5,1,2,0,1,1,29,7,20,55,0,0,0,3,2,0.441176470588235,0,0.264705882352941,0,0,0,1.02969910463968,0.901844199999687
5,1,2,0,1,1,79,10,10,140,0,0,0,3,2,0.367647058823529,0.411764705882353,0.308823529411765,0,0,0,2.03457778127951,1.47028150000006
5,1,2,0,1,1,75,6,85,45,0,0,0,3,2,0,0,0,0,0,0,1.46696399386558,0.411324200000308
5,1,2,0,1,1,71,6,25,45,0,0,0,3,2,0.782608695652174,0,0,0,0,0,1.07271621498899,0.708980600000359
5,1,2,0,1,1,6,19,20,175,0,0,0,3,2,0.235294117647059,0,0.705882352941177,0,0,0,1.00537839182461,0.60814819999996
5,1,2,0,1,1,2,7.5,75,25,0,0,0,3,2,0.642857142857143,0,0,0,0,0,0.97954595687246,0.560329399999318
5,1,2,0,1,1,11,18.25,70,55,0,0,0,3,2,0.291666666666667,0.09375,0.28125,0,0,0,1.09493938892155,3.52008860000024
5,1,2,0,1,1,68,2.5,65,25,0,0,0,3,2,0.682926829268293,0.317073170731707,0.292682926829268,0,0,0,0.189327620336417,1.01751370000056
5,1,2,0,1,1,25,9,60,160,0,0,0,3,2,0.75,0.0357142857142857,0,0,0,0,1.04424811065845,0.789983499999835
5,1,2,0,1,1,82,9.5,20,25,0,0,0,3,2,0.7,0,0,0,0,0,0.595542950772867,0.659351199999946
5,1,2,0,1,1,30,8,75,90,0,0,0,3,2,0.421052631578947,0.421052631578947,0.140350877192982,0,0,0,1.04189563270048,1.27782860000025
5,1,2,0,1,1,24,19,70,150,0,0,0,3,2,0.615384615384615,0,0.153846153846154,0,0,0,3.99119641041539,0.5421280999999
5,1,2,0,1,1,65,1.75,80,10,0,0,0,3,2,0.807692307692308,0,0,0,0,0,0.249239772150485,0.768165000000408
5,1,2,0,1,1,21,6,95,55,0,0,0,3,2,0.375,0.25,0,0,0,0,1.18532420995873,0.866195099999459
5,1,2,0,1,1,7,16.75,65,75,0,0,0,1,2,0.211267605633803,0.408450704225352,0.436619718309859,0,0,0,1.00306810563501,1.51069020000068
5,1,2,0,1,1,9,2,30,19,0,0,0,1,2,0.315789473684211,0.631578947368421,0.0526315789473684,0,0,0,0.117066301435692,0.968827900000178
5,1,2,0,1,1,18,18.75,80,250,0,0,0,1,2,0.205882352941176,0.264705882352941,0.0294117647058824,0,0,0,2.88638030675978,0.890086299999894
5,1,2,0,1,1,62,10,95,135,0,0,0,1,2,0.545454545454545,0,0,0,0,0,3.93496218527868,0.521800399999847
5,1,2,0,1,1,49,16,50,20,0,0,0,1,2,0.444444444444444,0,0,0,0,0,3.16294739503147,0.476677799999379
5,1,2,0,1,1,53,14,90,60,0,0,0,1,2,0.666666666666667,0,0,0,0,0,1.77171065565809,0.727462999999261
5,1,2,0,1,1,4,8.5,20,90,0,0,0,1,2,0.666666666666667,0.0333333333333333,0.0666666666666667,0,0,0,1.2795796686096,0.832426299999497
5,1,2,0,1,1,45,13.5,55,65,0,0,0,1,2,0.225225225225225,0.504504504504504,0.423423423423423,0,0,0,1.41750357343074,2.17659120000098
5,1,2,0,1,1,38,15.5,40,215,0,0,0,1,2,0.3,0.566666666666667,0.566666666666667,0,0,0,3.04289105162242,0.823598699998911
5,1,2,0,1,1,78,8.25,20,5,0,0,0,1,2,0.464285714285714,0,0,0,0,0,1.46696399386558,0.789589500000147
5,1,2,0,1,1,26,4,45,50,0,0,0,1,2,0,0,0,0,0,0,1.14369501913771,0.401841500000955
5,1,2,0,1,1,80,8,45,125,0,0,0,1,2,0.827586206896552,0,0,0,0,0,1.67968529495413,0.815143299998454
5,1,2,0,1,1,8,16,15,20,0,0,0,1,2,0.397058823529412,0,0.264705882352941,0,0,0,1.08992247198656,1.45997779999925
5,1,2,0,1,1,1,5,50,0,0,0,0,1,2,0,0.285714285714286,0,0,0,0,1.15934177964765,0.440182100001039
5,1,2,0,1,1,35,13,70,30,0,0,0,6,2,0,0.451612903225806,0.129032258064516,0,0,0,3.14550677985188,0.841821199999686
5,1,2,0,1,1,66,10,90,80,0,0,0,6,2,0.428571428571429,0.0119047619047619,0.166666666666667,0,0,0,2.01230993950416,1.73084780000136
5,1,2,0,1,1,77,12,75,25,0,0,0,6,2,0.304347826086957,0.304347826086957,0.289855072463768,0,0,0,1.96493244739531,1.47319590000006
5,1,2,0,1,1,14,16.75,45,145,0,0,0,6,2,0.71875,0,0.15625,0,0,0,2.73539666097807,0.862940400000298
5,1,2,0,1,1,74,7,40,120,0,0,0,6,2,0.475,0.15,0.275,0,0,0,0.543925629631168,0.989051200000176
5,1,2,0,1,1,32,9.5,30,170,0,0,0,6,2,0.722222222222222,0,0,0,0,0,2.7743319243447,0.633379099999729
5,1,2,0,1,1,67,8.5,50,105,0,0,0,6,2,0,0.642857142857143,0,0,0,0,1.57384058532888,0.568993000000773
5,1,2,0,1,1,16,16,65,95,0,0,0,6,2,0.7,0,0,0,0,0,4.08506459632327,0.664410199999111
5,1,2,0,1,1,50,2.5,90,10,0,0,0,6,2,0.285714285714286,0,0,0,0,0,0.680526788461677,0.450564200000372
5,1,2,0,1,1,83,17,80,200,0,0,0,6,2,0.772727272727273,0,0,0,0,0,4.93779157887093,0.693980100000772
5,1,2,0,1,1,12,12,35,1,0,0,0,6,2,0.375,0,0,0,0,0,2.65518467233063,0.465944399998989
5,1,2,0,1,1,57,10,50,95,0,0,0,6,2,0.407407407407407,0,0.407407407407407,0,0,0,2.07596653726116,0.780335900000864
5,1,2,0,1,1,20,15.75,35,30,0,0,0,6,2,0.580645161290323,0,0.225806451612903,0,0,0,3.77933026407476,0.84669059999942
5,1,2,0,1,1,55,16.5,25,155,0,0,0,6,2,0.705882352941177,0,0,0,0,0,3.99769174250672,0.612431700001252
5,1,2,0,1,1,56,12,90,210,0,0,0,2,2,0,0.5,0,0,0,0,2.70995150131732,0.506086500001402
5,1,2,0,1,1,47,16,100,5,0,0,0,2,2,0.230769230769231,0.317307692307692,0.25,0,0,0,0.596900892757599,2.06760020000002
5,1,2,0,1,1,37,14.5,5,175,0,0,0,2,2,0.179487179487179,0.58974358974359,0.230769230769231,0,0,0,0.540192460422549,0.98245069999939
5,1,2,0,1,1,59,2,80,110,0,0,0,2,2,0.309859154929577,0.394366197183099,0.28169014084507,0,0,0,1.0199134531522,1.52930379999998
5,1,2,0,1,1,5,20,85,15,0,0,0,2,2,0.153846153846154,0.326923076923077,0.442307692307692,0,0,0,2.19933061216489,1.18793160000132
5,1,2,0,1,1,3,15,85,14,0,0,0,2,2,0.222222222222222,0,0.111111111111111,0,0,0,1.8333042797239,0.92774030000146
5,1,2,0,1,1,63,5.5,70,40,0,0,0,2,2,0,0,0,0,0,0,1.9667141987408,0.116950999999972
5,1,2,0,1,1,51,1,40,3,0,0,0,2,2,0.16551724137931,0.103448275862069,0.303448275862069,0,0,0,0.380056220649394,2.74918759999855
5,1,2,0,1,1,41,19,65,245,0,0,0,2,2,0,0,0,0,0,0,0.925767980230052,0.36055849999866
5,1,2,0,1,1,61,15,75,225,0,0,0,2,2,0.223300970873786,0.475728155339806,0.213592233009709,0,0,0,4.0383850885907,2.0426206000011
5,1,2,0,1,1,52,18.5,10,85,0,0,0,2,2,0.285714285714286,0,0,0,0,0,0.921904996648539,0.441384399999151
5,1,2,0,1,1,73,5,70,14,0,0,0,2,2,0.244979919678715,0.200803212851406,0.100401606425703,0,0,0,0.331723366254206,4.47957929999939
5,1,2,0,1,1,64,19.5,65,45,0,0,0,2,2,0.0714285714285714,0,0.285714285714286,0,0,0,2.15839502532221,0.792358000000604
5,1,2,0,1,1,34,12,15,85,0,0,0,2,2,0,0.0769230769230769,0.538461538461538,0,0,0,2.11253783851275,0.554216399999859
5,2,2,0,0,1,82,9.5,100,25,0,0,0,4,6,0.205521472392638,0.156441717791411,0.098159509202454,0,0,0,1.03702549107566,5.77267249999932
5,2,2,0,0,1,65,1.75,100,10,0,0,0,4,6,0.149606299212598,0.089238845144357,0.0078740157480315,0,0,0,0.326549347425864,6.68406719999984
5,2,2,0,0,1,49,16,100,20,0,0,0,4,6,0.51063829787234,0,0.0851063829787234,0,0,0,3.9793193155385,1.11269379999794
5,2,2,0,0,1,48,7,100,70,0,0,0,4,6,0.373239436619718,0.232394366197183,0.133802816901408,0,0,0,1.2739742554179,2.69496719999734
5,2,2,0,0,1,28,6,100,7,0,0,0,4,6,0.568,0.376,0.144,0,0,0,0.558551979562779,2.41662729999734
5,2,2,0,0,1,63,5.5,100,40,0,0,0,4,6,0.723958333333333,0.0885416666666667,0.125,0,0,0,1.55958260754739,3.52065050000238
5,2,2,0,0,1,20,15.75,100,30,0,0,0,4,6,0.55421686746988,0.265060240963855,0.0240963855421687,0,0,0,6.03258984437746,1.7102601000006
5,2,2,0,0,1,58,14,100,20,0,0,0,4,6,0.365853658536585,0.378048780487805,0.231707317073171,0,0,0,3.92839937332132,1.70377709999957
5,2,2,0,0,1,12,12,100,1,0,0,0,4,6,0.515151515151515,0.303030303030303,0,0,0,0,4.12882230317215,0.878108200002316
5,2,2,0,0,1,15,17.25,100,55,0,0,0,4,6,0.84375,0.03125,0,0,0,0,7.31070260901085,1.40146639999875
5,2,2,0,0,1,55,16.5,100,155,0,0,0,4,6,0.298076923076923,0.336538461538462,0.173076923076923,0,0,0,5.99374272028493,2.06309680000049
5,2,2,0,0,1,47,16,100,5,0,0,0,4,6,0.842105263157895,0,0,0,0,0,8.04695401345894,0.963310299997829
5,2,2,0,0,1,16,16,100,95,0,0,0,4,6,0.480519480519481,0.207792207792208,0.155844155844156,0,0,0,7.94253864661616,1.60964080000122
5,2,2,0,0,1,53,14,100,60,0,0,0,4,6,0.406451612903226,0.180645161290323,0.154838709677419,0,0,0,4.07104265635341,2.91590020000149
5,2,2,0,0,1,75,6,100,45,0,0,0,3,6,0.517006802721088,0.0816326530612245,0.258503401360544,0,0,0,1.35293773154951,2.78380040000047
5,2,2,0,0,1,4,8.5,100,90,0,0,0,3,6,0.651162790697674,0,0,0,0,0,2.78229458101423,1.06414600000062
5,2,2,0,0,1,33,11,100,190,0,0,0,3,6,0.641025641025641,0,0,0,0,0,2.12680471684035,0.983144599998923
5,2,2,0,0,1,21,6,100,55,0,0,0,3,6,0.786885245901639,0,0,0,0,0,2.00380950745887,1.34821359999842
5,2,2,0,0,1,23,7.75,100,120,0,0,0,3,6,0.285714285714286,0,0,0,0,0,2.02040590619034,0.454670799997984
5,2,2,0,0,1,71,6,100,45,0,0,0,3,6,0.576923076923077,0,0,0,0,0,2.02060852873471,0.756323499997961
5,2,2,0,0,1,38,15.5,100,215,0,0,0,3,6,0.564102564102564,0,0,0,0,0,4.98971535995901,0.980143400000088
5,2,2,0,0,1,56,12,100,210,0,0,0,3,6,0.680851063829787,0,0.0425531914893617,0,0,0,5.54434360597642,1.1096652999986
5,2,2,0,0,1,64,19.5,100,45,0,0,0,3,6,0.711111111111111,0.0666666666666667,0,0,0,0,9.77904023816955,1.08138410000174
5,2,2,0,0,1,45,13.5,100,65,0,0,0,3,6,0.695652173913043,0,0,0,0,0,3.91031085026819,0.713545599999634
5,2,2,0,0,1,72,6.5,100,60,0,0,0,3,6,0.84375,0,0,0,0,0,2.07114546226854,0.859289099997113
5,2,2,0,0,1,29,7,100,55,0,0,0,3,6,0.723076923076923,0,0,0,0,0,2.00731477164366,1.41810079999777
5,2,2,0,0,1,74,7,100,120,0,0,0,3,6,0.575757575757576,0,0,0,0,0,2.07576798448314,0.882037200000923
5,2,2,0,0,1,24,19,100,150,0,0,0,3,6,0.75,0,0,0,0,0,9.92749518828979,0.670404899999994
5,2,2,0,0,1,52,18.5,100,85,0,0,0,6,6,0.392156862745098,0.156862745098039,0.0196078431372549,0,0,0,9.914361250512,1.18702069999927
5,2,2,0,0,1,44,5,100,65,0,0,0,6,6,0.565217391304348,0.41304347826087,0,0,0,0,2.07576798448314,1.09890730000188
5,2,2,0,0,1,25,9,100,160,0,0,0,6,6,0.583333333333333,0.208333333333333,0,0,0,0,4.9375882963815,1.13166280000223
5,2,2,0,0,1,31,8.5,100,22,0,0,0,6,6,0.717948717948718,0,0,0,0,0,3.16139905101858,0.98612950000097
5,2,2,0,0,1,6,19,100,175,0,0,0,6,6,0.408450704225352,0.225352112676056,0.154929577464789,0,0,0,9.89895772786676,1.5164263000006
5,2,2,0,0,1,18,18.75,100,250,0,0,0,6,6,0.588235294117647,0,0,0,0,0,9.41624413874864,0.613690600002883
5,2,2,0,0,1,30,8,100,90,0,0,0,6,6,0.517241379310345,0.275862068965517,0,0,0,0,3.58553355328675,0.813757799998712
5,2,2,0,0,1,3,15,100,14,0,0,0,6,6,0.710526315789474,0.131578947368421,0,0,0,0,6.94524033871781,0.969283599999471
5,2,2,0,0,1,1,5,100,0,0,0,0,6,6,0.782608695652174,0,0,0,0,0,2.20424079200852,0.720873199999915
5,2,2,0,0,1,41,19,100,245,0,0,0,6,6,0.6,0,0.08,0,0,0,9.85696345094166,1.16214509999918
5,2,2,0,0,1,11,18.25,100,55,0,0,0,6,6,0.333333333333333,0,0,0,0,0,8.86021713769279,0.5332484999999
5,2,2,0,0,1,79,10,100,140,0,0,0,6,6,0.555555555555556,0.333333333333333,0,0,0,0,4.95932197390763,1.08766200000173
5,2,2,0,0,1,51,1,100,3,0,0,0,6,6,0.404255319148936,0.234042553191489,0,0,0,0,0.439360857280121,1.11267279999811
5,2,2,0,0,1,13,19.5,100,7,0,0,0,6,6,0.772727272727273,0,0,0,0,0,10.0713669399105,0.697320999999647
5,2,2,0,0,1,37,14.5,100,175,0,0,0,5,6,0.827586206896552,0,0,0,0,0,6.31303135774109,0.818397400002141
5,2,2,0,0,1,42,20,100,170,0,0,0,5,6,0.363636363636364,0,0,0,0,0,9.98597756073081,0.507024800001091
5,2,2,0,0,1,36,14,100,40,0,0,0,5,6,0.791666666666667,0,0,0,0,0,6.88678370642368,0.733835100003489
5,2,2,0,0,1,35,13,100,30,0,0,0,5,6,0.807692307692308,0,0,0,0,0,5.18242069137697,0.756409400000848
5,2,2,0,0,1,40,18,100,110,0,0,0,5,6,0.6796875,0.0859375,0.0078125,0,0,0,8.50787597000323,2.47546829999919
5,2,2,0,0,1,14,16.75,100,145,0,0,0,5,6,0.54,0.04,0,0,0,0,8.00678957083036,1.16094629999861
5,2,2,0,0,1,43,3,100,0,0,0,0,5,6,0.29126213592233,0.174757281553398,0.378640776699029,0,0,0,0.160581014930035,2.04479580000043
5,2,2,0,0,1,39,17,100,15,0,0,0,5,6,0.648648648648649,0,0.216216216216216,0,0,0,3.85771498133532,0.937752400001045
5,2,2,0,0,1,27,5.25,100,120,0,0,0,5,6,0.5,0,0,0,0,0,1.14753503453289,0.491420799997286
5,2,2,0,0,1,8,16,100,20,0,0,0,5,6,0.7,0,0,0,0,0,5.04093961392641,0.833948899999086
5,2,2,0,0,1,26,4,100,50,0,0,0,5,6,0.333333333333333,0,0,0,0,0,0.571855813547543,0.735889099996712
5,2,2,0,0,1,73,5,100,14,0,0,0,5,6,0.607142857142857,0,0,0,0,0,2.3209978330499,0.800850699997682
5,2,2,0,0,1,50,2.5,100,10,0,0,0,5,6,0.636363636363636,0,0,0,0,0,0.1906355570774,0.700586700000713
5,2,2,0,0,1,17,3.25,100,205,0,0,0,5,6,0.923076923076923,0,0,0,0,0,1.07757713548159,1.40270779999992
5,2,2,0,0,1,19,17.5,100,40,0,0,0,2,6,0,0.375,0,0,0,0,3.12087701868989,0.464731199997914
5,2,2,0,0,1,46,2,100,70,0,0,0,2,6,0.184466019417476,0.12621359223301,0.281553398058252,0,0,0,1.12292323283226,2.04242890000023
5,2,2,0,0,1,69,1.5,100,20,0,0,0,2,6,0.534883720930233,0,0.0232558139534884,0,0,0,0.0146686323904603,1.05411619999722
5,2,2,0,0,1,62,10,100,135,0,0,0,2,6,0.106382978723404,0.297872340425532,0.191489361702128,0,0,0,5.19597981284216,1.1171605999989
5,2,2,0,0,1,54,9.25,100,4,0,0,0,2,6,0.037037037037037,0.259259259259259,0,0,0,0,5.26681325066362,1.2386273000011
5,2,2,0,0,1,32,9.5,100,170,0,0,0,2,6,0.0222222222222222,0,0.266666666666667,0,0,0,5.29517985905213,1.08446859999822
5,2,2,0,0,1,7,16.75,100,75,0,0,0,2,6,0.0978260869565217,0.383152173913043,0.141304347826087,0,0,0,2.02976735636013,6.46544569999969
5,2,2,0,0,1,60,15,100,31,0,0,0,2,6,0.078125,0.0078125,0.1484375,0,0,0,5,2.46088239999881
5,2,2,0,0,1,78,8.25,100,5,0,0,0,2,6,0,0,0,0,0,0,3.47061257024495,0.397230800001125
5,2,2,0,0,1,9,2,100,19,0,0,0,2,6,0,0,0,0,0,0,2.18957299130311,0.225566799999797
5,2,2,0,0,1,10,19.5,100,125,0,0,0,2,6,0,0.25974025974026,0.207792207792208,0,0,0,4.01357282208318,1.60489450000023
5,2,2,0,0,1,70,3.5,100,3,0,0,0,2,6,0.545454545454545,0,0,0,0,0,1.81464573427425,0.5210459000009
5,2,2,0,0,1,76,4,100,70,0,0,0,2,6,0.021875,0.115625,0.096875,0,0,0,1.9984155015077,5.65796510000291
5,2,2,0,0,1,34,12,100,85,0,0,0,2,6,0.535714285714286,0,0,0,0,0,6.0597877986164,0.793516499998077
5,2,2,0,0,1,59,2,100,110,0,0,0,1,6,0.228571428571429,0.0285714285714286,0.571428571428571,0,0,0,1.04898479061982,0.922778500000277
5,2,2,0,0,1,77,12,100,25,0,0,0,1,6,0.0769230769230769,0,0,0,0,0,6.02826742947732,0.986271199999464
5,2,2,0,0,1,2,7.5,100,25,0,0,0,1,6,0.216589861751152,0.15668202764977,0.193548387096774,0,0,0,3.46301918290025,3.9427562000019
5,2,2,0,0,1,57,10,100,95,0,0,0,1,6,0.349056603773585,0.141509433962264,0.30188679245283,0,0,0,4.93878844675349,2.0944215999989
5,2,2,0,0,1,61,15,100,225,0,0,0,1,6,0,0,0,0,0,0,6.98369841837962,0.765259899999364
5,2,2,0,0,1,83,17,100,200,0,0,0,1,6,0.16,0,0,0,0,0,3.90079042557895,0.741888100001233
5,2,2,0,0,1,22,20,100,165,0,0,0,1,6,0.19047619047619,0,0,0,0,0,9.85566650981546,0.674382400000468
5,2,2,0,0,1,66,10,100,80,0,0,0,1,6,0.516129032258065,0,0,0,0,0,4.85486754512014,0.845671299997775
5,2,2,0,0,1,5,20,100,15,0,0,0,1,6,0.292307692307692,0.369230769230769,0,0,0,0,9.66902578594746,1.41734890000225
5,2,2,0,0,1,81,14,100,5,0,0,0,1,6,0.153846153846154,0,0,0,0,0,6.94418646334381,0.985019499999908
5,2,2,0,0,1,67,8.5,100,105,0,0,0,1,6,0.225,0.25,0.025,0,0,0,4.73489510773458,1.00082779999866
5,2,2,0,0,1,84,11,100,110,0,0,0,1,6,0.138211382113821,0.585365853658537,0,0,0,0,5.92924681422235,2.38343570000143
5,2,2,0,0,1,80,8,100,125,0,0,0,1,6,0.0714285714285714,0,0,0,0,0,4.09102398388691,0.563504300000204
5,2,2,0,0,1,68,2.5,100,25,0,0,0,1,6,0.163461538461538,0,0,0,0,0,1.01291767143232,2.07666149999932
5,3,1,0,1,0,38,15.5,40,0,0,0,0,4,4,0.23342939481268,0.262247838616715,0.178674351585014,0,0,0,4.15206285357272,6.12292190000005
5,3,1,0,1,0,46,2,55,0,0,0,0,4,4,0.370860927152318,0.335540838852097,0.141280353200883,0,0,0,0.33399129143427,7.87031400000001
5,3,1,0,1,0,39,17,35,0,0,0,0,4,4,0.479338842975207,0.264462809917355,0.181818181818182,0,0,0,3.98391426069064,2.34813340000005
5,3,1,0,1,0,52,18.5,10,0,0,0,0,4,4,0.543689320388349,0.252427184466019,0.087378640776699,0,0,0,2.02976735636013,2.04612580000003
5,3,1,0,1,0,59,2,80,0,0,0,0,4,4,0.391304347826087,0.347826086956522,0.0173913043478261,0,0,0,0.464990680568711,2.23684249999997
5,3,1,0,1,0,25,9,60,0,0,0,0,4,4,0.48,0.373333333333333,0,0,0,0,3.06254778184119,1.58409699999993
5,3,1,0,1,0,62,10,95,0,0,0,0,4,4,0.25,0.416666666666667,0.283333333333333,0,0,0,5.0829425082988,1.32508200000007
5,3,1,0,1,0,69,1.5,95,0,0,0,0,4,4,0.407079646017699,0.433628318584071,0.141592920353982,0,0,0,0.476572592091003,2.20393050000007
5,3,1,0,1,0,76,4,35,0,0,0,0,4,4,0.328358208955224,0.597014925373134,0,0,0,0,1.00601641188096,2.55629279999994
5,3,1,0,1,0,78,8.25,20,0,0,0,0,4,4,0.304635761589404,0.622516556291391,0,0,0,0,1.06590380697004,2.83659820000003
5,3,1,0,1,0,41,19,65,0,0,0,0,4,4,0.450980392156863,0.401960784313726,0,0,0,0,6.09753736553951,2.01969290000011
5,3,1,0,1,0,47,16,100,0,0,0,0,4,4,0.460869565217391,0.356521739130435,0.156521739130435,0,0,0,6.04291918202824,2.24495690000003
5,3,1,0,1,0,40,18,15,0,0,0,0,4,4,0.303030303030303,0.378787878787879,0.227272727272727,0,0,0,1.04414849718111,1.41973979999989
5,3,1,0,1,0,33,11,65,0,0,0,0,4,4,0.236363636363636,0.436363636363636,0.290909090909091,0,0,0,4.01485459360784,1.23771390000002
5,3,1,0,1,0,26,4,45,0,0,0,0,1,4,0.176339285714286,0.149553571428571,0.142857142857143,0,0,0,2.01605899932928,7.78639439999984
5,3,1,0,1,0,23,7.75,60,0,0,0,0,1,4,0.117117117117117,0.378378378378378,0.171171171171171,0,0,0,4.13358507626312,2.18241140000009
5,3,1,0,1,0,1,5,50,0,0,0,0,1,4,0.166666666666667,0.205882352941176,0.00980392156862745,0,0,0,2.0112614124296,2.02455669999995
5,3,1,0,1,0,51,1,40,0,0,0,0,1,4,0.158415841584158,0.445544554455446,0.0594059405940594,0,0,0,0.145988113833102,2.0172063
5,3,1,0,1,0,43,3,30,0,0,0,0,1,4,0.201923076923077,0.230769230769231,0.144230769230769,0,0,0,1.01344733272578,2.05868250000003
5,3,1,0,1,0,53,14,90,0,0,0,0,1,4,0.172413793103448,0.406896551724138,0.117241379310345,0,0,0,4.97998057629242,2.74683699999991
5,3,1,0,1,0,4,8.5,20,0,0,0,0,1,4,0.472826086956522,0.201086956521739,0.25,0,0,0,2.06205774300792,3.39751119999983
5,3,1,0,1,0,84,11,50,0,0,0,0,1,4,0.569230769230769,0.338461538461538,0,0,0,0,5.02073672706284,1.41187979999995
5,3,1,0,1,0,29,7,20,0,0,0,0,1,4,0.03125,0.578125,0,0,0,0,1.92387765233649,1.38667090000013
5,3,1,0,1,0,50,2.5,90,0,0,0,0,1,4,0.707317073170732,0.170731707317073,0,0,0,0,0.764384945722519,1.01132060000009
5,3,1,0,1,0,8,16,15,0,0,0,0,1,4,0.428571428571429,0.360544217687075,0.115646258503401,0,0,0,1.66561718300563,2.77941999999985
5,3,1,0,1,0,80,8,45,0,0,0,0,1,4,0.511627906976744,0.261627906976744,0.145348837209302,0,0,0,4.08798987593548,3.19741770000019
5,3,1,0,1,0,27,5.25,50,0,0,0,0,1,4,0.350877192982456,0.473684210526316,0.0175438596491228,0,0,0,1.98787616201406,1.2816335
5,3,1,0,1,0,19,17.5,25,0,0,0,0,1,4,0.54,0.24,0,0,0,0,5.96228929675886,2.82601970000019
5,3,1,0,1,0,35,13,70,0,0,0,0,6,4,0.365384615384615,0.423076923076923,0.0865384615384615,0,0,0,3.661936095235,2.06001130000004
5,3,1,0,1,0,61,15,75,0,0,0,0,6,4,0.452830188679245,0.330188679245283,0.0471698113207547,0,0,0,7.98325493166013,2.0899488
5,3,1,0,1,0,6,19,20,0,0,0,0,6,4,0.407766990291262,0.320388349514563,0.12621359223301,0,0,0,4.00625727971506,2.04075390000003
5,3,1,0,1,0,66,10,90,0,0,0,0,6,4,0.484536082474227,0.257731958762887,0.144329896907216,0,0,0,5.12320134752888,1.93960790000006
5,3,1,0,1,0,42,20,30,0,0,0,0,6,4,0.30379746835443,0.468354430379747,0.189873417721519,0,0,0,3.14155402321367,1.63471699999991
5,3,1,0,1,0,56,12,90,0,0,0,0,6,4,0.535211267605634,0.394366197183099,0,0,0,0,5.91493540367673,1.51126179999983
5,3,1,0,1,0,82,9.5,20,0,0,0,0,6,4,0.523255813953488,0.348837209302326,0.0348837209302326,0,0,0,2.11677874792458,1.76543040000001
5,3,1,0,1,0,83,17,80,0,0,0,0,6,4,0.291666666666667,0.354166666666667,0,0,0,0,9.93140138654914,1.92180039999994
5,3,1,0,1,0,21,6,95,0,0,0,0,6,4,0.540540540540541,0.432432432432432,0,0,0,0,2.68737232369867,1.56210899999996
5,3,1,0,1,0,17,3.25,85,0,0,0,0,6,4,0.289308176100629,0.30188679245283,0.182389937106918,0,0,0,1.20568536033312,2.98417289999998
5,3,1,0,1,0,72,6.5,90,0,0,0,0,6,4,0.549180327868853,0.344262295081967,0,0,0,0,3.03075148701263,2.35840259999986
5,3,1,0,1,0,7,16.75,65,0,0,0,0,6,4,0.373134328358209,0.417910447761194,0,0,0,0,5.30101511117354,1.43858640000008
5,3,1,0,1,0,15,17.25,25,0,0,0,0,6,4,0.314285714285714,0.385714285714286,0,0,0,0,3.91306588535475,1.50660210000001
5,3,1,0,1,0,12,12,35,0,0,0,0,6,4,0.392857142857143,0.553571428571429,0,0,0,0,3.25518482321066,1.2598438
5,3,1,0,1,0,75,6,85,0,0,0,0,5,4,0.311111111111111,0.0888888888888889,0.2,0,0,0,2.07596653726116,1.82936440000003
5,3,1,0,1,0,45,13.5,55,0,0,0,0,5,4,0.376623376623377,0.233766233766234,0.220779220779221,0,0,0,6.89724915438671,1.61162169999989
5,3,1,0,1,0,65,1.75,80,0,0,0,0,5,4,0.51937984496124,0.162790697674419,0.108527131782946,0,0,0,0.55403708569283,2.46903090000001
5,3,1,0,1,0,57,10,50,0,0,0,0,5,4,0.535353535353535,0.383838383838384,0.0101010101010101,0,0,0,5.06082169454197,1.98057679999988
5,3,1,0,1,0,48,7,45,0,0,0,0,5,4,0.510204081632653,0.285714285714286,0,0,0,0,2.18670145441004,1.1504324
5,3,1,0,1,0,73,5,70,0,0,0,0,5,4,0.423076923076923,0.365384615384615,0,0,0,0,1.02077396481731,1.19817190000003
5,3,1,0,1,0,36,14,15,0,0,0,0,5,4,0.584269662921348,0.359550561797753,0.0449438202247191,0,0,0,1.97108278609,1.80297410000003
5,3,1,0,1,0,28,6,25,0,0,0,0,5,4,0.376811594202899,0.405797101449275,0.115942028985507,0,0,0,1.92297015456778,2.63248739999995
5,3,1,0,1,0,54,9.25,40,0,0,0,0,5,4,0.360730593607306,0.210045662100457,0.118721461187215,0,0,0,1.9788809721005,3.97799989999999
5,3,1,0,1,0,2,7.5,75,0,0,0,0,5,4,0.383720930232558,0.488372093023256,0,0,0,0,3.22147766523402,1.75918570000022
5,3,1,0,1,0,67,8.5,50,0,0,0,0,5,4,0.133416458852868,0.112219451371571,0.0498753117206983,0,0,0,2.95167235300866,13.6839282999999
5,3,1,0,1,0,34,12,15,0,0,0,0,5,4,0.263819095477387,0.050251256281407,0.0527638190954774,0,0,0,2.36116727857036,6.94829929999992
5,3,1,0,1,0,77,12,75,0,0,0,0,5,4,0.395833333333333,0.416666666666667,0,0,0,0,6.05815974255492,1.12771050000015
5,3,1,0,1,0,44,5,40,0,0,0,0,5,4,0.25,0.541666666666667,0,0,0,0,1.95096440688247,0.720523400000047
5,3,1,0,1,0,30,8,75,0,0,0,0,3,4,0.491228070175439,0.175438596491228,0.0701754385964912,0,0,0,3.94863086577493,1.27977979999991
5,3,1,0,1,0,9,2,30,0,0,0,0,3,4,0.155172413793103,0.431034482758621,0.327586206896552,0,0,0,0.101271874965168,1.28859069999999
5,3,1,0,1,0,70,3.5,40,0,0,0,0,3,4,0.425925925925926,0.111111111111111,0.111111111111111,0,0,0,1.14237704765918,1.22041960000001
5,3,1,0,1,0,24,19,70,0,0,0,0,3,4,0.290322580645161,0.370967741935484,0.0806451612903226,0,0,0,10.0437031879929,1.36201129999995
5,3,1,0,1,0,3,15,85,0,0,0,0,3,4,0.283720930232558,0.251162790697674,0.241860465116279,0,0,0,4.01668931764639,3.91335609999987
5,3,1,0,1,0,11,18.25,70,0,0,0,0,3,4,0.154621848739496,0.299159663865546,0.0907563025210084,0,0,0,3.987626995024,10.2424910999998
5,3,1,0,1,0,71,6,25,0,0,0,0,3,4,0.5,0.4625,0.025,0,0,0,2.04369094153031,1.66048120000005
5,3,1,0,1,0,79,10,10,0,0,0,0,3,4,0.61864406779661,0.330508474576271,0.0169491525423729,0,0,0,3.98915783697319,2.28650459999994
5,3,1,0,1,0,64,19.5,65,0,0,0,0,3,4,0.596153846153846,0.442307692307692,0,0,0,0,9.88346935116733,1.19601630000011
5,3,1,0,1,0,16,16,65,0,0,0,0,3,4,0.418181818181818,0.436363636363636,0.0181818181818182,0,0,0,6.04291918202824,1.25225829999999
5,3,1,0,1,0,74,7,40,0,0,0,0,3,4,0.296296296296296,0.333333333333333,0.118518518518519,0,0,0,3.97358317224264,2.57719969999994
5,3,1,0,1,0,55,16.5,25,0,0,0,0,3,4,0,0,0,0,0,0,7.95167235300866,0.425390999999991
5,3,1,0,1,0,18,18.75,80,0,0,0,0,3,4,0.448275862068966,0.32183908045977,0,0,0,0,10.9095475599073,1.78224530000011
5,3,1,0,1,0,31,8.5,50,0,0,0,0,3,4,0.368421052631579,0.543859649122807,0,0,0,0,4.06479560775036,1.27022809999994
5,3,1,0,1,0,63,5.5,70,0,0,0,0,2,4,0.62,0.04,0.12,0,0,0,2.0028555794319,1.16682900000001
5,3,1,0,1,0,60,15,35,0,0,0,0,2,4,0.316455696202532,0.265822784810127,0.240506329113924,0,0,0,6.9968327318932,1.65161130000001
5,3,1,0,1,0,14,16.75,45,0,0,0,0,2,4,0.574468085106383,0,0.340425531914894,0,0,0,8.07347700474424,1.11600859999999
5,3,1,0,1,0,68,2.5,65,0,0,0,0,2,4,0.390243902439024,0.209756097560976,0.136585365853659,0,0,0,1.15934177964765,3.74283220000007
5,3,1,0,1,0,32,9.5,30,0,0,0,0,2,4,0.41958041958042,0.377622377622378,0.132867132867133,0,0,0,1.86517825755843,2.71540210000012
5,3,1,0,1,0,5,20,85,0,0,0,0,2,4,0.298507462686567,0.447761194029851,0.358208955223881,0,0,0,12.8600787062481,1.44772069999999
5,3,1,0,1,0,22,20,90,0,0,0,0,2,4,0.459770114942529,0.436781609195402,0.0114942528735632,0,0,0,15.9504354622867,1.77902620000009
5,3,1,0,1,0,49,16,50,0,0,0,0,2,4,0.496666666666667,0.303333333333333,0.0233333333333333,0,0,0,6.85250642214016,5.33220860000006
5,3,1,0,1,0,37,14.5,5,0,0,0,0,2,4,0.451219512195122,0.195121951219512,0.207317073170732,0,0,0,6.16129254933207,1.69201180000005
5,3,1,0,1,0,10,19.5,10,0,0,0,0,2,4,0.419354838709677,0.290322580645161,0.241935483870968,0,0,0,3.03492773757554,1.35629859999995
5,3,1,0,1,0,20,15.75,35,0,0,0,0,2,4,0.434782608695652,0.318840579710145,0.173913043478261,0,0,0,5.05175656475167,1.48435249999989
5,3,1,0,1,0,13,19.5,5,0,0,0,0,2,4,0.234234234234234,0.279279279279279,0.153153153153153,0,0,0,2.03477295266144,2.17114839999999
5,3,1,0,1,0,81,14,55,0,0,0,0,2,4,0.444444444444444,0.351851851851852,0,0,0,0,6.58460684078341,1.22827549999988
5,3,1,0,1,0,58,14,45,0,0,0,0,2,4,0.328467153284672,0.37956204379562,0.138686131386861,0,0,0,7.08742355912178,2.60598909999999
6,1,2,0,1,0,29,7,20,0,0,0,0,2,4,0.131849315068493,0.14041095890411,0.0924657534246575,0,0,0,0.50375457177606,10.0503994000028
6,1,2,0,1,0,44,5,40,0,0,0,0,2,4,0,0.208053691275168,0,0,0,0,0.999794867100167,2.82043839999824
6,1,2,0,1,0,70,3.5,40,0,0,0,0,2,4,0.31858407079646,0.353982300884956,0.0619469026548673,0,0,0,0.195392062271011,2.21489820000716
6,1,2,0,1,0,30,8,75,0,0,0,0,2,4,0.378205128205128,0.474358974358974,0.269230769230769,0,0,0,2.0941868242528,2.93113969999831
6,1,2,0,1,0,45,13.5,55,0,0,0,0,2,4,0.271844660194175,0.456310679611651,0.0388349514563107,0,0,0,1.12496351726642,2.0421376000013
6,1,2,0,1,0,14,16.75,45,0,0,0,0,2,4,0.256756756756757,0.621621621621622,0,0,0,0,0.933409170701989,1.55990219999512
6,1,2,0,1,0,18,18.75,80,0,0,0,0,2,4,0.576086956521739,0.369565217391304,0,0,0,0,3.5162018805829,1.86630499998864
6,1,2,0,1,0,32,9.5,30,0,0,0,0,2,4,0.212765957446809,0.531914893617021,0,0,0,0,0.630750783463274,1.11512420000508
6,1,2,0,1,0,22,20,90,0,0,0,0,2,4,0.239130434782609,0.652173913043478,0,0,0,0,4.92806862367312,1.09595730000001
6,1,2,0,1,0,49,16,50,0,0,0,0,2,4,0.130434782608696,0.782608695652174,0,0,0,0,1.74090671352806,1.09887290000916
6,1,2,0,1,0,10,19.5,10,0,0,0,0,2,4,0.363636363636364,0.545454545454545,0,0,0,0,0.0850666212803119,1.2482219000085
6,1,2,0,1,0,37,14.5,5,0,0,0,0,2,4,0.315270935960591,0.226600985221675,0.083743842364532,0,0,0,0.173823535598842,3.71044870000333
6,1,2,0,1,0,16,16,65,0,0,0,0,2,4,0.4,0.441666666666667,0,0,0,0,2.0523645505236,2.32554730000265
6,1,2,0,1,0,78,8.25,20,0,0,0,0,2,4,0.186046511627907,0.720930232558139,0,0,0,0,0.068157970915788,1.05400619999273
6,1,2,0,1,0,57,10,50,0,0,0,0,4,4,0.167857142857143,0.471428571428571,0.225,0,0,0,0.978333060573071,4.98777870000049
6,1,2,0,1,0,31,8.5,50,0,0,0,0,4,4,0.608695652173913,0.260869565217391,0,0,0,0,0.587522938628055,1.09351849999803
6,1,2,0,1,0,20,15.75,35,0,0,0,0,4,4,0.523809523809524,0.412698412698413,0.0158730158730159,0,0,0,0.365794123666223,1.37068989999534
6,1,2,0,1,0,61,15,75,0,0,0,0,4,4,0.347222222222222,0.493055555555556,0,0,0,0,2.1016000246354,2.73150629999873
6,1,2,0,1,0,52,18.5,10,0,0,0,0,4,4,0.509803921568627,0.450980392156863,0,0,0,0,0.114693854618412,1.17708019999554
6,1,2,0,1,0,38,15.5,40,0,0,0,0,4,4,0.424242424242424,0.45959595959596,0,0,0,0,0.7075849054565,3.62799690000247
6,1,2,0,1,0,65,1.75,80,0,0,0,0,4,4,0.381818181818182,0.527272727272727,0,0,0,0,0.977158168994102,1.24257339999895
6,1,2,0,1,0,42,20,30,0,0,0,0,4,4,0.458333333333333,0.375,0,0,0,0,0.333231881717243,0.731147500002407
6,1,2,0,1,0,13,19.5,5,0,0,0,0,4,4,0.383838383838384,0.545454545454545,0,0,0,0,0.203881682614501,1.98220850000507
6,1,2,0,1,0,40,18,15,0,0,0,0,4,4,0.216867469879518,0.493975903614458,0.0843373493975904,0,0,0,0.186764844760326,3.09998060000362
6,1,2,0,1,0,79,10,10,0,0,0,0,4,4,0.75,0.107142857142857,0,0,0,0,0.420891928150464,0.792435399998794
6,1,2,0,1,0,63,5.5,70,0,0,0,0,4,4,0.157894736842105,0.605263157894737,0,0,0,0,0.760308156958995,0.958931299988762
6,1,2,0,1,0,2,7.5,75,0,0,0,0,4,4,0.440909090909091,0.531818181818182,0,0,0,0,1.04176341126402,3.99848270000075
6,1,2,0,1,0,83,17,80,0,0,0,0,4,4,0.575,0.225,0,0,0,0,1.9393591565473,1.00806219999504
6,1,2,0,1,0,43,3,30,0,0,0,0,1,4,0,0.847826086956522,0.0434782608695652,0,0,0,0.04380342150262,1.09106330000213
6,1,2,0,1,0,46,2,55,0,0,0,0,1,4,0.309859154929577,0.436619718309859,0.197183098591549,0,0,0,0.219437112320222,1.52967740000167
6,1,2,0,1,0,69,1.5,95,0,0,0,0,1,4,0.206703910614525,0.519553072625698,0.0726256983240224,0,0,0,0.996199999994484,3.31766060000518
6,1,2,0,1,0,33,11,65,0,0,0,0,1,4,0.238095238095238,0.666666666666667,0,0,0,0,1.64383123218724,1.03601609999896
6,1,2,0,1,0,7,16.75,65,0,0,0,0,1,4,0.647058823529412,0.235294117647059,0.0294117647058824,0,0,0,1.38890982678285,0.90820089999761
6,1,2,0,1,0,48,7,45,0,0,0,0,1,4,0.0769230769230769,0.692307692307692,0,0,0,0,0.842907935707171,0.770500600003288
6,1,2,0,1,0,27,5.25,50,0,0,0,0,1,4,0.25,0.604166666666667,0,0,0,0,0.435360984896377,1.1314701000083
6,1,2,0,1,0,80,8,45,0,0,0,0,1,4,0.342105263157895,0.552631578947368,0.0263157894736842,0,0,0,0.218934213377931,0.971390799997607
6,1,2,0,1,0,26,4,45,0,0,0,0,1,4,0.377777777777778,0.488888888888889,0,0,0,0,0.277887182402512,1.07142949999252
6,1,2,0,1,0,82,9.5,20,0,0,0,0,1,4,0.282051282051282,0.538461538461538,0,0,0,0,0.298197239940997,0.985016799997538
6,1,2,0,1,0,73,5,70,0,0,0,0,1,4,0.676470588235294,0.294117647058824,0.00735294117647059,0,0,0,1.20418410203578,2.60176130000036
6,1,2,0,1,0,9,2,30,0,0,0,0,1,4,0.0645161290322581,0.774193548387097,0,0,0,0,0.466658534270056,0.862392299997737
6,1,2,0,1,0,17,3.25,85,0,0,0,0,1,4,0.434782608695652,0.5,0,0,0,0,0.866687542686854,1.10170769999968
6,1,2,0,1,0,56,12,90,0,0,0,0,1,4,0.387755102040816,0.469387755102041,0,0,0,0,1.94800905312299,1.13807559999987
6,1,2,0,1,0,36,14,15,0,0,0,0,6,4,0,0.541666666666667,0.395833333333333,0,0,0,0.294521075935759,1.13282649999019
6,1,2,0,1,0,39,17,35,0,0,0,0,6,4,0.365384615384615,0.211538461538462,0.346153846153846,0,0,0,0.660762561552612,1.19362340000225
6,1,2,0,1,0,6,19,20,0,0,0,0,6,4,0.41025641025641,0.461538461538462,0,0,0,0,0.394637039424488,0.983433700006572
6,1,2,0,1,0,24,19,70,0,0,0,0,6,4,0.415384615384615,0.323076923076923,0.153846153846154,0,0,0,2.2142867414241,1.40459510000073
6,1,2,0,1,0,81,14,55,0,0,0,0,6,4,0.490196078431373,0.411764705882353,0,0,0,0,1.35715461349693,1.17777740000747
6,1,2,0,1,0,66,10,90,0,0,0,0,6,4,0.25,0.520833333333333,0,0,0,0,2.94522230686344,1.13313999999082
6,1,2,0,1,0,15,17.25,25,0,0,0,0,6,4,0.28169014084507,0.436619718309859,0,0,0,0,0.565362244170842,1.50463549999404
6,1,2,0,1,0,59,2,80,0,0,0,0,6,4,0.283236994219653,0.485549132947977,0,0,0,0,0.417093891519926,3.21418070000072
6,1,2,0,1,0,71,6,25,0,0,0,0,6,4,0.330246913580247,0.212962962962963,0,0,0,0,0.429495685539084,5.73496529999829
6,1,2,0,1,0,50,2.5,90,0,0,0,0,6,4,0.393939393939394,0.515151515151515,0,0,0,0,0.542675533769426,0.889505299986922
6,1,2,0,1,0,67,8.5,50,0,0,0,0,6,4,0.272727272727273,0.431818181818182,0,0,0,0,0.495443947238414,1.05709370000113
6,1,2,0,1,0,8,16,15,0,0,0,0,6,4,0.319148936170213,0.595744680851064,0,0,0,0,0.100813707967045,1.10818379999546
6,1,2,0,1,0,4,8.5,20,0,0,0,0,6,4,0.315789473684211,0.552631578947368,0,0,0,0,0.1755747192,0.977699999988545
6,1,2,0,1,0,68,2.5,65,0,0,0,0,6,4,0.0344827586206897,0.758620689655172,0,0,0,0,0.699838032121981,0.805693999995128
6,1,2,0,1,0,41,19,65,0,0,0,0,5,4,0.333333333333333,0.293333333333333,0.306666666666667,0,0,0,1.46121652010497,1.58169030000863
6,1,2,0,1,0,19,17.5,25,0,0,0,0,5,4,0.220338983050847,0.508474576271186,0.288135593220339,0,0,0,0.320224732088228,1.31094149999262
6,1,2,0,1,0,23,7.75,60,0,0,0,0,5,4,0.404255319148936,0.51063829787234,0,0,0,0,0.818672341291354,1.11447349999798
6,1,2,0,1,0,55,16.5,25,0,0,0,0,5,4,0.814814814814815,0,0,0,0,0,0.218934213377931,0.783674899998005
6,1,2,0,1,0,75,6,85,0,0,0,0,5,4,0.588235294117647,0.313725490196078,0,0,0,0,1.4493410419088,1.17498740000883
6,1,2,0,1,0,74,7,40,0,0,0,0,5,4,0.526315789473684,0.233918128654971,0,0,0,0,0.322434496542623,3.18160229999921
6,1,2,0,1,0,3,15,85,0,0,0,0,5,4,0.428571428571429,0.53968253968254,0.00793650793650794,0,0,0,2.37868189318976,2.4339115999901
6,1,2,0,1,0,12,12,35,0,0,0,0,5,4,0.488888888888889,0.433333333333333,0,0,0,0,0.519713095431303,1.83816430000297
6,1,2,0,1,0,35,13,70,0,0,0,0,5,4,0.68,0.2,0,0,0,0,1.23980254547683,1.17305199999828
6,1,2,0,1,0,84,11,50,0,0,0,0,5,4,0.488986784140969,0.414096916299559,0.079295154185022,0,0,0,0.515051491878072,4.10791180000524
6,1,2,0,1,0,53,14,90,0,0,0,0,5,4,0.56,0.226666666666667,0,0,0,0,2.11777432188217,1.58057630000985
6,1,2,0,1,0,64,19.5,65,0,0,0,0,5,4,0.454545454545455,0.318181818181818,0,0,0,0,1.22538287456468,0.694282099997508
6,1,2,0,1,0,5,20,85,0,0,0,0,5,4,0.579545454545455,0.363636363636364,0,0,0,0,2.74187368559301,1.79887110000709
6,1,2,0,1,0,34,12,15,0,0,0,0,5,4,0.533333333333333,0.377777777777778,0,0,0,0,0.514655805526182,1.07817680000153
6,1,2,0,1,0,21,6,95,0,0,0,0,3,4,0.30379746835443,0.30379746835443,0.291139240506329,0,0,0,2.88213373352373,1.63932329999807
6,1,2,0,1,0,11,18.25,70,0,0,0,0,3,4,0.485148514851485,0.356435643564356,0.148514851485149,0,0,0,1.50635476994841,2.00949430000037
6,1,2,0,1,0,60,15,35,0,0,0,0,3,4,0.464285714285714,0.178571428571429,0,0,0,0,0.699646524331598,0.791982399998233
6,1,2,0,1,0,51,1,40,0,0,0,0,3,4,0.818181818181818,0.0454545454545455,0,0,0,0,0.160213707964587,1.05907299999672
6,1,2,0,1,0,77,12,75,0,0,0,0,3,4,0.245454545454545,0.372727272727273,0.00606060606060606,0,0,0,1.06789854220906,5.82061909999175
6,1,2,0,1,0,28,6,25,0,0,0,0,3,4,0.72,0.08,0,0,0,0,0.383213572187703,0.751990200005821
6,1,2,0,1,0,25,9,60,0,0,0,0,3,4,0.541666666666667,0.3125,0,0,0,0,0.647086227668431,1.12622879999981
6,1,2,0,1,0,76,4,35,0,0,0,0,3,4,0.419354838709677,0.419354838709677,0.032258064516129,0,0,0,0.189327620336417,0.838733700002194
6,1,2,0,1,0,62,10,95,0,0,0,0,3,4,0.615384615384615,0.179487179487179,0,0,0,0,2.15922579625886,0.986761499996646
6,1,2,0,1,0,58,14,45,0,0,0,0,3,4,0.666666666666667,0.0952380952380952,0,0,0,0,0.371535232753775,0.685302400001092
6,1,2,0,1,0,47,16,100,0,0,0,0,3,4,0.660377358490566,0.264150943396226,0,0,0,0,13.9517500216859,1.22245329999714
6,1,2,0,1,0,1,5,50,0,0,0,0,3,4,0.553846153846154,0.384615384615385,0.0461538461538462,0,0,0,0.483299191564715,1.41843540000264
6,1,2,0,1,0,54,9.25,40,0,0,0,0,3,4,0.5,0.304945054945055,0.00549450549450549,0,0,0,0.349439718299777,6.39708880000398
6,1,2,0,1,0,72,6.5,90,0,0,0,0,3,4,0.772727272727273,0.113636363636364,0,0,0,0,1.23095460202423,1.06835830000637
6,2,2,0,0,1,35,13,100,30,0,0,0,5,6,0.120092378752887,0.1270207852194,0.115473441108545,0,0,0,8.02836981943812,14.7566200000001
6,2,2,0,0,1,5,20,100,15,0,0,0,5,6,0.18452380952381,0.0625,0.0535714285714286,0,0,0,9.95698580509434,5.9238205999718
6,2,2,0,0,1,2,7.5,100,25,0,0,0,5,6,0.543859649122807,0.280701754385965,0.157894736842105,0,0,0,1.97387258896639,5.07146930001909
6,2,2,0,0,1,6,19,100,175,0,0,0,5,6,0.374149659863946,0.255102040816327,0.170068027210884,0,0,0,9.05141821625748,5.22890439996263
6,2,2,0,0,1,1,5,100,0,0,0,0,5,6,0.216216216216216,0.378378378378378,0.148648648648649,0,0,0,0.972895512886033,1.56923700001789
6,2,2,0,0,1,83,17,100,200,0,0,0,5,6,0.175,0.725,0,0,0,0,9.94186282420176,0.989048899966292
6,2,2,0,0,1,27,5.25,100,120,0,0,0,5,6,0.493055555555556,0.166666666666667,0.104166666666667,0,0,0,2.53085299893165,2.73502989998087
6,2,2,0,0,1,20,15.75,100,30,0,0,0,5,6,0.192307692307692,0.346153846153846,0.365384615384615,0,0,0,8.03270868243894,1.20398570003454
6,2,2,0,0,1,59,2,100,110,0,0,0,5,6,0.3125,0.458333333333333,0.145833333333333,0,0,0,0.423786092698926,1.14418850000948
6,2,2,0,0,1,15,17.25,100,55,0,0,0,5,6,0.830985915492958,0.126760563380282,0,0,0,0,7.08047988737362,2.69936059997417
6,2,2,0,0,1,4,8.5,100,90,0,0,0,5,6,0.309859154929577,0.450704225352113,0,0,0,0,3.64412508969514,1.51991970004747
6,2,2,0,0,1,52,18.5,100,85,0,0,0,5,6,0.91025641025641,0,0,0,0,0,9.01504184573213,2.92424580000807
6,2,2,0,0,1,72,6.5,100,60,0,0,0,5,6,0.666666666666667,0,0,0,0,0,2.88604377360348,1.62237609998556
6,2,2,0,0,1,61,15,100,225,0,0,0,5,6,0.457142857142857,0.214285714285714,0.142857142857143,0,0,0,7.18575119460675,1.49500850000186
6,2,2,0,0,1,45,13.5,100,65,0,0,0,2,6,0.697368421052632,0.0657894736842105,0.0263157894736842,0,0,0,6.18495283527242,1.59801789995981
6,2,2,0,0,1,51,1,100,3,0,0,0,2,6,0.192307692307692,0.557692307692308,0,0,0,0,0.582424438553282,1.18886100000236
6,2,2,0,0,1,30,8,100,90,0,0,0,2,6,0.525641025641026,0.230769230769231,0,0,0,0,4.03287949041479,1.61875159997726
6,2,2,0,0,1,29,7,100,55,0,0,0,2,6,0.428571428571429,0.392857142857143,0,0,0,0,3.43796602648841,1.26031889999285
6,2,2,0,0,1,81,14,100,5,0,0,0,2,6,0.577586206896552,0.224137931034483,0,0,0,0,6.92290155847348,2.26416979997884
6,2,2,0,0,1,14,16.75,100,145,0,0,0,2,6,0.767123287671233,0,0,0,0,0,8.47130436277506,1.54123479995178
6,2,2,0,0,1,82,9.5,100,25,0,0,0,2,6,0.720430107526882,0.021505376344086,0,0,0,0,4.92824235622506,1.88320889999159
6,2,2,0,0,1,33,11,100,190,0,0,0,2,6,0.826086956521739,0,0,0,0,0,5.52672339709902,1.09073490003357
6,2,2,0,0,1,34,12,100,85,0,0,0,2,6,0.68,0,0,0,0,0,6.07121176417211,1.15869660000317
6,2,2,0,0,1,55,16.5,100,155,0,0,0,2,6,0.772727272727273,0,0,0,0,0,8.12097054571762,1.43453389999922
6,2,2,0,0,1,25,9,100,160,0,0,0,2,6,0.583333333333333,0.0416666666666667,0,0,0,0,4.45448581433213,1.12240539997583
6,2,2,0,0,1,46,2,100,70,0,0,0,2,6,0.36,0,0,0,0,0,0.937910115731924,0.762550799991004
6,2,2,0,0,1,17,3.25,100,205,0,0,0,2,6,0.689655172413793,0.0689655172413793,0,0,0,0,1.3428388864111,0.810654000029899
6,2,2,0,0,1,69,1.5,100,20,0,0,0,2,6,0.423076923076923,0,0,0,0,0,0.818797002482761,0.764201300044078
6,2,2,0,0,1,39,17,100,15,0,0,0,4,6,0.417391304347826,0.226086956521739,0.304347826086957,0,0,0,8.26362402898655,2.24694989999989
6,2,2,0,0,1,16,16,100,95,0,0,0,4,6,0.523809523809524,0.285714285714286,0,0,0,0,7.94247265171932,0.674746199976653
6,2,2,0,0,1,75,6,100,45,0,0,0,4,6,0.407894736842105,0.276315789473684,0.171052631578947,0,0,0,2.84742459558695,1.59035370004131
6,2,2,0,0,1,77,12,100,25,0,0,0,4,6,0.360655737704918,0.147540983606557,0,0,0,0,5.98956333121611,1.34131109999726
6,2,2,0,0,1,22,20,100,165,0,0,0,4,6,0.545454545454545,0.480519480519481,0.012987012987013,0,0,0,9.95746479070202,1.6222562000039
6,2,2,0,0,1,54,9.25,100,4,0,0,0,4,6,0.78125,0.18125,0,0,0,0,4.71082642194447,2.99961850000545
6,2,2,0,0,1,11,18.25,100,55,0,0,0,4,6,0.775,0,0,0,0,0,9.09665529398267,0.994372299988754
6,2,2,0,0,1,71,6,100,45,0,0,0,4,6,0.454545454545455,0.393939393939394,0,0,0,0,2.99733077512318,0.882479599968065
6,2,2,0,0,1,84,11,100,110,0,0,0,4,6,0.333333333333333,0.333333333333333,0,0,0,0,5.56236658334514,1.08618270000443
6,2,2,0,0,1,12,12,100,1,0,0,0,4,6,0.666666666666667,0,0,0,0,0,6.0988518808468,0.724090099975001
6,2,2,0,0,1,40,18,100,110,0,0,0,4,6,0.45,0,0,0,0,0,9.10074405239521,0.659639599965885
6,2,2,0,0,1,67,8.5,100,105,0,0,0,4,6,0.685714285714286,0,0,0,0,0,3.25885575064415,0.914355599961709
6,2,2,0,0,1,63,5.5,100,40,0,0,0,4,6,0.55,0,0,0,0,0,2.53638018151865,0.675501400022767
6,2,2,0,0,1,18,18.75,100,250,0,0,0,4,6,0.705882352941177,0,0,0,0,0,9.15055408092547,0.621197800035588
6,2,2,0,0,1,42,20,100,170,0,0,0,1,6,0.342857142857143,0.271428571428571,0.285714285714286,0,0,0,9.97106293690963,1.48945579997962
6,2,2,0,0,1,64,19.5,100,45,0,0,0,1,6,0.593406593406593,0,0.043956043956044,0,0,0,9.41890094142125,1.84703059995081
6,2,2,0,0,1,24,19,100,150,0,0,0,1,6,0.703703703703704,0,0,0,0,0,9.03264443485682,0.781266600009985
6,2,2,0,0,1,48,7,100,70,0,0,0,1,6,0.724137931034483,0,0,0,0,0,3.53296463113706,1.29168540000683
6,2,2,0,0,1,3,15,100,14,0,0,0,1,6,0.404255319148936,0.170212765957447,0.234042553191489,0,0,0,6.98369841837962,1.11863179999636
6,2,2,0,0,1,76,4,100,70,0,0,0,1,6,0.736842105263158,0,0,0,0,0,2.00185987571388,0.651501400046982
6,2,2,0,0,1,10,19.5,100,125,0,0,0,1,6,0.708333333333333,0,0,0,0,0,9.56264820970111,0.731139600044116
6,2,2,0,0,1,73,5,100,14,0,0,0,1,6,0.222222222222222,0,0,0,0,0,2.49771493301146,0.634098600014113
6,2,2,0,0,1,23,7.75,100,120,0,0,0,1,6,0.375,0.25,0.25,0,0,0,3.67796498065278,0.464901999977883
6,2,2,0,0,1,28,6,100,7,0,0,0,1,6,0,0,0,0,0,0,3.0106169437502,0.392109300009906
6,2,2,0,0,1,49,16,100,20,0,0,0,1,6,0.272727272727273,0,0,0,0,0,8.04326599976924,0.508833499974571
6,2,2,0,0,1,47,16,100,5,0,0,0,1,6,0,0,0,0,0,0,8.02505466730399,0.409207099990454
6,2,2,0,0,1,44,5,100,65,0,0,0,1,6,0.391304347826087,0.304347826086957,0,0,0,0,2.56611600409965,1.09645539999474
6,2,2,0,0,1,65,1.75,100,10,0,0,0,1,6,0.225563909774436,0.0300751879699248,0.0451127819548872,0,0,0,0.599635384684145,2.54862489999505
6,2,2,0,0,1,31,8.5,100,22,0,0,0,3,6,0,0,0,0,0,0,3.05011086343691,0.461279199982528
6,2,2,0,0,1,74,7,100,120,0,0,0,3,6,0.459459459459459,0.432432432432432,0.027027027027027,0,0,0,3.59006531816845,0.944783900049515
6,2,2,0,0,1,62,10,100,135,0,0,0,3,6,0.352941176470588,0.411764705882353,0.0294117647058824,0,0,0,5.04120458786978,0.895524799998384
6,2,2,0,0,1,13,19.5,100,7,0,0,0,3,6,0.8,0,0,0,0,0,9.62167906549699,0.748088699998334
6,2,2,0,0,1,68,2.5,100,25,0,0,0,3,6,0.666666666666667,0,0,0,0,0,0.585093367975457,0.571641199989244
6,2,2,0,0,1,19,17.5,100,40,0,0,0,3,6,0.666666666666667,0,0,0,0,0,8.31505990002906,0.587799799977802
6,2,2,0,0,1,21,6,100,55,0,0,0,3,6,0.285714285714286,0,0,0,0,0,3.15511788016817,0.443061399972066
6,2,2,0,0,1,57,10,100,95,0,0,0,3,6,0.5,0,0,0,0,0,4.96982867270172,0.504075400007423
6,2,2,0,0,1,80,8,100,125,0,0,0,3,6,0,0,0,0,0,0,4.06442907363776,0.396323400025722
6,2,2,0,0,1,56,12,100,210,0,0,0,3,6,0,0,0,0,0,0,5.96947717245664,0.421312400023453
6,2,2,0,0,1,8,16,100,20,0,0,0,3,6,0.5,0,0,0,0,0,7.92901694073458,0.505701199988835
6,2,2,0,0,1,50,2.5,100,10,0,0,0,3,6,0.545454545454545,0,0,0,0,0,0.746390457746514,0.518912500003353
6,2,2,0,0,1,53,14,100,60,0,0,0,3,6,0.666666666666667,0,0,0,0,0,7.10050842695685,0.583904700004496
6,2,2,0,0,1,7,16.75,100,75,0,0,0,3,6,0.736842105263158,0,0,0,0,0,8.42288935931098,0.643903799995314
6,2,2,0,0,1,26,4,100,50,0,0,0,6,6,0,0.761904761904762,0,0,0,0,1.38113783096047,0.687951600004453
6,2,2,0,0,1,43,3,100,0,0,0,0,6,6,0.588235294117647,0.254901960784314,0.0196078431372549,0,0,0,1.61963929500635,1.17420179996407
6,2,2,0,0,1,38,15.5,100,215,0,0,0,6,6,0,0,0,0,0,0,2.99756587730808,0.116778000025079
6,2,2,0,0,1,36,14,100,40,0,0,0,6,6,0.761904761904762,0,0,0,0,0,7.00927170922763,0.686723200022243
6,2,2,0,0,1,78,8.25,100,5,0,0,0,6,6,0.666666666666667,0,0,0,0,0,4.50652875672969,0.632352599990554
6,2,2,0,0,1,60,15,100,31,0,0,0,6,6,0.838709677419355,0,0,0,0,0,6.9518774859085,0.851717599958647
6,2,2,0,0,1,9,2,100,19,0,0,0,6,6,0.3,0,0,0,0,0,1.07514123330803,0.497026400000323
6,2,2,0,0,1,70,3.5,100,3,0,0,0,6,6,0.615384615384615,0,0,0,0,0,1.46213065954905,0.553171299980022
6,2,2,0,0,1,41,19,100,245,0,0,0,6,6,0,0,0,0,0,0,9.30352997310734,0.421326200012118
6,2,2,0,0,1,66,10,100,80,0,0,0,6,6,0.6,0,0,0,0,0,5.07107102508604,0.579913800000213
6,2,2,0,0,1,32,9.5,100,170,0,0,0,6,6,0.375,0,0,0,0,0,4.82576757053575,0.468303000030573
6,2,2,0,0,1,58,14,100,20,0,0,0,6,6,0.722222222222222,0,0,0,0,0,6.99576993315329,0.62390049995156
6,2,2,0,0,1,37,14.5,100,175,0,0,0,6,6,0.142857142857143,0,0,0,0,0,7.3936938454527,0.446973900019657
6,2,2,0,0,1,79,10,100,140,0,0,0,6,6,0,0,0,0,0,0,5.04107167353856,0.391070500016212
6,3,2,0,1,1,68,2.5,65,25,0,0,0,2,2,0.119373776908023,0.180039138943249,0.117416829745597,0,0,0,1.0585870423836,8.83712600008585
6,3,2,0,1,1,21,6,95,55,0,0,0,2,2,0.519230769230769,0.25,0,0,0,0,5.54905625263937,1.20007110002916
6,3,2,0,1,1,34,12,15,85,0,0,0,2,2,0.5,0.130434782608696,0.282608695652174,0,0,0,0.495443947238414,1.09424480004236
6,3,2,0,1,1,47,16,100,5,0,0,0,2,2,0.743589743589744,0.128205128205128,0,0,0,0,15.0103853051818,0.979667300009169
6,3,2,0,1,1,44,5,40,65,0,0,0,2,2,0.425373134328358,0.440298507462687,0,0,0,0,1.97216987178844,2.56464979995508
6,3,2,0,1,1,4,8.5,20,90,0,0,0,2,2,0.338235294117647,0.382352941176471,0,0,0,0,0.657216262936778,1.46430730004795
6,3,2,0,1,1,7,16.75,65,75,0,0,0,2,2,0.505494505494505,0.274725274725275,0,0,0,0,6.03778068586726,1.85543300001882
6,3,2,0,1,1,8,16,15,20,0,0,0,2,2,0.483870967741935,0.387096774193548,0,0,0,0,2.04832764699134,0.855209700064734
6,3,2,0,1,1,13,19.5,5,7,0,0,0,2,2,0.581395348837209,0.302325581395349,0,0,0,0,1.08743104679034,1.05471010005567
6,3,2,0,1,1,71,6,25,45,0,0,0,2,2,0.23394495412844,0.651376146788991,0,0,0,0,1.55248144181025,3.9548198999837
6,3,2,0,1,1,67,8.5,50,105,0,0,0,2,2,0.60377358490566,0.283018867924528,0,0,0,0,3.61439314203679,1.2079452999169
6,3,2,0,1,1,36,14,15,40,0,0,0,2,2,0.65625,0.21875,0,0,0,0,1.11115510876845,0.856596199912019
6,3,2,0,1,1,31,8.5,50,22,0,0,0,2,2,0.63265306122449,0.163265306122449,0,0,0,0,3.93548437393331,1.15090660005808
6,3,2,0,1,1,78,8.25,20,5,0,0,0,2,2,0.548387096774194,0.290322580645161,0,0,0,0,1.11115510876845,0.854204299976118
6,3,2,0,1,1,72,6.5,90,60,0,0,0,6,2,0.424242424242424,0.0696969696969697,0.354545454545455,0,0,0,5.06043677031016,5.82839829998557
6,3,2,0,1,1,29,7,20,55,0,0,0,6,2,0.32258064516129,0.306451612903226,0.17741935483871,0,0,0,0.614629358560851,1.35961739998311
6,3,2,0,1,1,35,13,70,30,0,0,0,6,2,0.297872340425532,0.574468085106383,0,0,0,0,9.91474352054559,1.1084220999619
6,3,2,0,1,1,65,1.75,80,10,0,0,0,6,2,0.422222222222222,0.466666666666667,0,0,0,0,1.37633186248567,1.07559499994386
6,3,2,0,1,1,32,9.5,30,170,0,0,0,6,2,0.583333333333333,0.260416666666667,0,0,0,0,1.37495541566745,1.93807569995988
6,3,2,0,1,1,48,7,45,70,0,0,0,6,2,0.494845360824742,0.309278350515464,0,0,0,0,2.84334911324426,3.5673580999719
6,3,2,0,1,1,19,17.5,25,40,0,0,0,6,2,0.469387755102041,0.306122448979592,0,0,0,0,2.07557226407481,1.15468010003679
6,3,2,0,1,1,17,3.25,85,205,0,0,0,6,2,0.365384615384615,0.538461538461538,0,0,0,0,2.95808342609183,1.20487570005935
6,3,2,0,1,1,18,18.75,80,250,0,0,0,6,2,0.6171875,0.2421875,0,0,0,0,17.1054505202133,2.46438999997918
6,3,2,0,1,1,51,1,40,3,0,0,0,6,2,0.292682926829268,0.536585365853659,0,0,0,0,0.450851452904075,1.01278700004332
6,3,2,0,1,1,28,6,25,7,0,0,0,6,2,0.372549019607843,0.352941176470588,0,0,0,0,1.35598989875801,1.17164240009151
6,3,2,0,1,1,76,4,35,70,0,0,0,6,2,0.543352601156069,0.277456647398844,0,0,0,0,0.530515909372564,3.20428039995022
6,3,2,0,1,1,52,18.5,10,85,0,0,0,6,2,0.453488372093023,0.366279069767442,0,0,0,0,1.00076832543155,3.19548679993022
6,3,2,0,1,1,69,1.5,95,20,0,0,0,6,2,0.533333333333333,0.3,0,0,0,0,1.27088845998525,1.32536380004603
6,3,2,0,1,1,9,2,30,19,0,0,0,3,2,0.206521739130435,0.326086956521739,0.391304347826087,0,0,0,0.424759666284192,1.86295440001413
6,3,2,0,1,1,77,12,75,25,0,0,0,3,2,0.473684210526316,0.289473684210526,0,0,0,0,8.91997600577102,1.60085140005685
6,3,2,0,1,1,80,8,45,125,0,0,0,3,2,0.764705882352941,0,0,0,0,0,0.647371336617308,1.18829690001439
6,3,2,0,1,1,26,4,45,50,0,0,0,3,2,0.35195530726257,0.379888268156425,0.0446927374301676,0,0,0,1.82026216799725,3.31504439993296
6,3,2,0,1,1,15,17.25,25,55,0,0,0,3,2,0.48989898989899,0.247474747474747,0.00505050505050505,0,0,0,5.08083626126119,3.63478389999364
6,3,2,0,1,1,81,14,55,5,0,0,0,3,2,0.400735294117647,0.529411764705882,0.00367647058823529,0,0,0,7.06759962966555,4.85779789998196
6,3,2,0,1,1,2,7.5,75,25,0,0,0,3,2,0.796610169491525,0.0847457627118644,0,0,0,0,5.20469018052972,1.31797780003399
6,3,2,0,1,1,82,9.5,20,25,0,0,0,3,2,0.666666666666667,0.138888888888889,0,0,0,0,1.49787664610365,0.93717180006206
6,3,2,0,1,1,1,5,50,0,0,0,0,3,2,0.631578947368421,0.289473684210526,0.0263157894736842,0,0,0,2.99052963886356,0.954303400008939
6,3,2,0,1,1,41,19,65,245,0,0,0,3,2,0.343434343434343,0.494949494949495,0.0202020202020202,0,0,0,8.15124381439708,1.97648650000338
6,3,2,0,1,1,70,3.5,40,3,0,0,0,3,2,0.594202898550725,0.144927536231884,0,0,0,0,1.09242522713596,1.48733189993072
6,3,2,0,1,1,27,5.25,50,120,0,0,0,3,2,0.319148936170213,0.361702127659574,0,0,0,0,2.99619049254112,1.89393529994413
6,3,2,0,1,1,58,14,45,20,0,0,0,3,2,0.411764705882353,0.538461538461538,0.00452488687782805,0,0,0,6.1238816278999,4.01536249998026
6,3,2,0,1,1,42,20,30,170,0,0,0,3,2,0.65625,0.291666666666667,0.0104166666666667,0,0,0,3.11240076262799,1.9350593999261
6,3,2,0,1,1,23,7.75,60,120,0,0,0,4,2,0.390163934426229,0.20655737704918,0.259016393442623,0,0,0,3.54696505379541,5.40513510000892
6,3,2,0,1,1,14,16.75,45,145,0,0,0,4,2,0.575581395348837,0.244186046511628,0.0523255813953488,0,0,0,6.62016315214666,3.1952626000857
6,3,2,0,1,1,11,18.25,70,55,0,0,0,4,2,0.631205673758865,0.198581560283688,0.0141843971631206,0,0,0,14.9183865517495,2.67974239995237
6,3,2,0,1,1,74,7,40,120,0,0,0,4,2,0.462809917355372,0.43801652892562,0.0743801652892562,0,0,0,2.26366038721568,2.34295670001302
6,3,2,0,1,1,62,10,95,135,0,0,0,4,2,0.547619047619048,0.214285714285714,0.0476190476190476,0,0,0,9.47792438696673,1.03056520002428
6,3,2,0,1,1,53,14,90,60,0,0,0,4,2,0.666666666666667,0.230769230769231,0,0,0,0,12.5363801815187,0.975511100026779
6,3,2,0,1,1,20,15.75,35,30,0,0,0,4,2,0.313725490196078,0.568627450980392,0,0,0,0,0.61878431391062,3.71907430002466
6,3,2,0,1,1,38,15.5,40,215,0,0,0,4,2,0.647058823529412,0.0441176470588235,0,0,0,0,4.98022926317662,1.45671140006743
6,3,2,0,1,1,50,2.5,90,10,0,0,0,4,2,0.75,0.153846153846154,0,0,0,0,2.23782438937283,1.21435949997976
6,3,2,0,1,1,10,19.5,10,125,0,0,0,4,2,0.739130434782609,0.152173913043478,0,0,0,0,1.6873152513557,1.09196390002035
6,3,2,0,1,1,54,9.25,40,4,0,0,0,4,2,0.471428571428571,0.357142857142857,0,0,0,0,4.16092862635879,1.49668280000333
6,3,2,0,1,1,37,14.5,5,175,0,0,0,4,2,0.764705882352941,0.137254901960784,0,0,0,0,0.379186594620762,1.17373310006224
6,3,2,0,1,1,57,10,50,95,0,0,0,4,2,0.666666666666667,0.138888888888889,0,0,0,0,4.9405045571595,0.924046300002374
6,3,2,0,1,1,30,8,75,90,0,0,0,4,2,0.5,0.0925925925925926,0,0,0,0,5.07245765818289,1.22119800001383
6,3,2,0,1,1,22,20,90,165,0,0,0,1,2,0.602941176470588,0.25,0.0882352941176471,0,0,0,16.6775954550594,1.46261509996839
6,3,2,0,1,1,6,19,20,175,0,0,0,1,2,0.421686746987952,0.349397590361446,0.072289156626506,0,0,0,2.08534000742704,1.71341810002923
6,3,2,0,1,1,75,6,85,45,0,0,0,1,2,0.338028169014085,0.394366197183099,0.0140845070422535,0,0,0,3.06254778184119,1.50466660002712
6,3,2,0,1,1,64,19.5,65,45,0,0,0,1,2,0.696078431372549,0.235294117647059,0,0,0,0,8.16618206869389,2.03463400003966
6,3,2,0,1,1,16,16,65,95,0,0,0,1,2,0.645161290322581,0.185483870967742,0,0,0,0,8.34736103278567,2.39599859993905
6,3,2,0,1,1,63,5.5,70,40,0,0,0,1,2,0.421875,0.3125,0,0,0,0,2.74870398150682,1.38961479999125
6,3,2,0,1,1,66,10,90,80,0,0,0,1,2,0.42,0.38,0,0,0,0,8.10289266333934,1.15436740010045
6,3,2,0,1,1,33,11,65,190,0,0,0,1,2,0.130434782608696,0.543478260869565,0,0,0,0,6.0462829586971,1.10824650002178
6,3,2,0,1,1,25,9,60,160,0,0,0,1,2,0.489230769230769,0.28,0.0430769230769231,0,0,0,4.84772766468893,5.74993589997757
6,3,2,0,1,1,73,5,70,14,0,0,0,1,2,0.433333333333333,0.333333333333333,0,0,0,0,2.50478455556199,1.32568680006079
6,3,2,0,1,1,39,17,35,15,0,0,0,1,2,0.307692307692308,0.442307692307692,0,0,0,0,2.64510483538419,1.19629400002304
6,3,2,0,1,1,24,19,70,150,0,0,0,1,2,0.21875,0.65625,0,0,0,0,3.25580083134874,0.859747300040908
6,3,2,0,1,1,45,13.5,55,65,0,0,0,1,2,0.689393939393939,0.196969696969697,0.0151515151515152,0,0,0,4.93859163722798,2.52284019999206
6,3,2,0,1,1,79,10,10,140,0,0,0,1,2,0.459016393442623,0.508196721311475,0.0327868852459016,0,0,0,0.375747480475152,1.35352490004152
6,3,2,0,1,1,55,16.5,25,155,0,0,0,5,2,0.155080213903743,0.609625668449198,0.213903743315508,0,0,0,2.29587908045705,3.44845169992186
6,3,2,0,1,1,46,2,55,70,0,0,0,5,2,0.605633802816901,0.126760563380282,0,0,0,0,1.16008359908997,1.51245719997678
6,3,2,0,1,1,43,3,30,0,0,0,0,5,2,0.379310344827586,0.551724137931034,0,0,0,0,0.559014116305743,1.30003010004293
6,3,2,0,1,1,59,2,80,110,0,0,0,5,2,0.652173913043478,0.11304347826087,0,0,0,0,1.2424171344663,2.24498730001505
6,3,2,0,1,1,3,15,85,14,0,0,0,5,2,0.547770700636943,0.35031847133758,0,0,0,0,12.4091435125828,2.94085499993525
6,3,2,0,1,1,12,12,35,1,0,0,0,5,2,0.53968253968254,0.380952380952381,0,0,0,0,1.32983062795376,1.37249810004141
6,3,2,0,1,1,56,12,90,210,0,0,0,5,2,0.459459459459459,0.405405405405405,0,0,0,0,9.91319359315459,0.948904199991375
6,3,2,0,1,1,61,15,75,225,0,0,0,5,2,0.169230769230769,0.338461538461538,0.323076923076923,0,0,0,10.1436820934802,1.40549109992571
6,3,2,0,1,1,40,18,15,110,0,0,0,5,2,0.462025316455696,0.246835443037975,0,0,0,0,0.542314733037369,2.96530299994629
6,3,2,0,1,1,84,11,50,110,0,0,0,5,2,0.490909090909091,0.436363636363636,0,0,0,0,5.06140836277202,1.24276300007477
6,3,2,0,1,1,60,15,35,31,0,0,0,5,2,0.432835820895522,0.417910447761194,0.0298507462686567,0,0,0,3.99881005035359,1.44799899996724
6,3,2,0,1,1,49,16,50,20,0,0,0,5,2,0.537037037037037,0.388888888888889,0,0,0,0,7.99780341313587,1.25225579994731
6,3,2,0,1,1,5,20,85,15,0,0,0,5,2,0.43298969072165,0.494845360824742,0,0,0,0,14.0526500198099,1.9474087000126
6,3,2,0,1,1,83,17,80,200,0,0,0,5,2,0.340425531914894,0.574468085106383,0.0212765957446809,0,0,0,14.8567335662155,1.11642119998578
7,1,1,0,1,1,81,14,55,5,0,0,0,1,2,0.137254901960784,0.145969498910675,0.117647058823529,0,0,0,6.02453600451532,7.99007179999899
7,1,1,0,1,1,34,12,15,85,0,0,0,1,2,0.169491525423729,0.155932203389831,0.105084745762712,0,0,0,2.04369094153031,5.25006189999112
7,1,1,0,1,1,67,8.5,50,105,0,0,0,1,2,0.158415841584158,0.178217821782178,0.227722772277228,0,0,0,2.07576798448314,2.00952379999217
7,1,1,0,1,1,82,9.5,20,25,0,0,0,1,2,0.185840707964602,0.176991150442478,0.20353982300885,0,0,0,2.05291755082738,2.21011239998916
7,1,1,0,1,1,55,16.5,25,155,0,0,0,1,2,0.1,0.242857142857143,0.328571428571429,0,0,0,2.85666153120125,1.49512010000763
7,1,1,0,1,1,72,6.5,90,60,0,0,0,1,2,0.0633802816901408,0.204225352112676,0.366197183098592,0,0,0,3.06311859973922,2.68769829999655
7,1,1,0,1,1,49,16,50,20,0,0,0,1,2,0.0272727272727273,0.118181818181818,0.181818181818182,0,0,0,3.08157672277616,2.15796399999817
7,1,1,0,1,1,68,2.5,65,25,0,0,0,1,2,0.220588235294118,0.264705882352941,0.264705882352941,0,0,0,0.950745108046092,1.45842029999767
7,1,1,0,1,1,1,5,50,0,0,0,0,1,2,0.104477611940299,0.171641791044776,0.283582089552239,0,0,0,1.02969910463968,2.55846610000299
7,1,1,0,1,1,52,18.5,10,85,0,0,0,1,2,0.129032258064516,0.150537634408602,0.204301075268817,0,0,0,2.04832764699134,1.88311719999183
7,1,1,0,1,1,46,2,55,70,0,0,0,1,2,0.267441860465116,0.244186046511628,0.325581395348837,0,0,0,0.462182477079178,1.76734299999953
7,1,1,0,1,1,26,4,45,50,0,0,0,1,2,0.0681818181818182,0.545454545454545,0.363636363636364,0,0,0,1.08495087554315,1.05726889999642
7,1,1,0,1,1,6,19,20,175,0,0,0,1,2,0.0425531914893617,0.425531914893617,0.297872340425532,0,0,0,1.98475859857013,1.10822390000976
7,1,1,0,1,1,70,3.5,40,3,0,0,0,1,2,0.320754716981132,0.358490566037736,0.264150943396226,0,0,0,2.39651063723613,1.20609950000653
7,1,1,0,1,1,41,19,65,245,0,0,0,3,2,0.306201550387597,0.364341085271318,0.174418604651163,0,0,0,4.02031156416027,4.63598419999471
7,1,1,0,1,1,43,3,30,0,0,0,0,3,2,0.278145695364238,0.364238410596026,0.311258278145695,0,0,0,0.377459213259971,2.83832249999978
7,1,1,0,1,1,29,7,20,55,0,0,0,3,2,0.24390243902439,0.341463414634146,0.25609756097561,0,0,0,1.03971371384673,1.70058560000325
7,1,1,0,1,1,80,8,45,125,0,0,0,3,2,0.369230769230769,0,0.369230769230769,0,0,0,1.1043593405686,1.40500489999249
7,1,1,0,1,1,40,18,15,110,0,0,0,3,2,0.182758620689655,0.506896551724138,0.175862068965517,0,0,0,1.10291616740574,5.16169739999168
7,1,1,0,1,1,20,15.75,35,30,0,0,0,3,2,0.657142857142857,0.2,0,0,0,0,1.37530450752088,0.915545299998485
7,1,1,0,1,1,47,16,100,5,0,0,0,3,2,0.323943661971831,0.323943661971831,0.26056338028169,0,0,0,3.99561302184943,2.69925219999277
7,1,1,0,1,1,3,15,85,14,0,0,0,3,2,0.411290322580645,0.185483870967742,0.201612903225806,0,0,0,3.98196143936426,2.40158980000706
7,1,1,0,1,1,10,19.5,10,125,0,0,0,3,2,0.388888888888889,0.333333333333333,0,0,0,0,2.04382219995607,0.632162400012021
7,1,1,0,1,1,2,7.5,75,25,0,0,0,3,2,0.620689655172414,0,0.103448275862069,0,0,0,3.04668317481608,0.812643199999002
7,1,1,0,1,1,38,15.5,40,215,0,0,0,3,2,0.666666666666667,0,0.2,0,0,0,1.96474035887555,0.831125800003065
7,1,1,0,1,1,84,11,50,110,0,0,0,3,2,0.65625,0.0625,0.28125,0,0,0,3.88327867050918,0.867918699994334
7,1,1,0,1,1,30,8,75,90,0,0,0,3,2,0.45,0.2,0.25,0,0,0,2.05291755082738,1.3370913000108
7,1,1,0,1,1,13,19.5,5,7,0,0,0,3,2,0,0,0,0,0,0,2.10273826845014,0.40977899999416
7,1,1,0,1,1,50,2.5,90,10,0,0,0,4,2,0.326530612244898,0.530612244897959,0.0612244897959184,0,0,0,4.59761281065363,1.15615209999669
7,1,1,0,1,1,63,5.5,70,40,0,0,0,4,2,0.369565217391304,0.318840579710145,0.195652173913043,0,0,0,1.94999930317016,2.63787690000026
7,1,1,0,1,1,37,14.5,5,175,0,0,0,4,2,0.328358208955224,0.537313432835821,0.119402985074627,0,0,0,0.355680780683205,1.44872879999457
7,1,1,0,1,1,5,20,85,15,0,0,0,4,2,0.366197183098592,0.253521126760563,0.197183098591549,0,0,0,5.97179580695058,2.70579950000683
7,1,1,0,1,1,27,5.25,50,120,0,0,0,4,2,0.146341463414634,0.182926829268293,0.414634146341463,0,0,0,1.05136913422507,1.68843890000426
7,1,1,0,1,1,78,8.25,20,5,0,0,0,4,2,0.354838709677419,0.258064516129032,0,0,0,0,2.27261357846147,1.36367029999383
7,1,1,0,1,1,39,17,35,15,0,0,0,4,2,0.3125,0.03125,0.46875,0,0,0,2.03016450733324,0.859116199993878
7,1,1,0,1,1,48,7,45,70,0,0,0,4,2,0.234042553191489,0.382978723404255,0.297872340425532,0,0,0,2.99619049254112,1.10989870000049
7,1,1,0,1,1,9,2,30,19,0,0,0,4,2,0.0769230769230769,0.243589743589744,0.423076923076923,0,0,0,0.243084851468424,1.62518509999791
7,1,1,0,1,1,64,19.5,65,45,0,0,0,4,2,0.359375,0.265625,0.203125,0,0,0,3.08091749136879,1.3905792000005
7,1,1,0,1,1,42,20,30,170,0,0,0,4,2,0.266666666666667,0.166666666666667,0.6,0,0,0,1.78526397583416,0.833726199998637
7,1,1,0,1,1,76,4,35,70,0,0,0,4,2,0.529411764705882,0.352941176470588,0,0,0,0,0.29361614378497,0.896577000006801
7,1,1,0,1,1,79,10,10,140,0,0,0,4,2,0.191489361702128,0.404255319148936,0.319148936170213,0,0,0,1.18348769960629,1.10725889999594
7,1,1,0,1,1,18,18.75,80,250,0,0,0,4,2,0.243243243243243,0.162162162162162,0.432432432432432,0,0,0,5.87999332895176,2.18533079999906
7,1,1,0,1,1,31,8.5,50,22,0,0,0,2,2,0.40625,0.229166666666667,0.197916666666667,0,0,0,2.95167235300866,1.92492869999842
7,1,1,0,1,1,54,9.25,40,4,0,0,0,2,2,0.128919860627178,0.0940766550522648,0.0592334494773519,0,0,0,1.16156486508705,5.11526770000637
7,1,1,0,1,1,22,20,90,165,0,0,0,2,2,0,0.375,0.53125,0,0,0,6.11439873532039,0.861172699995223
7,1,1,0,1,1,14,16.75,45,145,0,0,0,2,2,0.128205128205128,0.307692307692308,0.435897435897436,0,0,0,1.18348769960629,0.972689400005038
7,1,1,0,1,1,24,19,70,150,0,0,0,2,2,0.131147540983607,0.311475409836066,0.229508196721311,0,0,0,3.94863086577493,1.34693430000334
7,1,1,0,1,1,60,15,35,31,0,0,0,2,2,0.105263157894737,0.394736842105263,0.315789473684211,0,0,0,1.03741329748605,0.960765399999218
7,1,1,0,1,1,58,14,45,20,0,0,0,2,2,0.5,0,0,0,0,0,2.01718646696006,0.503291800006991
7,1,1,0,1,1,12,12,35,1,0,0,0,2,2,0.09375,0.1875,0.25,0,0,0,2.81759974863695,0.871877800003858
7,1,1,0,1,1,36,14,15,40,0,0,0,2,2,0.0714285714285714,0.357142857142857,0.142857142857143,0,0,0,0.917266390812525,0.795831900002668
7,1,1,0,1,1,45,13.5,55,65,0,0,0,2,2,0.205128205128205,0.435897435897436,0.230769230769231,0,0,0,1.03028908635559,0.981137099995976
7,1,1,0,1,1,21,6,95,55,0,0,0,2,2,0.379310344827586,0.327586206896552,0.206896551724138,0,0,0,2.22409366585444,1.28791150001052
7,1,1,0,1,1,57,10,50,95,0,0,0,2,2,0.142857142857143,0.4,0.228571428571429,0,0,0,2.59656812927578,0.913512099999934
7,1,1,0,1,1,56,12,90,210,0,0,0,2,2,0.178571428571429,0.321428571428571,0.410714285714286,0,0,0,4.05010257550903,1.2592439
7,1,1,0,1,1,59,2,80,110,0,0,0,2,2,0.146666666666667,0.306666666666667,0.24,0,0,0,0.656237901530055,1.58176159999857
7,1,1,0,1,1,17,3.25,85,205,0,0,0,5,2,0.267441860465116,0.197674418604651,0.267441860465116,0,0,0,0.549690240187253,1.76389950000157
7,1,1,0,1,1,35,13,70,30,0,0,0,5,2,0.297872340425532,0.148936170212766,0.542553191489362,0,0,0,0.9817828615978,1.89509069999622
7,1,1,0,1,1,15,17.25,25,55,0,0,0,5,2,0.378787878787879,0.212121212121212,0.227272727272727,0,0,0,1.75634267652088,1.42558239999926
7,1,1,0,1,1,7,16.75,65,75,0,0,0,5,2,0.411764705882353,0.313725490196078,0.196078431372549,0,0,0,1.00438697815057,1.17005299999437
7,1,1,0,1,1,16,16,65,95,0,0,0,5,2,0.297297297297297,0.27027027027027,0.297297297297297,0,0,0,1.16676296493404,0.951675000003888
7,1,1,0,1,1,66,10,90,80,0,0,0,5,2,0.425531914893617,0.25531914893617,0.234042553191489,0,0,0,3.00265182563859,1.11606810000376
7,1,1,0,1,1,61,15,75,225,0,0,0,5,2,0.0263157894736842,0.184210526315789,0.131578947368421,0,0,0,3.87144827562641,0.958107800004655
7,1,1,0,1,1,65,1.75,80,10,0,0,0,5,2,0.517241379310345,0.206896551724138,0.172413793103448,0,0,0,1.8711744012371,0.809534300002269
7,1,1,0,1,1,71,6,25,45,0,0,0,5,2,0.657142857142857,0.2,0.142857142857143,0,0,0,0.453957419997209,0.910707400005776
7,1,1,0,1,1,69,1.5,95,20,0,0,0,5,2,0.564516129032258,0.0483870967741935,0.338709677419355,0,0,0,0.5744950866256,1.35656790000212
7,1,1,0,1,1,25,9,60,160,0,0,0,5,2,0.208333333333333,0.15625,0.0416666666666667,0,0,0,1.6599656596505,1.93420879999758
7,1,1,0,1,1,53,14,90,60,0,0,0,5,2,0.362962962962963,0.0814814814814815,0.207407407407407,0,0,0,3.85322729305581,2.5840532000002
7,1,1,0,1,1,28,6,25,7,0,0,0,5,2,0.456521739130435,0.173913043478261,0.347826086956522,0,0,0,0.75570164710906,1.09271450000233
7,1,1,0,1,1,23,7.75,60,120,0,0,0,5,2,0.642857142857143,0.142857142857143,0.0714285714285714,0,0,0,2.24994416413019,0.800254399990081
7,1,1,0,1,1,77,12,75,25,0,0,0,6,2,0.207547169811321,0.264150943396226,0.113207547169811,0,0,0,2.8796299809408,1.22210910001013
7,1,1,0,1,1,4,8.5,20,90,0,0,0,6,2,0.194915254237288,0.254237288135593,0.152542372881356,0,0,0,0.847701144554417,2.30197499999485
7,1,1,0,1,1,51,1,40,3,0,0,0,6,2,0.267716535433071,0.188976377952756,0.338582677165354,0,0,0,0.337840808210185,2.45140350000293
7,1,1,0,1,1,32,9.5,30,170,0,0,0,6,2,0.32,0.266666666666667,0.293333333333333,0,0,0,1.50449519744111,1.57806369999889
7,1,1,0,1,1,11,18.25,70,55,0,0,0,6,2,0.24,0,0.2,0,0,0,2.09918217525538,0.748279599996749
7,1,1,0,1,1,83,17,80,200,0,0,0,6,2,0.357142857142857,0.183673469387755,0.408163265306122,0,0,0,4.01802830470264,1.96960669998953
7,1,1,0,1,1,75,6,85,45,0,0,0,6,2,0.292307692307692,0.2,0.230769230769231,0,0,0,0.724824984051686,1.41673050000099
7,1,1,0,1,1,33,11,65,190,0,0,0,6,2,0.158730158730159,0.227513227513228,0.291005291005291,0,0,0,1.69248390937615,3.4786904000066
7,1,1,0,1,1,73,5,70,14,0,0,0,6,2,0.257575757575758,0.348484848484849,0.242424242424242,0,0,0,2.02599020278749,3.61983479998889
7,1,1,0,1,1,74,7,40,120,0,0,0,6,2,0.739130434782609,0.130434782608696,0.0869565217391304,0,0,0,1.88260202768125,0.713354599996819
7,1,1,0,1,1,19,17.5,25,40,0,0,0,6,2,0.309859154929577,0.197183098591549,0.0845070422535211,0,0,0,1.1619908270219,1.5199183000077
7,1,1,0,1,1,62,10,95,135,0,0,0,6,2,0.181818181818182,0,0.454545454545455,0,0,0,2.51001806983408,0.517824999988079
7,1,1,0,1,1,44,5,40,65,0,0,0,6,2,0.34375,0.46875,0.1875,0,0,0,0.69818435274459,0.868266599994968
7,1,1,0,1,1,8,16,15,20,0,0,0,6,2,0.298245614035088,0.368421052631579,0.315789473684211,0,0,0,1.144982940974,1.27204860000347
7,2,2,0,1,0,23,7.75,60,0,0,0,0,5,4,0.259332023575639,0.243614931237721,0.149312377210216,0,0,0,1.75791823401079,8.81917990000511
7,2,2,0,1,0,59,2,80,0,0,0,0,5,4,0.347826086956522,0.16304347826087,0.33695652173913,0,0,0,0.704465749545545,1.86439659999451
7,2,2,0,1,0,67,8.5,50,0,0,0,0,5,4,0.308139534883721,0.180232558139535,0.174418604651163,0,0,0,1.83589194906094,3.19139639999776
7,2,2,0,1,0,29,7,20,0,0,0,0,5,4,0.416,0.112,0.224,0,0,0,1.02767665810933,2.41565540000738
7,2,2,0,1,0,11,18.25,70,0,0,0,0,5,4,0.6,0.0363636363636364,0.327272727272727,0,0,0,3.84981450143422,1.23999620000541
7,2,2,0,1,0,58,14,45,0,0,0,0,5,4,0.274193548387097,0.0645161290322581,0.129032258064516,0,0,0,1.57015182482681,1.36731049999071
7,2,2,0,1,0,72,6.5,90,0,0,0,0,5,4,0.233236151603499,0.399416909620991,0.0903790087463557,0,0,0,3.02629523845887,6.04697650000162
7,2,2,0,1,0,32,9.5,30,0,0,0,0,5,4,0.395348837209302,0,0.418604651162791,0,0,0,1.49952592008842,1.04667419999896
7,2,2,0,1,0,19,17.5,25,0,0,0,0,5,4,0.386363636363636,0.136363636363636,0,0,0,0,1.07547427356447,1.06986970000435
7,2,2,0,1,0,60,15,35,0,0,0,0,5,4,0.485714285714286,0.142857142857143,0.342857142857143,0,0,0,1.50324604522352,0.909562300003017
7,2,2,0,1,0,62,10,95,0,0,0,0,5,4,0.476190476190476,0.0476190476190476,0.357142857142857,0,0,0,3.51369413001651,1.02103699999861
7,2,2,0,1,0,63,5.5,70,0,0,0,0,5,4,0.342857142857143,0,0.285714285714286,0,0,0,2.37619199243649,0.916465300004347
7,2,2,0,1,0,6,19,20,0,0,0,0,5,4,0.625,0,0.125,0,0,0,1.07851693437108,0.727084400001331
7,2,2,0,1,0,42,20,30,0,0,0,0,5,4,0.440677966101695,0.23728813559322,0.271186440677966,0,0,0,1.81874140262104,1.31759359998978
7,2,2,0,1,0,17,3.25,85,0,0,0,0,2,4,0.346938775510204,0.346938775510204,0.204081632653061,0,0,0,0.989740604607739,1.14266569999745
7,2,2,0,1,0,15,17.25,25,0,0,0,0,2,4,0,0.555555555555556,0.305555555555556,0,0,0,1.2943564150948,0.927301699994132
7,2,2,0,1,0,38,15.5,40,0,0,0,0,2,4,0.108108108108108,0.459459459459459,0.297297297297297,0,0,0,1.71539070602149,0.945092499998282
7,2,2,0,1,0,25,9,60,0,0,0,0,2,4,0.166666666666667,0.476190476190476,0.214285714285714,0,0,0,1.84716423821833,1.03241299999354
7,2,2,0,1,0,13,19.5,5,0,0,0,0,2,4,0.128205128205128,0.487179487179487,0.307692307692308,0,0,0,0.433388193597985,0.983197800000198
7,2,2,0,1,0,73,5,70,0,0,0,0,2,4,0.0294117647058824,0.411764705882353,0.25,0,0,0,1.56916063099812,1.45811150000372
7,2,2,0,1,0,83,17,80,0,0,0,0,2,4,0,0.464285714285714,0.321428571428571,0,0,0,3.44763257378758,0.796689300012076
7,2,2,0,1,0,18,18.75,80,0,0,0,0,2,4,0.440677966101695,0.288135593220339,0,0,0,0,4.00828115495899,1.33057210000698
7,2,2,0,1,0,26,4,45,0,0,0,0,2,4,0.0975609756097561,0.48780487804878,0.317073170731707,0,0,0,0.753988497004318,1.01549950000481
7,2,2,0,1,0,40,18,15,0,0,0,0,2,4,0.0789473684210526,0.473684210526316,0.394736842105263,0,0,0,1.22538287456468,0.969459100000677
7,2,2,0,1,0,48,7,45,0,0,0,0,2,4,0.0289855072463768,0.260869565217391,0.0144927536231884,0,0,0,1.37945528380812,1.48223930000677
7,2,2,0,1,0,71,6,25,0,0,0,0,2,4,0.34375,0.578125,0.03125,0,0,0,1.08693411464525,1.38871050000307
7,2,2,0,1,0,70,3.5,40,0,0,0,0,2,4,0.255813953488372,0.372093023255814,0.255813953488372,0,0,0,1.08008530671187,1.03774319999502
7,2,2,0,1,0,5,20,85,0,0,0,0,2,4,0.184210526315789,0.552631578947368,0.131578947368421,0,0,0,4.1734212642399,0.970108499997878
7,2,2,0,1,0,77,12,75,0,0,0,0,4,4,0.257575757575758,0.340909090909091,0.0227272727272727,0,0,0,2.4811996484455,2.52249020000454
7,2,2,0,1,0,68,2.5,65,0,0,0,0,4,4,0.307692307692308,0.461538461538462,0.0769230769230769,0,0,0,0.854343510371571,0.977037400007248
7,2,2,0,1,0,14,16.75,45,0,0,0,0,4,4,0.363636363636364,0.327272727272727,0.309090909090909,0,0,0,2.02990165582899,1.23784840000735
7,2,2,0,1,0,57,10,50,0,0,0,0,4,4,0.18,0.4,0.1,0,0,0,2.46292731356472,1.16386659999262
7,2,2,0,1,0,7,16.75,65,0,0,0,0,4,4,0.113744075829384,0.0876777251184834,0.113744075829384,0,0,0,2.54130881604652,7.35175709999749
7,2,2,0,1,0,9,2,30,0,0,0,0,4,4,0.403846153846154,0.442307692307692,0,0,0,0,0.471207349032625,1.19334030000027
7,2,2,0,1,0,41,19,65,0,0,0,0,4,4,0.25,0.431818181818182,0.159090909090909,0,0,0,2.69765524175196,1.07269469999301
7,2,2,0,1,0,76,4,35,0,0,0,0,4,4,0.486486486486487,0.351351351351351,0.108108108108108,0,0,0,0.996232026666068,0.947864800007665
7,2,2,0,1,0,84,11,50,0,0,0,0,4,4,0.205128205128205,0.717948717948718,0.0256410256410256,0,0,0,3.00942861062224,0.976487699997961
7,2,2,0,1,0,79,10,10,0,0,0,0,4,4,0.527777777777778,0.361111111111111,0,0,0,0,1.05373135961709,0.931570500004455
7,2,2,0,1,0,8,16,15,0,0,0,0,4,4,0.166666666666667,0.166666666666667,0.722222222222222,0,0,0,2.52105099494683,0.635475100003532
7,2,2,0,1,0,54,9.25,40,0,0,0,0,4,4,0.266666666666667,0.0888888888888889,0.333333333333333,0,0,0,2.16908114176891,1.07732229999965
7,2,2,0,1,0,82,9.5,20,0,0,0,0,4,4,0.545454545454545,0.136363636363636,0.159090909090909,0,0,0,1.40612592543978,1.06387659999018
7,2,2,0,1,0,51,1,40,0,0,0,0,4,4,0.454545454545455,0.363636363636364,0.113636363636364,0,0,0,0.689271989076872,1.06803049999871
7,2,2,0,1,0,24,19,70,0,0,0,0,1,4,0,0.447368421052632,0.315789473684211,0,0,0,1.73746245399791,0.970266799995443
7,2,2,0,1,0,74,7,40,0,0,0,0,1,4,0,0.388888888888889,0.444444444444444,0,0,0,1.93242928979073,0.937831600007485
7,2,2,0,1,0,61,15,75,0,0,0,0,1,4,0.349593495934959,0.186991869918699,0.0813008130081301,0,0,0,4.1725092388672,2.37375860000611
7,2,2,0,1,0,45,13.5,55,0,0,0,0,1,4,0.241379310344828,0.405172413793103,0.21551724137931,0,0,0,1.77768643399405,2.2583641000092
7,2,2,0,1,0,81,14,55,0,0,0,0,1,4,0.24390243902439,0.195121951219512,0.390243902439024,0,0,0,2.02176508462657,1.00400139999692
7,2,2,0,1,0,20,15.75,35,0,0,0,0,1,4,0.307692307692308,0.320512820512821,0.243589743589744,0,0,0,1.35034950388621,1.63029529999767
7,2,2,0,1,0,56,12,90,0,0,0,0,1,4,0.0740740740740741,0.666666666666667,0.185185185185185,0,0,0,4.10795789679627,0.784769300007611
7,2,2,0,1,0,50,2.5,90,0,0,0,0,1,4,0.295454545454545,0.272727272727273,0.340909090909091,0,0,0,0.99167285580673,1.06259040000441
7,2,2,0,1,0,21,6,95,0,0,0,0,1,4,0,0.533333333333333,0.3,0,0,0,1.95991391890919,0.831459900000482
7,2,2,0,1,0,66,10,90,0,0,0,0,1,4,0.0857142857142857,0.428571428571429,0.4,0,0,0,2.99052963886356,0.918187999996007
7,2,2,0,1,0,22,20,90,0,0,0,0,1,4,0,0.228571428571429,0.4,0,0,0,4.42847836003574,0.913714800000889
7,2,2,0,1,0,52,18.5,10,0,0,0,0,1,4,0.157894736842105,0.394736842105263,0.342105263157895,0,0,0,0.981490516802111,0.953577299995231
7,2,2,0,1,0,44,5,40,0,0,0,0,1,4,0,0.46875,0.40625,0,0,0,1.01291767143232,0.855866400001105
7,2,2,0,1,0,30,8,75,0,0,0,0,1,4,0.0909090909090909,0.545454545454545,0.242424242424242,0,0,0,3.39437413105002,0.880967699995381
7,2,2,0,1,0,39,17,35,0,0,0,0,3,4,0.326086956521739,0.108695652173913,0.260869565217391,0,0,0,1.42205181225777,1.09799890000431
7,2,2,0,1,0,69,1.5,95,0,0,0,0,3,4,0.368421052631579,0.0526315789473684,0.342105263157895,0,0,0,1.04176341126402,0.965310899991891
7,2,2,0,1,0,46,2,55,0,0,0,0,3,4,0.444444444444444,0.148148148148148,0.296296296296296,0,0,0,0.996958512766266,0.78071550000459
7,2,2,0,1,0,27,5.25,50,0,0,0,0,3,4,0.592592592592593,0.111111111111111,0.185185185185185,0,0,0,1.15552517554981,0.782047600005171
7,2,2,0,1,0,78,8.25,20,0,0,0,0,3,4,0.481481481481481,0.185185185185185,0.185185185185185,0,0,0,1.05617018740514,0.787749299997813
7,2,2,0,1,0,55,16.5,25,0,0,0,0,3,4,0.791666666666667,0.0416666666666667,0,0,0,0,1.62938460982345,0.726883700001054
7,2,2,0,1,0,12,12,35,0,0,0,0,3,4,0.55,0.15,0,0,0,0,2.06990789559909,0.658854900000733
7,2,2,0,1,0,64,19.5,65,0,0,0,0,3,4,0.636363636363636,0.181818181818182,0,0,0,0,3.1800411906415,0.700888000006671
7,2,2,0,1,0,47,16,100,0,0,0,0,3,4,0.457142857142857,0.357142857142857,0.171428571428571,0,0,0,6.00230825749328,1.49470910000673
7,2,2,0,1,0,65,1.75,80,0,0,0,0,3,4,0.353846153846154,0.353846153846154,0.261538461538462,0,0,0,0.630142960050613,1.40800799999852
7,2,2,0,1,0,49,16,50,0,0,0,0,3,4,0.2,0.483333333333333,0.2,0,0,0,3.99356798570915,1.32661489999737
7,2,2,0,1,0,16,16,65,0,0,0,0,3,4,0.464285714285714,0.214285714285714,0.214285714285714,0,0,0,4.04868396733706,0.797471700003371
7,2,2,0,1,0,37,14.5,5,0,0,0,0,3,4,0.571428571428571,0.0714285714285714,0.214285714285714,0,0,0,1.03938909995913,0.794433599992772
7,2,2,0,1,0,31,8.5,50,0,0,0,0,3,4,0.608695652173913,0.0869565217391304,0.173913043478261,0,0,0,2.00671910402213,0.706079799987492
7,2,2,0,1,0,33,11,65,0,0,0,0,6,4,0.418803418803419,0.341880341880342,0.196581196581197,0,0,0,2.03927189531307,2.28052810000372
7,2,2,0,1,0,1,5,50,0,0,0,0,6,4,0.322033898305085,0.271186440677966,0.169491525423729,0,0,0,1.10953818170144,1.31896119999874
7,2,2,0,1,0,2,7.5,75,0,0,0,0,6,4,0.324675324675325,0.519480519480519,0,0,0,0,2.96432879304123,1.61500590000651
7,2,2,0,1,0,43,3,30,0,0,0,0,6,4,0.547619047619048,0.380952380952381,0.0952380952380952,0,0,0,0.77893974151409,1.03239480000047
7,2,2,0,1,0,10,19.5,10,0,0,0,0,6,4,0.311111111111111,0.333333333333333,0.0666666666666667,0,0,0,1.23125097074583,1.08369230000244
7,2,2,0,1,0,36,14,15,0,0,0,0,6,4,0.392857142857143,0.428571428571429,0,0,0,0,1.03028908635559,0.789751799995429
7,2,2,0,1,0,4,8.5,20,0,0,0,0,6,4,0.288888888888889,0.4,0.0666666666666667,0,0,0,1.00373666938081,1.07902070001001
7,2,2,0,1,0,80,8,45,0,0,0,0,6,4,0.375,0.416666666666667,0,0,0,0,1.45433772741867,0.733791500009829
7,2,2,0,1,0,53,14,90,0,0,0,0,6,4,0.333333333333333,0.263157894736842,0.333333333333333,0,0,0,4.15286749950535,1.27206560000195
7,2,2,0,1,0,75,6,85,0,0,0,0,6,4,0.435483870967742,0.274193548387097,0.274193548387097,0,0,0,3.02290862175008,1.36983270000201
7,2,2,0,1,0,28,6,25,0,0,0,0,6,4,0.435897435897436,0.435897435897436,0.0512820512820513,0,0,0,0.927861392481265,0.977640999990399
7,2,2,0,1,0,34,12,15,0,0,0,0,6,4,0.333333333333333,0.592592592592593,0.148148148148148,0,0,0,1.07963175753168,0.77994100000069
7,2,2,0,1,0,3,15,85,0,0,0,0,6,4,0.555555555555556,0.277777777777778,0,0,0,0,3.42549664385842,0.92291860000114
7,2,2,0,1,0,35,13,70,0,0,0,0,6,4,0.324324324324324,0.324324324324324,0.0540540540540541,0,0,0,3.17200259070513,0.937446099997032
7,3,2,0,0,1,39,17,100,15,0,0,0,4,6,0.32994923857868,0.299492385786802,0.16751269035533,0,0,0,4.96130018659347,6.88819409999996
7,3,2,0,0,1,78,8.25,100,5,0,0,0,4,6,0.199074074074074,0.125,0.24537037037037,0,0,0,2.56436222155065,3.9347305999836
7,3,2,0,0,1,53,14,100,60,0,0,0,4,6,0.158730158730159,0.238095238095238,0.507936507936508,0,0,0,5.71589928201482,1.38566309999442
7,3,2,0,0,1,81,14,100,5,0,0,0,4,6,0.187096774193548,0.187096774193548,0.316129032258064,0,0,0,4.95919159918466,2.91621469997335
7,3,2,0,0,1,34,12,100,85,0,0,0,4,6,0.258064516129032,0.274193548387097,0,0,0,0,3.9569180229316,1.35860550001962
7,3,2,0,0,1,75,6,100,45,0,0,0,4,6,0.5,0.125,0.275,0,0,0,0.525659847086583,1.0129375999677
7,3,2,0,0,1,60,15,100,31,0,0,0,4,6,0.428571428571429,0.428571428571429,0,0,0,0,3.09604853077126,0.801317000004929
7,3,2,0,0,1,79,10,100,140,0,0,0,4,6,0.27027027027027,0.513513513513513,0,0,0,0,2.68010923549362,0.939422200026456
7,3,2,0,0,1,23,7.75,100,120,0,0,0,4,6,0.307692307692308,0.269230769230769,0.179487179487179,0,0,0,1.59723172505408,1.62610839999979
7,3,2,0,0,1,61,15,100,225,0,0,0,4,6,0.382352941176471,0.176470588235294,0.323529411764706,0,0,0,4.95892832646144,0.897075299988501
7,3,2,0,0,1,18,18.75,100,250,0,0,0,4,6,0.32258064516129,0.548387096774194,0,0,0,0,5.78263109644787,0.855917700042482
7,3,2,0,0,1,52,18.5,100,85,0,0,0,4,6,0.205128205128205,0.461538461538462,0.179487179487179,0,0,0,6.51587941955445,0.983627300010994
7,3,2,0,0,1,41,19,100,245,0,0,0,4,6,0.285714285714286,0.571428571428571,0,0,0,0,7.47339802406333,0.790830700017978
7,3,2,0,0,1,25,9,100,160,0,0,0,4,6,0.4,0.48,0,0,0,0,0.728549610907045,0.75067370000761
7,3,2,0,0,1,64,19.5,100,45,0,0,0,1,6,0.207547169811321,0.207547169811321,0.433962264150943,0,0,0,5.00960210089906,1.20904119999614
7,3,2,0,0,1,37,14.5,100,175,0,0,0,1,6,0.0952380952380952,0.261904761904762,0.30952380952381,0,0,0,3.22416170429548,1.02333140000701
7,3,2,0,0,1,11,18.25,100,55,0,0,0,1,6,0.319148936170213,0.25531914893617,0.319148936170213,0,0,0,5.85401781654126,1.11220089998096
7,3,2,0,0,1,83,17,100,200,0,0,0,1,6,0.448275862068966,0.413793103448276,0.0344827586206897,0,0,0,5.93520439224964,0.806759300001431
7,3,2,0,0,1,5,20,100,15,0,0,0,1,6,0.263157894736842,0.526315789473684,0,0,0,0,7.30336246447074,0.65214439999545
7,3,2,0,0,1,29,7,100,55,0,0,0,1,6,0.285714285714286,0.571428571428571,0,0,0,0,1.94580623972587,0.796401599945966
7,3,2,0,0,1,69,1.5,100,20,0,0,0,1,6,0.354838709677419,0.354838709677419,0.193548387096774,0,0,0,0.476572592091003,0.846368400030769
7,3,2,0,0,1,51,1,100,3,0,0,0,1,6,0.192307692307692,0.615384615384615,0,0,0,0,0.543925629631168,0.765329999965616
7,3,2,0,0,1,68,2.5,100,25,0,0,0,1,6,0.269230769230769,0.538461538461538,0,0,0,0,0.874575770759002,0.765225899987854
7,3,2,0,0,1,48,7,100,70,0,0,0,1,6,0.230769230769231,0.461538461538462,0.0769230769230769,0,0,0,1.79565111713277,0.551955399976578
7,3,2,0,0,1,15,17.25,100,55,0,0,0,1,6,0.6875,0,0,0,0,0,5.48401063447366,0.591426800005138
7,3,2,0,0,1,36,14,100,40,0,0,0,1,6,0.375,0,0,0,0,0,3.96374446953968,0.466610900009982
7,3,2,0,0,1,19,17.5,100,40,0,0,0,1,6,0.583333333333333,0,0,0,0,0,6.12248763628309,0.53758539998671
7,3,2,0,0,1,35,13,100,30,0,0,0,1,6,0.6,0.133333333333333,0,0,0,0,2.81008159912758,0.57544450002024
7,3,2,0,0,1,14,16.75,100,145,0,0,0,6,6,0.318181818181818,0.409090909090909,0.181818181818182,0,0,0,4.37665662685338,1.06884039996658
7,3,2,0,0,1,77,12,100,25,0,0,0,6,6,0.5,0.3,0.1,0,0,0,3.27233062555016,0.836300600029062
7,3,2,0,0,1,57,10,100,95,0,0,0,6,6,0.435897435897436,0.333333333333333,0.102564102564103,0,0,0,2.47681160635798,0.976214899972547
7,3,2,0,0,1,82,9.5,100,25,0,0,0,6,6,0.516129032258065,0,0.129032258064516,0,0,0,1.30872763541489,0.84337910002796
7,3,2,0,0,1,66,10,100,80,0,0,0,6,6,0.482758620689655,0.344827586206897,0.0689655172413793,0,0,0,2.21665818241357,0.817713199998252
7,3,2,0,0,1,42,20,100,170,0,0,0,6,6,0.518518518518518,0.037037037037037,0,0,0,0,7.18240025136305,0.773050900024828
7,3,2,0,0,1,21,6,100,55,0,0,0,6,6,0.454545454545455,0.363636363636364,0,0,0,0,1.37229536523982,0.698424600006547
7,3,2,0,0,1,22,20,100,165,0,0,0,6,6,0.12,0.26,0.34,0,0,0,7.902253321022,1.16387029999169
7,3,2,0,0,1,67,8.5,100,105,0,0,0,6,6,0.647058823529412,0.382352941176471,0,0,0,0,1.9667141987408,0.897937199973967
7,3,2,0,0,1,3,15,100,14,0,0,0,6,6,0.76,0.04,0,0,0,0,4.53303561069785,0.747958100051619
7,3,2,0,0,1,27,5.25,100,120,0,0,0,6,6,0.222222222222222,0.0740740740740741,0.111111111111111,0,0,0,1.09682411402733,0.782248999981675
7,3,2,0,0,1,8,16,100,20,0,0,0,6,6,0.6,0,0.15,0,0,0,6.20873386294251,0.669174299982842
7,3,2,0,0,1,13,19.5,100,7,0,0,0,6,6,0.608695652173913,0.173913043478261,0,0,0,0,6.77694816802943,0.715719800035004
7,3,2,0,0,1,43,3,100,0,0,0,0,6,6,0.407407407407407,0.296296296296296,0,0,0,0,0.452917361564428,0.788368000008631
7,3,2,0,0,1,58,14,100,20,0,0,0,2,6,0.0895522388059701,0.313432835820896,0.238805970149254,0,0,0,3.83718461904437,1.4432885000133
7,3,2,0,0,1,55,16.5,100,155,0,0,0,2,6,0.772727272727273,0,0,0,0,0,5.21538908548744,0.694284100027289
7,3,2,0,0,1,16,16,100,95,0,0,0,2,6,0.6875,0,0,0,0,0,4.45798258291199,0.594654100015759
7,3,2,0,0,1,50,2.5,100,10,0,0,0,2,6,0.25,0.5,0,0,0,0,0.649165474021292,0.65717710001627
7,3,2,0,0,1,33,11,100,190,0,0,0,2,6,0.705882352941177,0,0,0,0,0,2.41184313978264,0.605257500021253
7,3,2,0,0,1,49,16,100,20,0,0,0,2,6,0.533333333333333,0,0,0,0,0,6.084338050879,0.573799200006761
7,3,2,0,0,1,63,5.5,100,40,0,0,0,2,6,0.615384615384615,0,0,0,0,0,0.901390085960948,0.553699499985669
7,3,2,0,0,1,44,5,100,65,0,0,0,2,6,0.0681818181818182,0.0909090909090909,0.659090909090909,0,0,0,0.886050519910871,1.06996870000148
7,3,2,0,0,1,74,7,100,120,0,0,0,2,6,0.275510204081633,0.0816326530612245,0.142857142857143,0,0,0,2.95167235300866,1.96709920000285
7,3,2,0,0,1,84,11,100,110,0,0,0,2,6,0.101694915254237,0.169491525423729,0.372881355932203,0,0,0,2.36799145169659,1.32167019997723
7,3,2,0,0,1,2,7.5,100,25,0,0,0,2,6,0.5,0.0483870967741935,0.274193548387097,0,0,0,2.60534028643976,1.36049230000935
7,3,2,0,0,1,72,6.5,100,60,0,0,0,2,6,0.1,0,0,0,0,0,1.90667685028366,0.667867899988778
7,3,2,0,0,1,45,13.5,100,65,0,0,0,2,6,0.6,0,0,0,0,0,4.33127393237985,0.580865799973253
7,3,2,0,0,1,30,8,100,90,0,0,0,2,6,0.384615384615385,0,0,0,0,0,1.44163735897485,0.541913799999747
7,3,2,0,0,1,1,5,100,0,0,0,0,5,6,0.714285714285714,0.178571428571429,0.25,0,0,0,0.61913308932931,0.800114400044549
7,3,2,0,0,1,70,3.5,100,3,0,0,0,5,6,0.25,0.0416666666666667,0,0,0,0,0.686750597962138,0.729188399971463
7,3,2,0,0,1,56,12,100,210,0,0,0,5,6,0.28125,0.09375,0.125,0,0,0,6.01934458128081,0.864527800003998
7,3,2,0,0,1,59,2,100,110,0,0,0,5,6,0.542857142857143,0.0857142857142857,0.285714285714286,0,0,0,0.775673045203312,0.920517499966081
7,3,2,0,0,1,7,16.75,100,75,0,0,0,5,6,0.769230769230769,0,0,0,0,0,7.02861811948775,0.769814600003883
7,3,2,0,0,1,20,15.75,100,30,0,0,0,5,6,0.684210526315789,0,0,0,0,0,5.668204424511,0.651552699971944
7,3,2,0,0,1,12,12,100,1,0,0,0,5,6,0.224719101123595,0.561797752808989,0,0,0,0,5.26510489226542,1.81384179997258
7,3,2,0,0,1,40,18,100,110,0,0,0,5,6,0.423076923076923,0,0,0,0,0,8.22633412397228,0.763655800023116
7,3,2,0,0,1,54,9.25,100,4,0,0,0,5,6,0.518518518518518,0,0,0,0,0,2.04832764699134,0.777485400030855
7,3,2,0,0,1,4,8.5,100,90,0,0,0,5,6,0.142857142857143,0,0,0,0,0,1.74192516936104,0.566845099965576
7,3,2,0,0,1,80,8,100,125,0,0,0,5,6,0.666666666666667,0,0,0,0,0,1.78152896638638,0.586669099982828
7,3,2,0,0,1,9,2,100,19,0,0,0,5,6,0.695652173913043,0,0.130434782608696,0,0,0,0.257368817328864,0.71764309995342
7,3,2,0,0,1,32,9.5,100,170,0,0,0,5,6,0.676470588235294,0,0,0,0,0,2.32952353783971,0.893285700003617
7,3,2,0,0,1,76,4,100,70,0,0,0,5,6,0.558823529411765,0.117647058823529,0.205882352941176,0,0,0,0.933707898951205,0.901328500011005
7,3,2,0,0,1,6,19,100,175,0,0,0,3,6,0.377777777777778,0.177777777777778,0.533333333333333,0,0,0,9.24257743695257,1.08962500002235
7,3,2,0,0,1,71,6,100,45,0,0,0,3,6,0.468085106382979,0.0638297872340425,0.425531914893617,0,0,0,0.816474026512608,1.10619800002314
7,3,2,0,0,1,38,15.5,100,215,0,0,0,3,6,0.464285714285714,0,0.392857142857143,0,0,0,7.63883272142964,0.793382100004237
7,3,2,0,0,1,31,8.5,100,22,0,0,0,3,6,0.433333333333333,0,0.133333333333333,0,0,0,1.99081665391145,0.832149700028822
7,3,2,0,0,1,62,10,100,135,0,0,0,3,6,0.14,0.3,0.3,0,0,0,3.45256197467518,1.16306500002975
7,3,2,0,0,1,24,19,100,150,0,0,0,3,6,0.615384615384615,0,0.192307692307692,0,0,0,9.01946842121011,0.763899500016123
7,3,2,0,0,1,28,6,100,7,0,0,0,3,6,0.782608695652174,0,0.0434782608695652,0,0,0,0.905370222246685,0.707675799960271
7,3,2,0,0,1,47,16,100,5,0,0,0,3,6,0.827586206896552,0,0,0,0,0,5.85460403395561,0.810187600029167
7,3,2,0,0,1,26,4,100,50,0,0,0,3,6,0,0,0.5,0,0,0,1.20154194595833,0.503182200016454
7,3,2,0,0,1,65,1.75,100,10,0,0,0,3,6,0.666666666666667,0,0,0,0,0,0.458033090198182,0.725431900005788
7,3,2,0,0,1,17,3.25,100,205,0,0,0,3,6,0.208333333333333,0,0.625,0,0,0,1.2394066376587,0.729835799953435
7,3,2,0,0,1,73,5,100,14,0,0,0,3,6,0.421052631578947,0,0.421052631578947,0,0,0,1.80497975374875,0.642348400026094
7,3,2,0,0,1,10,19.5,100,125,0,0,0,3,6,0.666666666666667,0,0,0,0,0,9.43205805831258,0.582022800052073
7,3,2,0,0,1,46,2,100,70,0,0,0,3,6,0.222222222222222,0,0.333333333333333,0,0,0,0.818797002482761,0.773082000028808
8,1,2,0,0,1,23,7.75,100,120,0,0,0,3,6,0.250965250965251,0.19980694980695,0.185328185328185,0,0,0,0.0147365424835719,17.5842880999999
8,1,2,0,0,1,33,11,100,190,0,0,0,3,6,0.179133858267717,0.260826771653543,0.128937007874016,0,0,0,0.014634911515401,17.2487355000003
8,1,2,0,0,1,60,15,100,31,0,0,0,3,6,0.16930775646372,0.142618849040867,0.125938281901585,0,0,0,0.0145679327496886,20.3033234000004
8,1,2,0,0,1,69,1.5,100,20,0,0,0,3,6,0.143724696356275,0.0910931174089069,0.129554655870445,0,0,0,0.0146686323904603,16.7820687000003
8,1,2,0,0,1,4,8.5,100,90,0,0,0,3,6,0.116575591985428,0.10200364298725,0.165755919854281,0,0,0,0.0147365424835719,9.47440470000038
8,1,2,0,0,1,63,5.5,100,40,0,0,0,3,6,0.228070175438596,0.201754385964912,0.182456140350877,0,0,0,0.0144357977602674,9.89573159999964
8,1,2,0,0,1,15,17.25,100,55,0,0,0,3,6,0.128930817610063,0.0660377358490566,0.128930817610063,0,0,0,0.0146686323904603,5.63087580000047
8,1,2,0,0,1,31,8.5,100,22,0,0,0,3,6,0.19811320754717,0.160377358490566,0.0849056603773585,0,0,0,0.0144686062786938,2.10111760000018
8,1,2,0,0,1,17,3.25,100,205,0,0,0,3,6,0.435051546391753,0.191752577319588,0.17319587628866,0,0,0,0.307576610325771,8.40693009999995
8,1,2,0,0,1,77,12,100,25,0,0,0,3,6,0.139896373056995,0.0673575129533679,0.0811744386873921,0,0,0,0.0146686323904603,9.97416619999967
8,1,2,0,0,1,79,10,100,140,0,0,0,3,6,0.213414634146341,0.0914634146341463,0.24390243902439,0,0,0,0.0147025090193118,3.08620229999997
8,1,2,0,0,1,45,13.5,100,65,0,0,0,3,6,0.170454545454545,0.409090909090909,0.272727272727273,0,0,0,0.0146013453224398,1.80054960000052
8,1,2,0,0,1,21,6,100,55,0,0,0,3,6,0.129973474801061,0.129973474801061,0.0795755968169761,0,0,0,0.0147025090193118,6.60626389999925
8,1,2,0,0,1,37,14.5,100,175,0,0,0,3,6,0.233333333333333,0.277777777777778,0.155555555555556,0,0,0,0.0145015642656752,1.83396429999993
8,1,2,0,0,1,7,16.75,100,75,0,0,0,6,6,0.166666666666667,0.377450980392157,0.191176470588235,0,0,0,0.0147365424835719,3.73570030000064
8,1,2,0,0,1,32,9.5,100,170,0,0,0,6,6,0.151785714285714,0.366071428571429,0.169642857142857,0,0,0,0.0147025090193118,2.20051700000022
8,1,2,0,0,1,6,19,100,175,0,0,0,6,6,0.28735632183908,0.149425287356322,0.0689655172413793,0,0,0,0.014634911515401,1.78312890000052
8,1,2,0,0,1,66,10,100,80,0,0,0,6,6,0.256830601092896,0.327868852459016,0.185792349726776,0,0,0,0.0147025090193118,3.38391129999945
8,1,2,0,0,1,75,6,100,45,0,0,0,6,6,0.265060240963855,0.120481927710843,0.204819277108434,0,0,0,0.0147025090193118,1.71757119999984
8,1,2,0,0,1,34,12,100,85,0,0,0,6,6,0.345238095238095,0.214285714285714,0.5,0,0,0,0.0147365424835719,1.73294530000021
8,1,2,0,0,1,19,17.5,100,40,0,0,0,6,6,0.197505197505198,0.384615384615385,0.16008316008316,0,0,0,0.0146013453224398,8.34018259999993
8,1,2,0,0,1,25,9,100,160,0,0,0,6,6,0.363636363636364,0.376623376623377,0.155844155844156,0,0,0,0.0145346727449684,1.61818240000048
8,1,2,0,0,1,12,12,100,1,0,0,0,6,6,0.142322097378277,0.344569288389513,0.149812734082397,0,0,0,0.0147025090193118,4.76979239999946
8,1,2,0,0,1,35,13,100,30,0,0,0,6,6,0.565656565656566,0.171717171717172,0.0808080808080808,0,0,0,0.0145346727449684,1.98353240000051
8,1,2,0,0,1,61,15,100,225,0,0,0,6,6,0.207017543859649,0.0982456140350877,0.389473684210526,0,0,0,0.0147025090193118,5.07131000000027
8,1,2,0,0,1,20,15.75,100,30,0,0,0,6,6,0.279661016949153,0.516949152542373,0.220338983050847,0,0,0,0.0146686323904603,2.2856953999999
8,1,2,0,0,1,50,2.5,100,10,0,0,0,6,6,0.348571428571429,0.377142857142857,0.16,0,0,0,0.0144686062786938,3.23528230000011
8,1,2,0,0,1,40,18,100,110,0,0,0,6,6,0.368421052631579,0.315789473684211,0.263157894736842,0,0,0,0.0147365424835719,1.60041629999978
8,1,2,0,0,1,44,5,100,65,0,0,0,1,6,0.115384615384615,0.230769230769231,0.320512820512821,0,0,0,0.0147365424835719,1.63173989999996
8,1,2,0,0,1,83,17,100,200,0,0,0,1,6,0.315315315315315,0.414414414414414,0.243243243243243,0,0,0,0.0145015642656752,2.18330340000011
8,1,2,0,0,1,59,2,100,110,0,0,0,1,6,0.555555555555556,0.170940170940171,0.273504273504274,0,0,0,0.0145679327496886,2.2844982000006
8,1,2,0,0,1,52,18.5,100,85,0,0,0,1,6,0.389830508474576,0.169491525423729,0.338983050847458,0,0,0,0.0145679327496886,1.31484769999952
8,1,2,0,0,1,48,7,100,70,0,0,0,1,6,0.211538461538462,0.280769230769231,0.284615384615385,0,0,0,0.014634911515401,4.65365810000003
8,1,2,0,0,1,62,10,100,135,0,0,0,1,6,0.4375,0,0.109375,0,0,0,0.0146686323904603,1.43355650000012
8,1,2,0,0,1,70,3.5,100,3,0,0,0,1,6,0.339887640449438,0.23876404494382,0.224719101123595,0,0,0,0.0144031376959184,6.26160479999999
8,1,2,0,0,1,3,15,100,14,0,0,0,1,6,0.248953974895398,0.0460251046025105,0.161087866108787,0,0,0,0.0147365424835719,8.28992689999905
8,1,2,0,0,1,80,8,100,125,0,0,0,1,6,0.313432835820896,0.26865671641791,0.328358208955224,0,0,0,0.0146013453224398,1.44980470000155
8,1,2,0,0,1,28,6,100,7,0,0,0,1,6,0.155797101449275,0.201086956521739,0.206521739130435,0,0,0,0.0145346727449684,9.52534320000086
8,1,2,0,0,1,74,7,100,120,0,0,0,1,6,0.27,0.15,0.24,0,0,0,0.0145679327496886,2.00031300000046
8,1,2,0,0,1,56,12,100,210,0,0,0,1,6,0.225806451612903,0.376344086021505,0.204301075268817,0,0,0,0.0144357977602674,1.88296790000095
8,1,2,0,0,1,29,7,100,55,0,0,0,1,6,0.337016574585635,0.441988950276243,0.408839779005525,0,0,0,0.0145015642656752,3.33591270000034
8,1,2,0,0,1,43,3,100,0,0,0,0,1,6,0.247706422018349,0.26605504587156,0.143730886850153,0,0,0,0.0145015642656752,5.77132510000047
8,1,2,0,0,1,51,1,100,3,0,0,0,4,6,0.0766129032258065,0.560483870967742,0.245967741935484,0,0,0,0.0145679327496886,4.45366840000133
8,1,2,0,0,1,71,6,100,45,0,0,0,4,6,0.185185185185185,0.607407407407407,0.192592592592593,0,0,0,0.0147025090193118,2.58471569999892
8,1,2,0,0,1,64,19.5,100,45,0,0,0,4,6,0.263565891472868,0.51937984496124,0,0,0,0,0.014634911515401,2.48436369999945
8,1,2,0,0,1,76,4,100,70,0,0,0,4,6,0.103703703703704,0.392592592592593,0.103703703703704,0,0,0,0.0145679327496886,2.58354750000035
8,1,2,0,0,1,11,18.25,100,55,0,0,0,4,6,0.518518518518518,0.197530864197531,0,0,0,0,0.0147365424835719,1.68439639999997
8,1,2,0,0,1,27,5.25,100,120,0,0,0,4,6,0.192926045016077,0.202572347266881,0.0996784565916399,0,0,0,0.0145346727449684,5.50453639999978
8,1,2,0,0,1,58,14,100,20,0,0,0,4,6,0.236559139784946,0.150537634408602,0.225806451612903,0,0,0,0.0145015642656752,1.88410780000049
8,1,2,0,0,1,84,11,100,110,0,0,0,4,6,0.153846153846154,0.494505494505495,0.21978021978022,0,0,0,0.0142102391754371,3.36856660000012
8,1,2,0,0,1,5,20,100,15,0,0,0,4,6,0.50561797752809,0.348314606741573,0.0617977528089888,0,0,0,0.014634911515401,3.30289249999987
8,1,2,0,0,1,26,4,100,50,0,0,0,4,6,0.256544502617801,0.361256544502618,0.146596858638743,0,0,0,0.0145015642656752,3.51790260000053
8,1,2,0,0,1,39,17,100,15,0,0,0,4,6,0.32,0.12,0.42,0,0,0,0.0146686323904603,1.16604790000019
8,1,2,0,0,1,41,19,100,245,0,0,0,4,6,0.333333333333333,0.298245614035088,0.263157894736842,0,0,0,0.014634911515401,1.28255379999973
8,1,2,0,0,1,36,14,100,40,0,0,0,4,6,0.25,0.147058823529412,0.308823529411765,0,0,0,0.0147365424835719,1.46786340000108
8,1,2,0,0,1,38,15.5,100,215,0,0,0,4,6,0.287878787878788,0.227272727272727,0.348484848484849,0,0,0,0.0146686323904603,1.43418469999961
8,1,2,0,0,1,78,8.25,100,5,0,0,0,5,6,0.149674620390456,0.0650759219088937,0.177874186550976,0,0,0,0.0146013453224398,8.00583460000053
8,1,2,0,0,1,82,9.5,100,25,0,0,0,5,6,0.204301075268817,0.043010752688172,0.118279569892473,0,0,0,0.0147025090193118,1.87382199999956
8,1,2,0,0,1,49,16,100,20,0,0,0,5,6,0.305785123966942,0.301652892561983,0.301652892561983,0,0,0,0.0145015642656752,4.35371330000089
8,1,2,0,0,1,65,1.75,100,10,0,0,0,5,6,0.282051282051282,0.241025641025641,0.225641025641026,0,0,0,0.0147025090193118,3.56980970000041
8,1,2,0,0,1,18,18.75,100,250,0,0,0,5,6,0.254237288135593,0.415254237288136,0.127118644067797,0,0,0,0.0147365424835719,2.30095110000002
8,1,2,0,0,1,55,16.5,100,155,0,0,0,5,6,0.381818181818182,0.236363636363636,0.118181818181818,0,0,0,0.0147025090193118,2.16722060000029
8,1,2,0,0,1,1,5,100,0,0,0,0,5,6,0.276923076923077,0.146153846153846,0.215384615384615,0,0,0,0.0145015642656752,2.50045730000056
8,1,2,0,0,1,47,16,100,5,0,0,0,5,6,0.130681818181818,0.210227272727273,0.0852272727272727,0,0,0,0.0146686323904603,3.25317449999966
8,1,2,0,0,1,8,16,100,20,0,0,0,5,6,0.382022471910112,0.348314606741573,0.123595505617978,0,0,0,0.0145679327496886,1.81731589999981
8,1,2,0,0,1,81,14,100,5,0,0,0,5,6,0.188235294117647,0.552941176470588,0.117647058823529,0,0,0,0.0142102391754371,1.75221380000039
8,1,2,0,0,1,42,20,100,170,0,0,0,5,6,0.147887323943662,0.563380281690141,0.126760563380282,0,0,0,0.0147365424835719,2.70008109999981
8,1,2,0,0,1,46,2,100,70,0,0,0,5,6,0.352112676056338,0.225352112676056,0.352112676056338,0,0,0,0.0145679327496886,1.51209150000068
8,1,2,0,0,1,57,10,100,95,0,0,0,5,6,0.242990654205607,0.467289719626168,0.168224299065421,0,0,0,0.014634911515401,2.10203630000069
8,1,2,0,0,1,10,19.5,100,125,0,0,0,5,6,0.241379310344828,0.385057471264368,0.206896551724138,0,0,0,0.0145679327496886,3.21986450000077
8,1,2,0,0,1,30,8,100,90,0,0,0,2,6,0.235632183908046,0.408045977011494,0.172413793103448,0,0,0,0.0146013453224398,3.21791339999982
8,1,2,0,0,1,9,2,100,19,0,0,0,2,6,0.256944444444444,0.381944444444444,0.243055555555556,0,0,0,0.0140533937808094,2.71956429999955
8,1,2,0,0,1,73,5,100,14,0,0,0,2,6,0.182926829268293,0.292682926829268,0.268292682926829,0,0,0,0.014634911515401,1.70077450000099
8,1,2,0,0,1,67,8.5,100,105,0,0,0,2,6,0.176923076923077,0.223076923076923,0.315384615384615,0,0,0,0.0145679327496886,2.50194980000015
8,1,2,0,0,1,53,14,100,60,0,0,0,2,6,0.295774647887324,0.309859154929577,0.154929577464789,0,0,0,0.0146013453224398,1.5157593999993
8,1,2,0,0,1,24,19,100,150,0,0,0,2,6,0.326530612244898,0.408163265306122,0.112244897959184,0,0,0,0.0146013453224398,1.95127339999999
8,1,2,0,0,1,54,9.25,100,4,0,0,0,2,6,0.351351351351351,0.0945945945945946,0.5,0,0,0,0.0145346727449684,1.56768540000121
8,1,2,0,0,1,72,6.5,100,60,0,0,0,2,6,0.396551724137931,0.362068965517241,0.172413793103448,0,0,0,0.0145346727449684,1.28533099999913
8,1,2,0,0,1,2,7.5,100,25,0,0,0,2,6,0.452991452991453,0.273504273504274,0.153846153846154,0,0,0,0.014634911515401,2.28402769999957
8,1,2,0,0,1,68,2.5,100,25,0,0,0,2,6,0.222222222222222,0.238095238095238,0.261904761904762,0,0,0,0.014634911515401,2.43412610000087
8,1,2,0,0,1,16,16,100,95,0,0,0,2,6,0.1,0.566666666666667,0,0,0,0,0,1.83377380000093
8,1,2,0,0,1,13,19.5,100,7,0,0,0,2,6,0.213333333333333,0.177777777777778,0.0844444444444444,0,0,0,0.0147025090193118,4.07018840000092
8,1,2,0,0,1,14,16.75,100,145,0,0,0,2,6,0.278260869565217,0.295652173913043,0.269565217391304,0,0,0,0.014178590640622,2.25151600000027
8,1,2,0,0,1,22,20,100,165,0,0,0,2,6,0.269565217391304,0.356521739130435,0.347826086956522,0,0,0,0.0145346727449684,2.23757879999903
8,2,2,0,1,1,80,8,45,125,0,0,0,4,2,0.283333333333333,0.183333333333333,0.158333333333333,0,0,0,2.00219658686413,12.323172000004
8,2,2,0,1,1,79,10,10,140,0,0,0,4,2,0.450606585788561,0.233968804159445,0.23050259965338,0,0,0,2.02976735636013,9.93507119989954
8,2,2,0,1,1,47,16,100,5,0,0,0,4,2,0.401408450704225,0.147887323943662,0.422535211267606,0,0,0,4.0084457284854,5.06787420017645
8,2,2,0,1,1,4,8.5,20,90,0,0,0,4,2,0.535483870967742,0.032258064516129,0.387096774193548,0,0,0,1.9655349456796,2.91450530011207
8,2,2,0,1,1,21,6,95,55,0,0,0,4,2,0.359447004608295,0.135944700460829,0.324884792626728,0,0,0,3.01696439925755,7.56524279993027
8,2,2,0,1,1,12,12,35,1,0,0,0,4,2,0.279279279279279,0.036036036036036,0.504504504504504,0,0,0,3.01696439925755,2.16943409992382
8,2,2,0,1,1,68,2.5,65,25,0,0,0,4,2,0.26027397260274,0.306849315068493,0.326027397260274,0,0,0,1.00537839182461,6.41116559994407
8,2,2,0,1,1,9,2,30,19,0,0,0,4,2,0.311855670103093,0.260309278350515,0.420103092783505,0,0,0,0.190197575450288,6.79792619985528
8,2,2,0,1,1,37,14.5,5,175,0,0,0,4,2,0.357988165680473,0.284023668639053,0.301775147928994,0,0,0,2.02976735636013,5.95278009981848
8,2,2,0,1,1,8,16,15,20,0,0,0,4,2,0.166666666666667,0.3,0.406666666666667,0,0,0,3.99881005035359,2.82572140009142
8,2,2,0,1,1,11,18.25,70,55,0,0,0,4,2,0.335640138408304,0.28719723183391,0.183391003460208,0,0,0,5.04120458786978,5.14999719988555
8,2,2,0,1,1,41,19,65,245,0,0,0,4,2,0.233974358974359,0.144230769230769,0.342948717948718,0,0,0,4.94790461847739,5.53077310021035
8,2,2,0,1,1,65,1.75,80,10,0,0,0,4,2,0.408759124087591,0.248175182481752,0.102189781021898,0,0,0,0.205290029554956,2.61667790007778
8,2,2,0,1,1,15,17.25,25,55,0,0,0,4,2,0.330948121645796,0.361359570661896,0.223613595706619,0,0,0,3.00423006684671,9.67763809999451
8,2,2,0,1,1,62,10,95,135,0,0,0,5,2,0.277456647398844,0.219653179190751,0.410404624277457,0,0,0,3.9793193155385,3.20839740009978
8,2,2,0,1,1,19,17.5,25,40,0,0,0,5,2,0.315436241610738,0.0604026845637584,0.369127516778524,0,0,0,4.0613858613435,2.80797860003076
8,2,2,0,1,1,33,11,65,190,0,0,0,5,2,0.340909090909091,0.242424242424242,0.348484848484849,0,0,0,2.9911317509229,2.5198555001989
8,2,2,0,1,1,83,17,80,200,0,0,0,5,2,0.447204968944099,0.149068322981366,0.248447204968944,0,0,0,5.03105437672719,3.01444449997507
8,2,2,0,1,1,60,15,35,31,0,0,0,5,2,0.390151515151515,0.166666666666667,0.386363636363636,0,0,0,1.99732496911206,4.72425880003721
8,2,2,0,1,1,55,16.5,25,155,0,0,0,5,2,0.234042553191489,0.25531914893617,0.145390070921986,0,0,0,3.04910654650096,5.02345179999247
8,2,2,0,1,1,46,2,55,70,0,0,0,5,2,0.244318181818182,0.267045454545455,0.318181818181818,0,0,0,0.175979063429104,3.25601149979047
8,2,2,0,1,1,26,4,45,50,0,0,0,5,2,0.126760563380282,0.338028169014085,0.436619718309859,0,0,0,2.01179319743416,1.51613170001656
8,2,2,0,1,1,74,7,40,120,0,0,0,5,2,0.222772277227723,0.376237623762376,0.311881188118812,0,0,0,2.99709806937205,3.68422880000435
8,2,2,0,1,1,2,7.5,75,25,0,0,0,5,2,0.218181818181818,0.431168831168831,0.223376623376623,0,0,0,3.05011086343691,6.74798560002819
8,2,2,0,1,1,63,5.5,70,40,0,0,0,5,2,0.529100529100529,0.227513227513228,0.216931216931217,0,0,0,1.98336870024632,6.61778920004144
8,2,2,0,1,1,82,9.5,20,25,0,0,0,5,2,0.3625,0.175,0.35625,0,0,0,3.03620320754046,2.99187369993888
8,2,2,0,1,1,70,3.5,40,3,0,0,0,5,2,0.252873563218391,0.201149425287356,0.511494252873563,0,0,0,1.03443779722067,3.22808250016533
8,2,2,0,1,1,78,8.25,20,5,0,0,0,5,2,0.239543726235741,0.330798479087452,0.254752851711027,0,0,0,3.00423006684671,4.71519079990685
8,2,2,0,1,1,59,2,80,110,0,0,0,1,2,0.39647577092511,0.154185022026432,0.268722466960352,0,0,0,1.00306810563501,4.10249219997786
8,2,2,0,1,1,32,9.5,30,170,0,0,0,1,2,0.41747572815534,0.339805825242718,0.16504854368932,0,0,0,3.0036932398579,2.04398060007952
8,2,2,0,1,1,58,14,45,20,0,0,0,1,2,0.28023598820059,0.321533923303835,0.380530973451327,0,0,0,3.03707545485702,5.97633209987544
8,2,2,0,1,1,14,16.75,45,145,0,0,0,1,2,0.367231638418079,0.355932203389831,0.271186440677966,0,0,0,3.01092170691353,3.27673929999582
8,2,2,0,1,1,24,19,70,150,0,0,0,1,2,0.253071253071253,0.302211302211302,0.469287469287469,0,0,0,4.96924566086914,7.11061740014702
8,2,2,0,1,1,29,7,20,55,0,0,0,1,2,0.287234042553192,0.48936170212766,0.127659574468085,0,0,0,2.9911317509229,1.8982006998267
8,2,2,0,1,1,57,10,50,95,0,0,0,1,2,0.229190421892816,0.183580387685291,0.230330672748005,0,0,0,5.06200645853018,15.1143190001603
8,2,2,0,1,1,76,4,35,70,0,0,0,1,2,0.2,0.414285714285714,0.371428571428571,0,0,0,2.00185987571388,1.49665270000696
8,2,2,0,1,1,67,8.5,50,105,0,0,0,1,2,0.354330708661417,0.204724409448819,0.228346456692913,0,0,0,3.0299413320509,2.44688770011999
8,2,2,0,1,1,10,19.5,10,125,0,0,0,1,2,0.355828220858896,0.245398773006135,0.374233128834356,0,0,0,3.06254778184119,3.0498703001067
8,2,2,0,1,1,71,6,25,45,0,0,0,1,2,0.508108108108108,0.286486486486487,0.183783783783784,0,0,0,2.0112614124296,3.41289550019428
8,2,2,0,1,1,77,12,75,25,0,0,0,1,2,0.302752293577982,0.256880733944954,0.293577981651376,0,0,0,4.02663577777599,2.13855869998224
8,2,2,0,1,1,66,10,90,80,0,0,0,1,2,0.443708609271523,0.370860927152318,0.0728476821192053,0,0,0,3.03663709276969,2.84208299987949
8,2,2,0,1,1,31,8.5,50,22,0,0,0,1,2,0.401960784313726,0.261437908496732,0.271241830065359,0,0,0,3.01696439925755,5.42932170000859
8,2,2,0,1,1,17,3.25,85,205,0,0,0,3,2,0.4,0.4,0.2,0,0,0,1.08248188291225,2.49467960000038
8,2,2,0,1,1,27,5.25,50,120,0,0,0,3,2,0.375,0.291666666666667,0.305555555555556,0,0,0,1.99769373642336,1.52277969988063
8,2,2,0,1,1,34,12,15,85,0,0,0,3,2,0.197080291970803,0.145985401459854,0.167883211678832,0,0,0,2.00760625531568,2.61977949994616
8,2,2,0,1,1,61,15,75,225,0,0,0,3,2,0.597701149425287,0.160919540229885,0.195402298850575,0,0,0,5.01041929957347,1.76756740012206
8,2,2,0,1,1,54,9.25,40,4,0,0,0,3,2,0.484536082474227,0.288659793814433,0.185567010309278,0,0,0,2.99756587730808,1.93571999995038
8,2,2,0,1,1,13,19.5,5,7,0,0,0,3,2,0.578947368421053,0.197368421052632,0.236842105263158,0,0,0,1.99321042916964,1.58959569991566
8,2,2,0,1,1,6,19,20,175,0,0,0,3,2,0.608108108108108,0.108108108108108,0.202702702702703,0,0,0,2.05295088345068,1.56713049998507
8,2,2,0,1,1,51,1,40,3,0,0,0,3,2,0.405128205128205,0.251282051282051,0.215384615384615,0,0,0,0.176793363466064,3.57679550000466
8,2,2,0,1,1,75,6,85,45,0,0,0,3,2,0.302083333333333,0.5,0.1875,0,0,0,2.00731477164366,1.92566490010358
8,2,2,0,1,1,23,7.75,60,120,0,0,0,3,2,0.463087248322148,0.187919463087248,0.295302013422819,0,0,0,2.9712807028812,2.81584429997019
8,2,2,0,1,1,73,5,70,14,0,0,0,3,2,0.477124183006536,0.228758169934641,0.26797385620915,0,0,0,3.05581353665619,2.87100169993937
8,2,2,0,1,1,40,18,15,110,0,0,0,3,2,0.459047619047619,0.276190476190476,0.224761904761905,0,0,0,2.04369094153031,9.07997089996934
8,2,2,0,1,1,49,16,50,20,0,0,0,3,2,0.563218390804598,0.114942528735632,0.229885057471264,0,0,0,4.02348382980894,1.77284360001795
8,2,2,0,1,1,43,3,30,0,0,0,0,3,2,0.376623376623377,0.155844155844156,0.402597402597403,0,0,0,0.996199999994484,1.61100410018116
8,2,2,0,1,1,42,20,30,170,0,0,0,2,2,0.461538461538462,0.201923076923077,0.307692307692308,0,0,0,3.06369532490512,2.06283960002474
8,2,2,0,1,1,56,12,90,210,0,0,0,2,2,0.258064516129032,0.233870967741935,0.387096774193548,0,0,0,3.96221931413274,2.39875509985723
8,2,2,0,1,1,84,11,50,110,0,0,0,2,2,0.531914893617021,0.223404255319149,0.170212765957447,0,0,0,3.97872296282822,1.89493040018715
8,2,2,0,1,1,50,2.5,90,10,0,0,0,2,2,0.367647058823529,0.202941176470588,0.276470588235294,0,0,0,1.07794513732549,5.99921969999559
8,2,2,0,1,1,20,15.75,35,30,0,0,0,2,2,0.275,0.505,0.195,0,0,0,2.97747240516943,3.66452940017916
8,2,2,0,1,1,25,9,60,160,0,0,0,2,2,0.251798561151079,0.280575539568345,0.316546762589928,0,0,0,4.0383850885907,2.6859077999834
8,2,2,0,1,1,69,1.5,95,20,0,0,0,2,2,0.411764705882353,0.258823529411765,0.247058823529412,0,0,0,0.235677377406827,1.73688520002179
8,2,2,0,1,1,52,18.5,10,85,0,0,0,2,2,0.287735849056604,0.240566037735849,0.367924528301887,0,0,0,4.0383850885907,3.86451489990577
8,2,2,0,1,1,18,18.75,80,250,0,0,0,2,2,0.505376344086022,0.21505376344086,0.247311827956989,0,0,0,6.05640435415349,1.86874609999359
8,2,2,0,1,1,39,17,35,15,0,0,0,2,2,0.582474226804124,0.278350515463918,0.154639175257732,0,0,0,3.02364068989547,3.56800760002807
8,2,2,0,1,1,3,15,85,14,0,0,0,2,2,0.427055702917772,0.328912466843501,0.114058355437666,0,0,0,4.97933059949916,6.61711360001937
8,2,2,0,1,1,81,14,55,5,0,0,0,2,2,0.35,0.35,0.24,0,0,0,4.0084457284854,2.00270260008983
8,2,2,0,1,1,44,5,40,65,0,0,0,2,2,0.283185840707965,0.47787610619469,0.20353982300885,0,0,0,2.02060852873471,2.21527639986016
8,2,2,0,1,1,22,20,90,165,0,0,0,2,2,0.259615384615385,0.490384615384615,0.221153846153846,0,0,0,4.97919550633695,2.05707690003328
8,2,2,0,1,1,48,7,45,70,0,0,0,6,2,0.349206349206349,0.293650793650794,0.174603174603175,0,0,0,2.96478499712986,2.43294359999709
8,2,2,0,1,1,72,6.5,90,60,0,0,0,6,2,0.427184466019417,0.233009708737864,0.310679611650485,0,0,0,2.02517793912398,2.0524291000329
8,2,2,0,1,1,5,20,85,15,0,0,0,6,2,0.416666666666667,0.308333333333333,0.208333333333333,0,0,0,4.98968202244829,2.33085939986631
8,2,2,0,1,1,7,16.75,65,75,0,0,0,6,2,0.333333333333333,0.16260162601626,0.138211382113821,0,0,0,5,4.45790180005133
8,2,2,0,1,1,35,13,70,30,0,0,0,6,2,0.467032967032967,0.241758241758242,0.258241758241758,0,0,0,4.0084457284854,3.36693260003813
8,2,2,0,1,1,30,8,75,90,0,0,0,6,2,0.325,0.525,0.125,0,0,0,4.03214513455646,0.997861499898136
8,2,2,0,1,1,64,19.5,65,45,0,0,0,6,2,0.576271186440678,0.322033898305085,0.0677966101694915,0,0,0,3.08905097554824,1.31103780004196
8,2,2,0,1,1,45,13.5,55,65,0,0,0,6,2,0.441489361702128,0.345744680851064,0.186170212765957,0,0,0,4.04083865470258,3.46744739986025
8,2,2,0,1,1,28,6,25,7,0,0,0,6,2,0.553398058252427,0.271844660194175,0.184466019417476,0,0,0,1.98336870024632,2.04692570003681
8,2,2,0,1,1,1,5,50,0,0,0,0,6,2,0.392,0.296,0.248,0,0,0,1.96112491332557,2.40942720021121
8,2,2,0,1,1,36,14,15,40,0,0,0,6,2,0.197802197802198,0.285714285714286,0.373626373626374,0,0,0,2.99733077512318,1.84659810015
8,2,2,0,1,1,38,15.5,40,215,0,0,0,6,2,0.426356589147287,0.209302325581395,0.286821705426357,0,0,0,3.9793193155385,2.47848829999566
8,2,2,0,1,1,53,14,90,60,0,0,0,6,2,0.5,0.466666666666667,0.0555555555555556,0,0,0,4.02348382980894,1.82453859993257
8,2,2,0,1,1,16,16,65,95,0,0,0,6,2,0.21978021978022,0.307692307692308,0.285714285714286,0,0,0,4.03597163395308,1.84210849995725
8,3,2,0,1,0,31,8.5,50,0,0,0,0,3,4,0.208070617906683,0.113493064312736,0.298865069356873,0,0,0,3.98391426069064,13.5452639998402
8,3,2,0,1,0,37,14.5,5,0,0,0,0,3,4,0.657894736842105,0.121052631578947,0.173684210526316,0,0,0,3.01663129975369,3.48826469993219
8,3,2,0,1,0,35,13,70,0,0,0,0,3,4,0.324074074074074,0.25,0.37037037037037,0,0,0,3.9858992931241,2.13503640005365
8,3,2,0,1,0,45,13.5,55,0,0,0,0,3,4,0.758241758241758,0.113553113553114,0.0695970695970696,0,0,0,4.01802830470264,4.87556419987231
8,3,2,0,1,0,49,16,50,0,0,0,0,3,4,0.7,0.15,0.1125,0,0,0,4.0526500198099,2.99468900007196
8,3,2,0,1,0,44,5,40,0,0,0,0,3,4,0.513157894736842,0.151315789473684,0.210526315789474,0,0,0,2.02583234230042,2.8653702000156
8,3,2,0,1,0,47,16,100,0,0,0,0,3,4,0.5375,0.0875,0.375,0,0,0,5.03085370539363,1.65501520014368
8,3,2,0,1,0,17,3.25,85,0,0,0,0,3,4,0.580645161290323,0.268817204301075,0.105376344086022,0,0,0,1.05136913422507,8.06872069998644
8,3,2,0,1,0,41,19,65,0,0,0,0,3,4,0.510288065843621,0.415637860082305,0.0740740740740741,0,0,0,4.97946394954205,4.37900129985064
8,3,2,0,1,0,61,15,75,0,0,0,0,3,4,0.549295774647887,0.112676056338028,0.267605633802817,0,0,0,5.04147301409681,1.51429150020704
8,3,2,0,1,0,55,16.5,25,0,0,0,0,3,4,0.552,0.048,0.152,0,0,0,2.09881553943543,2.41917830007151
8,3,2,0,1,0,9,2,30,0,0,0,0,3,4,0.4,0.243478260869565,0.339130434782609,0,0,0,1.04654443054575,2.24043339979835
8,3,2,0,1,0,84,11,50,0,0,0,0,3,4,0.36231884057971,0.173913043478261,0.405797101449275,0,0,0,1.97938235278756,1.47384660015814
8,3,2,0,1,0,33,11,65,0,0,0,0,3,4,0.366197183098592,0.26056338028169,0.323943661971831,0,0,0,3.09663316368405,2.70174059993587
8,3,2,0,1,0,77,12,75,0,0,0,0,6,4,0.450980392156863,0.294117647058824,0.26797385620915,0,0,0,4.04394648965637,2.88627589982934
8,3,2,0,1,0,18,18.75,80,0,0,0,0,6,4,0.297872340425532,0.404255319148936,0.238297872340426,0,0,0,5.01031797755171,4.25323870009743
8,3,2,0,1,0,5,20,85,0,0,0,0,6,4,0.206185567010309,0.536082474226804,0.223367697594502,0,0,0,5.10333828852427,5.18932859995402
8,3,2,0,1,0,42,20,30,0,0,0,0,6,4,0.532374100719424,0.316546762589928,0.115107913669065,0,0,0,2.99756587730808,2.64758549979888
8,3,2,0,1,0,83,17,80,0,0,0,0,6,4,0.333333333333333,0.481481481481481,0.123456790123457,0,0,0,5.02066940050083,1.67948000016622
8,3,2,0,1,0,82,9.5,20,0,0,0,0,6,4,0.448529411764706,0.286764705882353,0.110294117647059,0,0,0,2.9712807028812,4.86399980005808
8,3,2,0,1,0,28,6,25,0,0,0,0,6,4,0.45353982300885,0.278761061946903,0.20353982300885,0,0,0,1.97270202123256,7.85401529981755
8,3,2,0,1,0,74,7,40,0,0,0,0,6,4,0.421875,0.321875,0.078125,0,0,0,1.98787616201406,5.65981460013427
8,3,2,0,1,0,15,17.25,25,0,0,0,0,6,4,0.384892086330935,0.41726618705036,0.165467625899281,0,0,0,2.9911317509229,4.96482190000825
8,3,2,0,1,0,22,20,90,0,0,0,0,6,4,0.374193548387097,0.2,0.406451612903226,0,0,0,5.01028464004099,2.91195089998655
8,3,2,0,1,0,30,8,75,0,0,0,0,6,4,0.186666666666667,0.3,0.233333333333333,0,0,0,4.01357282208318,2.83040009997785
8,3,2,0,1,0,53,14,90,0,0,0,0,6,4,0.34,0.26,0.3,0,0,0,5.04133836524481,1.15551680000499
8,3,2,0,1,0,21,6,95,0,0,0,0,6,4,0.253968253968254,0.476190476190476,0.19047619047619,0,0,0,3.02364068989547,2.43630469986238
8,3,2,0,1,0,13,19.5,5,0,0,0,0,6,4,0.516339869281046,0.235294117647059,0.196078431372549,0,0,0,3.06311859973922,2.88406189996749
8,3,2,0,1,0,46,2,55,0,0,0,0,4,4,0.291666666666667,0.197916666666667,0.239583333333333,0,0,0,0.739620098527979,1.93680389993824
8,3,2,0,1,0,60,15,35,0,0,0,0,4,4,0.195402298850575,0.425287356321839,0.120689655172414,0,0,0,3.00290825057218,3.22808210016228
8,3,2,0,1,0,59,2,80,0,0,0,0,4,4,0.240963855421687,0.530120481927711,0.180722891566265,0,0,0,1.03233009499069,1.72275870013982
8,3,2,0,1,0,71,6,25,0,0,0,0,4,4,0.352941176470588,0.294117647058824,0.25,0,0,0,2.01696732073902,1.46759749995545
8,3,2,0,1,0,11,18.25,70,0,0,0,0,4,4,0.478723404255319,0.223404255319149,0.0851063829787234,0,0,0,4.92982428491405,1.90222520008683
8,3,2,0,1,0,72,6.5,90,0,0,0,0,4,4,0.471910112359551,0.320224719101124,0.129213483146067,0,0,0,3.11404014088436,3.29483690019697
8,3,2,0,1,0,20,15.75,35,0,0,0,0,4,4,0.631578947368421,0.315789473684211,0,0,0,0,1.99911697927407,1.59078669990413
8,3,2,0,1,0,66,10,90,0,0,0,0,4,4,0.376811594202899,0.27536231884058,0.202898550724638,0,0,0,4.04703440007355,1.48446290008724
8,3,2,0,1,0,54,9.25,40,0,0,0,0,4,4,0.563636363636364,0.317171717171717,0.0767676767676768,0,0,0,3.02327278471964,8.57415120000951
8,3,2,0,1,0,2,7.5,75,0,0,0,0,4,4,0.226666666666667,0.253333333333333,0.4,0,0,0,2.02550983171412,1.57919829990715
8,3,2,0,1,0,78,8.25,20,0,0,0,0,4,4,0.5625,0.359375,0,0,0,0,2.97800600932336,1.39669229998253
8,3,2,0,1,0,6,19,20,0,0,0,0,4,4,0.479591836734694,0.193877551020408,0.173469387755102,0,0,0,3.00342891776033,1.95982150011696
8,3,2,0,1,0,12,12,35,0,0,0,0,4,4,0.296875,0.28125,0.1484375,0,0,0,2.99072829077237,2.46301710000262
8,3,2,0,1,0,48,7,45,0,0,0,0,4,4,0.361111111111111,0.347222222222222,0.222222222222222,0,0,0,2.02060852873471,1.53374250000343
8,3,2,0,1,0,8,16,15,0,0,0,0,5,4,0.494252873563218,0.28735632183908,0.0919540229885057,0,0,0,2.06215716410116,1.78324400004931
8,3,2,0,1,0,81,14,55,0,0,0,0,5,4,0.696629213483146,0.101123595505618,0.213483146067416,0,0,0,2.94522230686344,1.80956809991039
8,3,2,0,1,0,56,12,90,0,0,0,0,5,4,0.375,0.03125,0.234375,0,0,0,4.0383850885907,1.39939609984867
8,3,2,0,1,0,75,6,85,0,0,0,0,5,4,0.333333333333333,0.0784313725490196,0.215686274509804,0,0,0,2.99780341313587,1.17570160003379
8,3,2,0,1,0,69,1.5,95,0,0,0,0,5,4,0.391812865497076,0.403508771929825,0.315789473684211,0,0,0,1.09317501230728,3.18871459993534
8,3,2,0,1,0,68,2.5,65,0,0,0,0,5,4,0.530973451327434,0.265486725663717,0.292035398230089,0,0,0,0.941537413814498,2.21086660004221
8,3,2,0,1,0,16,16,65,0,0,0,0,5,4,0.578947368421053,0.210526315789474,0.201754385964912,0,0,0,3.99769174250672,2.23135480005294
8,3,2,0,1,0,70,3.5,40,0,0,0,0,5,4,0.46969696969697,0.242424242424242,0.181818181818182,0,0,0,1.0730146040872,1.43212529993616
8,3,2,0,1,0,62,10,95,0,0,0,0,5,4,0.602409638554217,0.144578313253012,0,0,0,0,3.08765385829407,1.71509269997478
8,3,2,0,1,0,73,5,70,0,0,0,0,5,4,0.6015625,0.0703125,0.2578125,0,0,0,2.9712807028812,2.46387970005162
8,3,2,0,1,0,63,5.5,70,0,0,0,0,5,4,0.632850241545894,0.173913043478261,0.183574879227053,0,0,0,2.99052963886356,3.78274719999172
8,3,2,0,1,0,50,2.5,90,0,0,0,0,5,4,0.534246575342466,0.0273972602739726,0.246575342465753,0,0,0,1.08495087554315,1.54791649989784
8,3,2,0,1,0,4,8.5,20,0,0,0,0,5,4,0.488636363636364,0.215909090909091,0.170454545454545,0,0,0,3.03620320754046,1.79729270003736
8,3,2,0,1,0,19,17.5,25,0,0,0,0,5,4,0.431034482758621,0.206896551724138,0.137931034482759,0,0,0,3.01001672711843,2.25500150001608
8,3,2,0,1,0,64,19.5,65,0,0,0,0,2,4,0.471074380165289,0.206611570247934,0.140495867768595,0,0,0,4.04759671782304,2.34740690002218
8,3,2,0,1,0,23,7.75,60,0,0,0,0,2,4,0.553846153846154,0.369230769230769,0,0,0,0,3.02401239525638,1.41523209982552
8,3,2,0,1,0,58,14,45,0,0,0,0,2,4,0.416666666666667,0.25,0.25,0,0,0,3.03056304318817,1.3337038999889
8,3,2,0,1,0,25,9,60,0,0,0,0,2,4,0.253521126760563,0.345070422535211,0.176056338028169,0,0,0,2.99619049254112,2.68804579996504
8,3,2,0,1,0,76,4,35,0,0,0,0,2,4,0.344827586206897,0.402298850574713,0.172413793103448,0,0,0,1.0820550554199,1.78126309998333
8,3,2,0,1,0,10,19.5,10,0,0,0,0,2,4,0.296875,0.046875,0.375,0,0,0,2.01176405444879,1.40074730012566
8,3,2,0,1,0,79,10,10,0,0,0,0,2,4,0.282051282051282,0,0.192307692307692,0,0,0,2.01468887037394,1.63314419984818
8,3,2,0,1,0,57,10,50,0,0,0,0,2,4,0.373913043478261,0.269565217391304,0.139130434782609,0,0,0,3.97814934537457,2.24432609998621
8,3,2,0,1,0,3,15,85,0,0,0,0,2,4,0.294117647058824,0.285714285714286,0.226890756302521,0,0,0,5.16125516300085,2.30728539987467
8,3,2,0,1,0,52,18.5,10,0,0,0,0,2,4,0.481203007518797,0.383458646616541,0.105263157894737,0,0,0,2.42237883181687,2.54463519994169
8,3,2,0,1,0,40,18,15,0,0,0,0,2,4,0.219047619047619,0.447619047619048,0.219047619047619,0,0,0,3.11675286290873,2.08574000000954
8,3,2,0,1,0,7,16.75,65,0,0,0,0,2,4,0.228739002932551,0.513196480938416,0.0645161290322581,0,0,0,4.9597081473375,6.00384330004454
8,3,2,0,1,0,51,1,40,0,0,0,0,2,4,0.369230769230769,0.261538461538462,0.261538461538462,0,0,0,0.411523465931587,1.41751620010473
8,3,2,0,1,0,1,5,50,0,0,0,0,2,4,0.507246376811594,0.333333333333333,0,0,0,0,2.00464263401017,1.48782250005752
8,3,2,0,1,0,34,12,15,0,0,0,0,1,4,0.282485875706215,0.23728813559322,0.293785310734463,0,0,0,2.98318792587065,3.27992400014773
8,3,2,0,1,0,39,17,35,0,0,0,0,1,4,0.304347826086957,0.391304347826087,0.246376811594203,0,0,0,3.02045963167427,1.48595359991305
8,3,2,0,1,0,14,16.75,45,0,0,0,0,1,4,0.3875,0.35,0.2125,0,0,0,3.83143542198666,1.65950600011274
8,3,2,0,1,0,65,1.75,80,0,0,0,0,1,4,0.435897435897436,0.282051282051282,0.141025641025641,0,0,0,0.681008973885334,1.63250209996477
8,3,2,0,1,0,43,3,30,0,0,0,0,1,4,0.037037037037037,0.481481481481481,0.240740740740741,0,0,0,1.02734586061814,1.22097259992734
8,3,2,0,1,0,29,7,20,0,0,0,0,1,4,0.466666666666667,0.253333333333333,0.226666666666667,0,0,0,1.99081665391145,1.58208830002695
8,3,2,0,1,0,32,9.5,30,0,0,0,0,1,4,0.352941176470588,0.25,0.205882352941176,0,0,0,2.99013833639322,1.46991070010699
8,3,2,0,1,0,36,14,15,0,0,0,0,1,4,0.359375,0.296875,0.203125,0,0,0,2.0213904407969,1.39769260003231
8,3,2,0,1,0,24,19,70,0,0,0,0,1,4,0.503521126760563,0.306338028169014,0.0704225352112676,0,0,0,4.94923394910965,5.06967770005576
8,3,2,0,1,0,38,15.5,40,0,0,0,0,1,4,0.568181818181818,0.0681818181818182,0.159090909090909,0,0,0,3.03620320754046,1.06057339999825
8,3,2,0,1,0,27,5.25,50,0,0,0,0,1,4,0.494117647058824,0.317647058823529,0.141176470588235,0,0,0,2.04832764699134,1.74118130002171
8,3,2,0,1,0,26,4,45,0,0,0,0,1,4,0.184549356223176,0.236051502145923,0.141630901287554,0,0,0,1.42852192988503,4.21178260003217
8,3,2,0,1,0,80,8,45,0,0,0,0,1,4,0.350194552529183,0.319066147859922,0.0583657587548638,0,0,0,2.99013833639322,4.6048603001982
8,3,2,0,1,0,67,8.5,50,0,0,0,0,1,4,0.546875,0.390625,0,0,0,0,2.00472423484235,1.39752410002984
9,1,1,0,1,0,24,19,70,0,0,0,0,3,4,0.31138652207591,0.131680867544539,0.0952749806351665,0,0,0,2.00185987571388,21.8294991999865
9,1,1,0,1,0,49,16,50,0,0,0,0,3,4,0.529197080291971,0.193430656934307,0.0875912408759124,0,0,0,1.74760399502435,4.89195219986141
9,1,1,0,1,0,57,10,50,0,0,0,0,3,4,0.51840490797546,0.380368098159509,0.0705521472392638,0,0,0,1.49553135409547,5.76100649987347
9,1,1,0,1,0,29,7,20,0,0,0,0,3,4,0.577319587628866,0.237113402061856,0.164948453608247,0,0,0,0.48536415939871,1.93897629994899
9,1,1,0,1,0,54,9.25,40,0,0,0,0,3,4,0.601010101010101,0.247474747474747,0.0707070707070707,0,0,0,0.616008149328692,3.63115599984303
9,1,1,0,1,0,56,12,90,0,0,0,0,3,4,0.371134020618557,0.185567010309278,0.288659793814433,0,0,0,1.00146715062697,1.95403050002642
9,1,1,0,1,0,46,2,55,0,0,0,0,3,4,0.362676056338028,0.214788732394366,0.00704225352112676,0,0,0,0.251166879015695,5.06409989995882
9,1,1,0,1,0,14,16.75,45,0,0,0,0,3,4,0.540540540540541,0.247747747747748,0,0,0,0,1.49952592008842,4.02012129989453
9,1,1,0,1,0,20,15.75,35,0,0,0,0,3,4,0.676300578034682,0.271676300578035,0.00578034682080925,0,0,0,1.99769373642336,3.21189649985172
9,1,1,0,1,0,10,19.5,10,0,0,0,0,3,4,0.467191601049869,0.346456692913386,0.073490813648294,0,0,0,0.554719432442823,6.66852760012262
9,1,1,0,1,0,40,18,15,0,0,0,0,3,4,0.595744680851064,0.25531914893617,0,0,0,0,0.509954457159594,1.89917510002851
9,1,1,0,1,0,5,20,85,0,0,0,0,3,4,0.191489361702128,0.280141843971631,0.00354609929078014,0,0,0,3.00396027555258,5.02683199988678
9,1,1,0,1,0,1,5,50,0,0,0,0,3,4,0.489583333333333,0.21875,0.260416666666667,0,0,0,1.00076832543155,1.93038289994001
9,1,1,0,1,0,68,2.5,65,0,0,0,0,3,4,0.388888888888889,0.148148148148148,0,0,0,0,0.318045025123524,1.23637089994736
9,1,1,0,1,0,37,14.5,5,0,0,0,0,1,4,0.726973684210526,0.125,0.0460526315789474,0,0,0,0.246965903293823,5.38809720007703
9,1,1,0,1,0,55,16.5,25,0,0,0,0,1,4,0.366559485530547,0.32475884244373,0.138263665594855,0,0,0,0.841936343245312,5.50911590014584
9,1,1,0,1,0,83,17,80,0,0,0,0,1,4,0.455445544554455,0.217821782178218,0,0,0,0,2.49539489021195,2.00344460015185
9,1,1,0,1,0,45,13.5,55,0,0,0,0,1,4,0.0980392156862745,0.235294117647059,0.00980392156862745,0,0,0,1.50293273267278,2.02395770000294
9,1,1,0,1,0,11,18.25,70,0,0,0,0,1,4,0.39344262295082,0.344262295081967,0,0,0,0,3.0036932398579,1.34784410009161
9,1,1,0,1,0,51,1,40,0,0,0,0,1,4,0.307017543859649,0.380116959064327,0.0409356725146199,0,0,0,0.0437031879929322,6.02137500001118
9,1,1,0,1,0,38,15.5,40,0,0,0,0,1,4,0.297734627831715,0.252427184466019,0,0,0,0,1.26237901644007,5.47612269991077
9,1,1,0,1,0,9,2,30,0,0,0,0,1,4,0.324503311258278,0.423841059602649,0.198675496688742,0,0,0,0.219942326010425,2.84624890005216
9,1,1,0,1,0,73,5,70,0,0,0,0,1,4,0.327956989247312,0.446236559139785,0,0,0,0,0.496578289852842,3.43530440004542
9,1,1,0,1,0,28,6,25,0,0,0,0,1,4,0,0,0,0,0,0,0.49745690225577,3.21307789999992
9,1,1,0,1,0,67,8.5,50,0,0,0,0,1,4,0.125265392781316,0.186836518046709,0.0233545647558386,0,0,0,0.999207787572097,8.1793323000893
9,1,1,0,1,0,41,19,65,0,0,0,0,1,4,0.433295324971494,0.347776510832383,0.0421892816419612,0,0,0,2.25007038992027,14.9324871997815
9,1,1,0,1,0,71,6,25,0,0,0,0,1,4,0.344262295081967,0.295081967213115,0,0,0,0,0.498862597500583,2.36582419998012
9,1,1,0,1,0,4,8.5,20,0,0,0,0,1,4,0.534883720930233,0.304114490161002,0.0679785330948122,0,0,0,0.556514501912375,9.63961600000039
9,1,1,0,1,0,3,15,85,0,0,0,0,5,4,0.450819672131148,0.262295081967213,0.163934426229508,0,0,0,2.01696732073902,2.36576330009848
9,1,1,0,1,0,7,16.75,65,0,0,0,0,5,4,0.329545454545455,0.397727272727273,0.136363636363636,0,0,0,1.8037718147487,1.7983975999523
9,1,1,0,1,0,76,4,35,0,0,0,0,5,4,0.382978723404255,0.404255319148936,0.159574468085106,0,0,0,0.500012634268963,1.9006729000248
9,1,1,0,1,0,13,19.5,5,0,0,0,0,5,4,0.19047619047619,0.428571428571429,0,0,0,0,0.245844449266464,1.73493549996056
9,1,1,0,1,0,26,4,45,0,0,0,0,5,4,0.331034482758621,0.351724137931034,0.110344827586207,0,0,0,0.419142623264428,2.74543279991485
9,1,1,0,1,0,65,1.75,80,0,0,0,0,5,4,0.338345864661654,0.323308270676692,0.0300751879699248,0,0,0,0.764384945722519,2.54677739995532
9,1,1,0,1,0,60,15,35,0,0,0,0,5,4,0.378048780487805,0.378048780487805,0.182926829268293,0,0,0,0.795246003331307,1.70152780017816
9,1,1,0,1,0,74,7,40,0,0,0,0,5,4,0,0,0,0,0,0,1.03938909995913,1.53541580005549
9,1,1,0,1,0,32,9.5,30,0,0,0,0,5,4,0.401960784313726,0.264705882352941,0.0588235294117647,0,0,0,0.657739245199338,2.02829849999398
9,1,1,0,1,0,77,12,75,0,0,0,0,5,4,0.419753086419753,0.160493827160494,0.111111111111111,0,0,0,1.49895398605675,1.67616869998164
9,1,1,0,1,0,62,10,95,0,0,0,0,5,4,0.43298969072165,0.268041237113402,0.144329896907216,0,0,0,2.00185987571388,1.93659049994312
9,1,1,0,1,0,42,20,30,0,0,0,0,5,4,0.291845493562232,0.285407725321888,0.092274678111588,0,0,0,1.49952592008842,8.08452740008943
9,1,1,0,1,0,39,17,35,0,0,0,0,5,4,0.273170731707317,0.163414634146341,0.0853658536585366,0,0,0,1.49398961595866,7.15836160001345
9,1,1,0,1,0,8,16,15,0,0,0,0,5,4,0.425925925925926,0.246913580246914,0.0925925925925926,0,0,0,1.00306810563501,3.03543879999779
9,1,1,0,1,0,22,20,90,0,0,0,0,6,4,0.22,0.36,0.26,0,0,0,3.5592128907643,2.00228959997185
9,1,1,0,1,0,58,14,45,0,0,0,0,6,4,0.445901639344262,0.4,0.019672131147541,0,0,0,2.00317806551255,5.40922560007311
9,1,1,0,1,0,17,3.25,85,0,0,0,0,6,4,0.503597122302158,0.366906474820144,0,0,0,0,1.00076832543155,2.64713179995306
9,1,1,0,1,0,84,11,50,0,0,0,0,6,4,0.255863539445629,0.356076759061834,0.0255863539445629,0,0,0,2.00219658686413,8.14260929985903
9,1,1,0,1,0,31,8.5,50,0,0,0,0,6,4,0.388888888888889,0.398148148148148,0.0277777777777778,0,0,0,0.978333060573071,2.13164040003903
9,1,1,0,1,0,12,12,35,0,0,0,0,6,4,0.302139037433155,0.189839572192513,0.0454545454545455,0,0,0,0.838136254488766,6.5572269000113
9,1,1,0,1,0,2,7.5,75,0,0,0,0,6,4,0.249469214437367,0.289808917197452,0.029723991507431,0,0,0,1.50293273267278,16.0191234999802
9,1,1,0,1,0,34,12,15,0,0,0,0,6,4,0.361486486486487,0.429054054054054,0,0,0,0,0.746358232481782,5.2670303999912
9,1,1,0,1,0,25,9,60,0,0,0,0,6,4,0.468253968253968,0.388888888888889,0.0714285714285714,0,0,0,1.36397619930877,2.43731609988026
9,1,1,0,1,0,75,6,85,0,0,0,0,6,4,0.422222222222222,0.466666666666667,0.0555555555555556,0,0,0,1.78975652213132,1.83478890010156
9,1,1,0,1,0,59,2,80,0,0,0,0,6,4,0.204081632653061,0.397959183673469,0.163265306122449,0,0,0,1.00146715062697,1.96217160020024
9,1,1,0,1,0,15,17.25,25,0,0,0,0,6,4,0.428571428571429,0.422619047619048,0,0,0,0,1.00280845159634,3.1338464000728
9,1,1,0,1,0,43,3,30,0,0,0,0,6,4,0,0,0,0,0,0,0.484378649371646,2.35612550005317
9,1,1,0,1,0,61,15,75,0,0,0,0,6,4,0.592307692307692,0.246153846153846,0.0384615384615385,0,0,0,2.18660451658592,2.50040829996578
9,1,1,0,1,0,79,10,10,0,0,0,0,4,4,0.464052287581699,0.248366013071895,0,0,0,0,0.764882395599635,5.43580489978194
9,1,1,0,1,0,47,16,100,0,0,0,0,4,4,0.125307125307125,0.0393120393120393,0.0122850122850123,0,0,0,7.99780341313587,7.1065871999599
9,1,1,0,1,0,30,8,75,0,0,0,0,4,4,0.41991341991342,0.402597402597403,0.0735930735930736,0,0,0,1.98036370535647,4.18307960010134
9,1,1,0,1,0,78,8.25,20,0,0,0,0,4,4,0.421965317919075,0.30635838150289,0.0346820809248555,0,0,0,0.8092303634178,6.10112430015579
9,1,1,0,1,0,27,5.25,50,0,0,0,0,4,4,0.263157894736842,0.503759398496241,0,0,0,0,1.01344733272578,2.55065319989808
9,1,1,0,1,0,52,18.5,10,0,0,0,0,4,4,0.347826086956522,0.231884057971014,0.173913043478261,0,0,0,1.02999816656766,1.47309059998952
9,1,1,0,1,0,19,17.5,25,0,0,0,0,4,4,0.423772609819121,0.421188630490956,0.0310077519379845,0,0,0,1.00537839182461,6.77383900014684
9,1,1,0,1,0,80,8,45,0,0,0,0,4,4,0.50314465408805,0.276729559748428,0.0691823899371069,0,0,0,1.28510489816837,2.97585990000516
9,1,1,0,1,0,64,19.5,65,0,0,0,0,4,4,0.378571428571429,0.392857142857143,0.0785714285714286,0,0,0,2.01605899932928,2.66171099990606
9,1,1,0,1,0,69,1.5,95,0,0,0,0,4,4,0.300257731958763,0.222938144329897,0.0412371134020619,0,0,0,0.804332116427542,13.2588283000514
9,1,1,0,1,0,63,5.5,70,0,0,0,0,4,4,0.423290203327172,0.181146025878004,0.0425138632162662,0,0,0,1.00601641188096,9.34272969979793
9,1,1,0,1,0,18,18.75,80,0,0,0,0,4,4,0.281512605042017,0.189075630252101,0,0,0,0,3.99769174250672,4.29063450009562
9,1,1,0,1,0,35,13,70,0,0,0,0,4,4,0.238317757009346,0.14018691588785,0,0,0,0,3.49564327442143,4.02781920018606
9,1,1,0,1,0,21,6,95,0,0,0,0,4,4,0.266666666666667,0.357575757575758,0.145454545454545,0,0,0,1.08939001982536,3.0773142001126
9,1,1,0,1,0,44,5,40,0,0,0,0,2,4,0.318181818181818,0.357142857142857,0.11038961038961,0,0,0,0.862140118147543,2.89953379984945
9,1,1,0,1,0,82,9.5,20,0,0,0,0,2,4,0.365079365079365,0.317460317460317,0.119047619047619,0,0,0,1.00501976953298,2.4393083001487
9,1,1,0,1,0,53,14,90,0,0,0,0,2,4,0.0857142857142857,0.214285714285714,0.271428571428571,0,0,0,3.56080394295828,1.50061589991674
9,1,1,0,1,0,6,19,20,0,0,0,0,2,4,0.554973821989529,0.308900523560209,0.0732984293193717,0,0,0,1.75372144780421,3.52016189997084
9,1,1,0,1,0,23,7.75,60,0,0,0,0,2,4,0.5,0.258064516129032,0.0887096774193548,0,0,0,1.99769373642336,2.38845929992385
9,1,1,0,1,0,16,16,65,0,0,0,0,2,4,0.296875,0.2890625,0.0703125,0,0,0,2.49864969516958,2.4668604999315
9,1,1,0,1,0,33,11,65,0,0,0,0,2,4,0.449781659388646,0.384279475982533,0.0393013100436681,0,0,0,2.50096987276623,4.14634619979188
9,1,1,0,1,0,50,2.5,90,0,0,0,0,2,4,0.301405975395431,0.211775043936731,0.123022847100176,0,0,0,0.987186343040655,19.2766868998297
9,1,1,0,1,0,66,10,90,0,0,0,0,2,4,0.278350515463918,0.319587628865979,0.123711340206186,0,0,0,2.49771493301146,1.9393083001487
9,1,1,0,1,0,48,7,45,0,0,0,0,2,4,0.400667779632721,0.318864774624374,0.0534223706176962,0,0,0,1.25405965484991,10.3037974999752
9,1,1,0,1,0,36,14,15,0,0,0,0,2,4,0.475247524752475,0.207920792079208,0.0792079207920792,0,0,0,0.999916782871033,2.0118996000383
9,1,1,0,1,0,70,3.5,40,0,0,0,0,2,4,0.334821428571429,0.366071428571429,0.0625,0,0,0,1.00438697815057,4.05815629987046
9,1,1,0,1,0,81,14,55,0,0,0,0,2,4,0.305882352941176,0.223529411764706,0.117647058823529,0,0,0,2.2387126822542,1.7463176001329
9,1,1,0,1,0,72,6.5,90,0,0,0,0,2,4,0,0,0,0,0,0,1.75047720651198,2.34815239999443
11,1,2,0,1,0,13,19.5,5,0,0,0,0,5,4,0.108399545970488,0.105561861520999,0.0732122587968218,0,0,0,0.0138095178709285,29.707100700005
11,1,2,0,1,0,79,10,10,0,0,0,0,5,4,0.196388261851016,0.0338600451467269,0.0880361173814898,0,0,0,0.0141157146137232,7.70040030000382
11,1,2,0,1,0,25,9,60,0,0,0,0,5,4,0.21875,0.35,0.10625,0,0,0,2.99733077512318,3.00059189999592
11,1,2,0,1,0,69,1.5,95,0,0,0,0,5,4,0.471153846153846,0.259615384615385,0.230769230769231,0,0,0,0.279814478620207,2.05695470000501
11,1,2,0,1,0,22,20,90,0,0,0,0,5,4,0.359908883826879,0.337129840546697,0.10250569476082,0,0,0,1.03206305929602,7.63678800000343
11,1,2,0,1,0,62,10,95,0,0,0,0,5,4,0.406060606060606,0.315151515151515,0.103030303030303,0,0,0,0.585093367975457,3.08201220000046
11,1,2,0,1,0,82,9.5,20,0,0,0,0,5,4,0.442048517520216,0.226415094339623,0.0269541778975741,0,0,0,0.0588084678001479,6.50525149999885
11,1,2,0,1,0,47,16,100,0,0,0,0,5,4,0.656441717791411,0.098159509202454,0.0122699386503067,0,0,0,0,3.04268769999908
11,1,2,0,1,0,70,3.5,40,0,0,0,0,5,4,0.508620689655172,0.0905172413793103,0.150862068965517,0,0,0,0.0439041158341666,4.1866405000037
11,1,2,0,1,0,57,10,50,0,0,0,0,5,4,0.346055979643766,0.162849872773537,0.0432569974554707,0,0,0,0.988554800503593,6.87510679999832
11,1,2,0,1,0,31,8.5,50,0,0,0,0,5,4,0.602739726027397,0.269406392694064,0,0,0,0,0.950745108046092,3.97994439999457
11,1,2,0,1,0,51,1,40,0,0,0,0,5,4,0.361904761904762,0.266666666666667,0.142857142857143,0,0,0,0.0731714641737327,2.07251579999865
11,1,2,0,1,0,26,4,45,0,0,0,0,5,4,0.537735849056604,0.245283018867925,0,0,0,0,0.388402753313404,2.10154489999695
11,1,2,0,1,0,39,17,35,0,0,0,0,5,4,0.124137931034483,0.193103448275862,0.393103448275862,0,0,0,0.846685828141499,2.74526570001035
11,1,2,0,1,0,5,20,85,0,0,0,0,4,4,0.32620320855615,0.336898395721925,0.27807486631016,0,0,0,1.84843244496786,3.44855800000369
11,1,2,0,1,0,66,10,90,0,0,0,0,4,4,0.261194029850746,0.350746268656716,0.0447761194029851,0,0,0,0.530482797793631,2.56417269998929
11,1,2,0,1,0,30,8,75,0,0,0,0,4,4,0.440298507462687,0.313432835820896,0.149253731343284,0,0,0,0.500545207067447,2.56029500000295
11,1,2,0,1,0,77,12,75,0,0,0,0,4,4,0.225806451612903,0.580645161290323,0,0,0,0,0.588560900510757,0.849885099989478
11,1,2,0,1,0,27,5.25,50,0,0,0,0,4,4,0.464285714285714,0.214285714285714,0.261904761904762,0,0,0,0.345336770555534,1.72572309999669
11,1,2,0,1,0,6,19,20,0,0,0,0,4,4,0.537634408602151,0.193548387096774,0.21505376344086,0,0,0,0.013207860144437,1.87833740000497
11,1,2,0,1,0,60,15,35,0,0,0,0,4,4,0.358490566037736,0.292452830188679,0.264150943396226,0,0,0,0.169348896355292,2.09778609999921
11,1,2,0,1,0,48,7,45,0,0,0,0,4,4,0.552083333333333,0.166666666666667,0.208333333333333,0,0,0,0.460864059786761,1.92531310000049
11,1,2,0,1,0,54,9.25,40,0,0,0,0,4,4,0.2875,0.45,0.1875,0,0,0,0.26250368389352,1.65564930000983
11,1,2,0,1,0,20,15.75,35,0,0,0,0,4,4,0.279220779220779,0.467532467532468,0.207792207792208,0,0,0,0.0828525591253815,2.90016900000046
11,1,2,0,1,0,72,6.5,90,0,0,0,0,4,4,0.368,0.408,0,0,0,0,0.0282312904323625,2.40524559999176
11,1,2,0,1,0,75,6,85,0,0,0,0,4,4,0.41304347826087,0.510869565217391,0,0,0,0,0.244733129085088,1.85499659999914
11,1,2,0,1,0,78,8.25,20,0,0,0,0,4,4,0.514705882352941,0.382352941176471,0,0,0,0,0.0290029780406087,1.46305830001074
11,1,2,0,1,0,81,14,55,0,0,0,0,4,4,0.487179487179487,0.341880341880342,0.0427350427350427,0,0,0,0.0716883854980779,2.27509789999749
11,1,2,0,1,0,41,19,65,0,0,0,0,6,4,0.178217821782178,0.0841584158415842,0.0891089108910891,0,0,0,2.48526475776856,3.69889970000077
11,1,2,0,1,0,52,18.5,10,0,0,0,0,6,4,0.239130434782609,0.369565217391304,0.217391304347826,0,0,0,0.108813294926609,1.10015230000135
11,1,2,0,1,0,38,15.5,40,0,0,0,0,6,4,0.386363636363636,0.431818181818182,0,0,0,0,0.173823535598842,1.05767900000501
11,1,2,0,1,0,37,14.5,5,0,0,0,0,6,4,0.392857142857143,0.321428571428571,0,0,0,0,0.195821224851166,0.793833899995661
11,1,2,0,1,0,24,19,70,0,0,0,0,6,4,0.333333333333333,0.456140350877193,0.140350877192982,0,0,0,2.24912625293464,1.2794392999931
11,1,2,0,1,0,55,16.5,25,0,0,0,0,6,4,0.365,0.115,0.13,0,0,0,0.353314457762693,3.6554688999895
11,1,2,0,1,0,76,4,35,0,0,0,0,6,4,0.291666666666667,0.541666666666667,0,0,0,0,0.533508149985973,1.12446390000696
11,1,2,0,1,0,42,20,30,0,0,0,0,6,4,0.304347826086957,0.5,0,0,0,0,0.635438636403219,1.09412929999235
11,1,2,0,1,0,74,7,40,0,0,0,0,6,4,0.207317073170732,0.5,0,0,0,0,1.20906654661113,1.68723850000242
11,1,2,0,1,0,32,9.5,30,0,0,0,0,6,4,0.5,0.264705882352941,0,0,0,0,0.0757844881302923,0.905901999998605
11,1,2,0,1,0,68,2.5,65,0,0,0,0,6,4,0.527777777777778,0.305555555555556,0,0,0,0,0.484619182780065,0.92664920000243
11,1,2,0,1,0,65,1.75,80,0,0,0,0,6,4,0.473684210526316,0.105263157894737,0,0,0,0,0.270738694090014,0.640674999987823
11,1,2,0,1,0,19,17.5,25,0,0,0,0,6,4,0.695652173913043,0,0,0,0,0,0.0131532823656038,0.706517399987206
11,1,2,0,1,0,1,5,50,0,0,0,0,6,4,0.578947368421053,0.184210526315789,0.289473684210526,0,0,0,1.36331616637026,0.976650600001449
11,1,2,0,1,0,28,6,25,0,0,0,0,3,4,0.348484848484849,0.378787878787879,0.257575757575758,0,0,0,0.235165501736653,1.4242755999876
11,1,2,0,1,0,49,16,50,0,0,0,0,3,4,0.444444444444444,0.292929292929293,0.181818181818182,0,0,0,4.39140347457457,1.97788170000422
11,1,2,0,1,0,17,3.25,85,0,0,0,0,3,4,0.447368421052632,0.447368421052632,0,0,0,0,1.01382836615783,0.966366399996332
11,1,2,0,1,0,15,17.25,25,0,0,0,0,3,4,0.227272727272727,0.545454545454545,0,0,0,0,0.0281066505967615,1.06998660000681
11,1,2,0,1,0,8,16,15,0,0,0,0,3,4,0.384615384615385,0.519230769230769,0.0192307692307692,0,0,0,0.225258077833356,1.19220540000242
11,1,2,0,1,0,71,6,25,0,0,0,0,3,4,0.405405405405405,0.486486486486487,0,0,0,0,0.169725049134769,0.944593500011251
11,1,2,0,1,0,29,7,20,0,0,0,0,3,4,0.35,0.475,0.025,0,0,0,0.19208045655586,0.996189299999969
11,1,2,0,1,0,64,19.5,65,0,0,0,0,3,4,0.428571428571429,0.489795918367347,0.0408163265306122,0,0,0,6.46944346680797,1.13995440000144
11,1,2,0,1,0,9,2,30,0,0,0,0,3,4,0.558823529411765,0.323529411764706,0,0,0,0,0.0132905813671123,0.901639300005627
11,1,2,0,1,0,12,12,35,0,0,0,0,3,4,0.240506329113924,0.367088607594937,0.151898734177215,0,0,0,0.205290029554956,1.63608930000919
11,1,2,0,1,0,4,8.5,20,0,0,0,0,3,4,0.206896551724138,0.517241379310345,0,0,0,0,0.38871606278024,0.820595199998934
11,1,2,0,1,0,2,7.5,75,0,0,0,0,3,4,0.208333333333333,0.708333333333333,0.0833333333333333,0,0,0,3.30333454044155,0.72570419999829
11,1,2,0,1,0,56,12,90,0,0,0,0,3,4,0.595744680851064,0.361702127659574,0.0425531914893617,0,0,0,6.9547138402424,1.10945319999882
11,1,2,0,1,0,16,16,65,0,0,0,0,3,4,0.319148936170213,0.531914893617021,0,0,0,0,3.58345394151095,1.1206816000049
11,1,2,0,1,0,63,5.5,70,0,0,0,0,2,4,0.206896551724138,0.46551724137931,0.344827586206897,0,0,0,2.75794247859973,1.30018700000073
11,1,2,0,1,0,21,6,95,0,0,0,0,2,4,0.317073170731707,0.0487804878048781,0.463414634146341,0,0,0,3.36617435154911,1.0183670999977
11,1,2,0,1,0,43,3,30,0,0,0,0,2,4,0.27906976744186,0.325581395348837,0,0,0,0,0.721576437402859,1.0372231999936
11,1,2,0,1,0,45,13.5,55,0,0,0,0,2,4,0.25,0.509615384615385,0.149038461538462,0,0,0,0.0237987591327524,3.79064009999274
11,1,2,0,1,0,7,16.75,65,0,0,0,0,2,4,0.24,0.175,0.0075,0,0,0,6.16844959828275,7.05012929999793
11,1,2,0,1,0,23,7.75,60,0,0,0,0,2,4,0.175,0.25,0.375,0,0,0,3.69458535174441,0.986399300003541
11,1,2,0,1,0,3,15,85,0,0,0,0,2,4,0.395348837209302,0.558139534883721,0.0465116279069767,0,0,0,8.21921293514572,1.04246599999897
11,1,2,0,1,0,59,2,80,0,0,0,0,2,4,0.291139240506329,0.430379746835443,0.240506329113924,0,0,0,3.37825396551196,1.65090219999547
11,1,2,0,1,0,73,5,70,0,0,0,0,2,4,0.372340425531915,0.574468085106383,0.074468085106383,0,0,0,1.9876990255007,1.890510000012
11,1,2,0,1,0,58,14,45,0,0,0,0,2,4,0.294117647058824,0.382352941176471,0.0294117647058824,0,0,0,0.0718501965698763,1.45868829998653
11,1,2,0,1,0,10,19.5,10,0,0,0,0,2,4,0.235294117647059,0.235294117647059,0.558823529411765,0,0,0,0.218433613317863,0.899790900002699
11,1,2,0,1,0,35,13,70,0,0,0,0,2,4,0.288888888888889,0.233333333333333,0.211111111111111,0,0,0,2.62815763967217,1.83118609999656
11,1,2,0,1,0,53,14,90,0,0,0,0,2,4,0.537037037037037,0.444444444444444,0.037037037037037,0,0,0,7.20613492992456,1.23946509999223
11,1,2,0,1,0,46,2,55,0,0,0,0,2,4,0.209302325581395,0.697674418604651,0.0697674418604651,0,0,0,0.236707839962357,1.03924270000425
11,1,2,0,1,0,11,18.25,70,0,0,0,0,1,4,0.4,0.22,0.18,0,0,0,8.45004369215782,1.99013500000001
11,1,2,0,1,0,18,18.75,80,0,0,0,0,1,4,0.19047619047619,0.595238095238095,0,0,0,0,9.06580158858904,1.0311967000016
11,1,2,0,1,0,36,14,15,0,0,0,0,1,4,0.255813953488372,0.697674418604651,0.0465116279069767,0,0,0,0.794647517960492,1.04368889999751
11,1,2,0,1,0,61,15,75,0,0,0,0,1,4,0.435643564356436,0.376237623762376,0.198019801980198,0,0,0,5.05683954073189,2.00539460001164
11,1,2,0,1,0,84,11,50,0,0,0,0,1,4,0.297297297297297,0.621621621621622,0.0540540540540541,0,0,0,0.0258262182553217,0.952582700003404
11,1,2,0,1,0,44,5,40,0,0,0,0,1,4,0.18,0.46,0.02,0,0,0,0.171246515969319,1.16913129999011
11,1,2,0,1,0,80,8,45,0,0,0,0,1,4,0.375,0.525,0,0,0,0,0.116530648832672,0.994212899997365
11,1,2,0,1,0,40,18,15,0,0,0,0,1,4,0.48,0.36,0,0,0,0,0.0284839160729184,1.16688020000583
11,1,2,0,1,0,83,17,80,0,0,0,0,1,4,0.426229508196721,0.426229508196721,0.0491803278688525,0,0,0,6.84589259732479,1.34936890000245
11,1,2,0,1,0,50,2.5,90,0,0,0,0,1,4,0.186440677966102,0.432203389830508,0.211864406779661,0,0,0,1.51483500060771,2.29420530000061
11,1,2,0,1,0,34,12,15,0,0,0,0,1,4,0.326086956521739,0.478260869565217,0,0,0,0,0,1.10301710000203
11,1,2,0,1,0,33,11,65,0,0,0,0,1,4,0.305555555555556,0.666666666666667,0.0555555555555556,0,0,0,4.9405045571595,0.933525200001895
11,1,2,0,1,0,14,16.75,45,0,0,0,0,1,4,0.3125,0.53125,0,0,0,0,1.29461730345313,0.855133899996872
11,1,2,0,1,0,67,8.5,50,0,0,0,0,1,4,0.318181818181818,0.454545454545455,0,0,0,0,4.67100709620403,0.688380499996128
11,2,1,0,1,1,52,18.5,10,85,0,0,0,5,2,0.223155929038282,0.239962651727358,0.118580765639589,0,0,0,0.189327620336417,18.1836212000053
11,2,1,0,1,1,45,13.5,55,65,0,0,0,5,2,0.283505154639175,0.128865979381443,0.134020618556701,0,0,0,1.90966220902158,3.56063619999622
11,2,1,0,1,1,58,14,45,20,0,0,0,5,2,0.610738255033557,0.161073825503356,0.342281879194631,0,0,0,2.32647838465969,2.80877719999989
11,2,1,0,1,1,17,3.25,85,205,0,0,0,5,2,0.36271186440678,0.216949152542373,0.403389830508475,0,0,0,0.823847810108301,5.23919149998983
11,2,1,0,1,1,60,15,35,31,0,0,0,5,2,0.221556886227545,0.293413173652695,0.329341317365269,0,0,0,0.19493969979052,3.10663680000289
11,2,1,0,1,1,41,19,65,245,0,0,0,5,2,0.19672131147541,0.295081967213115,0.434426229508197,0,0,0,3.288810736179,2.36166349999257
11,2,1,0,1,1,48,7,45,70,0,0,0,5,2,0.364963503649635,0.452554744525547,0.131386861313869,0,0,0,0.235193880960299,2.61875829999917
11,2,1,0,1,1,5,20,85,15,0,0,0,5,2,0.401459854014599,0.204379562043796,0.481751824817518,0,0,0,2.6548730676117,2.61334799999895
11,2,1,0,1,1,71,6,25,45,0,0,0,5,2,0.446428571428571,0.258928571428571,0.285714285714286,0,0,0,0.921044932113961,2.19353760000376
11,2,1,0,1,1,83,17,80,200,0,0,0,5,2,0.415841584158416,0.217821782178218,0.287128712871287,0,0,0,2.80796323539082,2.01918550000119
11,2,1,0,1,1,65,1.75,80,10,0,0,0,5,2,0.60377358490566,0.245283018867925,0.113207547169811,0,0,0,0.612386379557847,2.09353500000725
11,2,1,0,1,1,72,6.5,90,60,0,0,0,5,2,0.385542168674699,0.27710843373494,0.253012048192771,0,0,0,2.25494979574084,1.70671620000212
11,2,1,0,1,1,30,8,75,90,0,0,0,5,2,0.273972602739726,0.246575342465753,0.356164383561644,0,0,0,2.69435604560015,1.5446488000016
11,2,1,0,1,1,67,8.5,50,105,0,0,0,5,2,0.246987951807229,0,0.0753012048192771,0,0,0,0.099021755943614,5.86236440000357
11,2,1,0,1,1,37,14.5,5,175,0,0,0,4,2,0.247288503253796,0.316702819956616,0.351409978308026,0,0,0,0.0533840545475712,8.01396690000547
11,2,1,0,1,1,40,18,15,110,0,0,0,4,2,0.404494382022472,0.303370786516854,0.157303370786517,0,0,0,0.0573515810849834,1.8129004999937
11,2,1,0,1,1,22,20,90,165,0,0,0,4,2,0.345679012345679,0.425925925925926,0.203703703703704,0,0,0,1.40556474403785,3.05033790000016
11,2,1,0,1,1,23,7.75,60,120,0,0,0,4,2,0.297297297297297,0.423423423423423,0,0,0,0,0.679500396253932,2.18623710000247
11,2,1,0,1,1,79,10,10,140,0,0,0,4,2,0.633333333333333,0.233333333333333,0,0,0,0,1.21520543891183,1.32680439999967
11,2,1,0,1,1,36,14,15,40,0,0,0,4,2,0.526881720430108,0.182795698924731,0.279569892473118,0,0,0,0.0898395681375135,1.87281359999906
11,2,1,0,1,1,70,3.5,40,3,0,0,0,4,2,0.479591836734694,0.255102040816327,0.255102040816327,0,0,0,0.0516515864734934,1.95701090000512
11,2,1,0,1,1,76,4,35,70,0,0,0,4,2,0.608695652173913,0.617391304347826,0,0,0,0,0.0830326529806733,2.2462028000009
11,2,1,0,1,1,14,16.75,45,145,0,0,0,4,2,0.267326732673267,0.432343234323432,0.201320132013201,0,0,0,0.409213713777447,5.37206639999931
11,2,1,0,1,1,29,7,20,55,0,0,0,4,2,0.337209302325581,0.27906976744186,0.267441860465116,0,0,0,0.380670571807034,1.75699390000955
11,2,1,0,1,1,12,12,35,1,0,0,0,4,2,0.196078431372549,0.411764705882353,0.392156862745098,0,0,0,1.48383568874483,2.03376000000571
11,2,1,0,1,1,66,10,90,80,0,0,0,4,2,0.272727272727273,0.333333333333333,0.348484848484849,0,0,0,2.37825494883874,1.42905920000339
11,2,1,0,1,1,3,15,85,14,0,0,0,4,2,0.305555555555556,0.194444444444444,0.430555555555556,0,0,0,3.15932490016559,2.72230130000389
11,2,1,0,1,1,10,19.5,10,125,0,0,0,4,2,0.0606060606060606,0.348484848484849,0.545454545454545,0,0,0,0.03858254412064,1.43362080000225
11,2,1,0,1,1,56,12,90,210,0,0,0,3,2,0.474226804123711,0.298969072164948,0.216494845360825,0,0,0,1.40964942383839,1.94232090000878
11,2,1,0,1,1,18,18.75,80,250,0,0,0,3,2,0.409836065573771,0.344262295081967,0.245901639344262,0,0,0,3.14649511523884,1.34887129999697
11,2,1,0,1,1,21,6,95,55,0,0,0,3,2,0.323232323232323,0.318181818181818,0.0757575757575758,0,0,0,1.69604115591173,3.63488969999889
11,2,1,0,1,1,63,5.5,70,40,0,0,0,3,2,0.349693251533742,0.337423312883436,0.288343558282209,0,0,0,0.738493440279665,3.05141379999986
11,2,1,0,1,1,35,13,70,30,0,0,0,3,2,0.473076923076923,0.284615384615385,0.153846153846154,0,0,0,0.524563806071161,4.65976009999576
11,2,1,0,1,1,26,4,45,50,0,0,0,3,2,0.315789473684211,0.342105263157895,0.276315789473684,0,0,0,0.42930910842464,1.59615209999902
11,2,1,0,1,1,81,14,55,5,0,0,0,3,2,0.333333333333333,0.236111111111111,0.388888888888889,0,0,0,0.01187722077864,1.53385900000285
11,2,1,0,1,1,80,8,45,125,0,0,0,3,2,0.346153846153846,0.134615384615385,0.461538461538462,0,0,0,0.0856387494879982,1.19910479999089
11,2,1,0,1,1,24,19,70,150,0,0,0,3,2,0.428571428571429,0.326530612244898,0.214285714285714,0,0,0,1.58841772968842,1.95406629999343
11,2,1,0,1,1,53,14,90,60,0,0,0,3,2,0.416666666666667,0.183333333333333,0.35,0,0,0,2.87558596334098,1.33511169999838
11,2,1,0,1,1,34,12,15,85,0,0,0,3,2,0.584158415841584,0.386138613861386,0,0,0,0,0.042630151126513,2.00627810000151
11,2,1,0,1,1,64,19.5,65,45,0,0,0,3,2,0.48125,0.225,0.2375,0,0,0,2.51225463538554,2.99972150000394
11,2,1,0,1,1,49,16,50,20,0,0,0,3,2,0.638888888888889,0.25,0,0,0,0,1.20508893312919,0.925959400003194
11,2,1,0,1,1,50,2.5,90,10,0,0,0,3,2,0.764705882352941,0.176470588235294,0.0588235294117647,0,0,0,0.406418515441597,0.900969900001655
11,2,1,0,1,1,69,1.5,95,20,0,0,0,1,2,0.311111111111111,0.6,0,0,0,0,0.378161060125251,1.07469110000238
11,2,1,0,1,1,51,1,40,3,0,0,0,1,2,0.433333333333333,0.433333333333333,0.0333333333333333,0,0,0,0.114077353339763,2.33346629999869
11,2,1,0,1,1,46,2,55,70,0,0,0,1,2,0.1875,0.65625,0,0,0,0,0.277823396041875,0.867896399999154
11,2,1,0,1,1,44,5,40,65,0,0,0,1,2,0.422110552763819,0.376884422110553,0.160804020100503,0,0,0,0.0261981966529561,3.64330080000218
11,2,1,0,1,1,31,8.5,50,22,0,0,0,1,2,0.577464788732394,0.23943661971831,0.117370892018779,0,0,0,0.0903861859792094,3.88457449999987
11,2,1,0,1,1,78,8.25,20,5,0,0,0,1,2,0.135135135135135,0.378378378378378,0.472972972972973,0,0,0,0.102435719737645,1.5687057999894
11,2,1,0,1,1,74,7,40,120,0,0,0,1,2,0.368421052631579,0.421052631578947,0,0,0,0,0.173580546315822,0.644391499998164
11,2,1,0,1,1,20,15.75,35,30,0,0,0,1,2,0.585714285714286,0.371428571428571,0.0142857142857143,0,0,0,0.461928863912092,1.49985180000658
11,2,1,0,1,1,43,3,30,0,0,0,0,1,2,0.421052631578947,0.385964912280702,0.0175438596491228,0,0,0,0.0437031879929322,1.2743816000002
11,2,1,0,1,1,68,2.5,65,25,0,0,0,1,2,0.333333333333333,0.481481481481481,0,0,0,0,0.0432088233078609,0.781324499999755
11,2,1,0,1,1,61,15,75,225,0,0,0,1,2,0.131578947368421,0.736842105263158,0,0,0,0,2.20094348372377,0.962231500001508
11,2,1,0,1,1,77,12,75,25,0,0,0,1,2,0.472727272727273,0.490909090909091,0.0363636363636364,0,0,0,3.02364068989547,1.24791989999358
11,2,1,0,1,1,54,9.25,40,4,0,0,0,1,2,0.770780856423174,0.204030226700252,0.0377833753148615,0,0,0,2.149515909395,6.95019299999694
11,2,1,0,1,1,55,16.5,25,155,0,0,0,1,2,0.372448979591837,0.352040816326531,0.0204081632653061,0,0,0,0.258529479114415,3.58836059999885
11,2,1,0,1,1,32,9.5,30,170,0,0,0,6,2,0.269230769230769,0.490384615384615,0.192307692307692,0,0,0,0.0490641362450468,2.06805830000667
11,2,1,0,1,1,7,16.75,65,75,0,0,0,6,2,0.481012658227848,0.113924050632911,0.20253164556962,0,0,0,2.6521544516369,1.64091149999877
11,2,1,0,1,1,15,17.25,25,55,0,0,0,6,2,0.456140350877193,0.368421052631579,0.140350877192982,0,0,0,0,1.2743119999941
11,2,1,0,1,1,1,5,50,0,0,0,0,6,2,0.476923076923077,0.4,0.0769230769230769,0,0,0,0.464990680568711,1.41328939999221
11,2,1,0,1,1,4,8.5,20,90,0,0,0,6,2,0.264367816091954,0.448275862068966,0.275862068965517,0,0,0,0.207842378911508,1.78496910000104
11,2,1,0,1,1,42,20,30,170,0,0,0,6,2,0.416666666666667,0.546296296296296,0,0,0,0,0.16676178747705,2.12522539999918
11,2,1,0,1,1,25,9,60,160,0,0,0,6,2,0.44,0.38,0.12,0,0,0,2.31588608544009,1.15918980000424
11,2,1,0,1,1,38,15.5,40,215,0,0,0,6,2,0.411764705882353,0.352941176470588,0,0,0,0,0.385790735287369,1.18054560000019
11,2,1,0,1,1,59,2,80,110,0,0,0,6,2,0.533333333333333,0.333333333333333,0,0,0,0,0.510472592362934,0.827099699992687
11,2,1,0,1,1,47,16,100,5,0,0,0,6,2,0.380530973451327,0.221238938053097,0.150442477876106,0,0,0,0.0147365424835719,4.09793910000008
11,2,1,0,1,1,6,19,20,175,0,0,0,6,2,0.367924528301887,0.462264150943396,0.0283018867924528,0,0,0,0.109751155515536,2.09280949999811
11,2,1,0,1,1,82,9.5,20,25,0,0,0,6,2,0.412587412587413,0.454545454545455,0,0,0,0,0.741301199512076,2.71146489999956
11,2,1,0,1,1,8,16,15,20,0,0,0,6,2,0.365853658536585,0.390243902439024,0.170731707317073,0,0,0,0,1.00774230000388
11,2,1,0,1,1,28,6,25,7,0,0,0,6,2,0.426395939086294,0.274111675126904,0.34010152284264,0,0,0,0.0249653532916092,3.61730620000162
11,2,1,0,1,1,27,5.25,50,120,0,0,0,2,2,0.284210526315789,0.0842105263157895,0.368421052631579,0,0,0,0.960004745779177,1.92160660000809
11,2,1,0,1,1,84,11,50,110,0,0,0,2,2,0.411764705882353,0.509803921568627,0.0588235294117647,0,0,0,1.47196445528261,1.17217849999724
11,2,1,0,1,1,19,17.5,25,40,0,0,0,2,2,0.42156862745098,0.53921568627451,0,0,0,0,0.670974444013627,2.03524789999938
11,2,1,0,1,1,16,16,65,95,0,0,0,2,2,0.2,0.4,0.36,0,0,0,2.28245795329285,1.16990639999858
11,2,1,0,1,1,33,11,65,190,0,0,0,2,2,0.192307692307692,0.480769230769231,0.423076923076923,0,0,0,3.27094329718572,1.19862380000995
11,2,1,0,1,1,57,10,50,95,0,0,0,2,2,0.339130434782609,0.373913043478261,0.252173913043478,0,0,0,1.58614516991215,2.2400856000022
11,2,1,0,1,1,9,2,30,19,0,0,0,2,2,0.175,0.375,0.375,0,0,0,0.124540152812255,0.988787099995534
11,2,1,0,1,1,2,7.5,75,25,0,0,0,2,2,0.121951219512195,0.390243902439024,0.414634146341463,0,0,0,2.97671134965191,1.01876739998988
11,2,1,0,1,1,39,17,35,15,0,0,0,2,2,0.424242424242424,0.333333333333333,0.212121212121212,0,0,0,0.0416993887206374,1.42136930000561
11,2,1,0,1,1,13,19.5,5,7,0,0,0,2,2,0.4375,0.333333333333333,0,0,0,0,0.28857816113586,1.12481449999905
11,2,1,0,1,1,11,18.25,70,55,0,0,0,2,2,0.212121212121212,0.666666666666667,0,0,0,0,2.81989770376836,0.886982799987891
11,2,1,0,1,1,75,6,85,45,0,0,0,2,2,0.346153846153846,0.403846153846154,0,0,0,0,2.50408750117698,1.19875560000946
11,2,1,0,1,1,73,5,70,14,0,0,0,2,2,0.452631578947368,0.452631578947368,0.0105263157894737,0,0,0,1.81954823526173,1.91452409999329
11,2,1,0,1,1,62,10,95,135,0,0,0,2,2,0.357142857142857,0.571428571428571,0.0238095238095238,0,0,0,2.06167395390355,1.03463019999617
11,3,1,0,0,1,18,18.75,100,250,0,0,0,3,6,0.16721044045677,0.143556280587276,0.15742251223491,0,0,0,0.3008797206518,20.7699782
11,3,1,0,0,1,59,2,100,110,0,0,0,3,6,0.380208333333333,0.140625,0.473958333333333,0,0,0,0.256792383640157,3.53270840000005
11,3,1,0,0,1,2,7.5,100,25,0,0,0,3,6,0.352941176470588,0.0661764705882353,0.330882352941176,0,0,0,0.231396142192317,4.85898469999847
11,3,1,0,0,1,55,16.5,100,155,0,0,0,3,6,0.139130434782609,0.243478260869565,0.321739130434783,0,0,0,0.288518754181716,2.25154079999993
11,3,1,0,0,1,42,20,100,170,0,0,0,3,6,0.328947368421053,0.302631578947368,0.381578947368421,0,0,0,0.285928829241868,1.59319440000036
11,3,1,0,0,1,48,7,100,70,0,0,0,3,6,0.240740740740741,0.37037037037037,0.314814814814815,0,0,0,0.0358318789725338,1.23286439999902
11,3,1,0,0,1,5,20,100,15,0,0,0,3,6,0.394366197183099,0.204225352112676,0.366197183098592,0,0,0,4.6799580496836,2.69851400000152
11,3,1,0,0,1,57,10,100,95,0,0,0,3,6,0.328358208955224,0.17910447761194,0.477611940298507,0,0,0,0.684451167262822,1.44498440000098
11,3,1,0,0,1,21,6,100,55,0,0,0,3,6,0.543478260869565,0.195652173913043,0.195652173913043,0,0,0,0.480089439442718,1.09266559999924
11,3,1,0,0,1,74,7,100,120,0,0,0,3,6,0.328571428571429,0.257142857142857,0.414285714285714,0,0,0,0.256218524888336,1.49984609999956
11,3,1,0,0,1,73,5,100,14,0,0,0,3,6,0.534883720930233,0.186046511627907,0.232558139534884,0,0,0,2.3711635431377,1.05270099999871
11,3,1,0,0,1,13,19.5,100,7,0,0,0,3,6,0.645833333333333,0.0520833333333333,0.270833333333333,0,0,0,10.4539574199972,1.93890239999928
11,3,1,0,0,1,7,16.75,100,75,0,0,0,3,6,0.483870967741935,0.129032258064516,0.354838709677419,0,0,0,3.62085978610882,1.36516189999929
11,3,1,0,0,1,80,8,100,125,0,0,0,3,6,0.347826086956522,0.173913043478261,0.391304347826087,0,0,0,0.171027496033446,1.10368079999898
11,3,1,0,0,1,75,6,100,45,0,0,0,2,6,0.35625,0.38125,0.275,0,0,0,0.555799984176474,2.99600090000058
11,3,1,0,0,1,25,9,100,160,0,0,0,2,6,0.367875647668394,0.233160621761658,0.217616580310881,0,0,0,0.261477429567588,3.53749219999918
11,3,1,0,0,1,11,18.25,100,55,0,0,0,2,6,0.437125748502994,0.29940119760479,0.263473053892216,0,0,0,5.14400705533523,3.1093579999997
11,3,1,0,0,1,56,12,100,210,0,0,0,2,6,0.210526315789474,0.210526315789474,0.473684210526316,0,0,0,0.192856065436487,0.959862699999576
11,3,1,0,0,1,49,16,100,20,0,0,0,2,6,0.0158730158730159,0.206349206349206,0.73015873015873,0,0,0,0.221557623108389,1.37534849999975
11,3,1,0,0,1,22,20,100,165,0,0,0,2,6,0.28169014084507,0.323943661971831,0.394366197183099,0,0,0,0.884998365671656,1.51767939999991
11,3,1,0,0,1,52,18.5,100,85,0,0,0,2,6,0.171428571428571,0,0.714285714285714,0,0,0,0.624582562937718,0.928232300000673
11,3,1,0,0,1,30,8,100,90,0,0,0,2,6,0.216216216216216,0,0.648648648648649,0,0,0,0.0388968544081578,0.952721099998598
11,3,1,0,0,1,58,14,100,20,0,0,0,2,6,0.282051282051282,0.179487179487179,0.487179487179487,0,0,0,7.16000386979735,0.977964800000336
11,3,1,0,0,1,24,19,100,150,0,0,0,2,6,0.597560975609756,0.0853658536585366,0.292682926829268,0,0,0,0.453061529526948,1.69802820000041
11,3,1,0,0,1,9,2,100,19,0,0,0,2,6,0.183673469387755,0,0.73469387755102,0,0,0,0.0144031376959184,1.14629069999864
11,3,1,0,0,1,4,8.5,100,90,0,0,0,2,6,0.222222222222222,0.194444444444444,0.472222222222222,0,0,0,3.84963110623006,0.930773699999918
11,3,1,0,0,1,78,8.25,100,5,0,0,0,2,6,0.556603773584906,0.226415094339623,0.188679245283019,0,0,0,4.14186145198363,2.10051190000013
11,3,1,0,0,1,41,19,100,245,0,0,0,2,6,0.235294117647059,0.147058823529412,0.5,0,0,0,0.363387547020398,0.901097100000698
11,3,1,0,0,1,28,6,100,7,0,0,0,5,6,0.46875,0.291666666666667,0.208333333333333,0,0,0,2.34920736764313,1.93592929999977
11,3,1,0,0,1,16,16,100,95,0,0,0,5,6,0.317307692307692,0.278846153846154,0.423076923076923,0,0,0,0.911127339944308,2.06406500000048
11,3,1,0,0,1,51,1,100,3,0,0,0,5,6,0.409090909090909,0.257575757575758,0.333333333333333,0,0,0,0,1.43711040000017
11,3,1,0,0,1,38,15.5,100,215,0,0,0,5,6,0.474683544303797,0.354430379746835,0.158227848101266,0,0,0,2.49730025103421,2.95606880000014
11,3,1,0,0,1,76,4,100,70,0,0,0,5,6,0.363636363636364,0.0681818181818182,0.590909090909091,0,0,0,0.0242983466025528,1.05542940000123
11,3,1,0,0,1,23,7.75,100,120,0,0,0,5,6,0.339130434782609,0.321739130434783,0.295652173913043,0,0,0,0.0730036544438626,2.25293150000107
11,3,1,0,0,1,68,2.5,100,25,0,0,0,5,6,0.431372549019608,0.156862745098039,0.333333333333333,0,0,0,0.209798667415658,1.18367810000018
11,3,1,0,0,1,64,19.5,100,45,0,0,0,5,6,0.349397590361446,0.234939759036145,0.0542168674698795,0,0,0,5.17039293953326,3.09810939999988
11,3,1,0,0,1,29,7,100,55,0,0,0,5,6,0.292682926829268,0.195121951219512,0.463414634146341,0,0,0,4.71484351315309,1.01261400000112
11,3,1,0,0,1,69,1.5,100,20,0,0,0,5,6,0.44,0.4,0.1,0,0,0,0.0290691939660874,1.16430369999944
11,3,1,0,0,1,10,19.5,100,125,0,0,0,5,6,0.326315789473684,0.305263157894737,0.389473684210526,0,0,0,2.78662155795447,1.91948310000043
11,3,1,0,0,1,17,3.25,100,205,0,0,0,5,6,0.392156862745098,0.0980392156862745,0.470588235294118,0,0,0,2.49233423275134,1.17162790000111
11,3,1,0,0,1,65,1.75,100,10,0,0,0,5,6,0.344444444444444,0.244444444444444,0.411111111111111,0,0,0,0.0433067994797796,1.83179479999853
11,3,1,0,0,1,84,11,100,110,0,0,0,5,6,0.484848484848485,0.363636363636364,0.0303030303030303,0,0,0,1.46540463526817,0.874146899999687
11,3,1,0,0,1,44,5,100,65,0,0,0,4,6,0.235294117647059,0,0.470588235294118,0,0,0,2.60986387477626,0.615345100000923
11,3,1,0,0,1,62,10,100,135,0,0,0,4,6,0.30952380952381,0.428571428571429,0.19047619047619,0,0,0,2.21913094105375,1.0351445999986
11,3,1,0,0,1,20,15.75,100,30,0,0,0,4,6,0.61038961038961,0.311688311688312,0.103896103896104,0,0,0,5,1.61053689999972
11,3,1,0,0,1,61,15,100,225,0,0,0,4,6,0.339285714285714,0.125,0.464285714285714,0,0,0,0.0707326195514995,1.26800639999965
11,3,1,0,0,1,36,14,100,40,0,0,0,4,6,0.377049180327869,0.377049180327869,0.180327868852459,0,0,0,5.34618545993222,1.34574130000146
11,3,1,0,0,1,82,9.5,100,25,0,0,0,4,6,0.411347517730496,0.156028368794326,0.453900709219858,0,0,0,4.47318006930294,2.68512460000056
11,3,1,0,0,1,39,17,100,15,0,0,0,4,6,0.366666666666667,0.2,0.411111111111111,0,0,0,8.98150654849517,1.8256736000003
11,3,1,0,0,1,77,12,100,25,0,0,0,4,6,0.5125,0.2,0.2875,0,0,0,6.0966376202642,1.66521029999967
11,3,1,0,0,1,34,12,100,85,0,0,0,4,6,0.39,0.21,0.4,0,0,0,0.462182477079178,2.00252929999988
11,3,1,0,0,1,26,4,100,50,0,0,0,4,6,0.707317073170732,0,0.219512195121951,0,0,0,0.266858504669056,1.01082499999939
11,3,1,0,0,1,43,3,100,0,0,0,0,4,6,0.385964912280702,0.201754385964912,0.0701754385964912,0,0,0,1.04913929273178,2.23738739999862
11,3,1,0,0,1,6,19,100,175,0,0,0,4,6,0.422222222222222,0.0666666666666667,0.422222222222222,0,0,0,0.0580047522114597,1.08079989999896
11,3,1,0,0,1,54,9.25,100,4,0,0,0,4,6,0.359550561797753,0.269662921348315,0.337078651685393,0,0,0,2.89326850784671,1.81061309999859
11,3,1,0,0,1,31,8.5,100,22,0,0,0,4,6,0.461538461538462,0.0192307692307692,0.461538461538462,0,0,0,4.6407645009954,1.1992263000011
11,3,1,0,0,1,45,13.5,100,65,0,0,0,6,6,0.472727272727273,0.272727272727273,0.181818181818182,0,0,0,2.26436931488059,1.2419342000012
11,3,1,0,0,1,1,5,100,0,0,0,0,6,6,0.472222222222222,0.277777777777778,0.25,0,0,0,3.08362793627759,2.13519489999999
11,3,1,0,0,1,71,6,100,45,0,0,0,6,6,0.507692307692308,0.338461538461538,0.153846153846154,0,0,0,3.20242723372545,1.4171910999994
11,3,1,0,0,1,72,6.5,100,60,0,0,0,6,6,0.282608695652174,0.391304347826087,0.304347826086957,0,0,0,0.466881817573292,1.08975060000012
11,3,1,0,0,1,67,8.5,100,105,0,0,0,6,6,0.0731707317073171,0.414634146341463,0.414634146341463,0,0,0,0.258529479114415,1.00811000000067
11,3,1,0,0,1,46,2,100,70,0,0,0,6,6,0.303448275862069,0.124137931034483,0.448275862068966,0,0,0,0.164606352320785,2.74058719999994
11,3,1,0,0,1,79,10,100,140,0,0,0,6,6,0.166666666666667,0.472222222222222,0.277777777777778,0,0,0,0.603816667985264,0.925748100000419
11,3,1,0,0,1,66,10,100,80,0,0,0,6,6,0.193548387096774,0.483870967741935,0.225806451612903,0,0,0,2.13735957255878,0.854773600000044
11,3,1,0,0,1,8,16,100,20,0,0,0,6,6,0.377358490566038,0.339622641509434,0.226415094339623,0,0,0,6.0902858031445,1.21576660000028
11,3,1,0,0,1,40,18,100,110,0,0,0,6,6,0.528735632183908,0.0114942528735632,0.459770114942529,0,0,0,0.56027234101899,1.77347569999984
11,3,1,0,0,1,47,16,100,5,0,0,0,6,6,0.548387096774194,0,0.32258064516129,0,0,0,8.85123216189544,0.851554399998349
11,3,1,0,0,1,83,17,100,200,0,0,0,6,6,0.731707317073171,0.0487804878048781,0.0975609756097561,0,0,0,0.486552067528045,1.01866759999939
11,3,1,0,0,1,53,14,100,60,0,0,0,6,6,0.572916666666667,0.0104166666666667,0.229166666666667,0,0,0,4.05707908617269,1.92938599999979
11,3,1,0,0,1,63,5.5,100,40,0,0,0,6,6,0.434782608695652,0,0.391304347826087,0,0,0,1.25665916378002,0.715725599999132
11,3,1,0,0,1,81,14,100,5,0,0,0,1,6,0.314285714285714,0.2,0.457142857142857,0,0,0,7.22117898674077,0.90784899999926
11,3,1,0,0,1,33,11,100,190,0,0,0,1,6,0.228571428571429,0.0571428571428571,0.685714285714286,0,0,0,0.15220615517984,0.912374499999714
11,3,1,0,0,1,37,14.5,100,175,0,0,0,1,6,0.434782608695652,0.0434782608695652,0.434782608695652,0,0,0,0.358885575738682,0.720187000000806
11,3,1,0,0,1,50,2.5,100,10,0,0,0,1,6,0.32258064516129,0,0.516129032258065,0,0,0,0.228285875658408,0.867875100000674
11,3,1,0,0,1,14,16.75,100,145,0,0,0,1,6,0.357142857142857,0.0476190476190476,0.595238095238095,0,0,0,0.629076122253885,1.02698439999949
11,3,1,0,0,1,19,17.5,100,40,0,0,0,1,6,0.206896551724138,0,0.620689655172414,0,0,0,5.92629619819214,0.815295100001094
11,3,1,0,0,1,35,13,100,30,0,0,0,1,6,0.117647058823529,0.450980392156863,0.392156862745098,0,0,0,3.597282221468,1.18092239999896
11,3,1,0,0,1,60,15,100,31,0,0,0,1,6,0.131578947368421,0.157894736842105,0.684210526315789,0,0,0,6.13733024270827,0.958669300000111
11,3,1,0,0,1,70,3.5,100,3,0,0,0,1,6,0.289473684210526,0.0263157894736842,0.657894736842105,0,0,0,0.339209168310273,0.966753800001243
11,3,1,0,0,1,3,15,100,14,0,0,0,1,6,0.457446808510638,0.0212765957446809,0.473404255319149,0,0,0,6.50782604279572,3.45502169999963
11,3,1,0,0,1,32,9.5,100,170,0,0,0,1,6,0.333333333333333,0,0.58974358974359,0,0,0,0.31030026285703,0.977789500000654
11,3,1,0,0,1,27,5.25,100,120,0,0,0,1,6,0.323943661971831,0.0140845070422535,0.542253521126761,0,0,0,0.233517147519031,2.69232469999952
11,3,1,0,0,1,15,17.25,100,55,0,0,0,1,6,0.647540983606557,0.0163934426229508,0.360655737704918,0,0,0,4.3128454184562,2.36443330000111
11,3,1,0,0,1,12,12,100,1,0,0,0,1,6,0.323529411764706,0,0.558823529411765,0,0,0,7.24339906939338,0.8933018000007
12,1,1,0,1,0,43,3,30,0,0,0,0,4,4,0.22043795620438,0.117518248175182,0.228467153284672,0,0,0,0.998478980309287,23.1434302999987
12,1,1,0,1,0,25,9,60,0,0,0,0,4,4,0.436758893280632,0.0948616600790514,0.0217391304347826,0,0,0,2.99733077512318,8.75976719999744
12,1,1,0,1,0,22,20,90,0,0,0,0,4,4,0.447863247863248,0.141880341880342,0.114529914529915,0,0,0,8.03003578181906,10.0631393999938
12,1,1,0,1,0,65,1.75,80,0,0,0,0,4,4,0.506666666666667,0.153333333333333,0.09,0,0,0,0.234592291730667,5.33226229999855
12,1,1,0,1,0,81,14,55,0,0,0,0,4,4,0.395209580838323,0.20059880239521,0.0868263473053892,0,0,0,5.01035153189121,5.88738369999919
12,1,1,0,1,0,14,16.75,45,0,0,0,0,4,4,0.606870229007634,0.217557251908397,0,0,0,0,5.95916134529742,4.6889269999956
12,1,1,0,1,0,7,16.75,65,0,0,0,0,4,4,0.315533980582524,0.184466019417476,0.194174757281553,0,0,0,5.97336422222401,3.76102449999598
12,1,1,0,1,0,69,1.5,95,0,0,0,0,4,4,0.538095238095238,0.176190476190476,0,0,0,0,0.455002257953311,3.8329223000037
12,1,1,0,1,0,8,16,15,0,0,0,0,4,4,0.353711790393013,0.0414847161572052,0.37117903930131,0,0,0,2.68467025853172,7.96358850000252
12,1,1,0,1,0,1,5,50,0,0,0,0,4,4,0.393939393939394,0.174242424242424,0.196969696969697,0,0,0,2.02100507773903,4.73198169999523
12,1,1,0,1,0,82,9.5,20,0,0,0,0,4,4,0.530386740331492,0,0,0,0,0,1.05136913422507,3.34586629999103
12,1,1,0,1,0,27,5.25,50,0,0,0,0,4,4,0.339712918660287,0.148325358851675,0.0478468899521531,0,0,0,2.03914122086579,7.28558239999984
12,1,1,0,1,0,77,12,75,0,0,0,0,4,4,0.319230769230769,0.276923076923077,0,0,0,0,5.02053605045794,4.65733390000241
12,1,1,0,1,0,57,10,50,0,0,0,0,4,4,0.5,0.0655737704918033,0,0,0,0,3.49286428443251,2.36663459999545
12,1,1,0,1,0,80,8,45,0,0,0,0,1,4,0.201814058956916,0.138321995464853,0.154195011337868,0,0,0,1.25378503407747,7.70292880000488
12,1,1,0,1,0,19,17.5,25,0,0,0,0,1,4,0.314814814814815,0.320987654320988,0.12962962962963,0,0,0,1.04654443054575,3.02112380000472
12,1,1,0,1,0,9,2,30,0,0,0,0,1,4,0.221374045801527,0.267175572519084,0.187022900763359,0,0,0,0.465344102970153,4.693923800005
12,1,1,0,1,0,33,11,65,0,0,0,0,1,4,0.310077519379845,0.573643410852713,0.0155038759689922,0,0,0,2.02060852873471,2.47437009999703
12,1,1,0,1,0,63,5.5,70,0,0,0,0,1,4,0.567708333333333,0.03125,0.135416666666667,0,0,0,1.65528104365939,3.52954169998702
12,1,1,0,1,0,58,14,45,0,0,0,0,1,4,0.628415300546448,0.251366120218579,0.0109289617486339,0,0,0,1.06590380697004,3.37754010000208
12,1,1,0,1,0,46,2,55,0,0,0,0,1,4,0.511400651465798,0.136807817589577,0.192182410423453,0,0,0,1.02767665810933,5.43519139999989
12,1,1,0,1,0,20,15.75,35,0,0,0,0,1,4,0.608333333333333,0.283333333333333,0,0,0,0,1.05848750366659,2.32377560000168
12,1,1,0,1,0,37,14.5,5,0,0,0,0,1,4,0.323404255319149,0.421276595744681,0.106382978723404,0,0,0,0.202033662716868,4.23732430000382
12,1,1,0,1,0,17,3.25,85,0,0,0,0,1,4,0.346456692913386,0.535433070866142,0.0761154855643045,0,0,0,1.07794513732549,6.66947150000487
12,1,1,0,1,0,78,8.25,20,0,0,0,0,1,4,0.43,0.24,0,0,0,0,0.706086884657861,1.98715790000279
12,1,1,0,1,0,16,16,65,0,0,0,0,1,4,0.58273381294964,0.39568345323741,0,0,0,0,3.61797449690334,2.63756079999439
12,1,1,0,1,0,34,12,15,0,0,0,0,1,4,0.153310104529617,0.421602787456446,0.121951219512195,0,0,0,1.30818302035021,5.10936590000347
12,1,1,0,1,0,38,15.5,40,0,0,0,0,1,4,0.53968253968254,0.317460317460317,0.0634920634920635,0,0,0,2.74870398150682,3.47160990000702
12,1,1,0,1,0,3,15,85,0,0,0,0,2,4,0.223140495867769,0.347107438016529,0.214876033057851,0,0,0,4.01485459360784,4.36144050001167
12,1,1,0,1,0,44,5,40,0,0,0,0,2,4,0.191176470588235,0.610294117647059,0.183823529411765,0,0,0,0.726893127356874,2.59907930000918
12,1,1,0,1,0,32,9.5,30,0,0,0,0,2,4,0.674911660777385,0.113074204946996,0.0812720848056537,0,0,0,0.733564469960886,5.03566500000306
12,1,1,0,1,0,51,1,40,0,0,0,0,2,4,0.295652173913043,0.269565217391304,0.139130434782609,0,0,0,0.217439247102995,2.24207229999593
12,1,1,0,1,0,61,15,75,0,0,0,0,2,4,0.383561643835616,0.321917808219178,0.00684931506849315,0,0,0,4.49384372227714,2.75990970000566
12,1,1,0,1,0,11,18.25,70,0,0,0,0,2,4,0.639830508474576,0.139830508474576,0.110169491525424,0,0,0,4.86760217867635,4.25730979999935
12,1,1,0,1,0,49,16,50,0,0,0,0,2,4,0.2875,0.425,0,0,0,0,1.8037718147487,1.66114820000075
12,1,1,0,1,0,60,15,35,0,0,0,0,2,4,0.36969696969697,0.181818181818182,0.151515151515152,0,0,0,2.37392667687138,3.0810702000017
12,1,1,0,1,0,5,20,85,0,0,0,0,2,4,0.339622641509434,0.330188679245283,0.0849056603773585,0,0,0,6.02453600451532,2.0892509999976
12,1,1,0,1,0,47,16,100,0,0,0,0,2,4,0.198198198198198,0.173423423423423,0.108108108108108,0,0,0,0,7.72269540000707
12,1,1,0,1,0,15,17.25,25,0,0,0,0,2,4,0.253968253968254,0.233766233766234,0.143578643578644,0,0,0,0.0432088233078609,23.4108103999897
12,1,1,0,1,0,64,19.5,65,0,0,0,0,2,4,0.401273885350318,0.464968152866242,0.0318471337579618,0,0,0,2.02550983171412,2.95756300000357
12,1,1,0,1,0,72,6.5,90,0,0,0,0,2,4,0.535087719298246,0.254385964912281,0,0,0,0,1.00373666938081,2.22328170000401
12,1,1,0,1,0,74,7,40,0,0,0,0,2,4,0.39,0.22,0.145,0,0,0,1.01116708270736,3.65521589999844
12,1,1,0,1,0,31,8.5,50,0,0,0,0,5,4,0.437751004016064,0.100401606425703,0.0120481927710843,0,0,0,1.01803856063574,4.46692759999132
12,1,1,0,1,0,45,13.5,55,0,0,0,0,5,4,0.544871794871795,0.314102564102564,0.0576923076923077,0,0,0,1.25099024477645,2.92019889999938
12,1,1,0,1,0,84,11,50,0,0,0,0,5,4,0.361111111111111,0,0.324074074074074,0,0,0,1.03938909995913,2.13321390000056
12,1,1,0,1,0,10,19.5,10,0,0,0,0,5,4,0.623188405797101,0,0.159420289855072,0,0,0,0.145654161625821,1.48223789999611
12,1,1,0,1,0,39,17,35,0,0,0,0,5,4,0.515151515151515,0.292929292929293,0.0101010101010101,0,0,0,1.0918569389994,1.9719594999915
12,1,1,0,1,0,66,10,90,0,0,0,0,5,4,0.64367816091954,0.0919540229885057,0.252873563218391,0,0,0,3.05634859555906,1.77582890000485
12,1,1,0,1,0,67,8.5,50,0,0,0,0,5,4,0.293893129770992,0.583969465648855,0,0,0,0,1.0199134531522,4.6834486000007
12,1,1,0,1,0,76,4,35,0,0,0,0,5,4,0.46875,0,0.171875,0,0,0,0.161320703589837,1.38939660000324
12,1,1,0,1,0,59,2,80,0,0,0,0,5,4,0.729166666666667,0.166666666666667,0,0,0,0,0.160950009586411,1.1340654999949
12,1,1,0,1,0,4,8.5,20,0,0,0,0,5,4,0.419354838709677,0.032258064516129,0.032258064516129,0,0,0,0.662284628592818,1.35596190000069
12,1,1,0,1,0,41,19,65,0,0,0,0,5,4,0.6875,0.208333333333333,0,0,0,0,1.9928098882287,1.13140709999425
12,1,1,0,1,0,24,19,70,0,0,0,0,5,4,0.604166666666667,0,0,0,0,0,1.07056605372122,1.12370900000678
12,1,1,0,1,0,40,18,15,0,0,0,0,5,4,0.293577981651376,0.339449541284404,0.220183486238532,0,0,0,1.12292323283226,2.13560029999644
12,1,1,0,1,0,26,4,45,0,0,0,0,5,4,0.609756097560976,0.203252032520325,0,0,0,0,0.348484263148066,2.3692224999977
12,1,1,0,1,0,83,17,80,0,0,0,0,6,4,0.309623430962343,0.435146443514644,0.100418410041841,0,0,0,2.52226432233717,4.33939709998958
12,1,1,0,1,0,73,5,70,0,0,0,0,6,4,0.47887323943662,0.0422535211267606,0,0,0,0,1.00146715062697,1.50967979998677
12,1,1,0,1,0,42,20,30,0,0,0,0,6,4,0.271929824561404,0.368421052631579,0,0,0,0,0.289173578055532,2.22170460000052
12,1,1,0,1,0,52,18.5,10,0,0,0,0,6,4,0.288321167883212,0.37956204379562,0.22992700729927,0,0,0,0.374051184825532,4.89744580000115
12,1,1,0,1,0,13,19.5,5,0,0,0,0,6,4,0.191780821917808,0.515981735159817,0,0,0,0,0.0588084678001479,3.97647850000067
12,1,1,0,1,0,71,6,25,0,0,0,0,6,4,0.566433566433566,0.307692307692308,0,0,0,0,0.482029643492019,2.71022059999814
12,1,1,0,1,0,2,7.5,75,0,0,0,0,6,4,0.492957746478873,0.23943661971831,0,0,0,0,0.833253392349754,2.69950299999618
12,1,1,0,1,0,23,7.75,60,0,0,0,0,6,4,0.314285714285714,0.268571428571429,0,0,0,0,1.01757090488666,3.23934720001125
12,1,1,0,1,0,36,14,15,0,0,0,0,6,4,0.26271186440678,0.127118644067797,0.177966101694915,0,0,0,0.628700450407766,2.2887475000025
12,1,1,0,1,0,29,7,20,0,0,0,0,6,4,0.138248847926267,0.175115207373272,0,0,0,0,0.494314764815229,3.94308810000075
12,1,1,0,1,0,50,2.5,90,0,0,0,0,6,4,0.524390243902439,0.0853658536585366,0,0,0,0,0.467475950871645,1.70238509999763
12,1,1,0,1,0,48,7,45,0,0,0,0,6,4,0.0934199837530463,0.232331437855402,0.151096669374492,0,0,0,0.571855813547543,20.8425286999991
12,1,1,0,1,0,56,12,90,0,0,0,0,6,4,0.440677966101695,0.305084745762712,0,0,0,0,1.98336870024632,1.31151379999937
12,1,1,0,1,0,62,10,95,0,0,0,0,6,4,0.359375,0.171875,0,0,0,0,4.03287949041479,1.40150349999021
12,1,1,0,1,0,30,8,75,0,0,0,0,3,4,0.352601156069364,0.300578034682081,0.132947976878613,0,0,0,3.02327278471964,3.21397160000924
12,1,1,0,1,0,35,13,70,0,0,0,0,3,4,0.537878787878788,0.151515151515152,0.0151515151515152,0,0,0,2.49864969516958,2.52008460000798
12,1,1,0,1,0,70,3.5,40,0,0,0,0,3,4,0.4688995215311,0.263157894736842,0.100478468899522,0,0,0,0.795312557068421,3.80815949999669
12,1,1,0,1,0,21,6,95,0,0,0,0,3,4,0.901960784313726,0.0196078431372549,0,0,0,0,1.89173787215422,1.18194130000484
12,1,1,0,1,0,75,6,85,0,0,0,0,3,4,0.573643410852713,0.27906976744186,0,0,0,0,1.82762312522665,2.48264760000166
12,1,1,0,1,0,53,14,90,0,0,0,0,3,4,0.515625,0.03125,0,0,0,0,4.02976760110337,1.39613259999896
12,1,1,0,1,0,6,19,20,0,0,0,0,3,4,0.368421052631579,0.373684210526316,0.147368421052632,0,0,0,0.51347237800157,3.48604200000409
12,1,1,0,1,0,55,16.5,25,0,0,0,0,3,4,0.29553264604811,0.326460481099656,0.185567010309278,0,0,0,0.913730011199096,5.18058899999596
12,1,1,0,1,0,12,12,35,0,0,0,0,3,4,0.576271186440678,0.355932203389831,0,0,0,0,0.899189225064639,1.31368099999963
12,1,1,0,1,0,68,2.5,65,0,0,0,0,3,4,0.412371134020619,0.381443298969072,0,0,0,0,0.589142810997121,3.5675845000078
12,1,1,0,1,0,79,10,10,0,0,0,0,3,4,0.310283687943262,0.480496453900709,0.0141843971631206,0,0,0,0.275986237572926,9.72888489998877
12,1,1,0,1,0,28,6,25,0,0,0,0,3,4,0.283687943262411,0.446808510638298,0.0141843971631206,0,0,0,0.523264926664609,2.68158570000378
12,1,1,0,1,0,18,18.75,80,0,0,0,0,3,4,0.563218390804598,0.379310344827586,0,0,0,0,4.03904421761704,1.7849816000089
12,1,1,0,1,0,54,9.25,40,0,0,0,0,3,4,0.186363636363636,0.620454545454545,0.0545454545454545,0,0,0,1.98831450784873,7.65253449999727
12,2,2,0,0,1,64,19.5,100,45,0,0,0,5,6,0.218090452261307,0.136683417085427,0.277386934673367,0,0,0,4.0613858613435,16.9110722000041
12,2,2,0,0,1,84,11,100,110,0,0,0,5,6,0.317982456140351,0.149122807017544,0.243421052631579,0,0,0,1.00537839182461,7.92961900000228
12,2,2,0,0,1,25,9,100,160,0,0,0,5,6,0.387673956262425,0.0894632206759443,0.15506958250497,0,0,0,1.02734586061814,8.70452990000194
12,2,2,0,0,1,70,3.5,100,3,0,0,0,5,6,0.155963302752294,0,0.238532110091743,0,0,0,0.996199999994484,2.14055919999373
12,2,2,0,0,1,30,8,100,90,0,0,0,5,6,0.227810650887574,0.230769230769231,0.260355029585799,0,0,0,2.00185987571388,5.96420889999717
12,2,2,0,0,1,6,19,100,175,0,0,0,5,6,0.174311926605505,0.412844036697248,0.256880733944954,0,0,0,2.06694220716932,2.15247069999168
12,2,2,0,0,1,42,20,100,170,0,0,0,5,6,0.30379746835443,0.278481012658228,0.0632911392405063,0,0,0,2.04369094153031,1.63803370000096
12,2,2,0,0,1,19,17.5,100,40,0,0,0,5,6,0.154696132596685,0.0828729281767956,0.292817679558011,0,0,0,2.00185987571388,3.35051560000284
12,2,2,0,0,1,67,8.5,100,105,0,0,0,5,6,0.218390804597701,0.103448275862069,0.436781609195402,0,0,0,1.04895128484505,1.77866660000291
12,2,2,0,0,1,60,15,100,31,0,0,0,5,6,0.172523961661342,0.118210862619808,0.182108626198083,0,0,0,2.99709806937205,5.53498730000865
12,2,2,0,0,1,69,1.5,100,20,0,0,0,5,6,0.256,0.128,0.488,0,0,0,0.277887182402512,2.40591709999717
12,2,2,0,0,1,17,3.25,100,205,0,0,0,5,6,0.181069958847737,0.0740740740740741,0,0,0,0,1.03206305929602,4.37818020000122
12,2,2,0,0,1,65,1.75,100,10,0,0,0,5,6,0.371859296482412,0.281407035175879,0.190954773869347,0,0,0,0.749822116018834,3.6393173999968
12,2,2,0,0,1,74,7,100,120,0,0,0,5,6,0.5,0.25,0.181818181818182,0,0,0,0.693088844611744,1.06761379999807
12,2,2,0,0,1,41,19,100,245,0,0,0,1,6,0.210970464135021,0.109704641350211,0.105485232067511,0,0,0,1.09493938892155,4.28251380000438
12,2,2,0,0,1,21,6,100,55,0,0,0,1,6,0.418367346938776,0.26530612244898,0.13265306122449,0,0,0,1.06101488097066,1.96218670000962
12,2,2,0,0,1,55,16.5,100,155,0,0,0,1,6,0.24812030075188,0.112781954887218,0.172932330827068,0,0,0,1.0730146040872,2.54861939999682
12,2,2,0,0,1,73,5,100,14,0,0,0,1,6,0,0,0,0,0,0,1.04414849718111,0.511205500006326
12,2,2,0,0,1,54,9.25,100,4,0,0,0,1,6,0.275862068965517,0,0.241379310344828,0,0,0,1.03206305929602,0.822117000003345
12,2,2,0,0,1,46,2,100,70,0,0,0,1,6,0.369230769230769,0.230769230769231,0.461538461538462,0,0,0,1.04414849718111,1.4175857000082
12,2,2,0,0,1,44,5,100,65,0,0,0,1,6,0.444444444444444,0,0.444444444444444,0,0,0,2.02040590619034,0.927626999997301
12,2,2,0,0,1,75,6,100,45,0,0,0,1,6,0.386243386243386,0.132275132275132,0.285714285714286,0,0,0,1.02500325524284,3.47568010000396
12,2,2,0,0,1,66,10,100,80,0,0,0,1,6,0.333333333333333,0.0860215053763441,0.397849462365591,0,0,0,1.00537839182461,1.88505430000077
12,2,2,0,0,1,47,16,100,5,0,0,0,1,6,0.314814814814815,0.222222222222222,0.277777777777778,0,0,0,2.0112614124296,2.12412150000455
12,2,2,0,0,1,20,15.75,100,30,0,0,0,1,6,0.483870967741935,0.193548387096774,0.258064516129032,0,0,0,1.9928098882287,1.36449360000552
12,2,2,0,0,1,57,10,100,95,0,0,0,1,6,0.192982456140351,0.298245614035088,0.324561403508772,0,0,0,1.02500325524284,2.2299900999933
12,2,2,0,0,1,2,7.5,100,25,0,0,0,1,6,0.172897196261682,0.0467289719626168,0.16588785046729,0,0,0,1.02500325524284,7.45193000001018
12,2,2,0,0,1,8,16,100,20,0,0,0,1,6,0.127962085308057,0.118483412322275,0.412322274881517,0,0,0,4.03214513455646,3.83885879999434
12,2,2,0,0,1,35,13,100,30,0,0,0,4,6,0.22192513368984,0.189839572192513,0.128342245989305,0,0,0,2.05752734828067,6.56646539999929
12,2,2,0,0,1,77,12,100,25,0,0,0,4,6,0.136054421768707,0.17687074829932,0.251700680272109,0,0,0,1.02267121716315,2.77842079999391
12,2,2,0,0,1,81,14,100,5,0,0,0,4,6,0.198757763975155,0.335403726708075,0.124223602484472,0,0,0,1.0199134531522,3.0055435999966
12,2,2,0,0,1,32,9.5,100,170,0,0,0,4,6,0.0357142857142857,0.303571428571429,0,0,0,0,1.04895128484505,1.25800319999689
12,2,2,0,0,1,13,19.5,100,7,0,0,0,4,6,0.484848484848485,0,0,0,0,0,1.04176341126402,0.886056700008339
12,2,2,0,0,1,49,16,100,20,0,0,0,4,6,0.104166666666667,0.3125,0.104166666666667,0,0,0,1.00306810563501,1.12345620000269
12,2,2,0,0,1,37,14.5,100,175,0,0,0,4,6,0.782608695652174,0,0,0,0,0,1.02734586061814,0.709570700011682
12,2,2,0,0,1,1,5,100,0,0,0,0,4,6,0.0789473684210526,0.447368421052632,0,0,0,0,1.04654443054575,0.96627219999209
12,2,2,0,0,1,80,8,100,125,0,0,0,4,6,0.436,0.224,0.112,0,0,0,1.96939269792888,4.49083910000627
12,2,2,0,0,1,82,9.5,100,25,0,0,0,4,6,0.398305084745763,0.0847457627118644,0.186440677966102,0,0,0,2.03907445914171,2.2959603999916
12,2,2,0,0,1,52,18.5,100,85,0,0,0,4,6,0.304347826086957,0.318840579710145,0.159420289855072,0,0,0,4.01711878533162,1.48485940000683
12,2,2,0,0,1,3,15,100,14,0,0,0,4,6,0.333333333333333,0.305555555555556,0,0,0,0,4.02118179370215,0.92878090000886
12,2,2,0,0,1,36,14,100,40,0,0,0,4,6,0.195121951219512,0.292682926829268,0.353658536585366,0,0,0,2.9911317509229,1.69745069999772
12,2,2,0,0,1,62,10,100,135,0,0,0,4,6,0.120300751879699,0.0977443609022556,0,0,0,0,1.9655349456796,2.55237130000023
12,2,2,0,0,1,24,19,100,150,0,0,0,2,6,0.413461538461538,0.221153846153846,0.221153846153846,0,0,0,2.04832764699134,2.05803960000048
12,2,2,0,0,1,22,20,100,165,0,0,0,2,6,0.147826086956522,0.426086956521739,0.339130434782609,0,0,0,9.94172979460803,2.23935799999163
12,2,2,0,0,1,76,4,100,70,0,0,0,2,6,0.133333333333333,0.35,0.416666666666667,0,0,0,1.04895128484505,1.3282218999957
12,2,2,0,0,1,26,4,100,50,0,0,0,2,6,0.403846153846154,0.0576923076923077,0.461538461538462,0,0,0,1.025365500544,1.2029021000053
12,2,2,0,0,1,14,16.75,100,145,0,0,0,2,6,0.475728155339806,0.0970873786407767,0.398058252427184,0,0,0,6.00760431843443,2.05252270000346
12,2,2,0,0,1,51,1,100,3,0,0,0,2,6,0.543478260869565,0.282608695652174,0.0869565217391304,0,0,0,0.586437000404228,1.10389399999985
12,2,2,0,0,1,56,12,100,210,0,0,0,2,6,0.166666666666667,0.0833333333333333,0.452380952380952,0,0,0,2.02534508357163,1.7330357000028
12,2,2,0,0,1,79,10,100,140,0,0,0,2,6,0.293333333333333,0.386666666666667,0.293333333333333,0,0,0,2.0064147342708,1.58109399999375
12,2,2,0,0,1,48,7,100,70,0,0,0,2,6,0.215384615384615,0.4,0.307692307692308,0,0,0,1.01757090488666,1.42128910000611
12,2,2,0,0,1,31,8.5,100,22,0,0,0,2,6,0.8,0,0,0,0,0,1.02969910463968,0.742012100003194
12,2,2,0,0,1,28,6,100,7,0,0,0,2,6,0.7,0,0,0,0,0,1.0199134531522,0.661718900009873
12,2,2,0,0,1,50,2.5,100,10,0,0,0,2,6,0.722222222222222,0,0,0,0,0,0.456051908397924,0.626265099999728
12,2,2,0,0,1,7,16.75,100,75,0,0,0,2,6,0.709677419354839,0,0,0,0,0,0.986287214316132,0.844819999998435
12,2,2,0,0,1,71,6,100,45,0,0,0,2,6,0.761904761904762,0,0,0,0,0,1.03206305929602,0.675267900005565
12,2,2,0,0,1,12,12,100,1,0,0,0,3,6,0.340579710144928,0.311594202898551,0.181159420289855,0,0,0,3.99119641041539,2.62294200000179
12,2,2,0,0,1,72,6.5,100,60,0,0,0,3,6,0.448979591836735,0.183673469387755,0.163265306122449,0,0,0,3.0036932398579,1.96427119999134
12,2,2,0,0,1,16,16,100,95,0,0,0,3,6,0.3515625,0.1640625,0.3984375,0,0,0,10,2.46954419999383
12,2,2,0,0,1,68,2.5,100,25,0,0,0,3,6,0.532,0.08,0.18,0,0,0,1.01523900157096,4.49882570000773
12,2,2,0,0,1,11,18.25,100,55,0,0,0,3,6,0.567901234567901,0,0.407407407407407,0,0,0,0.996199999994484,1.68411500001093
12,2,2,0,0,1,4,8.5,100,90,0,0,0,3,6,0.315789473684211,0.140350877192982,0.473684210526316,0,0,0,1.00076832543155,1.28370030000224
12,2,2,0,0,1,33,11,100,190,0,0,0,3,6,0.827586206896552,0,0,0,0,0,1.07514123330803,0.822515499996371
12,2,2,0,0,1,15,17.25,100,55,0,0,0,3,6,0.347826086956522,0.282608695652174,0,0,0,0,0.97954595687246,1.10137419999228
12,2,2,0,0,1,59,2,100,110,0,0,0,3,6,0.0909090909090909,0.31404958677686,0.31404958677686,0,0,0,0.279169084892128,2.34840679999616
12,2,2,0,0,1,83,17,100,200,0,0,0,3,6,0.25,0.181818181818182,0.204545454545455,0,0,0,2.02976735636013,1.79310819999955
12,2,2,0,0,1,61,15,100,225,0,0,0,3,6,0,0,0,0,0,0,1.00537839182461,0.331802100001369
12,2,2,0,0,1,27,5.25,100,120,0,0,0,3,6,0.12,0.453333333333333,0.213333333333333,0,0,0,1.02734586061814,1.58127870000317
12,2,2,0,0,1,10,19.5,100,125,0,0,0,3,6,0.333333333333333,0.365079365079365,0.222222222222222,0,0,0,4.09076339587436,1.38277599999856
12,2,2,0,0,1,63,5.5,100,40,0,0,0,3,6,0.183098591549296,0.577464788732394,0.183098591549296,0,0,0,1.03702549107566,1.51624079998874
12,2,2,0,0,1,38,15.5,100,215,0,0,0,6,6,0.26219512195122,0.213414634146341,0.445121951219512,0,0,0,3.04383423693261,3.06615280000551
12,2,2,0,0,1,43,3,100,0,0,0,0,6,6,0.254237288135593,0.322033898305085,0.203389830508475,0,0,0,0.132609935998001,1.31581640000513
12,2,2,0,0,1,34,12,100,85,0,0,0,6,6,0.421383647798742,0.0314465408805031,0.465408805031447,0,0,0,1.937782503238,2.97723230000702
12,2,2,0,0,1,45,13.5,100,65,0,0,0,6,6,0.390804597701149,0.195402298850575,0.275862068965517,0,0,0,3.00423006684671,1.77694599999813
12,2,2,0,0,1,39,17,100,15,0,0,0,6,6,0.253333333333333,0.266666666666667,0.346666666666667,0,0,0,3.00423006684671,1.57637429999886
12,2,2,0,0,1,53,14,100,60,0,0,0,6,6,0.358208955223881,0.261194029850746,0.119402985074627,0,0,0,2.0064147342708,2.56721259999904
12,2,2,0,0,1,29,7,100,55,0,0,0,6,6,0.2375,0.375,0.2875,0,0,0,1.03938909995913,1.66066989999672
12,2,2,0,0,1,23,7.75,100,120,0,0,0,6,6,0.544117647058823,0,0.235294117647059,0,0,0,1.04895128484505,1.46337479999056
12,2,2,0,0,1,18,18.75,100,250,0,0,0,6,6,0.305555555555556,0.231481481481481,0.12037037037037,0,0,0,1.95539705527773,2.1326670999988
12,2,2,0,0,1,40,18,100,110,0,0,0,6,6,0.265957446808511,0.207446808510638,0.436170212765957,0,0,0,2.9911317509229,3.45633200000157
12,2,2,0,0,1,5,20,100,15,0,0,0,6,6,0.260204081632653,0.184948979591837,0.206632653061224,0,0,0,1.97441285270029,13.415880200002
12,2,2,0,0,1,78,8.25,100,5,0,0,0,6,6,0.258620689655172,0.396551724137931,0.172413793103448,0,0,0,1.04895128484505,1.30226029999903
12,2,2,0,0,1,9,2,100,19,0,0,0,6,6,0,0.346153846153846,0.0961538461538462,0,0,0,0.294521075935759,1.20138159999624
12,2,2,0,0,1,58,14,100,20,0,0,0,6,6,0.345679012345679,0,0.259259259259259,0,0,0,2.0112614124296,1.6900547999976
12,3,2,0,1,1,49,16,50,20,0,0,0,4,2,0.293598233995585,0.112582781456954,0.229580573951435,0,0,0,5.01031797755171,7.87541989999954
12,3,2,0,1,1,35,13,70,30,0,0,0,4,2,0.330985915492958,0.197183098591549,0.197183098591549,0,0,0,5.02060250970488,2.68701879999935
12,3,2,0,1,1,8,16,15,20,0,0,0,4,2,0.154761904761905,0.0773809523809524,0.68452380952381,0,0,0,2.00671910402213,3.12531040000067
12,3,2,0,1,1,46,2,55,70,0,0,0,4,2,0.297413793103448,0.189655172413793,0.137931034482759,0,0,0,0.614171127961793,4.19357619999937
12,3,2,0,1,1,10,19.5,10,125,0,0,0,4,2,0.459459459459459,0.331081081081081,0.189189189189189,0,0,0,1.01291767143232,2.80053020000014
12,3,2,0,1,1,63,5.5,70,40,0,0,0,4,2,0.51685393258427,0,0.0786516853932584,0,0,0,1.45265765091671,1.81068369999957
12,3,2,0,1,1,71,6,25,45,0,0,0,4,2,0.229885057471264,0.379310344827586,0.0603448275862069,0,0,0,1.58808246292395,6.12365359999967
12,3,2,0,1,1,70,3.5,40,3,0,0,0,4,2,0.449612403100775,0.24031007751938,0,0,0,0,1.0199134531522,2.48549699999967
12,3,2,0,1,1,73,5,70,14,0,0,0,4,2,0.5,0.35,0,0,0,0,1.01523900157096,1.66561829999955
12,3,2,0,1,1,52,18.5,10,85,0,0,0,4,2,0.535211267605634,0.0704225352112676,0,0,0,0,0.204818424420349,1.51786429999993
12,3,2,0,1,1,42,20,30,170,0,0,0,4,2,0.413533834586466,0.421052631578947,0,0,0,0,1.98831450784873,2.54653589999907
12,3,2,0,1,1,55,16.5,25,155,0,0,0,4,2,0.427083333333333,0.145833333333333,0,0,0,0,2.05295088345068,1.93391209999936
12,3,2,0,1,1,57,10,50,95,0,0,0,4,2,0.346153846153846,0,0,0,0,0,2.06215716410116,1.2007623999998
12,3,2,0,1,1,22,20,90,165,0,0,0,4,2,0.689655172413793,0.206896551724138,0,0,0,0,3.00423006684671,1.29577280000012
12,3,2,0,1,1,68,2.5,65,25,0,0,0,1,2,0.322916666666667,0.1875,0.213541666666667,0,0,0,0.615580722238786,3.53475120000076
12,3,2,0,1,1,43,3,30,0,0,0,0,1,2,0.390977443609023,0.195488721804511,0.157894736842105,0,0,0,0.497717828038919,2.55097589999968
12,3,2,0,1,1,39,17,35,15,0,0,0,1,2,0.337349397590361,0.337349397590361,0.240963855421687,0,0,0,1.62331326996968,1.70269449999978
12,3,2,0,1,1,83,17,80,200,0,0,0,1,2,0.16,0.0266666666666667,0.146666666666667,0,0,0,3.57638353379641,1.57892280000124
12,3,2,0,1,1,58,14,45,20,0,0,0,1,2,0.401869158878505,0.261682242990654,0.205607476635514,0,0,0,2.03447807263204,2.11304149999887
12,3,2,0,1,1,21,6,95,55,0,0,0,1,2,0.428571428571429,0.351648351648352,0.164835164835165,0,0,0,1.18448314383726,1.8537322000011
12,3,2,0,1,1,66,10,90,80,0,0,0,1,2,0.233333333333333,0,0.344444444444444,0,0,0,1.78169214281246,1.83206590000009
12,3,2,0,1,1,20,15.75,35,30,0,0,0,1,2,0.505050505050505,0.414141414141414,0,0,0,0,1.21061152037919,1.97965719999956
12,3,2,0,1,1,65,1.75,80,10,0,0,0,1,2,0.344262295081967,0.262295081967213,0.229508196721311,0,0,0,0.619848472821488,1.34341060000042
12,3,2,0,1,1,72,6.5,90,60,0,0,0,1,2,0.316831683168317,0,0.257425742574257,0,0,0,1.20508893312919,2.01000810000005
12,3,2,0,1,1,14,16.75,45,145,0,0,0,1,2,0.307692307692308,0.353846153846154,0.276923076923077,0,0,0,1.15287165778345,1.41599159999896
12,3,2,0,1,1,15,17.25,25,55,0,0,0,1,2,0.26865671641791,0.335820895522388,0.291044776119403,0,0,0,0.704465749545545,2.57110479999938
12,3,2,0,1,1,64,19.5,65,45,0,0,0,1,2,0.217391304347826,0,0.304347826086957,0,0,0,1.37459149493447,1.47837869999967
12,3,2,0,1,1,2,7.5,75,25,0,0,0,1,2,0.107692307692308,0,0.353846153846154,0,0,0,1.51711832756556,1.40835460000017
12,3,2,0,1,1,75,6,85,45,0,0,0,2,2,0.449438202247191,0.157303370786517,0.151685393258427,0,0,0,0.5744950866256,3.30272870000044
12,3,2,0,1,1,36,14,15,40,0,0,0,2,2,0.41025641025641,0.141025641025641,0.358974358974359,0,0,0,0.706086884657861,1.62026020000121
12,3,2,0,1,1,19,17.5,25,40,0,0,0,2,2,0.390625,0,0,0,0,0,0.441388437861182,1.38847739999983
12,3,2,0,1,1,37,14.5,5,175,0,0,0,2,2,0.102941176470588,0.397058823529412,0.264705882352941,0,0,0,0.102671705863635,1.46473049999986
12,3,2,0,1,1,48,7,45,70,0,0,0,2,2,0.192857142857143,0.0571428571428571,0.207142857142857,0,0,0,0.676892581503978,2.65815190000103
12,3,2,0,1,1,4,8.5,20,90,0,0,0,2,2,0.508196721311475,0.0901639344262295,0.295081967213115,0,0,0,0.279169084892128,2.35476230000131
12,3,2,0,1,1,30,8,75,90,0,0,0,2,2,0.418367346938776,0,0,0,0,0,1.01757090488666,1.9710240000004
12,3,2,0,1,1,23,7.75,60,120,0,0,0,2,2,0.473684210526316,0.0921052631578947,0,0,0,0,0.583755861251362,1.60419910000019
12,3,2,0,1,1,74,7,40,120,0,0,0,2,2,0.54320987654321,0.271604938271605,0.111111111111111,0,0,0,0.673789406515283,1.67730779999874
12,3,2,0,1,1,34,12,15,85,0,0,0,2,2,0.365079365079365,0.0793650793650794,0.444444444444444,0,0,0,0.338621374603612,1.37335489999896
12,3,2,0,1,1,29,7,20,55,0,0,0,2,2,0.418181818181818,0.509090909090909,0,0,0,0,0.426720274880314,1.24911810000049
12,3,2,0,1,1,80,8,45,125,0,0,0,2,2,0.422222222222222,0.288888888888889,0,0,0,0,0.762632434958558,1.08715140000095
12,3,2,0,1,1,53,14,90,60,0,0,0,2,2,0.318181818181818,0.238636363636364,0.136363636363636,0,0,0,1.68082885479879,1.80292460000055
12,3,2,0,1,1,27,5.25,50,120,0,0,0,2,2,0.552083333333333,0.208333333333333,0,0,0,0,0.500012634268963,1.92941820000124
12,3,2,0,1,1,12,12,35,1,0,0,0,6,2,0.201005025125628,0.412060301507538,0.246231155778894,0,0,0,0.589142810997121,6.96727089999877
12,3,2,0,1,1,25,9,60,160,0,0,0,6,2,0.335820895522388,0.485074626865672,0.00746268656716418,0,0,0,0.748102369651065,2.5694526999996
12,3,2,0,1,1,9,2,30,19,0,0,0,6,2,0.340163934426229,0.200819672131148,0.151639344262295,0,0,0,0.337063828799529,8.46007099999952
12,3,2,0,1,1,32,9.5,30,170,0,0,0,6,2,0.301369863013699,0.150684931506849,0.36986301369863,0,0,0,0.380929839872771,1.54324360000101
12,3,2,0,1,1,40,18,15,110,0,0,0,6,2,0.491071428571429,0.116071428571429,0.357142857142857,0,0,0,0.248097630343416,2.19745380000131
12,3,2,0,1,1,50,2.5,90,10,0,0,0,6,2,0.291139240506329,0,0.329113924050633,0,0,0,0.736946068348718,1.65331220000007
12,3,2,0,1,1,79,10,10,140,0,0,0,6,2,0.285714285714286,0,0.163265306122449,0,0,0,0.0878040558254654,1.15318539999862
12,3,2,0,1,1,77,12,75,25,0,0,0,6,2,0.196969696969697,0,0.348484848484849,0,0,0,1.00076832543155,1.4373269000007
12,3,2,0,1,1,60,15,35,31,0,0,0,6,2,0.60377358490566,0.0849056603773585,0.0471698113207547,0,0,0,0.48424754974803,2.10105789999943
12,3,2,0,1,1,16,16,65,95,0,0,0,6,2,0.41958041958042,0.202797202797203,0.13986013986014,0,0,0,1.02969910463968,2.71430259999943
12,3,2,0,1,1,84,11,50,110,0,0,0,6,2,0.8,0.1,0,0,0,0,0.83899993617166,1.15792529999999
12,3,2,0,1,1,26,4,45,50,0,0,0,6,2,0.662921348314607,0,0,0,0,0,0.189327620336417,1.81031020000046
12,3,2,0,1,1,62,10,95,135,0,0,0,6,2,0.290322580645161,0.193548387096774,0.209677419354839,0,0,0,2.0112614124296,2.39429789999849
12,3,2,0,1,1,3,15,85,14,0,0,0,6,2,0.536585365853659,0.390243902439024,0,0,0,0,1.63743106157329,1.00681210000039
12,3,2,0,1,1,28,6,25,7,0,0,0,3,2,0.265060240963855,0.349397590361446,0,0,0,0,0.232451808831129,1.70508259999951
12,3,2,0,1,1,13,19.5,5,7,0,0,0,3,2,0.309090909090909,0.618181818181818,0,0,0,0,0.247530473893047,1.24540390000038
12,3,2,0,1,1,18,18.75,80,250,0,0,0,3,2,0.340659340659341,0.32967032967033,0.285714285714286,0,0,0,1.47116887946524,1.83824139999888
12,3,2,0,1,1,7,16.75,65,75,0,0,0,3,2,0.469026548672566,0.221238938053097,0.123893805309735,0,0,0,0.603784282393384,2.21535380000023
12,3,2,0,1,1,61,15,75,225,0,0,0,3,2,0.121951219512195,0,0.24390243902439,0,0,0,0.986287214316132,1.00787769999988
12,3,2,0,1,1,5,20,85,15,0,0,0,3,2,0.347826086956522,0.391304347826087,0.188405797101449,0,0,0,1.2681504829308,1.47957880000104
12,3,2,0,1,1,59,2,80,110,0,0,0,3,2,0.0962962962962963,0.474074074074074,0.318518518518519,0,0,0,0.263278673806141,2.58758660000058
12,3,2,0,1,1,78,8.25,20,5,0,0,0,3,2,0.220338983050847,0.491525423728814,0.203389830508475,0,0,0,0.160950009586411,1.30616279999958
12,3,2,0,1,1,44,5,40,65,0,0,0,3,2,0.137931034482759,0.327586206896552,0,0,0,0,0.730213628257321,1.29020359999959
12,3,2,0,1,1,82,9.5,20,25,0,0,0,3,2,0.6,0.2,0,0,0,0,0.541431157054337,1.17052310000145
12,3,2,0,1,1,76,4,35,70,0,0,0,3,2,0.0517241379310345,0.206896551724138,0.241379310344828,0,0,0,0.294521075935759,1.29224599999907
12,3,2,0,1,1,69,1.5,95,20,0,0,0,3,2,0.420454545454545,0.284090909090909,0.215909090909091,0,0,0,0.51347237800157,1.80388810000113
12,3,2,0,1,1,67,8.5,50,105,0,0,0,3,2,0.186363636363636,0.386363636363636,0.177272727272727,0,0,0,0.726893127356874,4.00138009999864
12,3,2,0,1,1,45,13.5,55,65,0,0,0,3,2,0.338983050847458,0.542372881355932,0,0,0,0,0.70285201124711,1.30818379999982
12,3,2,0,1,1,38,15.5,40,215,0,0,0,5,2,0.313432835820896,0.164179104477612,0.417910447761194,0,0,0,0.425737716710039,1.45275089999996
12,3,2,0,1,1,47,16,100,5,0,0,0,5,2,0.570247933884298,0.00826446280991736,0.206611570247934,0,0,0,3.99119641041539,2.34636089999913
12,3,2,0,1,1,33,11,65,190,0,0,0,5,2,0.289405684754522,0.258397932816537,0.222222222222222,0,0,0,1.89489897753193,6.77892269999938
12,3,2,0,1,1,81,14,55,5,0,0,0,5,2,0.152631578947368,0.268421052631579,0.102631578947368,0,0,0,1.2681504829308,6.65744549999908
12,3,2,0,1,1,41,19,65,245,0,0,0,5,2,0.234042553191489,0.234042553191489,0.287234042553192,0,0,0,1.13840629277257,1.90209270000014
12,3,2,0,1,1,51,1,40,3,0,0,0,5,2,0.23,0.16,0.32,0,0,0,0.424759666284192,1.98949729999913
12,3,2,0,1,1,6,19,20,175,0,0,0,5,2,0.0818181818181818,0.0590909090909091,0.340909090909091,0,0,0,0.467475950871645,4.00159800000074
12,3,2,0,1,1,1,5,50,0,0,0,0,5,2,0.708333333333333,0.0208333333333333,0.208333333333333,0,0,0,1.00306810563501,1.92266490000111
12,3,2,0,1,1,17,3.25,85,205,0,0,0,5,2,0.253218884120172,0.270386266094421,0.236051502145923,0,0,0,1.03443779722067,4.20455559999937
12,3,2,0,1,1,56,12,90,210,0,0,0,5,2,0.585365853658537,0.195121951219512,0.189024390243902,0,0,0,2.0112614124296,3.05570799999987
12,3,2,0,1,1,11,18.25,70,55,0,0,0,5,2,0.55026455026455,0.126984126984127,0.216931216931217,0,0,0,1.16732499650336,3.47462499999892
12,3,2,0,1,1,54,9.25,40,4,0,0,0,5,2,0.219178082191781,0.287671232876712,0.123287671232877,0,0,0,0.618419350028113,2.75696489999973
12,3,2,0,1,1,31,8.5,50,22,0,0,0,5,2,0.686746987951807,0.036144578313253,0.349397590361446,0,0,0,0.840933002398828,1.70415730000059
12,3,2,0,1,1,24,19,70,150,0,0,0,5,2,0.339622641509434,0,0.264150943396226,0,0,0,1.57744506831431,1.21174029999929
14,1,1,0,0,1,44,5,100,65,0,0,0,6,6,0.114231014677728,0.0485003190810466,0.0835992342054882,0,0,0,1.98430195505509,26.4371577999846
14,1,1,0,0,1,14,16.75,100,145,0,0,0,6,6,0.0451045104510451,0.0704070407040704,0.12981298129813,0,0,0,10,15.4642502999923
14,1,1,0,0,1,25,9,100,160,0,0,0,6,6,0.277992277992278,0.0617760617760618,0.243243243243243,0,0,0,3.01730093241385,4.63952110000537
14,1,1,0,0,1,56,12,100,210,0,0,0,6,6,0.230382293762575,0.126760563380282,0.162977867203219,0,0,0,6.00325440429245,16.8887078999833
14,1,1,0,0,1,78,8.25,100,5,0,0,0,6,6,0.395424836601307,0.0261437908496732,0.209150326797386,0,0,0,1.9984155015077,5.41995449998649
14,1,1,0,0,1,21,6,100,55,0,0,0,6,6,0.267379679144385,0.0427807486631016,0.259358288770053,0,0,0,2.0028555794319,6.55441329997848
14,1,1,0,0,1,31,8.5,100,22,0,0,0,6,6,0.460580912863071,0,0.203319502074689,0,0,0,1.99732496911206,4.35060530001647
14,1,1,0,0,1,79,10,100,140,0,0,0,6,6,0.482897384305835,0.110663983903421,0.20523138832998,0,0,0,4.00606868516234,8.60218289998011
14,1,1,0,0,1,35,13,100,30,0,0,0,6,6,0.504950495049505,0.0561056105610561,0.244224422442244,0,0,0,8.86537069531111,5.38230500000645
14,1,1,0,0,1,1,5,100,0,0,0,0,6,6,0.255208333333333,0.0746527777777778,0.118055555555556,0,0,0,0,9.92375139999785
14,1,1,0,0,1,54,9.25,100,4,0,0,0,6,6,0.60655737704918,0.117096018735363,0.0562060889929742,0,0,0,6.34603194544389,7.44556259998353
14,1,1,0,0,1,32,9.5,100,170,0,0,0,6,6,0.770114942528736,0,0.114942528735632,0,0,0,3.05688918042794,3.23596649998217
14,1,1,0,0,1,28,6,100,7,0,0,0,6,6,0.322460391425909,0.0298229263746505,0.281453867660764,0,0,0,3.74334083621997,18.1918220999942
14,1,1,0,0,1,47,16,100,5,0,0,0,6,6,0.486166007905138,0.0632411067193676,0.308300395256917,0,0,0,11.6524089733351,4.548547399987
14,1,1,0,0,1,50,2.5,100,10,0,0,0,4,6,0.459459459459459,0.153627311522048,0.246088193456615,0,0,0,1.02500325524284,12.0411452999979
14,1,1,0,0,1,33,11,100,190,0,0,0,4,6,0.469279661016949,0.0985169491525424,0.257415254237288,0,0,0,5.32934717189375,16.053890900017
14,1,1,0,0,1,77,12,100,25,0,0,0,4,6,0.715481171548117,0.0418410041841004,0.125523012552301,0,0,0,7.9195895547331,4.30035040000803
14,1,1,0,0,1,62,10,100,135,0,0,0,4,6,0.338888888888889,0.0416666666666667,0.159027777777778,0,0,0,3.37846724867482,24.3055237999943
14,1,1,0,0,1,40,18,100,110,0,0,0,4,6,0.458139534883721,0.0325581395348837,0.227906976744186,0,0,0,5.21659410805519,7.49472459999379
14,1,1,0,0,1,13,19.5,100,7,0,0,0,4,6,0.691860465116279,0.0465116279069767,0.197674418604651,0,0,0,11.3027902239072,3.19814049999695
14,1,1,0,0,1,66,10,100,80,0,0,0,4,6,0.502157031924072,0.090595340811044,0.192407247627265,0,0,0,3.31225623121868,19.6278592000017
14,1,1,0,0,1,36,14,100,40,0,0,0,4,6,0.458546571136131,0.0736949846468782,0.299897645854657,0,0,0,6.31724931765699,16.5970387000125
14,1,1,0,0,1,17,3.25,100,205,0,0,0,4,6,0.47923875432526,0.26643598615917,0.181660899653979,0,0,0,0.144990819102194,9.95950799999991
14,1,1,0,0,1,72,6.5,100,60,0,0,0,4,6,0.388563049853372,0.0645161290322581,0.200879765395894,0,0,0,2.56412939786857,11.6877344999812
14,1,1,0,0,1,58,14,100,20,0,0,0,4,6,0.688,0,0.256,0,0,0,8.54962202546777,2.41524930001469
14,1,1,0,0,1,59,2,100,110,0,0,0,4,6,0.531531531531532,0.027027027027027,0.351351351351351,0,0,0,0.203416516447277,2.18441289998009
14,1,1,0,0,1,16,16,100,95,0,0,0,4,6,0.339729921819474,0.0753375977256574,0.318407960199005,0,0,0,6.93069056663547,23.7707137999823
14,1,1,0,0,1,51,1,100,3,0,0,0,4,6,0.597972972972973,0.192567567567568,0.168918918918919,0,0,0,0.337840808210185,5.26091569999699
14,1,1,0,0,1,34,12,100,85,0,0,0,2,6,0.205842391304348,0.094429347826087,0.465353260869565,0,0,0,4.64897512952348,24.8406329000136
14,1,1,0,0,1,48,7,100,70,0,0,0,2,6,0.489247311827957,0.0913978494623656,0.543010752688172,0,0,0,2.66398273709961,3.42218090000097
14,1,1,0,0,1,30,8,100,90,0,0,0,2,6,0.315555555555556,0.0666666666666667,0.488888888888889,0,0,0,2.59108847479865,4.07764070000849
14,1,1,0,0,1,2,7.5,100,25,0,0,0,2,6,0.247863247863248,0.00854700854700855,0.632478632478632,0,0,0,3.76358948843275,2.27049140000599
14,1,1,0,0,1,71,6,100,45,0,0,0,2,6,0.158428390367554,0.00126742712294043,0.321926489226869,0,0,0,2.57762116818313,13.479297199985
14,1,1,0,0,1,15,17.25,100,55,0,0,0,2,6,0.415789473684211,0.0157894736842105,0.515789473684211,0,0,0,10.0146013453224,3.48938590000034
14,1,1,0,0,1,68,2.5,100,25,0,0,0,2,6,0.271186440677966,0.0169491525423729,0.508474576271186,0,0,0,0.87857363366205,3.27818369999295
14,1,1,0,0,1,39,17,100,15,0,0,0,2,6,0.248847926267281,0.0645161290322581,0.304147465437788,0,0,0,12.6393543271412,3.95255770001677
14,1,1,0,0,1,10,19.5,100,125,0,0,0,2,6,0.469798657718121,0.0201342281879195,0.402684563758389,0,0,0,8.49020786779067,2.81054730000324
14,1,1,0,0,1,53,14,100,60,0,0,0,2,6,0.331349206349206,0.0744047619047619,0.416666666666667,0,0,0,6.28491730670425,17.1237641000189
14,1,1,0,0,1,5,20,100,15,0,0,0,2,6,0.503937007874016,0.0236220472440945,0.448818897637795,0,0,0,12.1454081038766,2.44355669998913
14,1,1,0,0,1,49,16,100,20,0,0,0,2,6,0.441095890410959,0.00821917808219178,0.465753424657534,0,0,0,7.13399594389587,6.40117600001395
14,1,1,0,0,1,70,3.5,100,3,0,0,0,2,6,0.323770491803279,0.0737704918032787,0.377049180327869,0,0,0,1.58446432566773,4.39926100001321
14,1,1,0,0,1,57,10,100,95,0,0,0,2,6,0.340425531914894,0,0.542553191489362,0,0,0,3.31225623121868,1.89570709998952
14,1,1,0,0,1,9,2,100,19,0,0,0,3,6,0.330902461257976,0.0255241567912489,0.578851412944394,0,0,0,0.276616991333238,18.6120572000218
14,1,1,0,0,1,43,3,100,0,0,0,0,3,6,0.34965034965035,0.104895104895105,0.405594405594406,0,0,0,0,5.10105040000053
14,1,1,0,0,1,6,19,100,175,0,0,0,3,6,0.612090680100756,0.0251889168765743,0.314861460957179,0,0,0,8.75775049410082,6.94903139999951
14,1,1,0,0,1,26,4,100,50,0,0,0,3,6,0.35981308411215,0.0841121495327103,0.322429906542056,0,0,0,1.04414849718111,3.89041290001478
14,1,1,0,0,1,22,20,100,165,0,0,0,3,6,0.360902255639098,0.150375939849624,0.421052631578947,0,0,0,6.35750937250589,2.5385994000244
14,1,1,0,0,1,73,5,100,14,0,0,0,3,6,0.5546875,0,0.21875,0,0,0,2.16159323381968,2.45987300001434
14,1,1,0,0,1,7,16.75,100,75,0,0,0,3,6,0.456453305351522,0.0304302203567681,0.378803777544596,0,0,0,7.44161199905244,16.2039274999988
14,1,1,0,0,1,11,18.25,100,55,0,0,0,3,6,0.709302325581395,0,0.267441860465116,0,0,0,7.74846657500759,4.62807079998311
14,1,1,0,0,1,45,13.5,100,65,0,0,0,3,6,0.556650246305419,0,0.364532019704433,0,0,0,6.43605605746446,3.70894670000416
14,1,1,0,0,1,42,20,100,170,0,0,0,3,6,0.523076923076923,0.0692307692307692,0.330769230769231,0,0,0,8.84214306702283,2.49732719999156
14,1,1,0,0,1,80,8,100,125,0,0,0,3,6,0.413333333333333,0.0933333333333333,0.406666666666667,0,0,0,3.15339635567696,2.82207029999699
14,1,1,0,0,1,29,7,100,55,0,0,0,3,6,0.547493403693931,0,0.271767810026385,0,0,0,3.06254778184119,12.9494198999892
14,1,1,0,0,1,3,15,100,14,0,0,0,3,6,0.418502202643172,0.00881057268722467,0.356828193832599,0,0,0,7.55373808743389,4.10669109999435
14,1,1,0,0,1,24,19,100,150,0,0,0,3,6,0.506849315068493,0.0205479452054795,0.301369863013699,0,0,0,8.39128564018029,2.76582070000586
14,1,1,0,0,1,41,19,100,245,0,0,0,5,6,0.438543247344461,0.00455235204855842,0.415781487101669,0,0,0,4.46386478587669,11.3046927000105
14,1,1,0,0,1,82,9.5,100,25,0,0,0,5,6,0.529801324503311,0.0132450331125828,0.317880794701987,0,0,0,3.59333719134992,2.84128789999522
14,1,1,0,0,1,19,17.5,100,40,0,0,0,5,6,0.360677966101695,0.0128813559322034,0.329491525423729,0,0,0,8.09004616042737,24.890188600024
14,1,1,0,0,1,27,5.25,100,120,0,0,0,5,6,0.441717791411043,0,0.47239263803681,0,0,0,0.312374843836277,3.05477560000145
14,1,1,0,0,1,37,14.5,100,175,0,0,0,5,6,0.348148148148148,0.0222222222222222,0.388888888888889,0,0,0,5.10234162872785,4.83404079999309
14,1,1,0,0,1,67,8.5,100,105,0,0,0,5,6,0.306691449814126,0.00557620817843866,0.317843866171004,0,0,0,3.15339635567696,9.28250619999017
14,1,1,0,0,1,55,16.5,100,155,0,0,0,5,6,0.448895027624309,0,0.312154696132597,0,0,0,7.53707268643528,12.3889973999758
14,1,1,0,0,1,61,15,100,225,0,0,0,5,6,0.384615384615385,0.0705128205128205,0.325320512820513,0,0,0,6.08693411464525,10.7220013000187
14,1,1,0,0,1,75,6,100,45,0,0,0,5,6,0.514851485148515,0,0.415841584158416,0,0,0,3.93496218527868,2.00663180000265
14,1,1,0,0,1,18,18.75,100,250,0,0,0,5,6,0.489539748953975,0,0.443514644351464,0,0,0,7.97482206087602,4.30221009999514
14,1,1,0,0,1,74,7,100,120,0,0,0,5,6,0.376984126984127,0.0634920634920635,0.496031746031746,0,0,0,2.7761424463054,4.5191548000148
14,1,1,0,0,1,52,18.5,100,85,0,0,0,5,6,0.195913461538462,0.00480769230769231,0.191105769230769,0,0,0,8.33060517439237,14.1911233999999
14,1,1,0,0,1,63,5.5,100,40,0,0,0,5,6,0.420849420849421,0,0.517374517374517,0,0,0,1.59171681557179,4.64869930001441
14,1,1,0,0,1,4,8.5,100,90,0,0,0,5,6,0.422535211267606,0.0264084507042254,0.209507042253521,0,0,0,3.11487243238487,9.78661310000462
14,1,1,0,0,1,60,15,100,31,0,0,0,1,6,0.254106280193237,0.0164251207729469,0.359420289855072,0,0,0,6.94418646334381,17.5752499999944
14,1,1,0,0,1,76,4,100,70,0,0,0,1,6,0.307692307692308,0.16025641025641,0.455128205128205,0,0,0,0.932076544506671,2.93769219997921
14,1,1,0,0,1,69,1.5,100,20,0,0,0,1,6,0.28287841191067,0.0372208436724566,0.401985111662531,0,0,0,0.0876026958266785,7.03609450001386
14,1,1,0,0,1,46,2,100,70,0,0,0,1,6,0.289814293753517,0.0230725942599887,0.235227912211593,0,0,0,0.161693108703986,29.9170854000258
14,1,1,0,0,1,84,11,100,110,0,0,0,1,6,0.324775353016688,0.0346598202824134,0.405648267008986,0,0,0,3.78386350804666,13.3112741000077
14,1,1,0,0,1,23,7.75,100,120,0,0,0,1,6,0.337917485265226,0.108055009823183,0.157170923379175,0,0,0,2.8796299809408,8.80639030001475
14,1,1,0,0,1,20,15.75,100,30,0,0,0,1,6,0.442176870748299,0.0136054421768707,0.489795918367347,0,0,0,6.25259130636325,2.78592870000284
14,1,1,0,0,1,83,17,100,200,0,0,0,1,6,0.406417112299465,0,0.454545454545455,0,0,0,6.5620664926042,3.44392130000051
14,1,1,0,0,1,8,16,100,20,0,0,0,1,6,0.509433962264151,0,0.443396226415094,0,0,0,12.3132391142356,2.09017290000338
14,1,1,0,0,1,12,12,100,1,0,0,0,1,6,0.432835820895522,0.104477611940299,0.402985074626866,0,0,0,4.89632516408684,2.55998269998236
14,1,1,0,0,1,65,1.75,100,10,0,0,0,1,6,0.376940133037694,0.0598669623059867,0.365853658536585,0,0,0,0.678988355900845,7.84969869998167
14,1,1,0,0,1,64,19.5,100,45,0,0,0,1,6,0.505016722408027,0.00334448160535117,0.327759197324415,0,0,0,7.24515761810623,5.30655809998279
14,1,1,0,0,1,81,14,100,5,0,0,0,1,6,0.521008403361345,0.00840336134453781,0.428571428571429,0,0,0,11.4853549041306,2.31398890001583
14,1,1,0,0,1,38,15.5,100,215,0,0,0,1,6,0.432432432432432,0.018018018018018,0.45045045045045,0,0,0,6.35834696397064,2.18062170001213
14,2,2,0,1,1,81,14,55,5,0,0,0,3,2,0.354661791590494,0.107861060329068,0.129798903107861,0,0,0,3.16509289886299,9.44175229998655
14,2,2,0,1,1,68,2.5,65,25,0,0,0,3,2,0.391025641025641,0.349358974358974,0.153846153846154,0,0,0,0.33399129143427,10.7208474999934
14,2,2,0,1,1,74,7,40,120,0,0,0,3,2,0.432170542635659,0.193798449612403,0.238372093023256,0,0,0,1.47864581449965,8.93216940001003
14,2,2,0,1,1,4,8.5,20,90,0,0,0,3,2,0.569620253164557,0.170886075949367,0.183544303797468,0,0,0,0.441388437861182,2.96002399999998
14,2,2,0,1,1,16,16,65,95,0,0,0,3,2,0.540607563546187,0.159950402975821,0.0626162430254185,0,0,0,4.34376209846994,27.1914461000124
14,2,2,0,1,1,82,9.5,20,25,0,0,0,3,2,0.776785714285714,0.133928571428571,0.0267857142857143,0,0,0,1.77171065565809,2.19411310000578
14,2,2,0,1,1,61,15,75,225,0,0,0,3,2,0.533333333333333,0.270588235294118,0.00392156862745098,0,0,0,4.29781033105954,4.58191790001001
14,2,2,0,1,1,50,2.5,90,10,0,0,0,3,2,0.679347826086957,0.331521739130435,0.130434782608696,0,0,0,1.03702549107566,3.39525629999116
14,2,2,0,1,1,3,15,85,14,0,0,0,3,2,0.568106312292359,0.222591362126246,0.0465116279069767,0,0,0,5.76112318674889,10.3489584000199
14,2,2,0,1,1,48,7,45,70,0,0,0,3,2,0.700636942675159,0.229299363057325,0.00636942675159236,0,0,0,1.82267050956321,2.93949449999491
14,2,2,0,1,1,39,17,35,15,0,0,0,3,2,0.65625,0.25625,0.01875,0,0,0,4.638086451037,2.99564229999669
14,2,2,0,1,1,37,14.5,5,175,0,0,0,3,2,0.609865470852018,0.322869955156951,0.0717488789237668,0,0,0,0.152870555962625,4.04312049999135
14,2,2,0,1,1,43,3,30,0,0,0,0,3,2,0.412698412698413,0.515873015873016,0,0,0,0,0.229313303161884,2.43890249999822
14,2,2,0,1,1,59,2,80,110,0,0,0,3,2,0.586666666666667,0.246666666666667,0.206666666666667,0,0,0,0.748005260300072,2.82566070000757
14,2,2,0,1,1,24,19,70,150,0,0,0,6,2,0.440881763527054,0.374749498997996,0.0420841683366733,0,0,0,6.45603623829967,8.63952390002669
14,2,2,0,1,1,46,2,55,70,0,0,0,6,2,0.450867052023121,0.398843930635838,0.161849710982659,0,0,0,0.11070532183388,3.21332870001788
14,2,2,0,1,1,54,9.25,40,4,0,0,0,6,2,0.25,0.266163793103448,0.0431034482758621,0,0,0,2.29767370489441,15.788074400014
14,2,2,0,1,1,38,15.5,40,215,0,0,0,6,2,0.482758620689655,0.396551724137931,0.0689655172413793,0,0,0,3.86420348515154,3.23204989999067
14,2,2,0,1,1,76,4,35,70,0,0,0,6,2,0.447154471544715,0.455284552845528,0,0,0,0,0.806174177785756,2.38882829999784
14,2,2,0,1,1,5,20,85,15,0,0,0,6,2,0.363265306122449,0.26530612244898,0.130612244897959,0,0,0,5.04120458786978,4.41461040001013
14,2,2,0,1,1,51,1,40,3,0,0,0,6,2,0.37731196054254,0.405672009864365,0,0,0,0,0.0580047522114597,13.8410092999984
14,2,2,0,1,1,67,8.5,50,105,0,0,0,6,2,0.401505646173149,0.406524466750314,0.00376411543287327,0,0,0,1.46696399386558,13.6099688000104
14,2,2,0,1,1,2,7.5,75,25,0,0,0,6,2,0.586538461538462,0.269230769230769,0,0,0,0,1.76771555249652,2.06401179998647
14,2,2,0,1,1,20,15.75,35,30,0,0,0,6,2,0.648148148148148,0.203703703703704,0.0277777777777778,0,0,0,2.15434431019285,2.13754549997975
14,2,2,0,1,1,65,1.75,80,10,0,0,0,6,2,0.418367346938776,0.459183673469388,0,0,0,0,0.261665873392051,1.96247619998758
14,2,2,0,1,1,1,5,50,0,0,0,0,6,2,0.591304347826087,0.243478260869565,0,0,0,0,1.00830644677874,2.24901509998017
14,2,2,0,1,1,29,7,20,55,0,0,0,6,2,0.292732855680655,0.298874104401228,0,0,0,0,1.11878474432105,16.6007804999826
14,2,2,0,1,1,11,18.25,70,55,0,0,0,6,2,0.624277456647399,0.352601156069364,0,0,0,0,5.2882390217317,3.21610990000772
14,2,2,0,1,1,66,10,90,80,0,0,0,5,2,0.514705882352941,0.323529411764706,0.0882352941176471,0,0,0,4.82520490488971,2.60314070002642
14,2,2,0,1,1,52,18.5,10,85,0,0,0,5,2,0.6,0.32,0.04,0,0,0,0.580910209474705,2.42054079999798
14,2,2,0,1,1,70,3.5,40,3,0,0,0,5,2,0.398305084745763,0.38135593220339,0.135593220338983,0,0,0,0.696631397453519,2.29251310002292
14,2,2,0,1,1,10,19.5,10,125,0,0,0,5,2,0.852941176470588,0.102941176470588,0,0,0,0,0.451946618508902,1.47899630002212
14,2,2,0,1,1,47,16,100,5,0,0,0,5,2,0.315789473684211,0.421052631578947,0.236842105263158,0,0,0,7.99239374468432,2.85846060002223
14,2,2,0,1,1,14,16.75,45,145,0,0,0,5,2,0.586792452830189,0.294339622641509,0.0641509433962264,0,0,0,2.41422401425706,9.15859090001322
14,2,2,0,1,1,73,5,70,14,0,0,0,5,2,0.58974358974359,0.346153846153846,0,0,0,0,1.31717800715278,1.6303973000031
14,2,2,0,1,1,45,13.5,55,65,0,0,0,5,2,0.316402997502082,0.270607826810991,0.0616153205661948,0,0,0,2.7220637990482,20.3370910999947
14,2,2,0,1,1,7,16.75,65,75,0,0,0,5,2,0.564885496183206,0.389312977099237,0.0916030534351145,0,0,0,3.44041739245261,2.51538759999676
14,2,2,0,1,1,41,19,65,245,0,0,0,5,2,0.438202247191011,0.415730337078652,0,0,0,0,3.81504716472758,1.81269150000298
14,2,2,0,1,1,27,5.25,50,120,0,0,0,5,2,0.391959798994975,0.349246231155779,0.0577889447236181,0,0,0,0.987186343040655,6.96261400001822
14,2,2,0,1,1,15,17.25,25,55,0,0,0,5,2,0.407216494845361,0.381443298969072,0.103092783505155,0,0,0,1.42014822171815,3.55510580001283
14,2,2,0,1,1,32,9.5,30,170,0,0,0,5,2,0.439393939393939,0.484848484848485,0,0,0,0,1.04176341126402,1.42717069998616
14,2,2,0,1,1,78,8.25,20,5,0,0,0,5,2,0.553191489361702,0.319148936170213,0,0,0,0,0.866091698518908,1.89075779999257
14,2,2,0,1,1,26,4,45,50,0,0,0,1,2,0.35,0.488888888888889,0.138888888888889,0,0,0,0.919805426215088,3.32500360000995
14,2,2,0,1,1,49,16,50,20,0,0,0,1,2,0.330855018587361,0.487918215613383,0.120817843866171,0,0,0,3.44546192208119,18.2591631000105
14,2,2,0,1,1,79,10,10,140,0,0,0,1,2,0.461538461538462,0.492307692307692,0.0153846153846154,0,0,0,0.202033662716868,1.42019599999185
14,2,2,0,1,1,34,12,15,85,0,0,0,1,2,0.42,0.54,0,0,0,0,0.699646524331598,2.0026754999999
14,2,2,0,1,1,40,18,15,110,0,0,0,1,2,0.613861386138614,0.306930693069307,0.0198019801980198,0,0,0,0.965150509026294,2.01414130002377
14,2,2,0,1,1,57,10,50,95,0,0,0,1,2,0.5,0.452054794520548,0.0273972602739726,0,0,0,1.98917240148254,2.76693419998628
14,2,2,0,1,1,44,5,40,65,0,0,0,1,2,0.437908496732026,0.457516339869281,0.0130718954248366,0,0,0,0.748102369651065,2.87880410000798
14,2,2,0,1,1,21,6,95,55,0,0,0,1,2,0.485981308411215,0.485981308411215,0,0,0,0,2.41171519401173,2.11095410000416
14,2,2,0,1,1,30,8,75,90,0,0,0,1,2,0.28099173553719,0.628099173553719,0.0165289256198347,0,0,0,2.34359327842528,2.3388091000088
14,2,2,0,1,1,72,6.5,90,60,0,0,0,1,2,0.655555555555556,0.377777777777778,0.0777777777777778,0,0,0,2.85297952020425,1.82968090000213
14,2,2,0,1,1,25,9,60,160,0,0,0,1,2,0.418604651162791,0.511627906976744,0.0348837209302326,0,0,0,1.89925303771037,1.76520080000046
14,2,2,0,1,1,83,17,80,200,0,0,0,1,2,0.621052631578947,0.305263157894737,0.0210526315789474,0,0,0,3.69653140242347,1.91503060000832
14,2,2,0,1,1,13,19.5,5,7,0,0,0,1,2,0.539473684210526,0.381578947368421,0,0,0,0,0.142396778417709,1.59197079998557
14,2,2,0,1,1,55,16.5,25,155,0,0,0,1,2,0.465346534653465,0.425742574257426,0.0257425742574257,0,0,0,1.85130885477867,8.73302109999349
14,2,2,0,1,1,42,20,30,170,0,0,0,2,2,0.509333333333333,0.325333333333333,0.133333333333333,0,0,0,1.33897609815662,6.58117270001094
14,2,2,0,1,1,71,6,25,45,0,0,0,2,2,0.367041198501873,0.50187265917603,0.0636704119850187,0,0,0,0.674136309054536,4.77134989999468
14,2,2,0,1,1,77,12,75,25,0,0,0,2,2,0.382978723404255,0.460992907801418,0.127659574468085,0,0,0,4.05010257550903,2.68224520000513
14,2,2,0,1,1,9,2,30,19,0,0,0,2,2,0.464285714285714,0.464285714285714,0.00892857142857143,0,0,0,0.112113221550782,2.19742199999746
14,2,2,0,1,1,19,17.5,25,40,0,0,0,2,2,0.568965517241379,0.344827586206897,0,0,0,0,1.04176341126402,2.26971880000201
14,2,2,0,1,1,84,11,50,110,0,0,0,2,2,0.635593220338983,0.296610169491525,0.00847457627118644,0,0,0,2.08775988840982,4.25856760001625
14,2,2,0,1,1,56,12,90,210,0,0,0,2,2,0.307692307692308,0.615384615384615,0,0,0,0,5.35164339356352,2.27591900000698
14,2,2,0,1,1,35,13,70,30,0,0,0,2,2,0.492307692307692,0.292307692307692,0.0730769230769231,0,0,0,3.67536266536062,8.99170380001306
14,2,2,0,1,1,62,10,95,135,0,0,0,2,2,0.541666666666667,0.398809523809524,0,0,0,0,4.843741754008,3.13314250000985
14,2,2,0,1,1,80,8,45,125,0,0,0,2,2,0.383177570093458,0.460280373831776,0.0373831775700935,0,0,0,1.16732499650336,7.45465100000729
14,2,2,0,1,1,28,6,25,7,0,0,0,2,2,0.402597402597403,0.571428571428571,0.012987012987013,0,0,0,0.435360984896377,1.60708300000988
14,2,2,0,1,1,31,8.5,50,22,0,0,0,2,2,0.587412587412587,0.34965034965035,0.00699300699300699,0,0,0,1.96112491332557,2.71885960001964
14,2,2,0,1,1,75,6,85,45,0,0,0,2,2,0.28804347826087,0.442028985507246,0.105072463768116,0,0,0,1.65067223057933,9.52927860000636
14,2,2,0,1,1,64,19.5,65,45,0,0,0,2,2,0.400297619047619,0.357142857142857,0.0357142857142857,0,0,0,3.87721818166245,11.5234667999903
14,2,2,0,1,1,22,20,90,165,0,0,0,4,2,0.489795918367347,0.311224489795918,0.153061224489796,0,0,0,8.66022096088408,3.60245289999875
14,2,2,0,1,1,12,12,35,1,0,0,0,4,2,0.521951219512195,0.409756097560976,0,0,0,0,3.16509289886299,3.73688740000944
14,2,2,0,1,1,8,16,15,20,0,0,0,4,2,0.5,0.419354838709677,0,0,0,0,2.9582490012101,2.39805749998777
14,2,2,0,1,1,69,1.5,95,20,0,0,0,4,2,0.564575645756458,0.346863468634686,0.0885608856088561,0,0,0,0.993435437462566,4.84608869999647
14,2,2,0,1,1,6,19,20,175,0,0,0,4,2,0.496774193548387,0.351612903225806,0,0,0,0,2.09479541826879,5.50197159999516
14,2,2,0,1,1,23,7.75,60,120,0,0,0,4,2,0.587064676616915,0.293532338308458,0,0,0,0,2.02534508357163,3.6771318000101
14,2,2,0,1,1,33,11,65,190,0,0,0,4,2,0.32378223495702,0.459885386819484,0.0458452722063037,0,0,0,3.16084458373049,11.9558246999804
14,2,2,0,1,1,18,18.75,80,250,0,0,0,4,2,0.42962962962963,0.237037037037037,0.0148148148148148,0,0,0,7.15311156171034,2.57426709998981
14,2,2,0,1,1,60,15,35,31,0,0,0,4,2,0.389423076923077,0.509615384615385,0,0,0,0,2.04375751301425,3.79339950002031
14,2,2,0,1,1,58,14,45,20,0,0,0,4,2,0.488095238095238,0.458333333333333,0,0,0,0,2.88604377360348,3.13165180000942
14,2,2,0,1,1,17,3.25,85,205,0,0,0,4,2,0.560693641618497,0.358381502890173,0,0,0,0,1.05136913422507,3.20481220001238
14,2,2,0,1,1,53,14,90,60,0,0,0,4,2,0.492537313432836,0.402985074626866,0.0149253731343284,0,0,0,6.67695310229072,2.57138119998854
14,2,2,0,1,1,36,14,15,40,0,0,0,4,2,0.455357142857143,0.428571428571429,0,0,0,0,2.01256286750259,2.20419429999311
14,2,2,0,1,1,63,5.5,70,40,0,0,0,4,2,0.439252336448598,0.467289719626168,0,0,0,0,1.92047286227787,2.11434609998832
14,3,2,0,1,0,66,10,90,0,0,0,0,2,4,0.310463121783877,0.283018867924528,0.0257289879931389,0,0,0,4.76202546209977,10.0452613000089
14,3,2,0,1,0,25,9,60,0,0,0,0,2,4,0.516949152542373,0.274011299435028,0.0367231638418079,0,0,0,2.39273121593926,6.21633060000022
14,3,2,0,1,0,30,8,75,0,0,0,0,2,4,0.49645390070922,0.297872340425532,0.127659574468085,0,0,0,2.75783792616545,2.68145819999336
14,3,2,0,1,0,78,8.25,20,0,0,0,0,2,4,0.462962962962963,0.395061728395062,0.104938271604938,0,0,0,0.693761127382039,3.02338990000135
14,3,2,0,1,0,79,10,10,0,0,0,0,2,4,0.30126582278481,0.341772151898734,0.0810126582278481,0,0,0,0.701245619459179,6.91076290000638
14,3,2,0,1,0,5,20,85,0,0,0,0,2,4,0.475587703435805,0.280289330922242,0.139240506329114,0,0,0,9.08228466890235,9.54791600001045
14,3,2,0,1,0,53,14,90,0,0,0,0,2,4,0.526717557251908,0.435114503816794,0,0,0,0,6.10014485985353,2.51352819999738
14,3,2,0,1,0,80,8,45,0,0,0,0,2,4,0.488636363636364,0.386363636363636,0.0113636363636364,0,0,0,1.50398404101491,1.78911840000364
14,3,2,0,1,0,17,3.25,85,0,0,0,0,2,4,0.577235772357724,0.333333333333333,0.00813008130081301,0,0,0,0.561701502006024,2.37973270000657
14,3,2,0,1,0,28,6,25,0,0,0,0,2,4,0.32258064516129,0.502688172043011,0.0591397849462366,0,0,0,0.565362244170842,6.5346806999878
14,3,2,0,1,0,49,16,50,0,0,0,0,2,4,0.528985507246377,0.384057971014493,0,0,0,0,2.72930576687986,2.63202019999153
14,3,2,0,1,0,68,2.5,65,0,0,0,0,2,4,0.200752823086575,0.327478042659975,0.0301129234629862,0,0,0,0.196685228879883,13.6998122000077
14,3,2,0,1,0,50,2.5,90,0,0,0,0,2,4,0.52760736196319,0.380368098159509,0.00613496932515337,0,0,0,0.984029924482826,3.04143880000629
14,3,2,0,1,0,12,12,35,0,0,0,0,2,4,0.58974358974359,0.299145299145299,0.00427350427350427,0,0,0,1.96786033208402,4.23685359999945
14,3,2,0,1,0,26,4,45,0,0,0,0,1,4,0.169683257918552,0.527149321266968,0.104072398190045,0,0,0,0.602394970983404,7.69698700000299
14,3,2,0,1,0,19,17.5,25,0,0,0,0,1,4,0.613913043478261,0.266086956521739,0.0173913043478261,0,0,0,1.79970255068365,9.90395649999846
14,3,2,0,1,0,3,15,85,0,0,0,0,1,4,0.423076923076923,0.461538461538462,0.0230769230769231,0,0,0,5.03055751439338,2.49411090000649
14,3,2,0,1,0,57,10,50,0,0,0,0,1,4,0.300970873786408,0.398058252427184,0.00970873786407767,0,0,0,2.33854674938033,3.75563510000939
14,3,2,0,1,0,6,19,20,0,0,0,0,1,4,0.415254237288136,0.406779661016949,0.0169491525423729,0,0,0,1.31349870451191,2.28851629998826
14,3,2,0,1,0,36,14,15,0,0,0,0,1,4,0.22271714922049,0.280623608017817,0.044543429844098,0,0,0,1.83434022170806,7.81812539999373
14,3,2,0,1,0,56,12,90,0,0,0,0,1,4,0.582677165354331,0.299212598425197,0.0236220472440945,0,0,0,5.35331445776269,2.44338880000578
14,3,2,0,1,0,4,8.5,20,0,0,0,0,1,4,0.327769347496206,0.403641881638847,0.0182094081942337,0,0,0,1.5402814103234,11.3123773999978
14,3,2,0,1,0,60,15,35,0,0,0,0,1,4,0.4,0.478260869565217,0,0,0,0,1.56667981500144,4.16469240000879
14,3,2,0,1,0,37,14.5,5,0,0,0,0,1,4,0.470588235294118,0.270588235294118,0.129411764705882,0,0,0,0.241799172280594,3.17091820000496
14,3,2,0,1,0,82,9.5,20,0,0,0,0,1,4,0.337349397590361,0.436746987951807,0.0481927710843374,0,0,0,0.910896538446252,5.86457070001052
14,3,2,0,1,0,20,15.75,35,0,0,0,0,1,4,0.525252525252525,0.343434343434343,0.0202020202020202,0,0,0,1.25954632808262,1.97377060000144
14,3,2,0,1,0,74,7,40,0,0,0,0,1,4,0.472602739726027,0.438356164383562,0,0,0,0,0.651774571302948,2.76858319999883
14,3,2,0,1,0,39,17,35,0,0,0,0,1,4,0.477941176470588,0.375,0.102941176470588,0,0,0,1.24562590320852,2.58963719999883
14,3,2,0,1,0,72,6.5,90,0,0,0,0,3,4,0.643086816720257,0.263665594855305,0,0,0,0,3.27455246408126,5.50994610000635
14,3,2,0,1,0,84,11,50,0,0,0,0,3,4,0.721238938053097,0.185840707964602,0.0132743362831858,0,0,0,1.92387765233649,4.09909679999691
14,3,2,0,1,0,47,16,100,0,0,0,0,3,4,0.677083333333333,0.177083333333333,0.0989583333333333,0,0,0,7.60476896832914,3.53133969999908
14,3,2,0,1,0,7,16.75,65,0,0,0,0,3,4,0.377186843946816,0.233729881035689,0.0545836249125262,0,0,0,2.76580400103073,24.1409779999958
14,3,2,0,1,0,2,7.5,75,0,0,0,0,3,4,0.756653992395437,0.136882129277567,0,0,0,0,1.31416616076064,9.09289099999296
14,3,2,0,1,0,40,18,15,0,0,0,0,3,4,0.645569620253165,0.341772151898734,0.0253164556962025,0,0,0,0.926132820519744,1.64306309999665
14,3,2,0,1,0,71,6,25,0,0,0,0,3,4,0.231638418079096,0.384180790960452,0.0225988700564972,0,0,0,0.206239783049874,3.27636270000949
14,3,2,0,1,0,48,7,45,0,0,0,0,3,4,0.356227106227106,0.391941391941392,0.0677655677655678,0,0,0,1.08495087554315,18.5238581000012
14,3,2,0,1,0,8,16,15,0,0,0,0,3,4,0.502994011976048,0.25748502994012,0.029940119760479,0,0,0,0.649165474021292,3.11566300000413
14,3,2,0,1,0,10,19.5,10,0,0,0,0,3,4,0.617977528089888,0.337078651685393,0,0,0,0,1.0730146040872,1.81374409999989
14,3,2,0,1,0,42,20,30,0,0,0,0,3,4,0.504923903312444,0.213965980304387,0.0277529095792301,0,0,0,1.0585870423836,18.940577100002
14,3,2,0,1,0,64,19.5,65,0,0,0,0,3,4,0.468085106382979,0.51063829787234,0.0212765957446809,0,0,0,3.49845088105905,3.46979339999962
14,3,2,0,1,0,21,6,95,0,0,0,0,3,4,0.581632653061224,0.295918367346939,0,0,0,0,3.05372690017291,1.96495219999633
14,3,2,0,1,0,27,5.25,50,0,0,0,0,3,4,0.65891472868217,0.224806201550388,0.0155038759689922,0,0,0,0.701245619459179,2.47313869999198
14,3,2,0,1,0,11,18.25,70,0,0,0,0,6,4,0.561073825503356,0.374496644295302,0.0375838926174497,0,0,0,3.78705311739113,12.7330173999944
14,3,2,0,1,0,22,20,90,0,0,0,0,6,4,0.372262773722628,0.328467153284672,0.18978102189781,0,0,0,9.02930143497645,2.60773359998711
14,3,2,0,1,0,73,5,70,0,0,0,0,6,4,0.337004405286344,0.359030837004405,0.013215859030837,0,0,0,0.913730011199096,23.0128745000111
14,3,2,0,1,0,52,18.5,10,0,0,0,0,6,4,0.726315789473684,0.263157894736842,0,0,0,0,0.451280297478952,1.91442559999996
14,3,2,0,1,0,46,2,55,0,0,0,0,6,4,0.3,0.566666666666667,0,0,0,0,0.129376448902654,1.84798799999407
14,3,2,0,1,0,58,14,45,0,0,0,0,6,4,0.593457943925234,0.317757009345794,0,0,0,0,1.72870966704239,3.9017862000037
14,3,2,0,1,0,15,17.25,25,0,0,0,0,6,4,0.503311258278146,0.47682119205298,0,0,0,0,1.83589194906094,2.84736649999104
14,3,2,0,1,0,23,7.75,60,0,0,0,0,6,4,0.575757575757576,0.333333333333333,0,0,0,0,1.41828794211423,1.97371579999162
14,3,2,0,1,0,43,3,30,0,0,0,0,6,4,0.513513513513513,0.468468468468468,0,0,0,0,0.219882768442954,2.18637909999234
14,3,2,0,1,0,38,15.5,40,0,0,0,0,6,4,0.625592417061611,0.341232227488152,0,0,0,0,2.34166213799926,3.84363390000362
14,3,2,0,1,0,65,1.75,80,0,0,0,0,6,4,0.568627450980392,0.294117647058824,0,0,0,0,0.460917183594297,2.03387010000006
14,3,2,0,1,0,77,12,75,0,0,0,0,6,4,0.242761692650334,0.478841870824053,0,0,0,0,3.13557735739895,7.83536850000382
14,3,2,0,1,0,59,2,80,0,0,0,0,6,4,0.504854368932039,0.398058252427184,0,0,0,0,0.276616991333238,2.0424728999933
14,3,2,0,1,0,83,17,80,0,0,0,0,6,4,0.184095860566449,0.331154684095861,0,0,0,0,5.6241756211252,15.6164038999996
14,3,2,0,1,0,76,4,35,0,0,0,0,5,4,0.420131291028446,0.301969365426696,0.0284463894967177,0,0,0,0.276616991333238,7.94519360001141
14,3,2,0,1,0,9,2,30,0,0,0,0,5,4,0.592233009708738,0.368932038834951,0,0,0,0,0.0713669399104582,2.03971660000389
14,3,2,0,1,0,16,16,65,0,0,0,0,5,4,0.491071428571429,0.410714285714286,0.0267857142857143,0,0,0,3.77150966886131,2.2049463000003
14,3,2,0,1,0,51,1,40,0,0,0,0,5,4,0.424242424242424,0.409090909090909,0.121212121212121,0,0,0,0.0850666212803119,2.53369160000875
14,3,2,0,1,0,75,6,85,0,0,0,0,5,4,0.32230522945571,0.314834578441836,0.0811099252934899,0,0,0,1.86385182821547,15.9362901999993
14,3,2,0,1,0,33,11,65,0,0,0,0,5,4,0.405707196029777,0.329404466501241,0.0409429280397022,0,0,0,2.7429156733174,27.1750706999883
14,3,2,0,1,0,70,3.5,40,0,0,0,0,5,4,0.634408602150538,0.161290322580645,0,0,0,0,0.426621815328165,1.87217200000305
14,3,2,0,1,0,67,8.5,50,0,0,0,0,5,4,0.674846625766871,0.134969325153374,0,0,0,0,1.15670465021409,3.0450858999975
14,3,2,0,1,0,61,15,75,0,0,0,0,5,4,0.403669724770642,0.293577981651376,0,0,0,0,4.4715659627673,2.14107009999861
14,3,2,0,1,0,45,13.5,55,0,0,0,0,5,4,0.662162162162162,0.22972972972973,0.00675675675675676,0,0,0,2.84688843828966,2.79634870000882
14,3,2,0,1,0,13,19.5,5,0,0,0,0,5,4,0.886363636363636,0.0681818181818182,0,0,0,0,0.854343510371571,1.79136239999207
14,3,2,0,1,0,1,5,50,0,0,0,0,5,4,0.459227467811159,0.309012875536481,0.107296137339056,0,0,0,0.496136541192364,4.21027369999501
14,3,2,0,1,0,41,19,65,0,0,0,0,5,4,0.37390350877193,0.384868421052632,0.0767543859649123,0,0,0,5.7660501195903,15.523692399991
14,3,2,0,1,0,54,9.25,40,0,0,0,0,5,4,0.612903225806452,0.365591397849462,0.021505376344086,0,0,0,1.98131751428238,1.88440870000341
14,3,2,0,1,0,24,19,70,0,0,0,0,4,4,0.446601941747573,0.402912621359223,0.0970873786407767,0,0,0,6.31038107610116,3.75789570000779
14,3,2,0,1,0,35,13,70,0,0,0,0,4,4,0.507722007722008,0.324324324324324,0,0,0,0,3.82316358355873,8.95040810000501
14,3,2,0,1,0,69,1.5,95,0,0,0,0,4,4,0.346534653465347,0.603960396039604,0,0,0,0,0.753988497004318,2.01044490000641
14,3,2,0,1,0,63,5.5,70,0,0,0,0,4,4,0.391061452513966,0.288268156424581,0,0,0,0,1.40321389391615,15.2435892999929
14,3,2,0,1,0,31,8.5,50,0,0,0,0,4,4,0.681818181818182,0.290909090909091,0,0,0,0,2.04832764699134,2.16142859999673
14,3,2,0,1,0,29,7,20,0,0,0,0,4,4,0.474025974025974,0.454545454545455,0,0,0,0,0.375747480475152,2.90259440000227
14,3,2,0,1,0,62,10,95,0,0,0,0,4,4,0.343137254901961,0.411764705882353,0.0490196078431373,0,0,0,4.61992022064728,2.03662839999015
14,3,2,0,1,0,18,18.75,80,0,0,0,0,4,4,0.624031007751938,0.22093023255814,0.0193798449612403,0,0,0,6.49753586147126,4.63631000000169
14,3,2,0,1,0,34,12,15,0,0,0,0,4,4,0.482456140350877,0.421052631578947,0,0,0,0,0.558551979562779,2.23202599999786
14,3,2,0,1,0,14,16.75,45,0,0,0,0,4,4,0.636363636363636,0.196172248803828,0.00478468899521531,0,0,0,3.74334083621997,3.80761139999959
14,3,2,0,1,0,81,14,55,0,0,0,0,4,4,0.420074349442379,0.483271375464684,0,0,0,0,2.54111814091533,4.8205120999919
14,3,2,0,1,0,44,5,40,0,0,0,0,4,4,0.440514469453376,0.512861736334405,0,0,0,0,0.526865528279895,10.6857367000048
14,3,2,0,1,0,32,9.5,30,0,0,0,0,4,4,0.55688622754491,0.347305389221557,0,0,0,0,0.931179246991963,3.12592669999867
14,3,2,0,1,0,55,16.5,25,0,0,0,0,4,4,0.390457643622201,0.281402142161636,0,0,0,0,1.08693411464525,17.4302861999895
16,1,1,0,1,0,36,14,15,0,0,0,0,1,4,0.176169590643275,0.206140350877193,0.139619883040936,0,0,0,0.0144031376959184,23.1222481000004
16,1,1,0,1,0,55,16.5,25,0,0,0,0,1,4,0.379377431906615,0.285992217898833,0.138132295719844,0,0,0,3.04151192114618,8.88355490000686
16,1,1,0,1,0,34,12,15,0,0,0,0,1,4,0.36046511627907,0.235729386892178,0.0983086680761099,0,0,0,0.124540152812255,16.1236906000122
16,1,1,0,1,0,67,8.5,50,0,0,0,0,1,4,0.358516483516484,0.210164835164835,0.0975274725274725,0,0,0,4.03429916267946,12.4494155999855
16,1,1,0,1,0,60,15,35,0,0,0,0,1,4,0.415300546448087,0.360655737704918,0.131147540983607,0,0,0,2.99686772360027,3.38396310000098
16,1,1,0,1,0,30,8,75,0,0,0,0,1,4,0.144160583941606,0.273722627737226,0.141423357664234,0,0,0,2.02212945033838,18.5883776999835
16,1,1,0,1,0,38,15.5,40,0,0,0,0,1,4,0.300275482093664,0.333333333333333,0.0853994490358127,0,0,0,3.04196697459242,6.37387999999919
16,1,1,0,1,0,78,8.25,20,0,0,0,0,1,4,0.111702127659574,0.24468085106383,0.218085106382979,0,0,0,0.139587225439591,3.4553824000177
16,1,1,0,1,0,66,10,90,0,0,0,0,1,4,0.0447817836812144,0.0645161290322581,0.0250474383301708,0,0,0,0.114436171198925,44.4007305999985
16,1,1,0,1,0,1,5,50,0,0,0,0,1,4,0.102803738317757,0.0747663551401869,0.177570093457944,0,0,0,0.129610549777681,2.10733540001092
16,1,1,0,1,0,24,19,70,0,0,0,0,1,4,0.231788079470199,0.417218543046358,0.125827814569536,0,0,0,5.03075433913086,5.35947940000915
16,1,1,0,1,0,10,19.5,10,0,0,0,0,1,4,0.132075471698113,0.339622641509434,0.320754716981132,0,0,0,0,1.20630520000122
16,1,1,0,1,0,54,9.25,40,0,0,0,0,1,4,0.307692307692308,0.397435897435897,0.256410256410256,0,0,0,0.0694972143083206,1.62114809997729
16,1,1,0,1,0,58,14,45,0,0,0,0,1,4,0.18018018018018,0.576576576576577,0.243243243243243,0,0,0,0.0432088233078609,2.18075069997576
16,1,1,0,1,0,50,2.5,90,0,0,0,0,2,4,0.0385245901639344,0.0713114754098361,0.0224043715846995,0,0,0,2.01674506833987,61.7346368000144
16,1,1,0,1,0,68,2.5,65,0,0,0,0,2,4,0.401709401709402,0.273504273504274,0.179487179487179,0,0,0,1.05848750366659,2.27375280001434
16,1,1,0,1,0,9,2,30,0,0,0,0,2,4,0.0476190476190476,0.555555555555556,0.222222222222222,0,0,0,0.0872027336657659,1.37347640001099
16,1,1,0,1,0,18,18.75,80,0,0,0,0,2,4,0.328125,0.359375,0.265625,0,0,0,8.974634499456,1.40300940000452
16,1,1,0,1,0,76,4,35,0,0,0,0,2,4,0.232876712328767,0.356164383561644,0.342465753424658,0,0,0,0.0712072956577643,1.55006520001916
16,1,1,0,1,0,4,8.5,20,0,0,0,0,2,4,0.208333333333333,0.416666666666667,0.222222222222222,0,0,0,0.130496023829327,1.53115150000667
16,1,1,0,1,0,74,7,40,0,0,0,0,2,4,0.215767634854772,0.236514522821577,0.0912863070539419,0,0,0,1.08939001982536,4.37850230000913
16,1,1,0,1,0,8,16,15,0,0,0,0,2,4,0.127659574468085,0.319148936170213,0.382978723404255,0,0,0,1.03702549107566,1.1069453000091
16,1,1,0,1,0,48,7,45,0,0,0,0,2,4,0.216666666666667,0.266666666666667,0.25,0,0,0,1.02267121716315,1.33421890001046
16,1,1,0,1,0,59,2,80,0,0,0,0,2,4,0.165467625899281,0.546762589928058,0.100719424460432,0,0,0,1.05136913422507,2.65447929999209
16,1,1,0,1,0,52,18.5,10,0,0,0,0,2,4,0.0612244897959184,0.306122448979592,0.326530612244898,0,0,0,0.114952701015788,1.1510808999883
16,1,1,0,1,0,37,14.5,5,0,0,0,0,2,4,0.297029702970297,0.227722772277228,0.207920792079208,0,0,0,0.132609935998001,2.01759609999135
16,1,1,0,1,0,63,5.5,70,0,0,0,0,2,4,0.279661016949153,0.415254237288136,0.440677966101695,0,0,0,2.06680712403991,2.29132289998233
16,1,1,0,1,0,82,9.5,20,0,0,0,0,2,4,0.208333333333333,0.416666666666667,0.208333333333333,0,0,0,1.0372220514598,1.1271751000022
16,1,1,0,1,0,43,3,30,0,0,0,0,3,4,0.236486486486486,0.371621621621622,0.209459459459459,0,0,0,0.117066301435692,2.78957429999718
16,1,1,0,1,0,35,13,70,0,0,0,0,3,4,0.333333333333333,0.438271604938272,0.104938271604938,0,0,0,4.01043666878389,3.02762710000388
16,1,1,0,1,0,84,11,50,0,0,0,0,3,4,0.512396694214876,0.214876033057851,0.21900826446281,0,0,0,5.01028464004099,4.35651469998993
16,1,1,0,1,0,20,15.75,35,0,0,0,0,3,4,0.440677966101695,0.279661016949153,0.161016949152542,0,0,0,2.02990165582899,2.30093969998416
16,1,1,0,1,0,23,7.75,60,0,0,0,0,3,4,0.456692913385827,0.128608923884514,0.036745406824147,0,0,0,1.05136913422507,6.68345889999182
16,1,1,0,1,0,72,6.5,90,0,0,0,0,3,4,0.432432432432432,0.225225225225225,0.171171171171171,0,0,0,3.01001672711843,2.17272490001051
16,1,1,0,1,0,33,11,65,0,0,0,0,3,4,0.216836734693878,0.637755102040816,0.0714285714285714,0,0,0,2.00671910402213,6.85661700001219
16,1,1,0,1,0,81,14,55,0,0,0,0,3,4,0.335164835164835,0.269230769230769,0.0714285714285714,0,0,0,1.9617490503553,3.35954599999241
16,1,1,0,1,0,83,17,80,0,0,0,0,3,4,0.490909090909091,0.227272727272727,0.0636363636363636,0,0,0,9.97106293690963,2.17251840000972
16,1,1,0,1,0,61,15,75,0,0,0,0,3,4,0.640625,0.296875,0.03125,0,0,0,8.96297450892434,1.39878459999454
16,1,1,0,1,0,64,19.5,65,0,0,0,0,3,4,0.651515151515151,0.272727272727273,0.0151515151515152,0,0,0,4.96982867270172,1.42701049998868
16,1,1,0,1,0,73,5,70,0,0,0,0,3,4,0.456140350877193,0.210526315789474,0.0964912280701754,0,0,0,2.04379008701584,2.22198980001849
16,1,1,0,1,0,69,1.5,95,0,0,0,0,3,4,0.374269005847953,0.415204678362573,0.105263157894737,0,0,0,1.01803856063574,3.17105100001208
16,1,1,0,1,0,25,9,60,0,0,0,0,3,4,0.348837209302326,0.13953488372093,0.197674418604651,0,0,0,3.02327278471964,1.76703730001464
16,1,1,0,1,0,79,10,10,0,0,0,0,5,4,0.103092783505155,0.288659793814433,0.206185567010309,0,0,0,0.144661408064319,1.94046740001068
16,1,1,0,1,0,29,7,20,0,0,0,0,5,4,0.0790598290598291,0.215811965811966,0.237179487179487,0,0,0,0.304301408621097,8.11800019998918
16,1,1,0,1,0,2,7.5,75,0,0,0,0,5,4,0.521276595744681,0.24468085106383,0.106382978723404,0,0,0,2.99733077512318,1.90270350000355
16,1,1,0,1,0,15,17.25,25,0,0,0,0,5,4,0.488636363636364,0.261363636363636,0.170454545454545,0,0,0,0.971795806950578,1.7890888999973
16,1,1,0,1,0,11,18.25,70,0,0,0,0,5,4,0.439490445859873,0.261146496815287,0.127388535031847,0,0,0,9.95629681200706,2.94692499999655
16,1,1,0,1,0,7,16.75,65,0,0,0,0,5,4,0.538461538461538,0.21978021978022,0.0494505494505494,0,0,0,5.11385481088855,3.36833800000022
16,1,1,0,1,0,80,8,45,0,0,0,0,5,4,0.271634615384615,0.329326923076923,0.230769230769231,0,0,0,3.01031529969813,7.28385259999777
16,1,1,0,1,0,28,6,25,0,0,0,0,5,4,0.49112426035503,0.260355029585799,0.177514792899408,0,0,0,0.245287531045168,3.13840290001826
16,1,1,0,1,0,31,8.5,50,0,0,0,0,5,4,0.282442748091603,0.244274809160305,0.114503816793893,0,0,0,1.99876872246893,2.51469740000903
16,1,1,0,1,0,70,3.5,40,0,0,0,0,5,4,0.272727272727273,0.287878787878788,0.0909090909090909,0,0,0,0.129904369767491,1.42311460000928
16,1,1,0,1,0,19,17.5,25,0,0,0,0,5,4,0.338461538461538,0.107692307692308,0.215384615384615,0,0,0,3.0031672681068,1.41564510000171
16,1,1,0,1,0,16,16,65,0,0,0,0,5,4,0.432539682539683,0.428571428571429,0.0158730158730159,0,0,0,5.90624766875442,4.52500439999858
16,1,1,0,1,0,22,20,90,0,0,0,0,5,4,0.119402985074627,0.216417910447761,0.0298507462686567,0,0,0,14.9595802401262,2.58951829999569
16,1,1,0,1,0,17,3.25,85,0,0,0,0,5,4,0.360759493670886,0.449367088607595,0.120253164556962,0,0,0,2.07557226407481,2.958164199983
16,1,1,0,1,0,27,5.25,50,0,0,0,0,6,4,0.493670886075949,0.272151898734177,0.0569620253164557,0,0,0,1.08939001982536,2.96792799999821
16,1,1,0,1,0,42,20,30,0,0,0,0,6,4,0.377551020408163,0.357142857142857,0.112244897959184,0,0,0,3.98915783697319,1.96491129999049
16,1,1,0,1,0,32,9.5,30,0,0,0,0,6,4,0.439393939393939,0.265151515151515,0.0681818181818182,0,0,0,1.08939001982536,2.52400479998323
16,1,1,0,1,0,53,14,90,0,0,0,0,6,4,0.133165829145729,0.118090452261307,0.0175879396984925,0,0,0,10.1157362973344,6.99175630000536
16,1,1,0,1,0,49,16,50,0,0,0,0,6,4,0.553191489361702,0.329787234042553,0.0319148936170213,0,0,0,5.96402836604692,1.89283050000085
16,1,1,0,1,0,47,16,100,0,0,0,0,6,4,0.354166666666667,0.195512820512821,0.0432692307692308,0,0,0,15.1647838419417,10.7292132000148
16,1,1,0,1,0,62,10,95,0,0,0,0,6,4,0.535714285714286,0.345238095238095,0,0,0,0,7.04832764699133,1.72594689999823
16,1,1,0,1,0,14,16.75,45,0,0,0,0,6,4,0.634730538922156,0.125748502994012,0.029940119760479,0,0,0,4.05876170744279,3.10963240001001
16,1,1,0,1,0,12,12,35,0,0,0,0,6,4,0.491803278688525,0.352459016393443,0,0,0,0,1.13720030704702,2.36671599998954
16,1,1,0,1,0,6,19,20,0,0,0,0,6,4,0.254545454545455,0.309090909090909,0.290909090909091,0,0,0,3.0036932398579,2.15988369999104
16,1,1,0,1,0,75,6,85,0,0,0,0,6,4,0.428571428571429,0.285714285714286,0.107142857142857,0,0,0,2.99709806937205,1.72731930000009
16,1,1,0,1,0,51,1,40,0,0,0,0,6,4,0.26890756302521,0.411764705882353,0.0168067226890756,0,0,0,0.218934213377931,2.30891079999856
16,1,1,0,1,0,45,13.5,55,0,0,0,0,6,4,0.162162162162162,0.225225225225225,0.0765765765765766,0,0,0,3.06198278092228,4.02570180001203
16,1,1,0,1,0,56,12,90,0,0,0,0,6,4,0.509090909090909,0.309090909090909,0,0,0,0,8.01868248571761,1.24614659999497
16,1,1,0,1,0,26,4,45,0,0,0,0,4,4,0.347266881028939,0.209003215434084,0.022508038585209,0,0,0,0.274733315170536,5.50635839998722
16,1,1,0,1,0,44,5,40,0,0,0,0,4,4,0.208860759493671,0.537974683544304,0.10126582278481,0,0,0,1.01291767143232,2.96567559998948
16,1,1,0,1,0,41,19,65,0,0,0,0,4,4,0.420382165605096,0.331210191082803,0.0509554140127389,0,0,0,7.99780341313587,2.93897009998909
16,1,1,0,1,0,77,12,75,0,0,0,0,4,4,0.430379746835443,0.177215189873418,0.0126582278481013,0,0,0,6.10965077048612,1.64259169998695
16,1,1,0,1,0,39,17,35,0,0,0,0,4,4,0.504866180048662,0.0851581508515815,0.0352798053527981,0,0,0,2.97760376854777,14.110858
16,1,1,0,1,0,13,19.5,5,0,0,0,0,4,4,0.514705882352941,0.338235294117647,0,0,0,0,0.0563365623238639,1.46654459999991
16,1,1,0,1,0,3,15,85,0,0,0,0,4,4,0.519230769230769,0.269230769230769,0,0,0,0,7.9424056962001,1.19593359998544
16,1,1,0,1,0,40,18,15,0,0,0,0,4,4,0.474747474747475,0.333333333333333,0,0,0,0,2.07147735485869,1.97719449998112
16,1,1,0,1,0,57,10,50,0,0,0,0,4,4,0.254545454545455,0.454545454545455,0,0,0,0,3.04383423693261,1.24492519997875
16,1,1,0,1,0,21,6,95,0,0,0,0,4,4,0.319587628865979,0.391752577319588,0.0618556701030928,0,0,0,3.9144777721632,1.94193010000163
16,1,1,0,1,0,65,1.75,80,0,0,0,0,4,4,0.202127659574468,0.414893617021277,0.0319148936170213,0,0,0,0.926132820519744,1.89016049998463
16,1,1,0,1,0,5,20,85,0,0,0,0,4,4,0.148936170212766,0.382978723404255,0,0,0,0,13.9130658853547,1.10909469999024
16,1,1,0,1,0,71,6,25,0,0,0,0,4,4,0.245614035087719,0.385964912280702,0.157894736842105,0,0,0,0.160581014930035,1.27545909999753
16,1,1,0,1,0,46,2,55,0,0,0,0,4,4,0.426829268292683,0.402439024390244,0.024390243902439,0,0,0,0,1.69353910000063
16,2,1,0,1,1,37,14.5,5,175,0,0,0,6,2,0.150782361308677,0.182076813655761,0.37126600284495,0,0,0,0.155242336366264,12.0740404999815
16,2,1,0,1,1,35,13,70,30,0,0,0,6,2,0.234234234234234,0.135135135135135,0.333333333333333,0,0,0,4.99000597724655,5.87467449999531
16,2,1,0,1,1,21,6,95,55,0,0,0,6,2,0.202247191011236,0.207865168539326,0.561797752808989,0,0,0,1.04901738046294,3.29171019999194
16,2,1,0,1,1,45,13.5,55,65,0,0,0,6,2,0.164705882352941,0.311764705882353,0.458823529411765,0,0,0,0.0726703334468652,3.16310819998034
16,2,1,0,1,1,7,16.75,65,75,0,0,0,6,2,0.141327623126338,0.158458244111349,0.252676659528908,0,0,0,0.18803750343363,8.11242449999554
16,2,1,0,1,1,60,15,35,31,0,0,0,6,2,0.214285714285714,0.261904761904762,0.345238095238095,0,0,0,0.158402087913618,1.73546310001984
16,2,1,0,1,1,24,19,70,150,0,0,0,6,2,0.429577464788732,0.176056338028169,0.232394366197183,0,0,0,4.95879541213021,2.69733150000684
16,2,1,0,1,1,20,15.75,35,30,0,0,0,6,2,0.297872340425532,0.180851063829787,0.361702127659574,0,0,0,0.246965903293823,1.90557929998613
16,2,1,0,1,1,55,16.5,25,155,0,0,0,6,2,0.339622641509434,0.283018867924528,0.113207547169811,0,0,0,0.160213707964587,1.21665149999899
16,2,1,0,1,1,73,5,70,14,0,0,0,6,2,0.288461538461538,0.192307692307692,0.0961538461538462,0,0,0,0.144990819102194,1.19846879999386
16,2,1,0,1,1,16,16,65,95,0,0,0,6,2,0.302631578947368,0.289473684210526,0.355263157894737,0,0,0,0.173975749584176,1.59916499999235
16,2,1,0,1,1,43,3,30,0,0,0,0,6,2,0.353448275862069,0.318965517241379,0.137931034482759,0,0,0,0.175172228353748,2.26389040000504
16,2,1,0,1,1,5,20,85,15,0,0,0,6,2,0.342342342342342,0.252252252252252,0.207207207207207,0,0,0,2.05285230701389,2.17556800000602
16,2,1,0,1,1,39,17,35,15,0,0,0,6,2,0.277777777777778,0.0972222222222222,0.361111111111111,0,0,0,0.115212718281118,1.52613789998577
16,2,1,0,1,1,1,5,50,0,0,0,0,4,2,0.6,0.218181818181818,0.0909090909090909,0,0,0,1.03955363605521,2.15843110001879
16,2,1,0,1,1,77,12,75,25,0,0,0,4,2,0.162162162162162,0.0918918918918919,0,0,0,0,3.99769174250672,3.41238039999735
16,2,1,0,1,1,18,18.75,80,250,0,0,0,4,2,0.267543859649123,0.25,0.328947368421053,0,0,0,9.97086428706705,4.12707329998375
16,2,1,0,1,1,64,19.5,65,45,0,0,0,4,2,0.41399416909621,0.288629737609329,0.396501457725948,0,0,0,1.07547427356447,6.05057160000433
16,2,1,0,1,1,34,12,15,85,0,0,0,4,2,0.217391304347826,0.333333333333333,0.246376811594203,0,0,0,0.291155993724384,1.48591399998986
16,2,1,0,1,1,53,14,90,60,0,0,0,4,2,0.264367816091954,0.344827586206897,0.252873563218391,0,0,0,3.04861203333111,1.78352950001135
16,2,1,0,1,1,72,6.5,90,60,0,0,0,4,2,0.383720930232558,0.209302325581395,0.186046511627907,0,0,0,0.144007055335234,1.7653949999949
16,2,1,0,1,1,33,11,65,190,0,0,0,4,2,0.306122448979592,0.397959183673469,0.153061224489796,0,0,0,0.161693108703986,1.96101230001659
16,2,1,0,1,1,38,15.5,40,215,0,0,0,4,2,0.272727272727273,0.0454545454545455,0.287878787878788,0,0,0,0.0146013453224398,1.52598299999954
16,2,1,0,1,1,54,9.25,40,4,0,0,0,4,2,0.387096774193548,0.387096774193548,0.0161290322580645,0,0,0,0.189761601124559,1.36435530000017
16,2,1,0,1,1,70,3.5,40,3,0,0,0,4,2,0.513513513513513,0.27027027027027,0.0540540540540541,0,0,0,0.145988113833102,0.950146399991354
16,2,1,0,1,1,29,7,20,55,0,0,0,4,2,0.206896551724138,0.293103448275862,0.224137931034483,0,0,0,0.248097630343416,1.30212569999276
16,2,1,0,1,1,48,7,45,70,0,0,0,4,2,0.252631578947368,0.273684210526316,0.157894736842105,0,0,0,0.263884612862373,1.91574310002034
16,2,1,0,1,1,6,19,20,175,0,0,0,4,2,0.142857142857143,0.271428571428571,0,0,0,0,0.102671705863635,1.49132149998331
16,2,1,0,1,1,32,9.5,30,170,0,0,0,5,2,0.18018018018018,0.198198198198198,0.27027027027027,0,0,0,0.0147025090193118,2.17899690000922
16,2,1,0,1,1,15,17.25,25,55,0,0,0,5,2,0.357142857142857,0,0.357142857142857,0,0,0,0.203416516447277,1.02141059999121
16,2,1,0,1,1,27,5.25,50,120,0,0,0,5,2,0.422222222222222,0.188888888888889,0.266666666666667,0,0,0,0.143036549058337,1.82255450001685
16,2,1,0,1,1,12,12,35,1,0,0,0,5,2,0.375,0.2875,0.2625,0,0,0,0.232983260883916,1.67021129999193
16,2,1,0,1,1,41,19,65,245,0,0,0,5,2,0.485294117647059,0.294117647058824,0.161764705882353,0,0,0,1.07721918593785,1.46111969999038
16,2,1,0,1,1,69,1.5,95,20,0,0,0,5,2,0.409090909090909,0.0454545454545455,0.431818181818182,0,0,0,0.206239783049874,1.06643969999277
16,2,1,0,1,1,19,17.5,25,40,0,0,0,5,2,0.0833333333333333,0.133333333333333,0.0833333333333333,0,0,0,0.187187146432919,4.36563149999711
16,2,1,0,1,1,68,2.5,65,25,0,0,0,5,2,0.444444444444444,0.0555555555555556,0.277777777777778,0,0,0,0.129610549777681,1.23174059999292
16,2,1,0,1,1,75,6,85,45,0,0,0,5,2,0,0,0.5,0,0,0,0.172795500563016,0.505909300001804
16,2,1,0,1,1,40,18,15,110,0,0,0,5,2,0.126543209876543,0.246913580246914,0.169753086419753,0,0,0,0.0580047522114597,5.72939520000364
16,2,1,0,1,1,58,14,45,20,0,0,0,5,2,0.439024390243902,0.0731707317073171,0.24390243902439,0,0,0,0.1906355570774,1.01628130002064
16,2,1,0,1,1,49,16,50,20,0,0,0,5,2,0.377358490566038,0.0377358490566038,0.490566037735849,0,0,0,3.98715250760416,1.21533540001838
16,2,1,0,1,1,62,10,95,135,0,0,0,5,2,0.47887323943662,0.0704225352112676,0.330985915492958,0,0,0,5.02073672706284,2.69936009999947
16,2,1,0,1,1,56,12,90,210,0,0,0,5,2,0.285714285714286,0.214285714285714,0.414285714285714,0,0,0,4.92777719248559,1.5028998000198
16,2,1,0,1,1,25,9,60,160,0,0,0,2,2,0.0303030303030303,0.204545454545455,0.484848484848485,0,0,0,0.971795806950578,2.53599509998458
16,2,1,0,1,1,47,16,100,5,0,0,0,2,2,0.394202898550725,0.217391304347826,0.310144927536232,0,0,0,7.99747154649781,6.07445670000743
16,2,1,0,1,1,74,7,40,120,0,0,0,2,2,0.358620689655172,0.262068965517241,0.0758620689655172,0,0,0,0.200669477511248,2.73996999999508
16,2,1,0,1,1,31,8.5,50,22,0,0,0,2,2,0.398936170212766,0.0691489361702128,0.303191489361702,0,0,0,0.11573629733444,3.46427940001013
16,2,1,0,1,1,57,10,50,95,0,0,0,2,2,0.157894736842105,0.394736842105263,0.296052631578947,0,0,0,0.0983660874424181,2.86791270002141
16,2,1,0,1,1,2,7.5,75,25,0,0,0,2,2,0.0224719101123595,0.213483146067416,0.460674157303371,0,0,0,0.198878956471784,1.81445160001749
16,2,1,0,1,1,26,4,45,50,0,0,0,2,2,0.102040816326531,0.326530612244898,0.346938775510204,0,0,0,0.176793363466064,1.15129919999163
16,2,1,0,1,1,82,9.5,20,25,0,0,0,2,2,0.153846153846154,0.435897435897436,0.282051282051282,0,0,0,0.143770573928101,0.988775200006785
16,2,1,0,1,1,81,14,55,5,0,0,0,2,2,0.0895522388059701,0.388059701492537,0.402985074626866,0,0,0,0.101502523558381,1.46703219998744
16,2,1,0,1,1,78,8.25,20,5,0,0,0,2,2,0.125,0.425,0.3,0,0,0,0.0800737358352954,0.996692099986831
16,2,1,0,1,1,9,2,30,19,0,0,0,2,2,0,0.5,0.333333333333333,0,0,0,0.465344102970153,0.823844099999405
16,2,1,0,1,1,84,11,50,110,0,0,0,2,2,0.0454545454545455,0.295454545454545,0.545454545454545,0,0,0,0.256374777440243,1.05927820000215
16,2,1,0,1,1,61,15,75,225,0,0,0,2,2,0.345679012345679,0.395061728395062,0.246913580246914,0,0,0,2.02080823170083,1.68265839997912
16,2,1,0,1,1,83,17,80,200,0,0,0,2,2,0.37037037037037,0.333333333333333,0.231481481481481,0,0,0,4.00625727971506,2.13030680001248
16,2,1,0,1,1,52,18.5,10,85,0,0,0,1,2,0.338461538461538,0.292307692307692,0.276923076923077,0,0,0,0.0713936169039364,1.40858680001111
16,2,1,0,1,1,30,8,75,90,0,0,0,1,2,0.287069988137604,0.30011862396204,0.212336892052195,0,0,0,0.0748929886649421,14.3714979000215
16,2,1,0,1,1,76,4,35,70,0,0,0,1,2,0.256410256410256,0.196581196581197,0.418803418803419,0,0,0,0.0512358975635188,2.28381529997569
16,2,1,0,1,1,79,10,10,140,0,0,0,1,2,0.0434782608695652,0.347826086956522,0.304347826086957,0,0,0,0.16844228508419,1.10604139999487
16,2,1,0,1,1,65,1.75,80,10,0,0,0,1,2,0.342105263157895,0.552631578947368,0.0526315789473684,0,0,0,0.235281641861636,0.967458300001454
16,2,1,0,1,1,10,19.5,10,125,0,0,0,1,2,0.19047619047619,0.301587301587302,0.444444444444444,0,0,0,0.0687282094075705,1.37848189999931
16,2,1,0,1,1,63,5.5,70,40,0,0,0,1,2,0.338028169014085,0.309859154929577,0.211267605633803,0,0,0,0.796435979367267,1.51470870000776
16,2,1,0,1,1,44,5,40,65,0,0,0,1,2,0,0.261904761904762,0.285714285714286,0,0,0,0.47392271995583,1.03639280001516
16,2,1,0,1,1,46,2,55,70,0,0,0,1,2,0.266666666666667,0.411111111111111,0.2,0,0,0,0.0171133935191499,1.82529199999408
16,2,1,0,1,1,17,3.25,85,205,0,0,0,1,2,0.126637554585153,0.205240174672489,0.235807860262009,0,0,0,0.0857348531928892,4.18112959997961
16,2,1,0,1,1,51,1,40,3,0,0,0,1,2,0.170454545454545,0.261363636363636,0.352272727272727,0,0,0,0.164190233769599,1.79892970001674
16,2,1,0,1,1,28,6,25,7,0,0,0,1,2,0.121212121212121,0.424242424242424,0.363636363636364,0,0,0,0.230892819142344,0.877853000012692
16,2,1,0,1,1,11,18.25,70,55,0,0,0,1,2,0.425531914893617,0.367021276595745,0.23936170212766,0,0,0,2.05298470374926,3.45741989999078
16,2,1,0,1,1,66,10,90,80,0,0,0,1,2,0.215384615384615,0.246153846153846,0.307692307692308,0,0,0,4.8879664869416,1.41211350000231
16,2,1,0,1,1,67,8.5,50,105,0,0,0,3,2,0.491525423728814,0.0338983050847458,0.406779661016949,0,0,0,0.43166226119116,1.31861180000124
16,2,1,0,1,1,23,7.75,60,120,0,0,0,3,2,0.486486486486487,0.027027027027027,0.378378378378378,0,0,0,0.146211600543008,0.954765100002987
16,2,1,0,1,1,36,14,15,40,0,0,0,3,2,0.276353276353276,0.196581196581197,0.219373219373219,0,0,0,0.0306556108388847,6.17138849999174
16,2,1,0,1,1,14,16.75,45,145,0,0,0,3,2,0.34,0.12,0.22,0,0,0,0.121942894820055,1.16185419997782
16,2,1,0,1,1,50,2.5,90,10,0,0,0,3,2,0.466666666666667,0.0444444444444444,0.2,0,0,0,0.207519871048241,1.0750044999877
16,2,1,0,1,1,3,15,85,14,0,0,0,3,2,0.479452054794521,0.136986301369863,0.294520547945205,0,0,0,5.02060250970488,2.75547239999287
16,2,1,0,1,1,59,2,80,110,0,0,0,3,2,0.432432432432432,0.0810810810810811,0.378378378378378,0,0,0,0.134649485076814,0.939588499983074
16,2,1,0,1,1,13,19.5,5,7,0,0,0,3,2,0.479166666666667,0.0208333333333333,0.291666666666667,0,0,0,0.366672940815548,1.1304955999949
16,2,1,0,1,1,80,8,45,125,0,0,0,3,2,0.0983606557377049,0.245901639344262,0.377049180327869,0,0,0,0.309671843953421,1.34453259999282
16,2,1,0,1,1,4,8.5,20,90,0,0,0,3,2,0.590909090909091,0.136363636363636,0,0,0,0,0.156964430024875,0.694249099993613
16,2,1,0,1,1,8,16,15,20,0,0,0,3,2,0.415549597855228,0.273458445040214,0.18230563002681,0,0,0,0.175172228353748,6.53818480001064
16,2,1,0,1,1,42,20,30,170,0,0,0,3,2,0.290322580645161,0.25,0.104838709677419,0,0,0,0.0546441319939888,2.39525040000444
16,2,1,0,1,1,71,6,25,45,0,0,0,3,2,0.192307692307692,0.25,0.326923076923077,0,0,0,0.450230574782108,1.20286539997323
16,2,1,0,1,1,22,20,90,165,0,0,0,3,2,0.202898550724638,0.304347826086957,0.27536231884058,0,0,0,4.02976760110337,1.47614449998946
16,3,1,0,0,1,19,17.5,100,40,0,0,0,6,6,0.189679218967922,0.198047419804742,0.0920502092050209,0,0,0,5.03046004374814,12.289161
16,3,1,0,0,1,41,19,100,245,0,0,0,6,6,0.362068965517241,0.0919540229885057,0.166666666666667,0,0,0,4.98961469481823,3.25276360000004
16,3,1,0,0,1,20,15.75,100,30,0,0,0,6,6,0.503703703703704,0,0.177777777777778,0,0,0,5.0416085429692,2.58472740000002
16,3,1,0,0,1,48,7,100,70,0,0,0,6,6,0.463414634146341,0.24390243902439,0.158536585365854,0,0,0,3.04289105162242,1.6908431
16,3,1,0,0,1,40,18,100,110,0,0,0,6,6,0.39696106362773,0.215574548907882,0.163342830009497,0,0,0,6.03957677299256,17.8715743
16,3,1,0,0,1,52,18.5,100,85,0,0,0,6,6,0.443037974683544,0.143459915611814,0.29957805907173,0,0,0,8.07612234766351,4.2831521
16,3,1,0,0,1,84,11,100,110,0,0,0,6,6,0.541666666666667,0.375,0.0416666666666667,0,0,0,4.01262752307277,1.12546729999997
16,3,1,0,0,1,53,14,100,60,0,0,0,6,6,0.5,0.287878787878788,0.0454545454545455,0,0,0,5.99695851276626,1.43145829999997
16,3,1,0,0,1,63,5.5,100,40,0,0,0,6,6,0.573529411764706,0.279411764705882,0.0294117647058824,0,0,0,1.07514123330803,1.46542430000005
16,3,1,0,0,1,18,18.75,100,250,0,0,0,6,6,0.350210970464135,0.0168776371308017,0.210970464135021,0,0,0,5.08267324476541,4.27147189999999
16,3,1,0,0,1,68,2.5,100,25,0,0,0,6,6,0.269230769230769,0,0.25,0,0,0,0.146323600643697,1.2036397
16,3,1,0,0,1,70,3.5,100,3,0,0,0,6,6,0.380952380952381,0.180952380952381,0.219047619047619,0,0,0,0.312374843836277,2.07564189999999
16,3,1,0,0,1,10,19.5,100,125,0,0,0,6,6,0.514492753623188,0.123188405797101,0.115942028985507,0,0,0,6.01608573930937,2.62378430000001
16,3,1,0,0,1,21,6,100,55,0,0,0,6,6,0.431372549019608,0.372549019607843,0,0,0,0,0.248667390442254,1.17550010000002
16,3,1,0,0,1,54,9.25,100,4,0,0,0,5,6,0.526315789473684,0,0.105263157894737,0,0,0,3.93841225862202,1.59184799999997
16,3,1,0,0,1,29,7,100,55,0,0,0,5,6,0.303448275862069,0.096551724137931,0.462068965517241,0,0,0,2.44371498225776,2.74070339999997
16,3,1,0,0,1,11,18.25,100,55,0,0,0,5,6,0.19047619047619,0.111111111111111,0.0793650793650794,0,0,0,3.98715250760416,2.46689040000001
16,3,1,0,0,1,72,6.5,100,60,0,0,0,5,6,0.560975609756098,0.0975609756097561,0.24390243902439,0,0,0,1.82106003711498,1.01532700000001
16,3,1,0,0,1,78,8.25,100,5,0,0,0,5,6,0.486486486486487,0.0810810810810811,0.324324324324324,0,0,0,1.92477210692049,0.950973900000008
16,3,1,0,0,1,59,2,100,110,0,0,0,5,6,0.5,0,0.305555555555556,0,0,0,0.0874022572098667,0.932527499999992
16,3,1,0,0,1,42,20,100,170,0,0,0,5,6,0.354166666666667,0.15625,0.229166666666667,0,0,0,5.09255531921526,1.92663180000005
16,3,1,0,0,1,45,13.5,100,65,0,0,0,5,6,0.313725490196078,0.0294117647058824,0.401960784313726,0,0,0,1.09433494567967,2.02824820000001
16,3,1,0,0,1,4,8.5,100,90,0,0,0,5,6,0.378378378378378,0,0.459459459459459,0,0,0,0.465344102970153,0.958816599999977
16,3,1,0,0,1,16,16,100,95,0,0,0,5,6,0.493827160493827,0.037037037037037,0.234567901234568,0,0,0,5.92954290267028,1.68569559999997
16,3,1,0,0,1,27,5.25,100,120,0,0,0,5,6,0.605839416058394,0,0.218978102189781,0,0,0,1.17228952919645,2.6148498
16,3,1,0,0,1,67,8.5,100,105,0,0,0,5,6,0.346938775510204,0.122448979591837,0.224489795918367,0,0,0,1.13791985468156,1.1401315
16,3,1,0,0,1,7,16.75,100,75,0,0,0,5,6,0.536585365853659,0,0.341463414634146,0,0,0,5.05158880366486,1.0157433
16,3,1,0,0,1,23,7.75,100,120,0,0,0,5,6,0.365853658536585,0,0.365853658536585,0,0,0,2.28237099011072,1.00636000000003
16,3,1,0,0,1,28,6,100,7,0,0,0,1,6,0.328571428571429,0.214285714285714,0,0,0,0,3.06086987797305,1.5293446
16,3,1,0,0,1,69,1.5,100,20,0,0,0,1,6,0.0350877192982456,0.245614035087719,0.56140350877193,0,0,0,0.04037703400137,1.2779855
16,3,1,0,0,1,30,8,100,90,0,0,0,1,6,0.212121212121212,0.136363636363636,0.348484848484849,0,0,0,2.01205340865895,1.43778409999999
16,3,1,0,0,1,73,5,100,14,0,0,0,1,6,0.0454545454545455,0,0.5,0,0,0,0.311289007577336,1.06585030000002
16,3,1,0,0,1,26,4,100,50,0,0,0,1,6,0.300699300699301,0.195804195804196,0.27972027972028,0,0,0,0.0903861859792094,2.71622430000002
16,3,1,0,0,1,24,19,100,150,0,0,0,1,6,0.258620689655172,0.258620689655172,0.344827586206897,0,0,0,5.08161344825054,1.30455699999999
16,3,1,0,0,1,1,5,100,0,0,0,0,1,6,0.0285714285714286,0.314285714285714,0.371428571428571,0,0,0,1.06328637549705,0.909639400000003
16,3,1,0,0,1,2,7.5,100,25,0,0,0,1,6,0.099601593625498,0.127490039840637,0.0956175298804781,0,0,0,0.983671013621496,4.50532730000003
16,3,1,0,0,1,79,10,100,140,0,0,0,1,6,0.232044198895028,0.303867403314917,0.160220994475138,0,0,0,0.237747348955949,3.3428662
16,3,1,0,0,1,25,9,100,160,0,0,0,1,6,0.293103448275862,0.293103448275862,0.379310344827586,0,0,0,1.11118708492884,1.30269700000002
16,3,1,0,0,1,43,3,100,0,0,0,0,1,6,0.0789473684210526,0.368421052631579,0.473684210526316,0,0,0,0.330414564720009,0.955042700000035
16,3,1,0,0,1,58,14,100,20,0,0,0,1,6,0,0.313432835820896,0.447761194029851,0,0,0,0.369052862594003,1.43910249999999
16,3,1,0,0,1,75,6,100,45,0,0,0,1,6,0,0.268292682926829,0.390243902439024,0,0,0,0.959681268341196,1.0154417
16,3,1,0,0,1,57,10,100,95,0,0,0,1,6,0.115942028985507,0.231884057971014,0.478260869565217,0,0,0,0.5716602391614,1.47813430000002
16,3,1,0,0,1,62,10,100,135,0,0,0,4,6,0.384615384615385,0.307692307692308,0.166666666666667,0,0,0,1.1234713231246,1.64296589999998
16,3,1,0,0,1,15,17.25,100,55,0,0,0,4,6,0.515151515151515,0.257575757575758,0.151515151515152,0,0,0,5.06101600117396,1.44360029999996
16,3,1,0,0,1,83,17,100,200,0,0,0,4,6,0.431034482758621,0.293103448275862,0.189655172413793,0,0,0,3.01630158162037,1.30227029999998
16,3,1,0,0,1,76,4,100,70,0,0,0,4,6,0.422222222222222,0.333333333333333,0.111111111111111,0,0,0,0.222849707932067,1.07878820000008
16,3,1,0,0,1,61,15,100,225,0,0,0,4,6,0.457142857142857,0.342857142857143,0.0285714285714286,0,0,0,2.0213904407969,0.91956760000005
16,3,1,0,0,1,47,16,100,5,0,0,0,4,6,0.4,0.355555555555556,0.133333333333333,0,0,0,3.83131033090796,1.08104919999994
16,3,1,0,0,1,66,10,100,80,0,0,0,4,6,0.021978021978022,0.21978021978022,0.0549450549450549,0,0,0,1.95304598654105,1.85261379999997
16,3,1,0,0,1,35,13,100,30,0,0,0,4,6,0.240963855421687,0.144578313253012,0.144578313253012,0,0,0,2.90028135854778,1.7151599
16,3,1,0,0,1,6,19,100,175,0,0,0,4,6,0.489130434782609,0.271739130434783,0.119565217391304,0,0,0,3.87357734965721,1.8742929
16,3,1,0,0,1,39,17,100,15,0,0,0,4,6,0.533333333333333,0.0952380952380952,0.123809523809524,0,0,0,3.89953519855846,2.0802392999999
16,3,1,0,0,1,9,2,100,19,0,0,0,4,6,0.382978723404255,0.319148936170213,0.0212765957446809,0,0,0,0.0255156859107366,1.12054590000002
16,3,1,0,0,1,22,20,100,165,0,0,0,4,6,0.545454545454545,0.309090909090909,0,0,0,0,5,1.24736599999994
16,3,1,0,0,1,56,12,100,210,0,0,0,4,6,0.456140350877193,0.315789473684211,0.0526315789473684,0,0,0,3.92346815995925,1.28498160000004
16,3,1,0,0,1,3,15,100,14,0,0,0,4,6,0.371428571428571,0.428571428571429,0.114285714285714,0,0,0,3.99239568156557,0.909275500000035
16,3,1,0,0,1,46,2,100,70,0,0,0,3,6,0.418604651162791,0.255813953488372,0.255813953488372,0,0,0,0.0616064419178777,1.04566999999997
16,3,1,0,0,1,51,1,100,3,0,0,0,3,6,0.231884057971014,0.391304347826087,0.072463768115942,0,0,0,0.247739124481587,1.47314559999995
16,3,1,0,0,1,36,14,100,40,0,0,0,3,6,0.484848484848485,0.227272727272727,0.257575757575758,0,0,0,3.9619562209322,1.42879630000004
16,3,1,0,0,1,71,6,100,45,0,0,0,3,6,0.454545454545455,0.0909090909090909,0.333333333333333,0,0,0,0.16676178747705,0.876949100000047
16,3,1,0,0,1,38,15.5,100,215,0,0,0,3,6,0.560975609756098,0,0.317073170731707,0,0,0,2.7865186532794,1.00759219999998
16,3,1,0,0,1,80,8,100,125,0,0,0,3,6,0.478260869565217,0,0.434782608695652,0,0,0,0.50503725652765,1.11080620000007
16,3,1,0,0,1,77,12,100,25,0,0,0,3,6,0.852941176470588,0,0,0,0,0,0.942061330396662,0.904298799999992
16,3,1,0,0,1,60,15,100,31,0,0,0,3,6,0.509090909090909,0,0.309090909090909,0,0,0,3.91167709878784,1.2511604
16,3,1,0,0,1,65,1.75,100,10,0,0,0,3,6,0.419354838709677,0,0.258064516129032,0,0,0,0.480379475633971,0.854240199999936
16,3,1,0,0,1,34,12,100,85,0,0,0,3,6,0.761904761904762,0,0,0,0,0,2.14807471875559,0.673168000000032
16,3,1,0,0,1,17,3.25,100,205,0,0,0,3,6,0.705882352941177,0,0,0,0,0,0.100049879666813,0.606442399999992
16,3,1,0,0,1,31,8.5,100,22,0,0,0,3,6,0.5,0,0,0,0,0,2.37974273275168,0.491673600000013
16,3,1,0,0,1,14,16.75,100,145,0,0,0,3,6,0.363636363636364,0.181818181818182,0,0,0,0,4.03214513455646,0.507792899999913
16,3,1,0,0,1,74,7,100,120,0,0,0,3,6,0.75,0,0,0,0,0,1.19637996584719,0.655780800000002
16,3,1,0,0,1,64,19.5,100,45,0,0,0,2,6,0,0,0.736842105263158,0,0,0,1.98520877468707,0.647782099999972
16,3,1,0,0,1,37,14.5,100,175,0,0,0,2,6,0.348837209302326,0.162790697674419,0.209302325581395,0,0,0,2.82686094033362,1.06131089999997
16,3,1,0,0,1,44,5,100,65,0,0,0,2,6,0.65625,0,0.1875,0,0,0,0.501554273111253,0.867690699999912
16,3,1,0,0,1,5,20,100,15,0,0,0,2,6,0.222222222222222,0,0.592592592592593,0,0,0,5.05092849533338,0.772311599999966
16,3,1,0,0,1,12,12,100,1,0,0,0,2,6,0.153846153846154,0,0.269230769230769,0,0,0,0.733437467323103,0.759277200000042
16,3,1,0,0,1,49,16,100,20,0,0,0,2,6,0.133333333333333,0,0,0,0,0,4.6400333004331,0.575088999999934
16,3,1,0,0,1,32,9.5,100,170,0,0,0,2,6,0.0769230769230769,0,0.307692307692308,0,0,0,1.86517825755843,0.984560800000054
16,3,1,0,0,1,81,14,100,5,0,0,0,2,6,0,0,0,0,0,0,2.02119912771988,0.563700999999924
16,3,1,0,0,1,8,16,100,20,0,0,0,2,6,0,0,0,0,0,0,4.96884430555114,0.565269400000034
16,3,1,0,0,1,33,11,100,190,0,0,0,2,6,0,0,0,0,0,0,1.95304598654105,0.525666999999999
16,3,1,0,0,1,50,2.5,100,10,0,0,0,2,6,0,0,0,0,0,0,0.0338025021063082,0.642839299999991
16,3,1,0,0,1,13,19.5,100,7,0,0,0,2,6,0,0,0,0,0,0,6.00019501361792,0.506400900000017
16,3,1,0,0,1,82,9.5,100,25,0,0,0,2,6,0.212765957446809,0.0212765957446809,0.159574468085106,0,0,0,2.97079000642287,1.90090480000003
16,3,1,0,0,1,55,16.5,100,155,0,0,0,2,6,0.5,0,0,0,0,0,5.05931068509253,0.501764100000059
17,1,2,0,1,1,33,11,65,190,0,0,0,4,2,0.139020537124803,0.165086887835703,0.165876777251185,0,0,0,1.99769373642336,21.4162228
17,1,2,0,1,1,22,20,90,165,0,0,0,4,2,0.241042345276873,0.216612377850163,0.369706840390879,0,0,0,10,10.5545587000001
17,1,2,0,1,1,23,7.75,60,120,0,0,0,4,2,0.411594202898551,0.144927536231884,0.426086956521739,0,0,0,2.72930576687986,6.08105979999982
17,1,2,0,1,1,76,4,35,70,0,0,0,4,2,0.242677824267782,0.292887029288703,0.259414225941423,0,0,0,0.748102369651065,4.31956099999979
17,1,2,0,1,1,32,9.5,30,170,0,0,0,4,2,0.524444444444444,0.286666666666667,0.157777777777778,0,0,0,2.70393322852708,7.8245922000001
17,1,2,0,1,1,66,10,90,80,0,0,0,4,2,0.419254658385093,0.46583850931677,0.108695652173913,0,0,0,5.27931224846419,5.68428500000027
17,1,2,0,1,1,81,14,55,5,0,0,0,4,2,0.517857142857143,0.245535714285714,0.205357142857143,0,0,0,5.29106097726608,7.79679869999973
17,1,2,0,1,1,58,14,45,20,0,0,0,4,2,0.309352517985612,0.203836930455636,0.237410071942446,0,0,0,4.17517453678926,7.2730203000001
17,1,2,0,1,1,48,7,45,70,0,0,0,4,2,0.304761904761905,0.352380952380952,0.119047619047619,0,0,0,1.98874654256517,3.82201020000002
17,1,2,0,1,1,13,19.5,5,7,0,0,0,4,2,0.607655502392344,0.322966507177034,0.0311004784688995,0,0,0,2.03437690732758,7.30211680000002
17,1,2,0,1,1,6,19,20,175,0,0,0,4,2,0.404984423676012,0.348909657320872,0.0498442367601246,0,0,0,3.03707545485702,5.68250249999983
17,1,2,0,1,1,17,3.25,85,205,0,0,0,4,2,0.418181818181818,0.236363636363636,0.0181818181818182,0,0,0,0.944953248986533,4.00151759999972
17,1,2,0,1,1,73,5,70,14,0,0,0,4,2,0.441605839416058,0.142335766423358,0.0182481751824818,0,0,0,1.74760399502435,4.89808230000017
17,1,2,0,1,1,83,17,80,200,0,0,0,4,2,0.357723577235772,0.2710027100271,0.0596205962059621,0,0,0,6.00880358958461,6.47822330000008
17,1,2,0,1,1,1,5,50,0,0,0,0,5,2,0.278260869565217,0.234782608695652,0.252173913043478,0,0,0,2.03437690732758,4.15920240000014
17,1,2,0,1,1,27,5.25,50,120,0,0,0,5,2,0.251141552511416,0.168949771689498,0.164383561643836,0,0,0,1.2938879658477,3.97788119999996
17,1,2,0,1,1,41,19,65,245,0,0,0,5,2,0.377717391304348,0.127717391304348,0.263586956521739,0,0,0,5.32062640432018,6.45686860000023
17,1,2,0,1,1,80,8,45,125,0,0,0,5,2,0.203966005665722,0.0708215297450425,0.127478753541076,0,0,0,1.63372798041795,6.21674709999979
17,1,2,0,1,1,8,16,15,20,0,0,0,5,2,0.596685082872928,0.243093922651934,0.138121546961326,0,0,0,2.45491448239809,3.34666809999999
17,1,2,0,1,1,69,1.5,95,20,0,0,0,5,2,0.420382165605096,0.148089171974522,0.264331210191083,0,0,0,0.967355565143176,10.7902057000001
17,1,2,0,1,1,70,3.5,40,3,0,0,0,5,2,0.451612903225806,0.174193548387097,0.283870967741935,0,0,0,1.17001028084882,5.49514289999979
17,1,2,0,1,1,47,16,100,5,0,0,0,5,2,0.391176470588235,0.141176470588235,0.4,0,0,0,9.97079746297372,5.99751109999988
17,1,2,0,1,1,7,16.75,65,75,0,0,0,5,2,0.508196721311475,0.174863387978142,0.295081967213115,0,0,0,4.8467503696407,3.38097170000037
17,1,2,0,1,1,35,13,70,30,0,0,0,5,2,0.399209486166008,0.229249011857708,0.351778656126482,0,0,0,4.18506902206481,4.55040170000029
17,1,2,0,1,1,74,7,40,120,0,0,0,5,2,0.438943894389439,0.438943894389439,0.115511551155116,0,0,0,1.70142426231181,5.38386790000004
17,1,2,0,1,1,67,8.5,50,105,0,0,0,5,2,0.417763157894737,0.0789473684210526,0.493421052631579,0,0,0,2.3512510907587,5.39245170000004
17,1,2,0,1,1,61,15,75,225,0,0,0,5,2,0.357575757575758,0.157575757575758,0.463636363636364,0,0,0,7.06779608086971,5.83309200000031
17,1,2,0,1,1,37,14.5,5,175,0,0,0,5,2,0.626016260162602,0.121951219512195,0.223577235772358,0,0,0,0.733564469960886,4.42627700000003
17,1,2,0,1,1,49,16,50,20,0,0,0,2,2,0.34640522875817,0.372549019607843,0.176470588235294,0,0,0,4.67937359567982,2.87884780000013
17,1,2,0,1,1,71,6,25,45,0,0,0,2,2,0.106728538283063,0.310904872389791,0.580046403712297,0,0,0,1.43505018769481,7.50043789999972
17,1,2,0,1,1,29,7,20,55,0,0,0,2,2,0.25748502994012,0.311377245508982,0.419161676646707,0,0,0,1.75556819206436,3.11531800000012
17,1,2,0,1,1,54,9.25,40,4,0,0,0,2,2,0.220820189274448,0.470031545741325,0.220820189274448,0,0,0,3.83277068112029,5.60479729999997
17,1,2,0,1,1,75,6,85,45,0,0,0,2,2,0.287619047619048,0.441904761904762,0.15047619047619,0,0,0,2.68467025853172,9.08153539999967
17,1,2,0,1,1,3,15,85,14,0,0,0,2,2,0.120218579234973,0.456284153005464,0.330601092896175,0,0,0,8.25459579677603,6.41932910000014
17,1,2,0,1,1,18,18.75,80,250,0,0,0,2,2,0.406779661016949,0.186440677966102,0.332627118644068,0,0,0,7.01584732818816,16.0464589999997
17,1,2,0,1,1,34,12,15,85,0,0,0,2,2,0.220833333333333,0.333333333333333,0.445833333333333,0,0,0,1.15934177964765,4.33094810000011
17,1,2,0,1,1,14,16.75,45,145,0,0,0,2,2,0.337730870712401,0.234828496042216,0.282321899736148,0,0,0,6.04966830666103,6.64125950000016
17,1,2,0,1,1,50,2.5,90,10,0,0,0,2,2,0.494949494949495,0.0269360269360269,0.313131313131313,0,0,0,0.824446099473469,5.27108769999995
17,1,2,0,1,1,78,8.25,20,5,0,0,0,2,2,0.458204334365325,0.142414860681115,0.343653250773994,0,0,0,1.73746245399791,5.70710869999994
17,1,2,0,1,1,60,15,35,31,0,0,0,2,2,0.236503856041131,0.105398457583548,0.241645244215938,0,0,0,3.89759349536826,6.8121887999996
17,1,2,0,1,1,84,11,50,110,0,0,0,2,2,0.334600760456274,0.167300380228137,0.460076045627376,0,0,0,4.87518858732495,4.71681069999977
17,1,2,0,1,1,79,10,10,140,0,0,0,2,2,0.373493975903614,0.343373493975904,0.243975903614458,0,0,0,1.35406412865375,5.8672360999999
17,1,2,0,1,1,82,9.5,20,25,0,0,0,1,2,0.433021806853583,0.386292834890966,0.143302180685358,0,0,0,1.68467426575848,5.67809840000018
17,1,2,0,1,1,36,14,15,40,0,0,0,1,2,0.427762039660057,0.382436260623229,0.084985835694051,0,0,0,2.0064147342708,6.20453140000018
17,1,2,0,1,1,44,5,40,65,0,0,0,1,2,0.441988950276243,0.276243093922652,0.209944751381215,0,0,0,1.07547427356447,3.34289760000001
17,1,2,0,1,1,52,18.5,10,85,0,0,0,1,2,0.241622574955908,0.27336860670194,0.423280423280423,0,0,0,2.69663753552926,9.7753544000002
17,1,2,0,1,1,19,17.5,25,40,0,0,0,1,2,0.538860103626943,0.264248704663212,0.160621761658031,0,0,0,3.00396027555258,3.55418580000014
17,1,2,0,1,1,62,10,95,135,0,0,0,1,2,0.464203233256351,0.360277136258661,0.184757505773672,0,0,0,7.95167235300866,7.54313129999991
17,1,2,0,1,1,38,15.5,40,215,0,0,0,1,2,0.466763005780347,0.391618497109827,0.177745664739884,0,0,0,3.00396027555258,11.8627226999997
17,1,2,0,1,1,57,10,50,95,0,0,0,1,2,0.307881773399015,0.177339901477833,0.416256157635468,0,0,0,3.41539315921658,7.09322079999993
17,1,2,0,1,1,11,18.25,70,55,0,0,0,1,2,0.471449487554905,0.203513909224012,0.307467057101025,0,0,0,8.75476001271517,11.7014044000002
17,1,2,0,1,1,39,17,35,15,0,0,0,1,2,0.502340093603744,0.322932917316693,0.160686427457098,0,0,0,4.83414313181064,11.0018076000001
17,1,2,0,1,1,5,20,85,15,0,0,0,1,2,0.169435215946844,0.471760797342193,0.32890365448505,0,0,0,9.35530141498724,5.34944829999995
17,1,2,0,1,1,42,20,30,170,0,0,0,1,2,0.224066390041494,0.452282157676349,0.273858921161826,0,0,0,5.35331445776269,4.34367120000024
17,1,2,0,1,1,64,19.5,65,45,0,0,0,1,2,0.45,0.427906976744186,0.174418604651163,0,0,0,7.50135030483042,14.649359
17,1,2,0,1,1,72,6.5,90,60,0,0,0,1,2,0.178913738019169,0.610223642172524,0.143769968051118,0,0,0,3.0699162966073,5.54539759999989
17,1,2,0,1,1,59,2,80,110,0,0,0,3,2,0.582822085889571,0.171779141104294,0.220858895705521,0,0,0,0.762632434958558,3.0481807000001
17,1,2,0,1,1,63,5.5,70,40,0,0,0,3,2,0.508417508417508,0.306397306397306,0.063973063973064,0,0,0,1.85827916581546,5.27718610000011
17,1,2,0,1,1,2,7.5,75,25,0,0,0,3,2,0.489451476793249,0.30379746835443,0.210970464135021,0,0,0,3.01031529969813,4.27315550000003
17,1,2,0,1,1,12,12,35,1,0,0,0,3,2,0.410071942446043,0.309352517985612,0.287769784172662,0,0,0,3.61458574778277,2.64029449999998
17,1,2,0,1,1,4,8.5,20,90,0,0,0,3,2,0.506493506493506,0.279220779220779,0.24025974025974,0,0,0,2.0112614124296,2.89301030000024
17,1,2,0,1,1,16,16,65,95,0,0,0,3,2,0.493852459016393,0.149590163934426,0.346311475409836,0,0,0,4.31830310088083,8.46470940000017
17,1,2,0,1,1,31,8.5,50,22,0,0,0,3,2,0.532432432432432,0.218918918918919,0.272972972972973,0,0,0,3.10120822414234,6.48898259999987
17,1,2,0,1,1,56,12,90,210,0,0,0,3,2,0.380726698262243,0.418641390205371,0.199052132701422,0,0,0,6.7717106556581,10.8922407
17,1,2,0,1,1,20,15.75,35,30,0,0,0,3,2,0.468531468531469,0.237762237762238,0.335664335664336,0,0,0,3.9144777721632,5.10233679999965
17,1,2,0,1,1,43,3,30,0,0,0,0,3,2,0.292929292929293,0.343434343434343,0.313131313131313,0,0,0,0.940621950442402,5.27667179999935
17,1,2,0,1,1,24,19,70,150,0,0,0,3,2,0.627118644067797,0.0889830508474576,0.313559322033898,0,0,0,7.04832764699133,4.25368679999974
17,1,2,0,1,1,21,6,95,55,0,0,0,3,2,0.449826989619377,0.262975778546713,0.242214532871972,0,0,0,2.01605899932928,5.14226560000043
17,1,2,0,1,1,65,1.75,80,10,0,0,0,3,2,0.314917127071823,0.270718232044199,0.331491712707182,0,0,0,0.893026728465617,3.34840350000013
17,1,2,0,1,1,77,12,75,25,0,0,0,3,2,0.397435897435897,0.264957264957265,0.260683760683761,0,0,0,6.4610268806137,4.23516080000081
17,1,2,0,1,1,26,4,45,50,0,0,0,6,2,0.296536796536797,0.33982683982684,0.346320346320346,0,0,0,1.00889698489186,8.03135060000022
17,1,2,0,1,1,30,8,75,90,0,0,0,6,2,0.565079365079365,0.288888888888889,0.146031746031746,0,0,0,2.99780341313587,5.57103240000015
17,1,2,0,1,1,9,2,30,19,0,0,0,6,2,0.467661691542289,0.333333333333333,0.154228855721393,0,0,0,0.603784282393384,3.67174799999975
17,1,2,0,1,1,68,2.5,65,25,0,0,0,6,2,0.392857142857143,0.292857142857143,0.242857142857143,0,0,0,0.988554800503593,2.66667319999942
17,1,2,0,1,1,51,1,40,3,0,0,0,6,2,0.470790378006873,0.422680412371134,0.0996563573883162,0,0,0,0.480928277179302,5.1753163000003
17,1,2,0,1,1,28,6,25,7,0,0,0,6,2,0.544715447154472,0.235772357723577,0.178861788617886,0,0,0,1.31416616076064,2.38230560000011
17,1,2,0,1,1,15,17.25,25,55,0,0,0,6,2,0.701694915254237,0.145762711864407,0.122033898305085,0,0,0,3.51869671938465,5.23766999999953
17,1,2,0,1,1,40,18,15,110,0,0,0,6,2,0.530066815144766,0.278396436525612,0.178173719376392,0,0,0,2.38698117676123,7.80176899999969
17,1,2,0,1,1,53,14,90,60,0,0,0,6,2,0.355421686746988,0.369477911646586,0.28714859437751,0,0,0,7.81228883937738,8.61535840000033
17,1,2,0,1,1,46,2,55,70,0,0,0,6,2,0.285,0.465,0.27,0,0,0,0.418984315269139,3.66053469999952
17,1,2,0,1,1,10,19.5,10,125,0,0,0,6,2,0.230769230769231,0.331983805668016,0.433198380566802,0,0,0,1.69115566734748,4.44413770000028
17,1,2,0,1,1,45,13.5,55,65,0,0,0,6,2,0.541935483870968,0.0806451612903226,0.367741935483871,0,0,0,5.10367483591316,5.5021044999994
17,1,2,0,1,1,55,16.5,25,155,0,0,0,6,2,0.407920792079208,0.318811881188119,0.285148514851485,0,0,0,3.6846858830546,8.7400619
17,1,2,0,1,1,25,9,60,160,0,0,0,6,2,0.372093023255814,0.315245478036176,0.338501291989664,0,0,0,3.8373151060027,6.78722490000018
17,2,1,0,1,0,83,17,80,0,0,0,0,1,4,0.171492204899777,0.23162583518931,0.371937639198218,0,0,0,8.76342341226542,7.82235279999986
17,2,1,0,1,0,58,14,45,0,0,0,0,1,4,0.226190476190476,0.527777777777778,0.238095238095238,0,0,0,4.1698267581564,4.52360419999991
17,2,1,0,1,0,19,17.5,25,0,0,0,0,1,4,0.388571428571429,0.24,0.331428571428571,0,0,0,3.22115395423,3.23899819999997
17,2,1,0,1,0,80,8,45,0,0,0,0,1,4,0.398305084745763,0.351694915254237,0.0169491525423729,0,0,0,2.9056841085248,4.25532599999997
17,2,1,0,1,0,79,10,10,0,0,0,0,1,4,0.277777777777778,0.182539682539683,0.507936507936508,0,0,0,1.81196429386132,2.43353760000014
17,2,1,0,1,0,5,20,85,0,0,0,0,1,4,0.219251336898396,0.128342245989305,0.566844919786096,0,0,0,9.70817715130103,3.43815359999985
17,2,1,0,1,0,68,2.5,65,0,0,0,0,1,4,0.2,0.317241379310345,0.379310344827586,0,0,0,0.924014106518165,2.74576630000001
17,2,1,0,1,0,57,10,50,0,0,0,0,1,4,0.138297872340426,0.23936170212766,0.558510638297872,0,0,0,3.94692456784643,3.46441249999998
17,2,1,0,1,0,7,16.75,65,0,0,0,0,1,4,0.374449339207048,0.233480176211454,0.140969162995595,0,0,0,5.96472487569647,4.1040473999999
17,2,1,0,1,0,56,12,90,0,0,0,0,1,4,0.434426229508197,0.360655737704918,0.139344262295082,0,0,0,6.56715840451518,2.36296570000013
17,2,1,0,1,0,26,4,45,0,0,0,0,1,4,0.238095238095238,0.476190476190476,0.224489795918367,0,0,0,1.33155215244497,2.78026599999998
17,2,1,0,1,0,20,15.75,35,0,0,0,0,1,4,0.437908496732026,0.411764705882353,0.117647058823529,0,0,0,3.70258468544956,2.88039500000014
17,2,1,0,1,0,66,10,90,0,0,0,0,1,4,0.511904761904762,0.333333333333333,0.130952380952381,0,0,0,4.87518858732495,3.12043560000006
17,2,1,0,1,0,24,19,70,0,0,0,0,1,4,0.253521126760563,0.408450704225352,0.253521126760563,0,0,0,6.88428670145655,1.50565649999999
17,2,1,0,1,0,63,5.5,70,0,0,0,0,5,4,0.521739130434783,0.268115942028986,0.166666666666667,0,0,0,1.78380218475286,2.63380340000003
17,2,1,0,1,0,84,11,50,0,0,0,0,5,4,0.733333333333333,0,0.213333333333333,0,0,0,3.90601973690527,1.57909159999986
17,2,1,0,1,0,77,12,75,0,0,0,0,5,4,0.712962962962963,0.111111111111111,0.0277777777777778,0,0,0,4.78199365464606,2.1363851000001
17,2,1,0,1,0,25,9,60,0,0,0,0,5,4,0.528571428571429,0.40952380952381,0.2,0,0,0,2.9063851250036,3.82871950000003
17,2,1,0,1,0,15,17.25,25,0,0,0,0,5,4,0.895238095238095,0.019047619047619,0,0,0,0,6.28100396948381,2.07670009999993
17,2,1,0,1,0,32,9.5,30,0,0,0,0,5,4,0.511111111111111,0.155555555555556,0.2,0,0,0,2.98415267181184,1.83269339999993
17,2,1,0,1,0,34,12,15,0,0,0,0,5,4,0.696078431372549,0.0392156862745098,0.147058823529412,0,0,0,1.30578454424744,2.03983599999992
17,2,1,0,1,0,82,9.5,20,0,0,0,0,5,4,0.7265625,0.1953125,0,0,0,0,1.77373167074057,2.46301560000006
17,2,1,0,1,0,54,9.25,40,0,0,0,0,5,4,0.699570815450644,0.253218884120172,0.00429184549356223,0,0,0,2.6490616983986,4.21840639999982
17,2,1,0,1,0,49,16,50,0,0,0,0,5,4,0.779411764705882,0,0.132352941176471,0,0,0,4.03214513455646,1.47073050000017
17,2,1,0,1,0,40,18,15,0,0,0,0,5,4,0.398148148148148,0.490740740740741,0.0601851851851852,0,0,0,1.87656094033143,3.92636059999995
17,2,1,0,1,0,14,16.75,45,0,0,0,0,5,4,0.651960784313726,0.139705882352941,0,0,0,0,3.57001666799885,7.12269130000004
17,2,1,0,1,0,29,7,20,0,0,0,0,5,4,0.396396396396396,0.432432432432432,0.117117117117117,0,0,0,1.05136913422507,2.17585289999988
17,2,1,0,1,0,27,5.25,50,0,0,0,0,5,4,0.838028169014085,0.0985915492957746,0,0,0,0,1.75957687545199,2.68917110000007
17,2,1,0,1,0,72,6.5,90,0,0,0,0,6,4,0.532110091743119,0.422018348623853,0,0,0,0,3.06930943336453,2.14158960000009
17,2,1,0,1,0,44,5,40,0,0,0,0,6,4,0.521367521367521,0.35042735042735,0.0170940170940171,0,0,0,1.2681504829308,2.28933480000001
17,2,1,0,1,0,12,12,35,0,0,0,0,6,4,0.467213114754098,0.491803278688525,0,0,0,0,2.05295088345068,2.36006640000005
17,2,1,0,1,0,62,10,95,0,0,0,0,6,4,0.568181818181818,0.356060606060606,0,0,0,0,4.92730595888013,2.52699829999983
17,2,1,0,1,0,75,6,85,0,0,0,0,6,4,0.533333333333333,0.43030303030303,0,0,0,0,2.47706990663267,3.07546790000015
17,2,1,0,1,0,53,14,90,0,0,0,0,6,4,0.759493670886076,0.189873417721519,0.0379746835443038,0,0,0,6.30927117030613,1.65364309999995
17,2,1,0,1,0,21,6,95,0,0,0,0,6,4,0.670212765957447,0.287234042553192,0,0,0,0,2.70995150131732,1.88738410000019
17,2,1,0,1,0,11,18.25,70,0,0,0,0,6,4,0.601092896174863,0.377049180327869,0,0,0,0,6.44687494829258,3.38381199999981
17,2,1,0,1,0,81,14,55,0,0,0,0,6,4,0.810810810810811,0.0945945945945946,0,0,0,0,3.76358948843275,1.57013910000001
17,2,1,0,1,0,6,19,20,0,0,0,0,6,4,0.926470588235294,0,0,0,0,0,1.72333009708507,1.45777709999993
17,2,1,0,1,0,30,8,75,0,0,0,0,6,4,0.745762711864407,0.211864406779661,0,0,0,0,3.03034432397244,2.29208419999986
17,2,1,0,1,0,23,7.75,60,0,0,0,0,6,4,0.796875,0.1875,0,0,0,0,1.91861231418443,4.59117450000008
17,2,1,0,1,0,13,19.5,5,0,0,0,0,6,4,0.824074074074074,0,0,0,0,0,0.688324309176608,2.12039410000011
17,2,1,0,1,0,50,2.5,90,0,0,0,0,6,4,0.93,0.04,0,0,0,0,1.09932451885949,1.9991579
17,2,1,0,1,0,76,4,35,0,0,0,0,2,4,0.219298245614035,0.543859649122807,0.0175438596491228,0,0,0,0.717372366882646,2.22479180000005
17,2,1,0,1,0,41,19,65,0,0,0,0,2,4,0,0.830769230769231,0,0,0,0,5.16639863766861,1.41363720000004
17,2,1,0,1,0,31,8.5,50,0,0,0,0,2,4,0.705882352941177,0.254901960784314,0,0,0,0,2.21412453621203,2.03106600000001
17,2,1,0,1,0,37,14.5,5,0,0,0,0,2,4,0.796178343949045,0.171974522292994,0.00636942675159236,0,0,0,0.751549750501365,2.94183659999999
17,2,1,0,1,0,47,16,100,0,0,0,0,2,4,0.681818181818182,0.0606060606060606,0.227272727272727,0,0,0,8.00267503088794,1.42368690000012
17,2,1,0,1,0,46,2,55,0,0,0,0,2,4,0.032258064516129,0.870967741935484,0,0,0,0,1.09242522713596,1.36992110000006
17,2,1,0,1,0,51,1,40,0,0,0,0,2,4,0.56989247311828,0.344086021505376,0.021505376344086,0,0,0,0.201576878781108,1.885356
17,2,1,0,1,0,3,15,85,0,0,0,0,2,4,0.519685039370079,0.448818897637795,0,0,0,0,6.01738014738712,2.44768550000003
17,2,1,0,1,0,16,16,65,0,0,0,0,2,4,0.351351351351351,0.531531531531532,0,0,0,0,5.25864612100457,2.1807816999999
17,2,1,0,1,0,71,6,25,0,0,0,0,2,4,0.0808080808080808,0.707070707070707,0.0101010101010101,0,0,0,0.739620098527979,1.98458000000005
17,2,1,0,1,0,8,16,15,0,0,0,0,2,4,0.0447761194029851,0.791044776119403,0,0,0,0,1.27105578718893,1.43755539999984
17,2,1,0,1,0,35,13,70,0,0,0,0,2,4,0.0909090909090909,0.833333333333333,0,0,0,0,5.37283556564541,1.43846580000013
17,2,1,0,1,0,17,3.25,85,0,0,0,0,2,4,0.483870967741935,0.43010752688172,0.010752688172043,0,0,0,0.715733344370559,3.43534180000006
17,2,1,0,1,0,43,3,30,0,0,0,0,2,4,0,0.828282828282828,0,0,0,0,0.602394970983404,1.98695679999992
17,2,1,0,1,0,65,1.75,80,0,0,0,0,3,4,0.60427807486631,0.32620320855615,0.053475935828877,0,0,0,0.601012019561246,3.45313350000015
17,2,1,0,1,0,22,20,90,0,0,0,0,3,4,0.0975609756097561,0.841463414634146,0,0,0,0,9.00606868516234,1.68921309999996
17,2,1,0,1,0,42,20,30,0,0,0,0,3,4,0.445945945945946,0.378378378378378,0,0,0,0,3.02364068989547,1.56672029999982
17,2,1,0,1,0,61,15,75,0,0,0,0,3,4,0.311864406779661,0.616949152542373,0.00338983050847458,0,0,0,4.51284333320864,5.23787189999985
17,2,1,0,1,0,64,19.5,65,0,0,0,0,3,4,0.787037037037037,0.166666666666667,0,0,0,0,5.04147301409681,2.12404560000004
17,2,1,0,1,0,38,15.5,40,0,0,0,0,3,4,0.454545454545455,0.5,0.0113636363636364,0,0,0,3.16139905101858,1.79002360000004
17,2,1,0,1,0,9,2,30,0,0,0,0,3,4,0.934210526315789,0,0,0,0,0,0.350079601474192,1.5947597000004
17,2,1,0,1,0,10,19.5,10,0,0,0,0,3,4,0.931818181818182,0.00757575757575758,0,0,0,0,0.870079442616703,2.5334697000003
17,2,1,0,1,0,2,7.5,75,0,0,0,0,3,4,0.602272727272727,0.340909090909091,0,0,0,0,2.58530053445077,1.80093930000021
17,2,1,0,1,0,59,2,80,0,0,0,0,3,4,0.849462365591398,0.0967741935483871,0,0,0,0,0.862140118147543,1.88462119999986
17,2,1,0,1,0,4,8.5,20,0,0,0,0,3,4,0.692307692307692,0.286713286713287,0.00699300699300699,0,0,0,0.822554474129724,2.70375199999989
17,2,1,0,1,0,70,3.5,40,0,0,0,0,3,4,0.882352941176471,0.0441176470588235,0,0,0,0,1.62637074619409,1.46032859999968
17,2,1,0,1,0,60,15,35,0,0,0,0,3,4,0.75609756097561,0.170731707317073,0,0,0,0,1.68467426575848,1.69271219999973
17,2,1,0,1,0,74,7,40,0,0,0,0,3,4,0.901960784313726,0,0,0,0,0,1.43833636029598,1.17384289999973
17,2,1,0,1,0,18,18.75,80,0,0,0,0,4,4,0.374468085106383,0.361702127659574,0,0,0,0,7.29862873004832,4.25281069999983
17,2,1,0,1,0,67,8.5,50,0,0,0,0,4,4,0.576923076923077,0.182692307692308,0,0,0,0,2.16406394432578,2.06987720000006
17,2,1,0,1,0,48,7,45,0,0,0,0,4,4,0.528571428571429,0.342857142857143,0,0,0,0,1.57744506831431,1.4985515000003
17,2,1,0,1,0,45,13.5,55,0,0,0,0,4,4,0.457627118644068,0.449152542372881,0,0,0,0,3.64603074337467,2.29746030000024
17,2,1,0,1,0,52,18.5,10,0,0,0,0,4,4,0.647435897435897,0.275641025641026,0,0,0,0,0.909547559907335,2.92570150000029
17,2,1,0,1,0,36,14,15,0,0,0,0,4,4,0.173333333333333,0.706666666666667,0,0,0,0,1.09493938892155,1.57660110000006
17,2,1,0,1,0,28,6,25,0,0,0,0,4,4,0.875,0,0,0,0,0,0.748102369651065,1.25929959999985
17,2,1,0,1,0,39,17,35,0,0,0,0,4,4,0.486725663716814,0.451327433628319,0,0,0,0,2.58922418885347,2.21806369999968
17,2,1,0,1,0,1,5,50,0,0,0,0,4,4,0.216216216216216,0.675675675675676,0,0,0,0,1.23657658773458,0.947996200000034
17,2,1,0,1,0,69,1.5,95,0,0,0,0,4,4,0.584415584415584,0.337662337662338,0,0,0,0,0.654743372003473,1.61926570000014
17,2,1,0,1,0,73,5,70,0,0,0,0,4,4,0.519480519480519,0.441558441558442,0,0,0,0,1.81196429386132,1.61285950000001
17,2,1,0,1,0,78,8.25,20,0,0,0,0,4,4,0.666666666666667,0.276190476190476,0,0,0,0,0.840933002398828,2.07654439999988
17,2,1,0,1,0,33,11,65,0,0,0,0,4,4,0.647540983606557,0.344262295081967,0,0,0,0,3.21270331383979,2.35708239999985
17,2,1,0,1,0,55,16.5,25,0,0,0,0,4,4,0.762820512820513,0.185897435897436,0,0,0,0,2.64471200570903,2.93224929999997
17,3,1,0,0,1,19,17.5,100,40,0,0,0,5,6,0.731543624161074,0,0.221476510067114,0,0,0,8.00267503088794,2.83462389999477
17,3,1,0,0,1,25,9,100,160,0,0,0,5,6,0.52046783625731,0.263157894736842,0.192982456140351,0,0,0,2.16808279658187,3.18396080000093
17,3,1,0,0,1,40,18,100,110,0,0,0,5,6,0.641025641025641,0,0.316239316239316,0,0,0,2.51666602105884,2.28552180000406
17,3,1,0,0,1,76,4,100,70,0,0,0,5,6,0.037037037037037,0,0.888888888888889,0,0,0,1.14237704765918,1.67672669999592
17,3,1,0,0,1,67,8.5,100,105,0,0,0,5,6,0.588709677419355,0,0.387096774193548,0,0,0,1.58066265541687,2.39572970000154
17,3,1,0,0,1,75,6,100,45,0,0,0,5,6,0.266187050359712,0,0.697841726618705,0,0,0,2.8211019933154,2.65176749999227
17,3,1,0,0,1,16,16,100,95,0,0,0,5,6,0.413793103448276,0.0804597701149425,0.448275862068966,0,0,0,5.74795941182922,1.7868729000038
17,3,1,0,0,1,47,16,100,5,0,0,0,5,6,0.769230769230769,0,0.192307692307692,0,0,0,9.76754819116887,2.06616040000517
17,3,1,0,0,1,62,10,100,135,0,0,0,5,6,0.770642201834862,0,0.165137614678899,0,0,0,3.74740869363675,2.15239090000978
17,3,1,0,0,1,69,1.5,100,20,0,0,0,5,6,0.5,0,0.46551724137931,0,0,0,0.884939431401566,2.26872500000172
17,3,1,0,0,1,37,14.5,100,175,0,0,0,5,6,0.307692307692308,0.0236686390532544,0.627218934911243,0,0,0,5.31080483587045,3.14313989999937
17,3,1,0,0,1,48,7,100,70,0,0,0,5,6,0.544715447154472,0,0.422764227642276,0,0,0,2.6045312639859,2.37918439999339
17,3,1,0,0,1,44,5,100,65,0,0,0,5,6,0.524475524475524,0,0.412587412587413,0,0,0,2.13578256223013,2.70592560000659
17,3,1,0,0,1,63,5.5,100,40,0,0,0,5,6,0.752577319587629,0,0.195876288659794,0,0,0,2.48747615611531,1.95183910000196
17,3,1,0,0,1,3,15,100,14,0,0,0,6,6,0.522727272727273,0.0303030303030303,0.287878787878788,0,0,0,8.13749394868525,2.52379700000165
17,3,1,0,0,1,29,7,100,55,0,0,0,6,6,0.189189189189189,0.629343629343629,0.127413127413127,0,0,0,3.16139905101858,4.64357159999781
17,3,1,0,0,1,79,10,100,140,0,0,0,6,6,0.514285714285714,0,0.328571428571429,0,0,0,1.37459149493447,1.49073409999255
17,3,1,0,0,1,64,19.5,100,45,0,0,0,6,6,0.368421052631579,0.150375939849624,0.037593984962406,0,0,0,8.96061090004087,2.53776160000416
17,3,1,0,0,1,41,19,100,245,0,0,0,6,6,0.638297872340426,0,0.24468085106383,0,0,0,5.10333828852427,1.90890129999025
17,3,1,0,0,1,35,13,100,30,0,0,0,6,6,0.523809523809524,0.214285714285714,0.119047619047619,0,0,0,6.57470418890355,1.73326449999877
17,3,1,0,0,1,24,19,100,150,0,0,0,6,6,0.447552447552448,0.0104895104895105,0.517482517482518,0,0,0,7.04178479449163,5.10174130000814
17,3,1,0,0,1,36,14,100,40,0,0,0,6,6,0.76219512195122,0,0.182926829268293,0,0,0,6.52938742975505,3.06949800001166
17,3,1,0,0,1,33,11,100,190,0,0,0,6,6,0.754385964912281,0,0,0,0,0,2.4468536277303,1.31776449999597
17,3,1,0,0,1,84,11,100,110,0,0,0,6,6,0.821782178217822,0,0.0198019801980198,0,0,0,2.85323384258042,2.07995640000445
17,3,1,0,0,1,54,9.25,100,4,0,0,0,6,6,0.589147286821705,0,0.37984496124031,0,0,0,6.77454133476175,2.47529260000738
17,3,1,0,0,1,31,8.5,100,22,0,0,0,6,6,0.712962962962963,0,0.212962962962963,0,0,0,4.51598936552634,2.13920520000102
17,3,1,0,0,1,81,14,100,5,0,0,0,6,6,0.51685393258427,0.157303370786517,0.269662921348315,0,0,0,9.1110351933942,1.81940039999608
17,3,1,0,0,1,15,17.25,100,55,0,0,0,6,6,0.739795918367347,0.00510204081632653,0.23469387755102,0,0,0,8.0614235085242,3.5900321000081
17,3,1,0,0,1,14,16.75,100,145,0,0,0,2,6,0.292887029288703,0.129707112970711,0.552301255230126,0,0,0,6.07703224860156,4.3202173000027
17,3,1,0,0,1,71,6,100,45,0,0,0,2,6,0.0804020100502513,0.150753768844221,0.412060301507538,0,0,0,2.76814593363277,3.6432477000053
17,3,1,0,0,1,7,16.75,100,75,0,0,0,2,6,0.362244897959184,0.0255102040816327,0.418367346938776,0,0,0,6.95616576306739,3.59955310000805
17,3,1,0,0,1,61,15,100,225,0,0,0,2,6,0.588235294117647,0,0.370588235294118,0,0,0,3.9011481191532,3.17072110000299
17,3,1,0,0,1,72,6.5,100,60,0,0,0,2,6,0.290598290598291,0,0.598290598290598,0,0,0,2.02976735636013,2.28106999999727
17,3,1,0,0,1,78,8.25,100,5,0,0,0,2,6,0.5,0,0.303030303030303,0,0,0,4.98958070042653,1.42538620000414
17,3,1,0,0,1,23,7.75,100,120,0,0,0,2,6,0.0841121495327103,0.205607476635514,0.14018691588785,0,0,0,1.3428388864111,2.11490590000176
17,3,1,0,0,1,28,6,100,7,0,0,0,2,6,0.5,0.00961538461538462,0.384615384615385,0,0,0,4.52394293124771,2.05836450000061
17,3,1,0,0,1,65,1.75,100,10,0,0,0,2,6,0.626506024096386,0,0.325301204819277,0,0,0,0.942782661486124,1.71597119999933
17,3,1,0,0,1,52,18.5,100,85,0,0,0,2,6,0.25748502994012,0,0.676646706586826,0,0,0,6.80586069585558,3.10936380000203
17,3,1,0,0,1,20,15.75,100,30,0,0,0,2,6,0.38871473354232,0.00626959247648903,0.561128526645768,0,0,0,7.7142725195498,5.64469210000243
17,3,1,0,0,1,9,2,100,19,0,0,0,2,6,0.212264150943396,0.0424528301886792,0.787735849056604,0,0,0,1.34591253281493,3.87015520001296
17,3,1,0,0,1,38,15.5,100,215,0,0,0,2,6,0.323144104803493,0.00436681222707424,0.362445414847162,0,0,0,4.00514393026287,4.14007579999452
17,3,1,0,0,1,42,20,100,170,0,0,0,2,6,0.266666666666667,0,0.433333333333333,0,0,0,7.02226352353768,1.83648189999803
17,3,1,0,0,1,22,20,100,165,0,0,0,4,6,0.649350649350649,0.0909090909090909,0.214285714285714,0,0,0,5.68390759369711,2.89573530000052
17,3,1,0,0,1,12,12,100,1,0,0,0,4,6,0.105263157894737,0.515789473684211,0.336842105263158,0,0,0,8.93187145204099,1.91162240000267
17,3,1,0,0,1,66,10,100,80,0,0,0,4,6,0.538745387453875,0,0.424354243542435,0,0,0,3.49845088105905,4.84431849999237
17,3,1,0,0,1,58,14,100,20,0,0,0,4,6,0.655913978494624,0.247311827956989,0.10752688172043,0,0,0,7.2238575536946,1.8824248000019
17,3,1,0,0,1,50,2.5,100,10,0,0,0,4,6,0.847222222222222,0,0.0138888888888889,0,0,0,1.49275757208625,1.52430980000645
17,3,1,0,0,1,49,16,100,20,0,0,0,4,6,0.607594936708861,0,0.291139240506329,0,0,0,8.40133966062809,1.63972500000091
17,3,1,0,0,1,5,20,100,15,0,0,0,4,6,0.814285714285714,0,0.1,0,0,0,12.0021965868641,1.49755640000512
17,3,1,0,0,1,53,14,100,60,0,0,0,4,6,0.939024390243902,0.213414634146341,0.0304878048780488,0,0,0,5.7660501195903,3.0627184999903
17,3,1,0,0,1,4,8.5,100,90,0,0,0,4,6,0.574898785425101,0,0.291497975708502,0,0,0,2.78054384049116,4.44874419999542
17,3,1,0,0,1,43,3,100,0,0,0,0,4,6,0.75,0.189189189189189,0.0405405405405405,0,0,0,2.0064147342708,2.7904916999978
17,3,1,0,0,1,46,2,100,70,0,0,0,4,6,0.626506024096386,0.204819277108434,0.0963855421686747,0,0,0,0.736946068348718,1.71665899999789
17,3,1,0,0,1,18,18.75,100,250,0,0,0,4,6,0.782874617737003,0.073394495412844,0.0795107033639144,0,0,0,6.8574647554796,5.7733481000032
17,3,1,0,0,1,59,2,100,110,0,0,0,4,6,0.526881720430108,0.010752688172043,0.354838709677419,0,0,0,0.529293521191796,1.88099580000562
17,3,1,0,0,1,30,8,100,90,0,0,0,4,6,0.153846153846154,0.010989010989011,0.802197802197802,0,0,0,2.61622710927072,1.84401069999149
17,3,1,0,0,1,51,1,100,3,0,0,0,3,6,0.108108108108108,0,0.824324324324324,0,0,0,0.722334591357058,1.55961710000702
17,3,1,0,0,1,80,8,100,125,0,0,0,3,6,0.0746268656716418,0,0.865671641791045,0,0,0,1.83589194906094,1.45333070000925
17,3,1,0,0,1,27,5.25,100,120,0,0,0,3,6,0.654320987654321,0,0.308641975308642,0,0,0,1.41750357343074,1.67921220000426
17,3,1,0,0,1,74,7,100,120,0,0,0,3,6,0.232558139534884,0,0.697674418604651,0,0,0,2.49218672160093,1.04127719999815
17,3,1,0,0,1,17,3.25,100,205,0,0,0,3,6,0.621794871794872,0,0.33974358974359,0,0,0,0.633047863517643,2.92885209999804
17,3,1,0,0,1,77,12,100,25,0,0,0,3,6,0.3375,0,0.625,0,0,0,6.15516588633359,1.66446580000047
17,3,1,0,0,1,83,17,100,200,0,0,0,3,6,0.344262295081967,0,0.590163934426229,0,0,0,5.71358310489277,1.35808180000458
17,3,1,0,0,1,45,13.5,100,65,0,0,0,3,6,0.898089171974522,0,0.0573248407643312,0,0,0,5.45395741999721,2.94931660000293
17,3,1,0,0,1,1,5,100,0,0,0,0,3,6,0.524590163934426,0.278688524590164,0.172131147540984,0,0,0,3.84855766363925,2.35876230000576
17,3,1,0,0,1,56,12,100,210,0,0,0,3,6,0.535714285714286,0,0.366071428571429,0,0,0,2.83306127703753,2.18812120000075
17,3,1,0,0,1,55,16.5,100,155,0,0,0,3,6,0.904,0,0.064,0,0,0,5.87715848281094,2.41132749999815
17,3,1,0,0,1,6,19,100,175,0,0,0,3,6,0.395833333333333,0,0.5625,0,0,0,5.07245765818289,1.92117130001134
17,3,1,0,0,1,70,3.5,100,3,0,0,0,3,6,0.635593220338983,0,0.338983050847458,0,0,0,1.71021299573899,2.29911909998918
17,3,1,0,0,1,68,2.5,100,25,0,0,0,3,6,0.608695652173913,0,0.333333333333333,0,0,0,1.26237901644007,1.47723440000846
17,3,1,0,0,1,10,19.5,100,125,0,0,0,1,6,0,0,0.746835443037975,0,0,0,5.89464772000189,1.6407707999897
17,3,1,0,0,1,2,7.5,100,25,0,0,0,1,6,0.30188679245283,0.00943396226415094,0.283018867924528,0,0,0,3.76342341226542,2.1015122999961
17,3,1,0,0,1,57,10,100,95,0,0,0,1,6,0.0246913580246914,0.0617283950617284,0.703703703703704,0,0,0,3.39025138809645,1.67857530000038
17,3,1,0,0,1,34,12,100,85,0,0,0,1,6,0.241935483870968,0,0.67741935483871,0,0,0,4.25872253078402,3.42141180000908
17,3,1,0,0,1,82,9.5,100,25,0,0,0,1,6,0.29559748427673,0.00628930817610063,0.320754716981132,0,0,0,4.76202546209977,2.97025569999823
17,3,1,0,0,1,21,6,100,55,0,0,0,1,6,0.363095238095238,0,0.232142857142857,0,0,0,2.52570829333221,3.13251880000462
17,3,1,0,0,1,13,19.5,100,7,0,0,0,1,6,0.0470588235294118,0,0.258823529411765,0,0,0,12.6684778271737,4.57782690000022
17,3,1,0,0,1,60,15,100,31,0,0,0,1,6,0.254545454545455,0.00909090909090909,0.6,0,0,0,7.54764357513051,2.15912450000178
17,3,1,0,0,1,8,16,100,20,0,0,0,1,6,0.129353233830846,0,0.492537313432836,0,0,0,8.45104542552333,3.67651789999218
17,3,1,0,0,1,73,5,100,14,0,0,0,1,6,0.226190476190476,0,0.5,0,0,0,3.00423006684671,3.13163930000155
17,3,1,0,0,1,11,18.25,100,55,0,0,0,1,6,0.144,0.004,0.14,0,0,0,8.39128564018029,4.49924929998815
17,3,1,0,0,1,26,4,100,50,0,0,0,1,6,0.768115942028985,0.0072463768115942,0.188405797101449,0,0,0,1.2883889304755,2.62542190001113
17,3,1,0,0,1,32,9.5,100,170,0,0,0,1,6,0.160377358490566,0.415094339622642,0.283018867924528,0,0,0,2.4819248630709,2.09353949999786
17,3,1,0,0,1,39,17,100,15,0,0,0,1,6,0.675324675324675,0.00649350649350649,0.188311688311688,0,0,0,9.73732449045339,2.89284790000238
18,1,2,0,0,1,14,16.75,100,145,0,0,0,5,6,0.0662790697674419,0.0197674418604651,0.126744186046512,0,0,0,0.999794867100167,14.6604663999997
18,1,2,0,0,1,27,5.25,100,120,0,0,0,5,6,0.174089068825911,0.295546558704453,0.307692307692308,0,0,0,0.500012634268963,4.44902269999966
18,1,2,0,0,1,60,15,100,31,0,0,0,5,6,0.232558139534884,0.226744186046512,0.354651162790698,0,0,0,0.998478980309287,3.19836789999954
18,1,2,0,0,1,18,18.75,100,250,0,0,0,5,6,0.292993630573248,0.305732484076433,0.471337579617834,0,0,0,1.49952592008842,2.94587909999973
18,1,2,0,0,1,41,19,100,245,0,0,0,5,6,0.254901960784314,0.228758169934641,0.366013071895425,0,0,0,0.998478980309287,2.87953169999946
18,1,2,0,0,1,62,10,100,135,0,0,0,5,6,0.241803278688525,0.184426229508197,0.413934426229508,0,0,0,0,4.3986445999999
18,1,2,0,0,1,82,9.5,100,25,0,0,0,5,6,0.217054263565891,0.162790697674419,0.488372093023256,0,0,0,0.0588084678001479,2.47605850000036
18,1,2,0,0,1,52,18.5,100,85,0,0,0,5,6,0.287425149700599,0.125748502994012,0.25748502994012,0,0,0,1.01060684333609,3.11782959999982
18,1,2,0,0,1,73,5,100,14,0,0,0,5,6,0.20253164556962,0.316455696202532,0.455696202531646,0,0,0,0.0585380993158324,1.65003299999989
18,1,2,0,0,1,61,15,100,225,0,0,0,5,6,0.387978142076503,0.136612021857924,0.327868852459016,0,0,0,1.00537839182461,3.37876750000032
18,1,2,0,0,1,51,1,100,3,0,0,0,5,6,0.220472440944882,0.275590551181102,0.259842519685039,0,0,0,0.014634911515401,2.44814270000006
18,1,2,0,0,1,6,19,100,175,0,0,0,5,6,0.348717948717949,0.128205128205128,0.297435897435897,0,0,0,0.52445965900484,3.6076110999993
18,1,2,0,0,1,68,2.5,100,25,0,0,0,5,6,0.325,0.225,0.3,0,0,0,0.0147025090193118,1.66444159999992
18,1,2,0,0,1,76,4,100,70,0,0,0,5,6,0.20253164556962,0.30379746835443,0.329113924050633,0,0,0,0,1.64666980000038
18,1,2,0,0,1,75,6,100,45,0,0,0,4,6,0.296,0.216,0.232,0,0,0,0.495443947238414,2.40513100000044
18,1,2,0,0,1,1,5,100,0,0,0,0,4,6,0.277486910994764,0.293193717277487,0.261780104712042,0,0,0,0.0145679327496886,3.51117309999972
18,1,2,0,0,1,15,17.25,100,55,0,0,0,4,6,0.516949152542373,0.186440677966102,0.169491525423729,0,0,0,0.571855813547543,2.28980920000049
18,1,2,0,0,1,2,7.5,100,25,0,0,0,4,6,0.47008547008547,0.132478632478632,0.299145299145299,0,0,0,0.320957949982553,4.2296838000002
18,1,2,0,0,1,24,19,100,150,0,0,0,4,6,0.342105263157895,0.236842105263158,0.355263157894737,0,0,0,1.08743104679034,1.59648060000018
18,1,2,0,0,1,8,16,100,20,0,0,0,4,6,0.294573643410853,0.0930232558139535,0.310077519379845,0,0,0,0.984029924482826,2.48595589999968
18,1,2,0,0,1,40,18,100,110,0,0,0,4,6,0.4,0.254545454545455,0.272727272727273,0,0,0,0.83899993617166,1.25124229999983
18,1,2,0,0,1,83,17,100,200,0,0,0,4,6,0.440860215053763,0.279569892473118,0.258064516129032,0,0,0,0.735251398281822,1.88556799999969
18,1,2,0,0,1,35,13,100,30,0,0,0,4,6,0.26865671641791,0.283582089552239,0.298507462686567,0,0,0,0.350882755159915,1.4560763999998
18,1,2,0,0,1,37,14.5,100,175,0,0,0,4,6,0.276923076923077,0.123076923076923,0.169230769230769,0,0,0,1.15552517554981,1.41524190000018
18,1,2,0,0,1,67,8.5,100,105,0,0,0,4,6,0.0888888888888889,0.277777777777778,0.4,0,0,0,0.04380342150262,1.82463060000009
18,1,2,0,0,1,11,18.25,100,55,0,0,0,4,6,0.4,0.24,0.306666666666667,0,0,0,2.06205774300792,1.57891879999988
18,1,2,0,0,1,21,6,100,55,0,0,0,4,6,0.360215053763441,0.0698924731182796,0.28494623655914,0,0,0,0.103146954843652,3.44000309999956
18,1,2,0,0,1,78,8.25,100,5,0,0,0,4,6,0.458823529411765,0.129411764705882,0.247058823529412,0,0,0,0.117066301435692,1.74392590000025
18,1,2,0,0,1,4,8.5,100,90,0,0,0,2,6,0.443298969072165,0.195876288659794,0.164948453608247,0,0,0,0.191517597927227,1.93850340000063
18,1,2,0,0,1,65,1.75,100,10,0,0,0,2,6,0.248826291079812,0.107981220657277,0.417840375586854,0,0,0,0,3.87363350000032
18,1,2,0,0,1,70,3.5,100,3,0,0,0,2,6,0.245901639344262,0.0983606557377049,0.360655737704918,0,0,0,0.102200815837222,1.34231649999947
18,1,2,0,0,1,55,16.5,100,155,0,0,0,2,6,0.532110091743119,0.00917431192660551,0.302752293577982,0,0,0,0.686750597962138,2.14901340000051
18,1,2,0,0,1,3,15,100,14,0,0,0,2,6,0.2,0.2,0.490909090909091,0,0,0,1.06345377749977,1.25185920000058
18,1,2,0,0,1,7,16.75,100,75,0,0,0,2,6,0.430894308943089,0.032520325203252,0.268292682926829,0,0,0,1.40786715485385,2.38067099999989
18,1,2,0,0,1,44,5,100,65,0,0,0,2,6,0.19047619047619,0.26984126984127,0.365079365079365,0,0,0,0,1.37455069999942
18,1,2,0,0,1,45,13.5,100,65,0,0,0,2,6,0.509803921568627,0,0.261437908496732,0,0,0,0.775377424227266,2.88506149999921
18,1,2,0,0,1,23,7.75,100,120,0,0,0,2,6,0.297872340425532,0,0.340425531914894,0,0,0,0.571855813547543,1.11325229999966
18,1,2,0,0,1,72,6.5,100,60,0,0,0,2,6,0.543589743589744,0.0717948717948718,0.194871794871795,0,0,0,0.0736795541237321,3.58402239999941
18,1,2,0,0,1,84,11,100,110,0,0,0,2,6,0.471698113207547,0,0.320754716981132,0,0,0,0.265104892265423,2.09745829999974
18,1,2,0,0,1,29,7,100,55,0,0,0,2,6,0.412735849056604,0.0495283018867925,0.308962264150943,0,0,0,0.204348980378708,7.3963160000003
18,1,2,0,0,1,32,9.5,100,170,0,0,0,2,6,0.309090909090909,0,0.381818181818182,0,0,0,0.204818424420349,1.25381599999946
18,1,2,0,0,1,81,14,100,5,0,0,0,2,6,0.354166666666667,0.0208333333333333,0.541666666666667,0,0,0,0.998478980309287,1.1268968000004
18,1,2,0,0,1,48,7,100,70,0,0,0,6,6,0.474576271186441,0.127118644067797,0.203389830508475,0,0,0,0.407346001445042,2.29900249999992
18,1,2,0,0,1,19,17.5,100,40,0,0,0,6,6,0.144578313253012,0.409638554216867,0.216867469879518,0,0,0,1.33155215244497,1.71580129999984
18,1,2,0,0,1,38,15.5,100,215,0,0,0,6,6,0.285714285714286,0.301587301587302,0.253968253968254,0,0,0,1.05136913422507,1.3830711999999
18,1,2,0,0,1,46,2,100,70,0,0,0,6,6,0.255813953488372,0.232558139534884,0.337209302325581,0,0,0,0.0577417065705745,1.76356560000022
18,1,2,0,0,1,71,6,100,45,0,0,0,6,6,0.378787878787879,0.166666666666667,0.272727272727273,0,0,0,0.145988113833102,1.42614450000019
18,1,2,0,0,1,80,8,100,125,0,0,0,6,6,0.155844155844156,0.142857142857143,0.38961038961039,0,0,0,0.393734217636531,1.60871039999984
18,1,2,0,0,1,64,19.5,100,45,0,0,0,6,6,0.439252336448598,0.0560747663551402,0.261682242990654,0,0,0,0.757422563047427,2.10574009999982
18,1,2,0,0,1,20,15.75,100,30,0,0,0,6,6,0.241379310344828,0.131034482758621,0.183448275862069,0,0,0,0.965150509026294,12.5231980999997
18,1,2,0,0,1,43,3,100,0,0,0,0,6,6,0.187022900763359,0.381679389312977,0.16793893129771,0,0,0,0.397370486110816,4.69752249999965
18,1,2,0,0,1,56,12,100,210,0,0,0,6,6,0.29553264604811,0.206185567010309,0.288659793814433,0,0,0,1.01060684333609,5.17821510000067
18,1,2,0,0,1,74,7,100,120,0,0,0,6,6,0.453333333333333,0.2,0.306666666666667,0,0,0,0.1906355570774,1.58770469999945
18,1,2,0,0,1,50,2.5,100,10,0,0,0,6,6,0.306122448979592,0.224489795918367,0.387755102040816,0,0,0,0.162067236801349,1.14799249999942
18,1,2,0,0,1,79,10,100,140,0,0,0,6,6,0.281553398058252,0.252427184466019,0.281553398058252,0,0,0,0.0730036544438626,2.05358119999983
18,1,2,0,0,1,63,5.5,100,40,0,0,0,6,6,0.358452138492872,0.0957230142566191,0.234215885947047,0,0,0,0.13109309120334,8.54814480000005
18,1,2,0,0,1,54,9.25,100,4,0,0,0,1,6,0.427184466019417,0.271844660194175,0.242718446601942,0,0,0,0.0286763723706862,2.0536975999994
18,1,2,0,0,1,39,17,100,15,0,0,0,1,6,0.434782608695652,0.121739130434783,0.304347826086957,0,0,0,1.0585870423836,2.25330160000067
18,1,2,0,0,1,53,14,100,60,0,0,0,1,6,0.184210526315789,0.394736842105263,0.210526315789474,0,0,0,0.512294368740069,1.60357480000039
18,1,2,0,0,1,13,19.5,100,7,0,0,0,1,6,0.417582417582418,0.263736263736264,0.296703296703297,0,0,0,2.0064147342708,1.84582829999999
18,1,2,0,0,1,47,16,100,5,0,0,0,1,6,0.444444444444444,0.133333333333333,0.281481481481481,0,0,0,1.64488668403005,2.58505229999992
18,1,2,0,0,1,5,20,100,15,0,0,0,1,6,0.520547945205479,0.0273972602739726,0.315068493150685,0,0,0,0.972895512886033,2.77094900000066
18,1,2,0,0,1,57,10,100,95,0,0,0,1,6,0.028169014084507,0.535211267605634,0.408450704225352,0,0,0,0.143682093480152,1.50603730000057
18,1,2,0,0,1,10,19.5,100,125,0,0,0,1,6,0.327586206896552,0,0.327586206896552,0,0,0,0.720672938878906,1.29317310000079
18,1,2,0,0,1,33,11,100,190,0,0,0,1,6,0.448148148148148,0.0148148148148148,0.377777777777778,0,0,0,0.129318055740441,4.82578569999987
18,1,2,0,0,1,30,8,100,90,0,0,0,1,6,0.106382978723404,0.170212765957447,0.340425531914894,0,0,0,0.216453889612772,1.12177030000021
18,1,2,0,0,1,49,16,100,20,0,0,0,1,6,0.0769230769230769,0,0.384615384615385,0,0,0,1.02734586061814,1.19202730000052
18,1,2,0,0,1,25,9,100,160,0,0,0,1,6,0.222222222222222,0.349206349206349,0.365079365079365,0,0,0,0.117335978444171,1.37681489999977
18,1,2,0,0,1,69,1.5,100,20,0,0,0,1,6,0.531468531468531,0.020979020979021,0.384615384615385,0,0,0,0.0439041158341666,2.71762969999963
18,1,2,0,0,1,34,12,100,85,0,0,0,1,6,0.567567567567568,0.027027027027027,0.252252252252252,0,0,0,0.984029924482826,2.17557479999959
18,1,2,0,0,1,12,12,100,1,0,0,0,3,6,0.448818897637795,0.47244094488189,0.259842519685039,0,0,0,1.01291767143232,2.45352869999988
18,1,2,0,0,1,28,6,100,7,0,0,0,3,6,0.2,0.3,0.271428571428571,0,0,0,0.145654161625821,1.50254719999975
18,1,2,0,0,1,58,14,100,20,0,0,0,3,6,0.352040816326531,0.107142857142857,0.316326530612245,0,0,0,1.00438697815057,3.59288319999996
18,1,2,0,0,1,66,10,100,80,0,0,0,3,6,0.349315068493151,0.116438356164384,0.273972602739726,0,0,0,0.39105033727726,2.76904450000075
18,1,2,0,0,1,59,2,100,110,0,0,0,3,6,0.313725490196078,0.117647058823529,0.444444444444444,0,0,0,0,2.88232960000005
18,1,2,0,0,1,17,3.25,100,205,0,0,0,3,6,0.471830985915493,0.169014084507042,0.0704225352112676,0,0,0,0.263278673806141,2.70015770000009
18,1,2,0,0,1,77,12,100,25,0,0,0,3,6,0.252631578947368,0.305263157894737,0.431578947368421,0,0,0,0.987186343040655,1.91380079999999
18,1,2,0,0,1,36,14,100,40,0,0,0,3,6,0.474137931034483,0.0517241379310345,0.293103448275862,0,0,0,0.304301408621097,2.27762499999972
18,1,2,0,0,1,16,16,100,95,0,0,0,3,6,0.5,0,0.34375,0,0,0,1.48199290387799,1.39116890000059
18,1,2,0,0,1,42,20,100,170,0,0,0,3,6,0.317073170731707,0.304878048780488,0.329268292682927,0,0,0,1.00537839182461,1.69274640000003
18,1,2,0,0,1,26,4,100,50,0,0,0,3,6,0.208333333333333,0.333333333333333,0.375,0,0,0,0.216453889612772,1.12051419999989
18,1,2,0,0,1,31,8.5,100,22,0,0,0,3,6,0.280575539568345,0,0.402877697841727,0,0,0,0.102435719737645,2.64358640000046
18,1,2,0,0,1,22,20,100,165,0,0,0,3,6,0.418604651162791,0,0.290697674418605,0,0,0,1.00537839182461,1.77332250000018
18,1,2,0,0,1,9,2,100,19,0,0,0,3,6,0.486111111111111,0,0.402777777777778,0,0,0,0,1.53074399999969
18,2,1,0,1,1,21,6,95,55,0,0,0,6,2,0.149606299212598,0.118985126859143,0.0796150481189851,0,0,0,1.00373666938081,19.374512800001
18,2,1,0,1,1,83,17,80,200,0,0,0,6,2,0.581818181818182,0.436363636363636,0.254545454545455,0,0,0,0.497717828038919,3.07878359999449
18,2,1,0,1,1,69,1.5,95,20,0,0,0,6,2,0.359223300970874,0.281553398058252,0.184466019417476,0,0,0,0.0440052741727648,2.04335519998858
18,2,1,0,1,1,8,16,15,20,0,0,0,6,2,0.372693726937269,0.40590405904059,0.0811808118081181,0,0,0,0.0439041158341666,4.83947890000127
18,2,1,0,1,1,42,20,30,170,0,0,0,6,2,0.68,0.585,0.145,0,0,0,1.00373666938081,3.66522960001021
18,2,1,0,1,1,64,19.5,65,45,0,0,0,6,2,0.328767123287671,0.349315068493151,0.287671232876712,0,0,0,2.0112614124296,2.76803990000917
18,2,1,0,1,1,22,20,90,165,0,0,0,6,2,0.328519855595668,0.216606498194946,0.245487364620939,0,0,0,1.57727627439446,4.9499480999948
18,2,1,0,1,1,63,5.5,70,40,0,0,0,6,2,0.273809523809524,0.452380952380952,0.178571428571429,0,0,0,0.161320703589837,1.73489360000531
18,2,1,0,1,1,20,15.75,35,30,0,0,0,6,2,0.354430379746835,0.354430379746835,0.113924050632911,0,0,0,0.581099058578744,1.65457120000792
18,2,1,0,1,1,76,4,35,70,0,0,0,6,2,0.363636363636364,0.363636363636364,0,0,0,0,0.0713669399104582,3.26220060000196
18,2,1,0,1,1,65,1.75,80,10,0,0,0,6,2,0.153846153846154,0.480769230769231,0,0,0,0,0.0145015642656752,1.20654039998772
18,2,1,0,1,1,66,10,90,80,0,0,0,6,2,0.451219512195122,0.548780487804878,0.24390243902439,0,0,0,0.952918248238227,1.69453300000168
18,2,1,0,1,1,78,8.25,20,5,0,0,0,6,2,0.483333333333333,0.45,0,0,0,0,0.191517597927227,1.33906969999953
18,2,1,0,1,1,35,13,70,30,0,0,0,6,2,0.130434782608696,0.27536231884058,0.420289855072464,0,0,0,1.01291767143232,1.47969390000799
18,2,1,0,1,1,31,8.5,50,22,0,0,0,3,2,0.2109375,0.346354166666667,0.270833333333333,0,0,0,0.467475950871645,6.72950729999866
18,2,1,0,1,1,48,7,45,70,0,0,0,3,2,0.439114391143911,0.0738007380073801,0.3690036900369,0,0,0,0.204818424420349,4.85060499999963
18,2,1,0,1,1,11,18.25,70,55,0,0,0,3,2,0.37719298245614,0.412280701754386,0.333333333333333,0,0,0,1.98874654256517,2.23352629999863
18,2,1,0,1,1,1,5,50,0,0,0,0,3,2,0.37410071942446,0.402877697841727,0.244604316546763,0,0,0,0.508792481753979,2.64009629999055
18,2,1,0,1,1,49,16,50,20,0,0,0,3,2,0.11441213653603,0.0575221238938053,0.0448798988621998,0,0,0,0.969570641810968,26.6726494000031
18,2,1,0,1,1,19,17.5,25,40,0,0,0,3,2,0.422619047619048,0.31547619047619,0.0535714285714286,0,0,0,0.0588084678001479,3.1521042999957
18,2,1,0,1,1,71,6,25,45,0,0,0,3,2,0.563380281690141,0.267605633802817,0.380281690140845,0,0,0,0.146323600643697,1.53348430000187
18,2,1,0,1,1,70,3.5,40,3,0,0,0,3,2,0.509803921568627,0.392156862745098,0.0196078431372549,0,0,0,0,1.18598049999855
18,2,1,0,1,1,9,2,30,19,0,0,0,3,2,0.125714285714286,0.52,0.165714285714286,0,0,0,0.0439041158341666,3.24007770000026
18,2,1,0,1,1,72,6.5,90,60,0,0,0,3,2,0.224366706875754,0.243667068757539,0.0699638118214717,0,0,0,1.04176341126402,14.1316365999955
18,2,1,0,1,1,15,17.25,25,55,0,0,0,3,2,0.367816091954023,0.160919540229885,0.218390804597701,0,0,0,0.264493345896152,1.78226089999953
18,2,1,0,1,1,38,15.5,40,215,0,0,0,3,2,0.444444444444444,0.25,0.194444444444444,0,0,0,0.0983660874424181,2.72936879999179
18,2,1,0,1,1,40,18,15,110,0,0,0,3,2,0.42,0.16,0.32,0,0,0,0.0147025090193118,1.99551709998923
18,2,1,0,1,1,61,15,75,225,0,0,0,3,2,0.335714285714286,0.171428571428571,0.414285714285714,0,0,0,1.04895128484505,2.66659860000073
18,2,1,0,1,1,2,7.5,75,25,0,0,0,1,2,0.3984375,0.25,0.234375,0,0,0,1.41750357343074,2.46370439999737
18,2,1,0,1,1,27,5.25,50,120,0,0,0,1,2,0.392523364485981,0.308411214953271,0.355140186915888,0,0,0,0.30922452820629,2.10785870000836
18,2,1,0,1,1,53,14,90,60,0,0,0,1,2,0.252747252747253,0.208791208791209,0.175824175824176,0,0,0,2.01582363763051,1.84503050000058
18,2,1,0,1,1,26,4,45,50,0,0,0,1,2,0.38961038961039,0.441558441558442,0.0649350649350649,0,0,0,0.101966986735448,1.60802789998706
18,2,1,0,1,1,34,12,15,85,0,0,0,1,2,0.454545454545455,0.329545454545455,0.136363636363636,0,0,0,0.0735094086326811,1.79759080000804
18,2,1,0,1,1,75,6,85,45,0,0,0,1,2,0.311475409836066,0.19672131147541,0.311475409836066,0,0,0,1.52752032714253,2.36714059999213
18,2,1,0,1,1,45,13.5,55,65,0,0,0,1,2,0.254658385093168,0.279503105590062,0.254658385093168,0,0,0,0.990832753075264,3.01934899999469
18,2,1,0,1,1,3,15,85,14,0,0,0,1,2,0.315789473684211,0.263157894736842,0.252631578947368,0,0,0,3.06369532490512,1.91252510000777
18,2,1,0,1,1,24,19,70,150,0,0,0,1,2,0.196286472148541,0.222811671087533,0.169761273209549,0,0,0,0.890991168372366,6.61941949999891
18,2,1,0,1,1,13,19.5,5,7,0,0,0,1,2,0.361111111111111,0.361111111111111,0.222222222222222,0,0,0,0.0870041189426018,1.53208749998885
18,2,1,0,1,1,47,16,100,5,0,0,0,1,2,0.406666666666667,0.213333333333333,0.253333333333333,0,0,0,3.03034432397244,2.82988049999403
18,2,1,0,1,1,43,3,30,0,0,0,0,1,2,0.329365079365079,0.424603174603175,0.0714285714285714,0,0,0,0.0288714470679921,4.53960489999736
18,2,1,0,1,1,23,7.75,60,120,0,0,0,1,2,0.453333333333333,0.353333333333333,0.0133333333333333,0,0,0,0.998478980309287,2.8470290999976
18,2,1,0,1,1,5,20,85,15,0,0,0,1,2,0.537735849056604,0.273584905660377,0.0849056603773585,0,0,0,2.00185987571388,2.08769610000309
18,2,1,0,1,1,44,5,40,65,0,0,0,2,2,0.45045045045045,0.252252252252252,0.252252252252252,0,0,0,0.367155766212878,2.18953809999221
18,2,1,0,1,1,28,6,25,7,0,0,0,2,2,0.123076923076923,0.415384615384615,0.261538461538462,0,0,0,0.0292696683503415,1.40985280000314
18,2,1,0,1,1,56,12,90,210,0,0,0,2,2,0.4,0.2,0.211111111111111,0,0,0,2.0112614124296,1.82813960000931
18,2,1,0,1,1,57,10,50,95,0,0,0,2,2,0.356060606060606,0.227272727272727,0.356060606060606,0,0,0,0.353314457762693,2.53490120000788
18,2,1,0,1,1,46,2,55,70,0,0,0,2,2,0.319444444444444,0.25,0.231481481481481,0,0,0,0,3.92359590000706
18,2,1,0,1,1,77,12,75,25,0,0,0,2,2,0.254672897196262,0.184579439252336,0.0619158878504673,0,0,0,1.03206305929602,14.5849233000044
18,2,1,0,1,1,33,11,65,190,0,0,0,2,2,0.40625,0.364583333333333,0.125,0,0,0,0.218934213377931,1.93435630000022
18,2,1,0,1,1,10,19.5,10,125,0,0,0,2,2,0.166666666666667,0.236111111111111,0.277777777777778,0,0,0,0.0425352092979843,1.52879039999971
18,2,1,0,1,1,12,12,35,1,0,0,0,2,2,0.36,0.333333333333333,0.186666666666667,0,0,0,0.717372366882646,2.8350105999998
18,2,1,0,1,1,73,5,70,14,0,0,0,2,2,0.285714285714286,0.336734693877551,0.23469387755102,0,0,0,0.497717828038919,1.96839789999649
18,2,1,0,1,1,52,18.5,10,85,0,0,0,2,2,0.328358208955224,0.134328358208955,0.238805970149254,0,0,0,0,1.45424809999531
18,2,1,0,1,1,60,15,35,31,0,0,0,2,2,0.378378378378378,0.243243243243243,0.189189189189189,0,0,0,0,1.56439849999151
18,2,1,0,1,1,41,19,65,245,0,0,0,2,2,0.37012987012987,0.11038961038961,0.305194805194805,0,0,0,1.07271621498899,2.89870340000198
18,2,1,0,1,1,79,10,10,140,0,0,0,2,2,0.468085106382979,0.351063829787234,0.0425531914893617,0,0,0,0.0726703334468652,1.88907199999085
18,2,1,0,1,1,59,2,80,110,0,0,0,5,2,0.25,0.268292682926829,0.152439024390244,0,0,0,0.057872930500217,3.06639579999319
18,2,1,0,1,1,36,14,15,40,0,0,0,5,2,0.62200956937799,0.210526315789474,0.00956937799043062,0,0,0,0,3.81953949999297
18,2,1,0,1,1,16,16,65,95,0,0,0,5,2,0.336734693877551,0.23469387755102,0.122448979591837,0,0,0,0.9924899610502,1.95762009998725
18,2,1,0,1,1,14,16.75,45,145,0,0,0,5,2,0.337423312883436,0.288343558282209,0.177914110429448,0,0,0,0.397370486110816,3.0517511999933
18,2,1,0,1,1,18,18.75,80,250,0,0,0,5,2,0.56,0.22,0.07,0,0,0,1.01060684333609,1.99681480000436
18,2,1,0,1,1,51,1,40,3,0,0,0,5,2,0.282352941176471,0.235294117647059,0.294117647058824,0,0,0,0,1.74996870000905
18,2,1,0,1,1,32,9.5,30,170,0,0,0,5,2,0.328125,0.25,0.119791666666667,0,0,0,0.408277724536628,3.52965150000819
18,2,1,0,1,1,50,2.5,90,10,0,0,0,5,2,0.406451612903226,0.180645161290323,0.0516129032258065,0,0,0,0.48424754974803,2.91268310000305
18,2,1,0,1,1,25,9,60,160,0,0,0,5,2,0.328571428571429,0.364285714285714,0.0714285714285714,0,0,0,0.265104892265423,2.66358369999216
18,2,1,0,1,1,84,11,50,110,0,0,0,5,2,0.449793672627235,0.272352132049519,0.046767537826685,0,0,0,0.405495237728207,12.4713959000073
18,2,1,0,1,1,17,3.25,85,205,0,0,0,5,2,0.636363636363636,0.236363636363636,0.0363636363636364,0,0,0,1.025365500544,1.25321470000199
18,2,1,0,1,1,62,10,95,135,0,0,0,5,2,0.186746987951807,0.240963855421687,0.036144578313253,0,0,0,1.03206305929602,5.8917461999954
18,2,1,0,1,1,55,16.5,25,155,0,0,0,5,2,0.378048780487805,0.268292682926829,0.024390243902439,0,0,0,0.360509705171491,1.70116959999723
18,2,1,0,1,1,7,16.75,65,75,0,0,0,5,2,0.275590551181102,0.385826771653543,0.133858267716535,0,0,0,1.09242522713596,2.44677429999865
18,2,1,0,1,1,54,9.25,40,4,0,0,0,4,2,0.380952380952381,0.232142857142857,0.238095238095238,0,0,0,0.686750597962138,3.13108560000546
18,2,1,0,1,1,4,8.5,20,90,0,0,0,4,2,0.252032520325203,0.268292682926829,0.24390243902439,0,0,0,0.0440052741727648,2.38675150000199
18,2,1,0,1,1,80,8,45,125,0,0,0,4,2,0.121212121212121,0.234848484848485,0.174242424242424,0,0,0,0.423786092698926,2.52377710001019
18,2,1,0,1,1,6,19,20,175,0,0,0,4,2,0.35632183908046,0.137931034482759,0.195402298850575,0,0,0,0.0567129560320829,1.77683869999601
18,2,1,0,1,1,74,7,40,120,0,0,0,4,2,0.313432835820896,0.0597014925373134,0.149253731343284,0,0,0,0.294521075935759,1.45222529998864
18,2,1,0,1,1,81,14,55,5,0,0,0,4,2,0.25,0.228260869565217,0.315217391304348,0,0,0,1.04895128484505,1.86768879998999
18,2,1,0,1,1,58,14,45,20,0,0,0,4,2,0.344444444444444,0.255555555555556,0.211111111111111,0,0,0,0.234592291730667,1.82992359998752
18,2,1,0,1,1,68,2.5,65,25,0,0,0,4,2,0.376884422110553,0.195979899497487,0.296482412060302,0,0,0,0.0293371090287913,3.6514457000012
18,2,1,0,1,1,30,8,75,90,0,0,0,4,2,0.380952380952381,0.217687074829932,0.17687074829932,0,0,0,0.257947843314749,2.77888910000911
18,2,1,0,1,1,67,8.5,50,105,0,0,0,4,2,0.171428571428571,0.161904761904762,0.495238095238095,0,0,0,0.173187134023422,2.08751759999723
18,2,1,0,1,1,29,7,20,55,0,0,0,4,2,0.401785714285714,0.241071428571429,0.232142857142857,0,0,0,0.0144686062786938,2.18902750000416
18,2,1,0,1,1,82,9.5,20,25,0,0,0,4,2,0.384615384615385,0.130769230769231,0.161538461538462,0,0,0,0.558551979562779,2.49665429999004
18,2,1,0,1,1,37,14.5,5,175,0,0,0,4,2,0.0416666666666667,0.263888888888889,0.402777777777778,0,0,0,0,1.52586929999234
18,2,1,0,1,1,39,17,35,15,0,0,0,4,2,0.368831168831169,0.197402597402597,0.109090909090909,0,0,0,0.946428209467332,6.74521609999647
18,3,1,0,1,0,4,8.5,20,0,0,0,0,5,4,0.181422351233672,0.213352685050798,0.193033381712627,0,0,0,0.512294368740069,11.8207502000732
18,3,1,0,1,0,66,10,90,0,0,0,0,5,4,0.451219512195122,0.219512195121951,0.447154471544715,0,0,0,2.04369094153031,4.43243040004745
18,3,1,0,1,0,44,5,40,0,0,0,0,5,4,0.23728813559322,0.194915254237288,0.254237288135593,0,0,0,0.967355565143176,2.30298320006113
18,3,1,0,1,0,15,17.25,25,0,0,0,0,5,4,0.203252032520325,0.40650406504065,0.32520325203252,0,0,0,1.49895398605675,2.38506589992903
18,3,1,0,1,0,50,2.5,90,0,0,0,0,5,4,0.389830508474576,0.207627118644068,0.279661016949153,0,0,0,1.41883831798592,4.26335639995523
18,3,1,0,1,0,63,5.5,70,0,0,0,0,5,4,0.432835820895522,0.129353233830846,0.303482587064677,0,0,0,1.39208974546128,3.67095379997045
18,3,1,0,1,0,27,5.25,50,0,0,0,0,5,4,0.646551724137931,0.129310344827586,0.275862068965517,0,0,0,0.51112174069592,2.2669347000774
18,3,1,0,1,0,67,8.5,50,0,0,0,0,5,4,0.275510204081633,0.224489795918367,0.377551020408163,0,0,0,0.971795806950578,1.96144889993593
18,3,1,0,1,0,28,6,25,0,0,0,0,5,4,0.223684210526316,0.0263157894736842,0.171052631578947,0,0,0,0.517371816544006,1.59936979995109
18,3,1,0,1,0,47,16,100,0,0,0,0,5,4,0.358695652173913,0.271739130434783,0.173913043478261,0,0,0,4.0526500198099,1.86187149991747
18,3,1,0,1,0,54,9.25,40,0,0,0,0,5,4,0.346620450606586,0.169844020797227,0.0554592720970537,0,0,0,0.393734217636531,9.94622310006525
18,3,1,0,1,0,57,10,50,0,0,0,0,5,4,0.289473684210526,0.0657894736842105,0.447368421052632,0,0,0,0.733564469960886,1.58981190004852
18,3,1,0,1,0,34,12,15,0,0,0,0,5,4,0.4,0.2,0.145454545454545,0,0,0,0.0431112894459496,1.24916310003027
18,3,1,0,1,0,62,10,95,0,0,0,0,5,4,0.3,0.075,0.325,0,0,0,2.9712807028812,1.66822480002884
18,3,1,0,1,0,24,19,70,0,0,0,0,6,4,0.302013422818792,0.38255033557047,0.114093959731544,0,0,0,0.940621950442402,2.80980780010577
18,3,1,0,1,0,38,15.5,40,0,0,0,0,6,4,0.329113924050633,0.29746835443038,0.164556962025316,0,0,0,1.02734586061814,2.96272670000326
18,3,1,0,1,0,64,19.5,65,0,0,0,0,6,4,0.417721518987342,0.240506329113924,0.0632911392405063,0,0,0,1.53101881616787,1.65240719995927
18,3,1,0,1,0,37,14.5,5,0,0,0,0,6,4,0.494623655913978,0.301075268817204,0.010752688172043,0,0,0,0.0142102391754371,1.87697490002029
18,3,1,0,1,0,11,18.25,70,0,0,0,0,6,4,0.262135922330097,0.087378640776699,0.320388349514563,0,0,0,1.98036370535647,2.05334820004646
18,3,1,0,1,0,16,16,65,0,0,0,0,6,4,0.454545454545455,0.272727272727273,0.131313131313131,0,0,0,1.03443779722067,1.97633370000403
18,3,1,0,1,0,55,16.5,25,0,0,0,0,6,4,0.376623376623377,0.142857142857143,0.116883116883117,0,0,0,0.147339375189432,1.60582329996396
18,3,1,0,1,0,33,11,65,0,0,0,0,6,4,0.297520661157025,0.239669421487603,0.231404958677686,0,0,0,1.15934177964765,2.34239639993757
18,3,1,0,1,0,31,8.5,50,0,0,0,0,6,4,0.306666666666667,0.293333333333333,0.173333333333333,0,0,0,0.409213713777447,1.57438130001538
18,3,1,0,1,0,68,2.5,65,0,0,0,0,6,4,0.281553398058252,0.310679611650485,0.155339805825243,0,0,0,0.714101762959139,2.0477200000314
18,3,1,0,1,0,17,3.25,85,0,0,0,0,6,4,0.314285714285714,0.3,0.185714285714286,0,0,0,0.917715331097646,1.49064699991141
18,3,1,0,1,0,8,16,15,0,0,0,0,6,4,0.287671232876712,0.301369863013699,0.10958904109589,0,0,0,0.086609591235387,1.54986359993927
18,3,1,0,1,0,77,12,75,0,0,0,0,6,4,0.365079365079365,0.26984126984127,0.0793650793650794,0,0,0,1.44163735897485,1.38737059989944
18,3,1,0,1,0,75,6,85,0,0,0,0,6,4,0.294117647058824,0.482352941176471,0.0235294117647059,0,0,0,1.8202294829483,1.75335999997333
18,3,1,0,1,0,23,7.75,60,0,0,0,0,3,4,0.42,0.26,0.133333333333333,0,0,0,0.637388376319016,2.83329630002845
18,3,1,0,1,0,46,2,55,0,0,0,0,3,4,0.43859649122807,0.210526315789474,0.245614035087719,0,0,0,0.014178590640622,1.2731092000613
18,3,1,0,1,0,22,20,90,0,0,0,0,3,4,0.414239482200647,0.116504854368932,0.200647249190939,0,0,0,3.02954244748226,5.4743041000329
18,3,1,0,1,0,12,12,35,0,0,0,0,3,4,0.256737588652482,0.156028368794326,0.127659574468085,0,0,0,0.573172420067337,12.0709735000273
18,3,1,0,1,0,49,16,50,0,0,0,0,3,4,0.280487804878049,0.213414634146341,0.164634146341463,0,0,0,1.01523900157096,3.05887730000541
18,3,1,0,1,0,56,12,90,0,0,0,0,3,4,0.4,0.216666666666667,0.05,0,0,0,1.50293273267278,1.33127850003075
18,3,1,0,1,0,21,6,95,0,0,0,0,3,4,0.298701298701299,0.025974025974026,0.415584415584416,0,0,0,1.00537839182461,1.60426020005252
18,3,1,0,1,0,30,8,75,0,0,0,0,3,4,0.388888888888889,0.314814814814815,0.240740740740741,0,0,0,0.176385273868952,1.23255749989767
18,3,1,0,1,0,73,5,70,0,0,0,0,3,4,0.27,0.19,0.28,0,0,0,1.02267121716315,1.99709700001404
18,3,1,0,1,0,48,7,45,0,0,0,0,3,4,0.275,0.1125,0.1625,0,0,0,0.464285440987716,1.66512180003338
18,3,1,0,1,0,80,8,45,0,0,0,0,3,4,0.294871794871795,0.282051282051282,0.269230769230769,0,0,0,0.366311653380752,1.63446329999715
18,3,1,0,1,0,81,14,55,0,0,0,0,3,4,0.316176470588235,0.205882352941176,0.0955882352941176,0,0,0,0.962955406142925,2.59811640006956
18,3,1,0,1,0,65,1.75,80,0,0,0,0,3,4,0.344444444444444,0.166666666666667,0,0,0,0,0.0292025370262792,1.82583540002815
18,3,1,0,1,0,78,8.25,20,0,0,0,0,3,4,0.232323232323232,0.257116620752984,0.0633608815426997,0,0,0,0.573172420067337,18.4718180999625
18,3,1,0,1,0,2,7.5,75,0,0,0,0,1,4,0.305194805194805,0.279220779220779,0.220779220779221,0,0,0,0.542675533769426,2.89011409995146
18,3,1,0,1,0,84,11,50,0,0,0,0,1,4,0.218181818181818,0.436363636363636,0,0,0,0,0.248667390442254,1.24151930003427
18,3,1,0,1,0,3,15,85,0,0,0,0,1,4,0.394366197183099,0.422535211267606,0.028169014084507,0,0,0,1.13978286230721,1.51310370001011
18,3,1,0,1,0,58,14,45,0,0,0,0,1,4,0.04,0.52,0,0,0,0,0.394637039424488,1.16528049996123
18,3,1,0,1,0,83,17,80,0,0,0,0,1,4,0.597560975609756,0.0975609756097561,0,0,0,0,1.53523115032222,1.69966829998884
18,3,1,0,1,0,60,15,35,0,0,0,0,1,4,0.197761194029851,0.194029850746269,0.164179104477612,0,0,0,0.678454871920476,4.80142999999225
18,3,1,0,1,0,42,20,30,0,0,0,0,1,4,0.130434782608696,0.434782608695652,0.195652173913043,0,0,0,0.656237901530055,1.0866079000989
18,3,1,0,1,0,26,4,45,0,0,0,0,1,4,0.134715025906736,0.125215889464594,0.0837651122625216,0,0,0,0.471798679141362,19.6230467000278
18,3,1,0,1,0,29,7,20,0,0,0,0,1,4,0.260869565217391,0.318840579710145,0.0579710144927536,0,0,0,0.471798679141362,1.48546420002822
18,3,1,0,1,0,79,10,10,0,0,0,0,1,4,0.322222222222222,0.5,0,0,0,0,0,1.8231219999725
18,3,1,0,1,0,43,3,30,0,0,0,0,1,4,0.283582089552239,0.298507462686567,0.126865671641791,0,0,0,0.0581371757982438,2.55693389999215
18,3,1,0,1,0,1,5,50,0,0,0,0,1,4,0.330578512396694,0.371900826446281,0.00826446280991736,0,0,0,0.562805814808577,2.3426622999832
18,3,1,0,1,0,59,2,80,0,0,0,0,1,4,0.23728813559322,0.389830508474576,0,0,0,0,0.293165758379018,1.32199660001788
18,3,1,0,1,0,36,14,15,0,0,0,0,1,4,0.404580152671756,0.282442748091603,0.00763358778625954,0,0,0,0.116530648832672,2.51815439993516
18,3,1,0,1,0,45,13.5,55,0,0,0,0,4,4,0.619565217391304,0.228260869565217,0,0,0,0,0.648832479057493,1.8701388000045
18,3,1,0,1,0,71,6,25,0,0,0,0,4,4,0.46969696969697,0.378787878787879,0.0151515151515152,0,0,0,0.1755747192,1.42891149991192
18,3,1,0,1,0,35,13,70,0,0,0,0,4,4,0.424528301886792,0.132075471698113,0.0377358490566038,0,0,0,0.913563313170236,2.09961849998217
18,3,1,0,1,0,32,9.5,30,0,0,0,0,4,4,0.317757009345794,0.355140186915888,0.0186915887850467,0,0,0,0.631592082611636,2.1064994999906
18,3,1,0,1,0,25,9,60,0,0,0,0,4,4,0.305475504322767,0.455331412103746,0.0835734870317003,0,0,0,1.17906149971465,6.11223590001464
18,3,1,0,1,0,82,9.5,20,0,0,0,0,4,4,0.4453125,0.328125,0.171875,0,0,0,0.379186594620762,2.45656389999203
18,3,1,0,1,0,51,1,40,0,0,0,0,4,4,0.0816326530612245,0.36734693877551,0.122448979591837,0,0,0,0.0431112894459496,1.1495133000426
18,3,1,0,1,0,18,18.75,80,0,0,0,0,4,4,0.244186046511628,0.36046511627907,0.116279069767442,0,0,0,2.0112614124296,1.76663609989919
18,3,1,0,1,0,61,15,75,0,0,0,0,4,4,0.602409638554217,0.253012048192771,0.0602409638554217,0,0,0,1.34792456295916,1.70815399999265
18,3,1,0,1,0,10,19.5,10,0,0,0,0,4,4,0.344827586206897,0.327586206896552,0.0431034482758621,0,0,0,0.685184038519562,2.26042460009921
18,3,1,0,1,0,19,17.5,25,0,0,0,0,4,4,0.398523985239852,0.243542435424354,0.003690036900369,0,0,0,0.592845465282178,4.85263239999767
18,3,1,0,1,0,76,4,35,0,0,0,0,4,4,0.261538461538462,0.446153846153846,0.246153846153846,0,0,0,0.0434052209772879,1.41060579998884
18,3,1,0,1,0,53,14,90,0,0,0,0,4,4,0.475,0.2125,0,0,0,0,2.04832764699134,1.65984810004011
18,3,1,0,1,0,74,7,40,0,0,0,0,4,4,0.281425891181989,0.157598499061914,0.0375234521575985,0,0,0,0.440372317438911,9.21535179996863
18,3,1,0,1,0,69,1.5,95,0,0,0,0,2,4,0.0909090909090909,0.347107438016529,0.0743801652892562,0,0,0,0.646180725499025,2.34028160001617
18,3,1,0,1,0,72,6.5,90,0,0,0,0,2,4,0.168539325842697,0.258426966292135,0.258426966292135,0,0,0,1.03702549107566,1.81201480003074
18,3,1,0,1,0,13,19.5,5,0,0,0,0,2,4,0.08,0.32,0.52,0,0,0,0.0586729721000196,1.16162180004176
18,3,1,0,1,0,40,18,15,0,0,0,0,2,4,0.296296296296296,0.430555555555556,0.148148148148148,0,0,0,0.808024650338123,3.93327540007886
18,3,1,0,1,0,9,2,30,0,0,0,0,2,4,0.453038674033149,0.149171270718232,0.0110497237569061,0,0,0,0.142715946866751,3.34946379996836
18,3,1,0,1,0,14,16.75,45,0,0,0,0,2,4,0.0921787709497207,0.687150837988827,0.0167597765363128,0,0,0,0.565362244170842,6.28904599999078
18,3,1,0,1,0,7,16.75,65,0,0,0,0,2,4,0.457446808510638,0.372340425531915,0,0,0,0,0.835160190696609,1.89971400005743
18,3,1,0,1,0,41,19,65,0,0,0,0,2,4,0.0796812749003984,0.162018592297477,0.0318725099601594,0,0,0,1.45265765091671,12.8694847999141
18,3,1,0,1,0,52,18.5,10,0,0,0,0,2,4,0.0731707317073171,0.024390243902439,0.268292682926829,0,0,0,0.175172228353748,1.68758679996245
18,3,1,0,1,0,6,19,20,0,0,0,0,2,4,0.373333333333333,0.32,0,0,0,0,0.797147137386922,1.58062070002779
18,3,1,0,1,0,70,3.5,40,0,0,0,0,2,4,0.192307692307692,0.519230769230769,0.230769230769231,0,0,0,0.231922774752949,1.19402279995847
18,3,1,0,1,0,20,15.75,35,0,0,0,0,2,4,0.298076923076923,0.269230769230769,0.105769230769231,0,0,0,0.410153998494586,2.06525759992655
18,3,1,0,1,0,5,20,85,0,0,0,0,2,4,0.0994285714285714,0.528,0.0651428571428571,0,0,0,1.98831450784873,14.8970016000094
18,3,1,0,1,0,39,17,35,0,0,0,0,2,4,0.217391304347826,0.5,0.0869565217391304,0,0,0,0.712477572302568,1.09887510002591
21,1,2,0,0,1,62,10,100,135,0,0,0,2,6,0.125764192139738,0.119650655021834,0.118777292576419,0,0,0,1.02500325524284,19.3969808999973
21,1,2,0,0,1,1,5,100,0,0,0,0,2,6,0.1171875,0.212890625,0.169921875,0,0,0,1.01523900157096,8.86190139999962
21,1,2,0,0,1,27,5.25,100,120,0,0,0,2,6,0.16875,0.15,0.1375,0,0,0,0.336290411726104,5.6569703000132
21,1,2,0,0,1,35,13,100,30,0,0,0,2,6,0.240356083086053,0.195845697329377,0.166172106824926,0,0,0,1.43833636029598,5.94249750000017
21,1,2,0,0,1,47,16,100,5,0,0,0,2,6,0.134615384615385,0.230769230769231,0.144230769230769,0,0,0,3.00423006684671,2.05249990000448
21,1,2,0,0,1,75,6,100,45,0,0,0,2,6,0.368983957219251,0.155080213903743,0.149732620320856,0,0,0,0.545181484061033,3.44461829999636
21,1,2,0,0,1,80,8,100,125,0,0,0,2,6,0.301587301587302,0.228571428571429,0.292063492063492,0,0,0,1.06345377749977,5.57244519999949
21,1,2,0,0,1,41,19,100,245,0,0,0,2,6,0.186440677966102,0.146892655367232,0.192090395480226,0,0,0,3.03034432397244,3.27867179999885
21,1,2,0,0,1,54,9.25,100,4,0,0,0,2,6,0.214285714285714,0.314285714285714,0.314285714285714,0,0,0,2.03447807263204,2.66087900000275
21,1,2,0,0,1,60,15,100,31,0,0,0,2,6,0.459119496855346,0.144654088050314,0.327044025157233,0,0,0,3.02401239525638,2.97886479999579
21,1,2,0,0,1,38,15.5,100,215,0,0,0,2,6,0.240223463687151,0.0614525139664804,0.268156424581006,0,0,0,2.00185987571388,3.30653359999997
21,1,2,0,0,1,51,1,100,3,0,0,0,2,6,0.120171673819742,0.128755364806867,0.407725321888412,0,0,0,0,4.2005111000035
21,1,2,0,0,1,9,2,100,19,0,0,0,2,6,0.173913043478261,0.27536231884058,0.492753623188406,0,0,0,0.263884612862373,1.48475470000994
21,1,2,0,0,1,36,14,100,40,0,0,0,2,6,0.39647577092511,0.125550660792952,0.259911894273128,0,0,0,2.43874434261411,7.89172349999717
21,1,2,0,0,1,19,17.5,100,40,0,0,0,3,6,0.238716148445336,0.159478435305918,0.157472417251755,0,0,0,3.9879173398629,16.9406241999968
21,1,2,0,0,1,43,3,100,0,0,0,0,3,6,0.279279279279279,0.414414414414414,0.292792792792793,0,0,0,1.00076832543155,4.02406189999601
21,1,2,0,0,1,83,17,100,200,0,0,0,3,6,0.217877094972067,0.262569832402235,0.206703910614525,0,0,0,1.99360523212874,3.31080929999007
21,1,2,0,0,1,5,20,100,15,0,0,0,3,6,0.318840579710145,0.420289855072464,0.183574879227053,0,0,0,4.04703440007355,3.77848520000407
21,1,2,0,0,1,23,7.75,100,120,0,0,0,3,6,0.341176470588235,0,0.223529411764706,0,0,0,0.990832753075264,1.74704840000777
21,1,2,0,0,1,42,20,100,170,0,0,0,3,6,0.357723577235772,0.16260162601626,0.252032520325203,0,0,0,3.9879173398629,2.37350169999991
21,1,2,0,0,1,59,2,100,110,0,0,0,3,6,0.439252336448598,0.158878504672897,0.392523364485981,0,0,0,0.0878040558254654,2.10675479999918
21,1,2,0,0,1,24,19,100,150,0,0,0,3,6,0.365079365079365,0.198412698412698,0.373015873015873,0,0,0,2.52006217855832,2.4327273999952
21,1,2,0,0,1,7,16.75,100,75,0,0,0,3,6,0.341397849462366,0.201612903225806,0.236559139784946,0,0,0,3.03075148701263,6.5263152000116
21,1,2,0,0,1,52,18.5,100,85,0,0,0,3,6,0.202643171806167,0.136563876651982,0.154185022026432,0,0,0,3.99445447814545,7.89043409998703
21,1,2,0,0,1,58,14,100,20,0,0,0,3,6,0.344,0.248,0.28,0,0,0,4.04703440007355,2.41351659999054
21,1,2,0,0,1,79,10,100,140,0,0,0,3,6,0.298969072164948,0.0103092783505155,0.515463917525773,0,0,0,2.00219658686413,1.95842650000122
21,1,2,0,0,1,8,16,100,20,0,0,0,3,6,0.274809160305344,0.190839694656489,0.145038167938931,0,0,0,2.49539489021195,2.51389899999776
21,1,2,0,0,1,12,12,100,1,0,0,0,3,6,0.369369369369369,0.162162162162162,0.189189189189189,0,0,0,3.02290862175008,2.18578409998736
21,1,2,0,0,1,25,9,100,160,0,0,0,4,6,0.258620689655172,0.310344827586207,0.275862068965517,0,0,0,1.01523900157096,2.26111880000099
21,1,2,0,0,1,72,6.5,100,60,0,0,0,4,6,0.374193548387097,0.193548387096774,0.309677419354839,0,0,0,1.03206305929602,2.9198166999995
21,1,2,0,0,1,56,12,100,210,0,0,0,4,6,0.440860215053763,0.204301075268817,0.193548387096774,0,0,0,2.00219658686413,1.87711580000177
21,1,2,0,0,1,53,14,100,60,0,0,0,4,6,0.333333333333333,0.146788990825688,0.0795107033639144,0,0,0,2.99780341313587,5.7831092000124
21,1,2,0,0,1,34,12,100,85,0,0,0,4,6,0.251732101616628,0.147806004618938,0.0623556581986143,0,0,0,3.02327278471964,7.5412279000011
21,1,2,0,0,1,55,16.5,100,155,0,0,0,4,6,0.247826086956522,0.2,0.158695652173913,0,0,0,4.01802830470264,7.99753349999082
21,1,2,0,0,1,61,15,100,225,0,0,0,4,6,0.318501170960187,0.138173302107728,0.180327868852459,0,0,0,3.61693071994887,7.43874040000082
21,1,2,0,0,1,18,18.75,100,250,0,0,0,4,6,0.451428571428571,0.0914285714285714,0.24,0,0,0,3.03707545485702,3.25142889999552
21,1,2,0,0,1,66,10,100,80,0,0,0,4,6,0.150087260034904,0.102966841186736,0.272251308900524,0,0,0,2.02990165582899,9.86703120000311
21,1,2,0,0,1,82,9.5,100,25,0,0,0,4,6,0.11336032388664,0.139676113360324,0.309716599190283,0,0,0,1.48125526826403,8.55650109999988
21,1,2,0,0,1,13,19.5,100,7,0,0,0,4,6,0.286666666666667,0.2,0.186666666666667,0,0,0,3.98261985261288,2.81997879999108
21,1,2,0,0,1,44,5,100,65,0,0,0,4,6,0.421052631578947,0.157894736842105,0.219298245614035,0,0,0,0.470710533228758,2.23275510000531
21,1,2,0,0,1,45,13.5,100,65,0,0,0,4,6,0.310344827586207,0.137931034482759,0.0886699507389163,0,0,0,2.48508453305458,3.70693359999859
21,1,2,0,0,1,46,2,100,70,0,0,0,4,6,0.368421052631579,0.368421052631579,0.2,0,0,0,0.206239783049874,1.91471900000761
21,1,2,0,0,1,2,7.5,100,25,0,0,0,6,6,0.325905292479109,0.103064066852368,0.186629526462396,0,0,0,1.55958260754739,6.3070308999886
21,1,2,0,0,1,17,3.25,100,205,0,0,0,6,6,0.256410256410256,0.246153846153846,0.394871794871795,0,0,0,0.453957419997209,3.58013509999728
21,1,2,0,0,1,65,1.75,100,10,0,0,0,6,6,0.289940828402367,0.136094674556213,0.224852071005917,0,0,0,0.276616991333238,3.15157940000063
21,1,2,0,0,1,31,8.5,100,22,0,0,0,6,6,0.329411764705882,0.124183006535948,0.173856209150327,0,0,0,1.54178008761096,13.0779607000004
21,1,2,0,0,1,30,8,100,90,0,0,0,6,6,0.267080745341615,0.124223602484472,0.279503105590062,0,0,0,1.01757090488666,3.01933309999004
21,1,2,0,0,1,20,15.75,100,30,0,0,0,6,6,0.545454545454545,0.2,0.127272727272727,0,0,0,3.89401603214567,2.17457440000726
21,1,2,0,0,1,67,8.5,100,105,0,0,0,6,6,0.396501457725948,0.123906705539359,0.166180758017493,0,0,0,1.6873152513557,11.7519126000116
21,1,2,0,0,1,57,10,100,95,0,0,0,6,6,0.391608391608392,0.27972027972028,0.216783216783217,0,0,0,2.00219658686413,2.71139769999718
21,1,2,0,0,1,3,15,100,14,0,0,0,6,6,0.516129032258065,0.290322580645161,0.145161290322581,0,0,0,3.02954244748226,2.39752410000074
21,1,2,0,0,1,32,9.5,100,170,0,0,0,6,6,0.509933774834437,0.139072847682119,0.119205298013245,0,0,0,2.03907445914171,2.85288600000786
21,1,2,0,0,1,26,4,100,50,0,0,0,6,6,0.175438596491228,0.149122807017544,0.403508771929825,0,0,0,0.509954457159594,2.22381969999697
21,1,2,0,0,1,6,19,100,175,0,0,0,6,6,0.284574468085106,0.122340425531915,0.180851063829787,0,0,0,3.19539308632864,6.5884919000091
21,1,2,0,0,1,76,4,100,70,0,0,0,6,6,0.317757009345794,0.364485981308411,0.233644859813084,0,0,0,0.441388437861182,2.11316069999884
21,1,2,0,0,1,77,12,100,25,0,0,0,6,6,0.546961325966851,0.176795580110497,0.220994475138122,0,0,0,1.9928098882287,3.35710819999804
21,1,2,0,0,1,69,1.5,100,20,0,0,0,1,6,0.418604651162791,0.116279069767442,0.348837209302326,0,0,0,0.235677377406827,1.76629899999534
21,1,2,0,0,1,29,7,100,55,0,0,0,1,6,0.316666666666667,0.1375,0.2875,0,0,0,0.811751059256757,4.32539060000272
21,1,2,0,0,1,15,17.25,100,55,0,0,0,1,6,0.39344262295082,0.122950819672131,0.360655737704918,0,0,0,3.00423006684671,2.36630140000489
21,1,2,0,0,1,14,16.75,100,145,0,0,0,1,6,0.403703703703704,0.0444444444444444,0.314814814814815,0,0,0,2.02990165582899,4.82324470000458
21,1,2,0,0,1,48,7,100,70,0,0,0,1,6,0.365384615384615,0.107692307692308,0.265384615384615,0,0,0,0.853544957361272,4.6661815999978
21,1,2,0,0,1,63,5.5,100,40,0,0,0,1,6,0.253521126760563,0.147887323943662,0.288732394366197,0,0,0,0.5744950866256,2.69968590000644
21,1,2,0,0,1,39,17,100,15,0,0,0,1,6,0.377551020408163,0.163265306122449,0.153061224489796,0,0,0,3.99769174250672,1.95580749999499
21,1,2,0,0,1,21,6,100,55,0,0,0,1,6,0.163265306122449,0.163265306122449,0.357142857142857,0,0,0,0.826346396169402,1.95747740000661
21,1,2,0,0,1,49,16,100,20,0,0,0,1,6,0.394812680115274,0.170028818443804,0.193083573487032,0,0,0,4.381865686584,6.10698779999802
21,1,2,0,0,1,74,7,100,120,0,0,0,1,6,0.31140350877193,0.0526315789473684,0.339912280701754,0,0,0,0.751549750501365,7.91908509998757
21,1,2,0,0,1,33,11,100,190,0,0,0,1,6,0.269461077844311,0.197604790419162,0.359281437125749,0,0,0,2.04369094153031,3.12428139999975
21,1,2,0,0,1,40,18,100,110,0,0,0,1,6,0.299810246679317,0.0569259962049336,0.301707779886148,0,0,0,4.3551582782391,9.11028180000721
21,1,2,0,0,1,37,14.5,100,175,0,0,0,1,6,0.407239819004525,0.0588235294117647,0.18552036199095,0,0,0,3.42286588746738,4.01988779999374
21,1,2,0,0,1,16,16,100,95,0,0,0,1,6,0.310495626822157,0.0772594752186589,0.19533527696793,0,0,0,4.00304148723374,11.757122199997
21,1,2,0,0,1,4,8.5,100,90,0,0,0,5,6,0.309462915601023,0.21227621483376,0.173913043478261,0,0,0,1.54178008761096,6.84997840000142
21,1,2,0,0,1,84,11,100,110,0,0,0,5,6,0.197508896797153,0.179715302491103,0.192170818505338,0,0,0,2.03447807263204,9.69620849999774
21,1,2,0,0,1,10,19.5,100,125,0,0,0,5,6,0.168582375478927,0.125159642401022,0.191570881226054,0,0,0,4.77273239012364,13.3615284999978
21,1,2,0,0,1,71,6,100,45,0,0,0,5,6,0.306646525679758,0.152567975830816,0.223564954682779,0,0,0,1.07056605372122,11.3553256000014
21,1,2,0,0,1,68,2.5,100,25,0,0,0,5,6,0.218045112781955,0.195488721804511,0.406015037593985,0,0,0,0.250392473068274,2.54007669999555
21,1,2,0,0,1,70,3.5,100,3,0,0,0,5,6,0.509554140127389,0.0636942675159236,0.235668789808917,0,0,0,0.523264926664609,2.95102049999696
21,1,2,0,0,1,78,8.25,100,5,0,0,0,5,6,0.329113924050633,0.170886075949367,0.189873417721519,0,0,0,1.33673289961532,2.95602329999383
21,1,2,0,0,1,50,2.5,100,10,0,0,0,5,6,0.344262295081967,0.0327868852459016,0.409836065573771,0,0,0,0.249239772150485,1.34331850000308
21,1,2,0,0,1,11,18.25,100,55,0,0,0,5,6,0.370192307692308,0.173076923076923,0.211538461538462,0,0,0,3.97737578631234,3.794550599996
21,1,2,0,0,1,28,6,100,7,0,0,0,5,6,0.318681318681319,0.274725274725275,0.346153846153846,0,0,0,0.526865528279895,3.36769520000962
21,1,2,0,0,1,81,14,100,5,0,0,0,5,6,0.311345646437995,0.163588390501319,0.266490765171504,0,0,0,3.10275084561329,6.64823489999981
21,1,2,0,0,1,73,5,100,14,0,0,0,5,6,0.449438202247191,0.0674157303370786,0.314606741573034,0,0,0,1.01291767143232,1.81363380000403
21,1,2,0,0,1,22,20,100,165,0,0,0,5,6,0.293333333333333,0.126666666666667,0.313333333333333,0,0,0,4.08493118619894,2.82504399999743
21,1,2,0,0,1,64,19.5,100,45,0,0,0,5,6,0.418367346938776,0.214285714285714,0.270408163265306,0,0,0,4.65761512007329,3.58645100001013
21,2,2,0,1,0,45,13.5,55,0,0,0,0,4,4,0.162277580071174,0.111743772241993,0.0875444839857651,0,0,0,2.55061321865853,23.7249922000046
21,2,2,0,1,0,20,15.75,35,0,0,0,0,4,4,0.23321554770318,0.166077738515901,0.169611307420495,0,0,0,2.97787054966162,5.04284149999148
21,2,2,0,1,0,60,15,35,0,0,0,0,4,4,0.341614906832298,0.248447204968944,0.22360248447205,0,0,0,2.7558511281575,3.01693949999753
21,2,2,0,1,0,30,8,75,0,0,0,0,4,4,0.388429752066116,0.00826446280991736,0.239669421487603,0,0,0,1.04654443054575,2.35054309999396
21,2,2,0,1,0,29,7,20,0,0,0,0,4,4,0.343434343434343,0.202020202020202,0.333333333333333,0,0,0,0.456051908397924,1.97570229999837
21,2,2,0,1,0,2,7.5,75,0,0,0,0,4,4,0.285024154589372,0.164251207729469,0.0821256038647343,0,0,0,0.870079442616703,3.77179339999566
21,2,2,0,1,0,61,15,75,0,0,0,0,4,4,0.378378378378378,0.333333333333333,0,0,0,0,3.46565991569097,2.17283649998717
21,2,2,0,1,0,23,7.75,60,0,0,0,0,4,4,0.557522123893805,0.0973451327433628,0.132743362831858,0,0,0,1.02969910463968,2.21540200000163
21,2,2,0,1,0,44,5,40,0,0,0,0,4,4,0.152941176470588,0.0784313725490196,0.137254901960784,0,0,0,0.48424754974803,4.66772650000348
21,2,2,0,1,0,79,10,10,0,0,0,0,4,4,0.351851851851852,0.314814814814815,0.296296296296296,0,0,0,0.486485920403332,1.2315579999995
21,2,2,0,1,0,73,5,70,0,0,0,0,4,4,0.136200716845878,0.154121863799283,0.010752688172043,0,0,0,0.689905221056048,4.98435489999247
21,2,2,0,1,0,22,20,90,0,0,0,0,4,4,0.35408560311284,0.202334630350195,0.175097276264591,0,0,0,5,4.60583920001227
21,2,2,0,1,0,70,3.5,40,0,0,0,0,4,4,0.538461538461538,0.263736263736264,0.032967032967033,0,0,0,0.234592291730667,1.84785790000751
21,2,2,0,1,0,63,5.5,70,0,0,0,0,4,4,0.180952380952381,0.19047619047619,0.123809523809524,0,0,0,1.0730146040872,2.08393829999841
21,2,2,0,1,0,65,1.75,80,0,0,0,0,1,4,0.142857142857143,0.263736263736264,0.203296703296703,0,0,0,0.589142810997121,3.46138100000098
21,2,2,0,1,0,56,12,90,0,0,0,0,1,4,0.449612403100775,0.224806201550388,0.232558139534884,0,0,0,4.03214513455646,2.47183720000612
21,2,2,0,1,0,26,4,45,0,0,0,0,1,4,0.296610169491525,0.245762711864407,0.279661016949153,0,0,0,0.557268608155763,2.29909339999722
21,2,2,0,1,0,67,8.5,50,0,0,0,0,1,4,0.546875,0.203125,0.0078125,0,0,0,1.00537839182461,2.45926669999608
21,2,2,0,1,0,77,12,75,0,0,0,0,1,4,0.268041237113402,0.175257731958763,0.185567010309278,0,0,0,2.55061321865853,1.93843330000527
21,2,2,0,1,0,32,9.5,30,0,0,0,0,1,4,0.157894736842105,0.232456140350877,0.153508771929825,0,0,0,0.795312557068421,4.12382249999791
21,2,2,0,1,0,69,1.5,95,0,0,0,0,1,4,0.194857916102842,0.205683355886333,0.119079837618403,0,0,0,0.526865528279895,12.6327684999997
21,2,2,0,1,0,48,7,45,0,0,0,0,1,4,0.307692307692308,0.318681318681319,0.208791208791209,0,0,0,0.811751059256757,1.84665210000821
21,2,2,0,1,0,78,8.25,20,0,0,0,0,1,4,0.453781512605042,0.310924369747899,0.142857142857143,0,0,0,0.368003773960872,2.30780740000773
21,2,2,0,1,0,62,10,95,0,0,0,0,1,4,0.423529411764706,0.141176470588235,0.364705882352941,0,0,0,2.45491448239809,1.74800949999189
21,2,2,0,1,0,64,19.5,65,0,0,0,0,1,4,0.180327868852459,0.0983606557377049,0.241803278688525,0,0,0,2.99756587730808,4.39342940000643
21,2,2,0,1,0,4,8.5,20,0,0,0,0,1,4,0.264150943396226,0.30188679245283,0.358490566037736,0,0,0,0.512294368740069,1.21284849999938
21,2,2,0,1,0,38,15.5,40,0,0,0,0,1,4,0.383928571428571,0.290178571428571,0.174107142857143,0,0,0,1.57370615115074,4.05758269999933
21,2,2,0,1,0,37,14.5,5,0,0,0,0,1,4,0.507042253521127,0.267605633802817,0.197183098591549,0,0,0,0.588844616019081,1.5106123000005
21,2,2,0,1,0,28,6,25,0,0,0,0,6,4,0.35,0.314285714285714,0.264285714285714,0,0,0,0.396455144963468,2.65716470000916
21,2,2,0,1,0,14,16.75,45,0,0,0,0,6,4,0.278350515463918,0.175257731958763,0.00515463917525773,0,0,0,2.01605899932928,3.55807059998915
21,2,2,0,1,0,1,5,50,0,0,0,0,6,4,0.317180616740088,0.18942731277533,0.0969162995594714,0,0,0,0.601012019561246,4.11460720001196
21,2,2,0,1,0,5,20,85,0,0,0,0,6,4,0.333333333333333,0.220512820512821,0.446153846153846,0,0,0,4.21598932912211,3.57627800000773
21,2,2,0,1,0,33,11,65,0,0,0,0,6,4,0.26,0.2,0.0533333333333333,0,0,0,2.50553976901769,2.82392139999138
21,2,2,0,1,0,11,18.25,70,0,0,0,0,6,4,0.642857142857143,0.392857142857143,0.119047619047619,0,0,0,3.00423006684671,1.72999039999559
21,2,2,0,1,0,6,19,20,0,0,0,0,6,4,0.414141414141414,0.333333333333333,0.222222222222222,0,0,0,1.55248144181025,1.97068990000116
21,2,2,0,1,0,71,6,25,0,0,0,0,6,4,0.382978723404255,0.212765957446809,0.191489361702128,0,0,0,0.5534535483676,1.89098689999082
21,2,2,0,1,0,72,6.5,90,0,0,0,0,6,4,0.275862068965517,0.183908045977011,0.160919540229885,0,0,0,1.48873191323132,1.78644229999918
21,2,2,0,1,0,47,16,100,0,0,0,0,6,4,0.420427553444181,0.171021377672209,0.128266033254157,0,0,0,4.98971535995901,7.34666929999366
21,2,2,0,1,0,42,20,30,0,0,0,0,6,4,0.509259259259259,0.351851851851852,0.0185185185185185,0,0,0,2.02976735636013,2.1190260000003
21,2,2,0,1,0,7,16.75,65,0,0,0,0,6,4,0.217204301075269,0.202150537634409,0.0967741935483871,0,0,0,2.42237883181687,8.07238640000287
21,2,2,0,1,0,16,16,65,0,0,0,0,6,4,0.333333333333333,0.479674796747967,0.138211382113821,0,0,0,2.20801953547155,2.38348759998917
21,2,2,0,1,0,51,1,40,0,0,0,0,6,4,0.40495867768595,0.363636363636364,0.173553719008264,0,0,0,0.144661408064319,2.35110369999893
21,2,2,0,1,0,80,8,45,0,0,0,0,3,4,0.376712328767123,0.23972602739726,0.226027397260274,0,0,0,0.866091698518908,2.76367799998843
21,2,2,0,1,0,58,14,45,0,0,0,0,3,4,0.269736842105263,0.480263157894737,0.105263157894737,0,0,0,2.03907445914171,5.38881929998752
21,2,2,0,1,0,18,18.75,80,0,0,0,0,3,4,0.565789473684211,0.184210526315789,0.0921052631578947,0,0,0,4.03214513455646,1.59084179998899
21,2,2,0,1,0,84,11,50,0,0,0,0,3,4,0.662337662337662,0,0.168831168831169,0,0,0,2.00701908506628,1.61723850000999
21,2,2,0,1,0,34,12,15,0,0,0,0,3,4,0.225641025641026,0.369230769230769,0.0820512820512821,0,0,0,1.36833538658604,10.079682399999
21,2,2,0,1,0,50,2.5,90,0,0,0,0,3,4,0.52,0.19,0.13,0,0,0,0.628700450407766,2.00387549999868
21,2,2,0,1,0,36,14,15,0,0,0,0,3,4,0.376344086021505,0.139784946236559,0.333333333333333,0,0,0,0.976276677386885,1.87731900000654
21,2,2,0,1,0,31,8.5,50,0,0,0,0,3,4,0.767676767676768,0,0.131313131313131,0,0,0,0.768349181926027,1.98180510000384
21,2,2,0,1,0,57,10,50,0,0,0,0,3,4,0.260377358490566,0.288679245283019,0.0415094339622641,0,0,0,1.54178008761096,9.15528530000302
21,2,2,0,1,0,12,12,35,0,0,0,0,3,4,0.246875,0.4859375,0.0546875,0,0,0,1.54895457447667,10.9883059999993
21,2,2,0,1,0,19,17.5,25,0,0,0,0,3,4,0.436781609195402,0.28735632183908,0.183908045977011,0,0,0,2.02060852873471,1.77504330000374
21,2,2,0,1,0,3,15,85,0,0,0,0,3,4,0.25,0.32,0.22,0,0,0,3.47773348162539,2.0018912999949
21,2,2,0,1,0,25,9,60,0,0,0,0,3,4,0.22007722007722,0.343629343629344,0.1003861003861,0,0,0,1.77572338612174,4.63890659999743
21,2,2,0,1,0,46,2,55,0,0,0,0,3,4,0.54320987654321,0.234567901234568,0.222222222222222,0,0,0,0.337840808210185,1.6804387000011
21,2,2,0,1,0,13,19.5,5,0,0,0,0,5,4,0.26530612244898,0.299319727891156,0.258503401360544,0,0,0,1.00830644677874,2.78412930000923
21,2,2,0,1,0,35,13,70,0,0,0,0,5,4,0.391304347826087,0.343873517786561,0.0988142292490119,0,0,0,1.9838387037688,4.53828310000245
21,2,2,0,1,0,24,19,70,0,0,0,0,5,4,0.377622377622378,0.447552447552448,0.174825174825175,0,0,0,2.88638030675978,2.70560780000233
21,2,2,0,1,0,75,6,85,0,0,0,0,5,4,0.15979381443299,0.252577319587629,0.103092783505155,0,0,0,1.52752032714253,6.79537809999601
21,2,2,0,1,0,66,10,90,0,0,0,0,5,4,0.486486486486487,0.202702702702703,0.243243243243243,0,0,0,3.01730093241385,1.56549639999866
21,2,2,0,1,0,43,3,30,0,0,0,0,5,4,0.407407407407407,0.222222222222222,0.277777777777778,0,0,0,0.338621374603612,1.22721349999483
21,2,2,0,1,0,39,17,35,0,0,0,0,5,4,0.301724137931034,0.431034482758621,0.112068965517241,0,0,0,1.75556819206436,2.25279769999906
21,2,2,0,1,0,83,17,80,0,0,0,0,5,4,0.425742574257426,0.445544554455446,0.158415841584158,0,0,0,3.45034130915886,2.00624400000379
21,2,2,0,1,0,10,19.5,10,0,0,0,0,5,4,0.36734693877551,0.142857142857143,0.224489795918367,0,0,0,1.36337744727783,1.96049000001221
21,2,2,0,1,0,82,9.5,20,0,0,0,0,5,4,0.366071428571429,0.366071428571429,0.178571428571429,0,0,0,0.676892581503978,2.19650580000598
21,2,2,0,1,0,17,3.25,85,0,0,0,0,5,4,0.407407407407407,0.345679012345679,0.0493827160493827,0,0,0,0.884638987889787,1.68087890000606
21,2,2,0,1,0,52,18.5,10,0,0,0,0,5,4,0.476190476190476,0.226190476190476,0.261904761904762,0,0,0,1.74540420322397,1.72306670001126
21,2,2,0,1,0,54,9.25,40,0,0,0,0,5,4,0.614285714285714,0.185714285714286,0.114285714285714,0,0,0,1.76567443965061,1.49761890000082
21,2,2,0,1,0,27,5.25,50,0,0,0,0,5,4,0.531914893617021,0.191489361702128,0.180851063829787,0,0,0,0.631592082611636,1.89952130000165
21,2,2,0,1,0,59,2,80,0,0,0,0,2,4,0.436619718309859,0.267605633802817,0.267605633802817,0,0,0,0.468549203240954,1.50641560000076
21,2,2,0,1,0,9,2,30,0,0,0,0,2,4,0.295081967213115,0.409836065573771,0.19672131147541,0,0,0,0.234053485496549,1.35106570000062
21,2,2,0,1,0,81,14,55,0,0,0,0,2,4,0.364705882352941,0.141176470588235,0.211764705882353,0,0,0,1.70918030623478,1.75875459999952
21,2,2,0,1,0,41,19,65,0,0,0,0,2,4,0.330708661417323,0.377952755905512,0.133858267716535,0,0,0,2.53920161213577,2.4429506999877
21,2,2,0,1,0,68,2.5,65,0,0,0,0,2,4,0.476190476190476,0.261904761904762,0.19047619047619,0,0,0,0.55599110580448,1.73129910000716
21,2,2,0,1,0,76,4,35,0,0,0,0,2,4,0.314720812182741,0.365482233502538,0.0862944162436548,0,0,0,0.559841260458729,3.6046239999996
21,2,2,0,1,0,8,16,15,0,0,0,0,2,4,0.206349206349206,0.138888888888889,0.0753968253968254,0,0,0,1.53477015854115,4.52311569999438
21,2,2,0,1,0,55,16.5,25,0,0,0,0,2,4,0.294117647058824,0.0909090909090909,0.0962566844919786,0,0,0,2.01582363763051,3.44218440000259
21,2,2,0,1,0,21,6,95,0,0,0,0,2,4,0.428571428571429,0.214285714285714,0.285714285714286,0,0,0,2.00671910402213,1.25848509999923
21,2,2,0,1,0,49,16,50,0,0,0,0,2,4,0.350877192982456,0.201754385964912,0.0964912280701754,0,0,0,1.98874654256517,2.22317849998944
21,2,2,0,1,0,15,17.25,25,0,0,0,0,2,4,0.378531073446328,0.146892655367232,0.0451977401129944,0,0,0,1.9928098882287,3.28173389998847
21,2,2,0,1,0,40,18,15,0,0,0,0,2,4,0.293577981651376,0.330275229357798,0.293577981651376,0,0,0,2.01205340865895,2.14368150000519
21,2,2,0,1,0,74,7,40,0,0,0,0,2,4,0.404255319148936,0.191489361702128,0.117021276595745,0,0,0,0.872087030571603,1.90446689999953
21,2,2,0,1,0,53,14,90,0,0,0,0,2,4,0.568421052631579,0.368421052631579,0.136842105263158,0,0,0,3.81623304445128,1.90772029999061
21,3,1,0,1,1,19,17.5,25,40,0,0,0,3,2,0.251781472684086,0.239904988123515,0.173396674584323,0,0,0,2.56412939786857,14.370125100002
21,3,1,0,1,1,54,9.25,40,4,0,0,0,3,2,0.337620578778135,0.221864951768489,0.176848874598071,0,0,0,1.02267121716315,5.51407000000472
21,3,1,0,1,1,67,8.5,50,105,0,0,0,3,2,0.448598130841121,0.289719626168224,0.168224299065421,0,0,0,0.557268608155763,2.12058160000015
21,3,1,0,1,1,13,19.5,5,7,0,0,0,3,2,0.348101265822785,0.29746835443038,0.158227848101266,0,0,0,1.00537839182461,2.9684089999937
21,3,1,0,1,1,53,14,90,60,0,0,0,3,2,0.5390625,0.03125,0.3203125,0,0,0,4.00410464649634,2.45419080001011
21,3,1,0,1,1,55,16.5,25,155,0,0,0,3,2,0.350993377483444,0.33112582781457,0.139072847682119,0,0,0,1.6270035855817,2.84432299999753
21,3,1,0,1,1,2,7.5,75,25,0,0,0,3,2,0.494505494505495,0.0549450549450549,0.197802197802198,0,0,0,1.0199134531522,1.85101099999156
21,3,1,0,1,1,78,8.25,20,5,0,0,0,3,2,0.430555555555556,0,0.166666666666667,0,0,0,0.624412150856603,1.52237950000563
21,3,1,0,1,1,26,4,45,50,0,0,0,3,2,0.382716049382716,0.222222222222222,0.345679012345679,0,0,0,0.455002257953311,1.68323439999949
21,3,1,0,1,1,72,6.5,90,60,0,0,0,3,2,0.44,0.0933333333333333,0.2,0,0,0,1.42852192988503,1.58275630000571
21,3,1,0,1,1,41,19,65,245,0,0,0,3,2,0.194029850746269,0.196517412935323,0.106965174129353,0,0,0,2.57762116818313,13.7567214999872
21,3,1,0,1,1,60,15,35,31,0,0,0,3,2,0.460526315789474,0.269736842105263,0.164473684210526,0,0,0,1.50293273267278,2.85433249999187
21,3,1,0,1,1,35,13,70,30,0,0,0,3,2,0.326923076923077,0.331730769230769,0.0961538461538462,0,0,0,2.54489531151521,3.79767270000593
21,3,1,0,1,1,65,1.75,80,10,0,0,0,3,2,0.258064516129032,0.379032258064516,0.217741935483871,0,0,0,0.51112174069592,2.40129569999408
21,3,1,0,1,1,43,3,30,0,0,0,0,6,2,0.41747572815534,0.255663430420712,0.184466019417476,0,0,0,0.469627386029739,5.47248890000628
21,3,1,0,1,1,51,1,40,3,0,0,0,6,2,0.230088495575221,0.495575221238938,0.132743362831858,0,0,0,0.307095263434729,2.20475179998903
21,3,1,0,1,1,25,9,60,160,0,0,0,6,2,0.241758241758242,0.391941391941392,0.175824175824176,0,0,0,1.03702549107566,4.88250049999624
21,3,1,0,1,1,71,6,25,45,0,0,0,6,2,0.409090909090909,0.227272727272727,0.272727272727273,0,0,0,0.424759666284192,2.15585409999767
21,3,1,0,1,1,62,10,95,135,0,0,0,6,2,0.400921658986175,0.161290322580645,0.373271889400922,0,0,0,3.61693071994887,3.94850290000613
21,3,1,0,1,1,16,16,65,95,0,0,0,6,2,0.350223546944858,0.268256333830104,0.131147540983607,0,0,0,2.80863580395033,11.5068131000007
21,3,1,0,1,1,20,15.75,35,30,0,0,0,6,2,0.395833333333333,0.5,0.0625,0,0,0,1.83434022170806,1.92313670000294
21,3,1,0,1,1,31,8.5,50,22,0,0,0,6,2,0.547945205479452,0.136986301369863,0.232876712328767,0,0,0,0.83899993617166,1.54022419999819
21,3,1,0,1,1,18,18.75,80,250,0,0,0,6,2,0.474006116207951,0.217125382262997,0.198776758409786,0,0,0,2.59656812927578,5.77310810000927
21,3,1,0,1,1,48,7,45,70,0,0,0,6,2,0.15036231884058,0.255434782608696,0.130434782608696,0,0,0,0.806174177785756,9.5223810000025
21,3,1,0,1,1,56,12,90,210,0,0,0,6,2,0.467455621301775,0.431952662721893,0.121301775147929,0,0,0,2.57953696641711,5.95299740000337
21,3,1,0,1,1,58,14,45,20,0,0,0,6,2,0.187022900763359,0.251908396946565,0.0744274809160305,0,0,0,1.77975385759916,17.7763643999933
21,3,1,0,1,1,44,5,40,65,0,0,0,6,2,0.39622641509434,0.0943396226415094,0.226415094339623,0,0,0,0.83899993617166,1.20570799999405
21,3,1,0,1,1,64,19.5,65,45,0,0,0,6,2,0.355731225296443,0.347826086956522,0.110671936758893,0,0,0,2.80790177908056,4.54661360000318
21,3,1,0,1,1,76,4,35,70,0,0,0,5,2,0.313131313131313,0.252525252525253,0.363636363636364,0,0,0,0.30922452820629,1.98300550000567
21,3,1,0,1,1,32,9.5,30,170,0,0,0,5,2,0.48936170212766,0.170212765957447,0.319148936170213,0,0,0,0.83899993617166,1.89557209999475
21,3,1,0,1,1,46,2,55,70,0,0,0,5,2,0.269230769230769,0.176923076923077,0.415384615384615,0,0,0,0.33399129143427,2.48859079999966
21,3,1,0,1,1,70,3.5,40,3,0,0,0,5,2,0.36,0.286666666666667,0.273333333333333,0,0,0,0.396455144963468,2.82025150000118
21,3,1,0,1,1,27,5.25,50,120,0,0,0,5,2,0.299435028248588,0.389830508474576,0.152542372881356,0,0,0,0.766145490481403,3.27837389998604
21,3,1,0,1,1,29,7,20,55,0,0,0,5,2,0.416,0.304,0.208,0,0,0,0.248667390442254,4.50078079999366
21,3,1,0,1,1,36,14,15,40,0,0,0,5,2,0.362068965517241,0.0172413793103448,0.370689655172414,0,0,0,0.824446099473469,2.25831370000378
21,3,1,0,1,1,23,7.75,60,120,0,0,0,5,2,0.339130434782609,0.356521739130435,0.130434782608696,0,0,0,1.01523900157096,2.24304760000086
21,3,1,0,1,1,34,12,15,85,0,0,0,5,2,0.396039603960396,0.099009900990099,0.376237623762376,0,0,0,0.986287214316132,2.01731760000985
21,3,1,0,1,1,63,5.5,70,40,0,0,0,5,2,0.297583081570997,0.309667673716012,0.211480362537764,0,0,0,1.00076832543155,11.3532334000047
21,3,1,0,1,1,79,10,10,140,0,0,0,5,2,0.431034482758621,0.258620689655172,0.431034482758621,0,0,0,0.537731952921952,1.29840499999409
21,3,1,0,1,1,17,3.25,85,205,0,0,0,5,2,0.507042253521127,0.0985915492957746,0.408450704225352,0,0,0,0.820671461251916,1.52484539999568
21,3,1,0,1,1,49,16,50,20,0,0,0,5,2,0.315789473684211,0.263157894736842,0.223684210526316,0,0,0,1.64863944086872,1.59049180000147
21,3,1,0,1,1,22,20,90,165,0,0,0,5,2,0.536842105263158,0.252631578947368,0.147368421052632,0,0,0,4.55560695168212,1.90225489999284
21,3,1,0,1,1,37,14.5,5,175,0,0,0,2,2,0.342465753424658,0.287671232876712,0.315068493150685,0,0,0,0.500012634268963,1.54994019999867
21,3,1,0,1,1,33,11,65,190,0,0,0,2,2,0.320261437908497,0.26797385620915,0.228758169934641,0,0,0,1.98520877468707,5.42350170000282
21,3,1,0,1,1,45,13.5,55,65,0,0,0,2,2,0.325652841781874,0.192012288786482,0.116743471582181,0,0,0,1.04414849718111,11.1747073000006
21,3,1,0,1,1,1,5,50,0,0,0,0,2,2,0.471910112359551,0.292134831460674,0.191011235955056,0,0,0,0.627264508667221,1.80668850000075
21,3,1,0,1,1,73,5,70,14,0,0,0,2,2,0.438888888888889,0.272222222222222,0.161111111111111,0,0,0,1.00537839182461,3.32521559999441
21,3,1,0,1,1,81,14,55,5,0,0,0,2,2,0.292207792207792,0.454545454545455,0.0909090909090909,0,0,0,1.5102605351144,2.88990639999975
21,3,1,0,1,1,74,7,40,120,0,0,0,2,2,0.444444444444444,0.2,0.288888888888889,0,0,0,0.728549610907045,1.83250160000171
21,3,1,0,1,1,11,18.25,70,55,0,0,0,2,2,0.484848484848485,0.287878787878788,0.166666666666667,0,0,0,2.61794948308567,1.42907670000568
21,3,1,0,1,1,47,16,100,5,0,0,0,2,2,0.527508090614887,0.181229773462783,0.242718446601942,0,0,0,5,5.47763649999979
21,3,1,0,1,1,21,6,95,55,0,0,0,2,2,0.3,0.227272727272727,0.372727272727273,0,0,0,1.76969412176175,2.16339889999654
21,3,1,0,1,1,42,20,30,170,0,0,0,2,2,0.355769230769231,0.326923076923077,0.134615384615385,0,0,0,0.9817828615978,2.05417119999765
21,3,1,0,1,1,68,2.5,65,25,0,0,0,2,2,0.441176470588235,0.372549019607843,0.137254901960784,0,0,0,0.586437000404228,2.03052689999458
21,3,1,0,1,1,9,2,30,19,0,0,0,2,2,0.0657894736842105,0.592105263157895,0.157894736842105,0,0,0,0.191075559896653,1.59529219999968
21,3,1,0,1,1,80,8,45,125,0,0,0,2,2,0.321138211382114,0.313008130081301,0.0813008130081301,0,0,0,0.880586215070622,4.4231504000054
21,3,1,0,1,1,82,9.5,20,25,0,0,0,1,2,0.479508196721311,0.19672131147541,0.0942622950819672,0,0,0,0.514655805526182,4.39695619999839
21,3,1,0,1,1,59,2,80,110,0,0,0,1,2,0.179775280898876,0.325842696629214,0.348314606741573,0,0,0,0.660762561552612,1.80765000000247
21,3,1,0,1,1,84,11,50,110,0,0,0,1,2,0.256410256410256,0.307692307692308,0.192307692307692,0,0,0,1.02500325524284,1.62770589999855
21,3,1,0,1,1,52,18.5,10,85,0,0,0,1,2,0.338461538461538,0.276923076923077,0.292307692307692,0,0,0,1.04654443054575,1.41974480000499
21,3,1,0,1,1,5,20,85,15,0,0,0,1,2,0.354838709677419,0.23719165085389,0.159392789373814,0,0,0,3.56857855368654,9.10795570000482
21,3,1,0,1,1,61,15,75,225,0,0,0,1,2,0.566757493188011,0.231607629427793,0.111716621253406,0,0,0,2.52660197593666,6.45109799999045
21,3,1,0,1,1,40,18,15,110,0,0,0,1,2,0.443877551020408,0.352040816326531,0.209183673469388,0,0,0,0.570545225625498,3.59139439999126
21,3,1,0,1,1,50,2.5,90,10,0,0,0,1,2,0.371428571428571,0.278571428571429,0.264285714285714,0,0,0,1.01523900157096,2.65710319999198
21,3,1,0,1,1,83,17,80,200,0,0,0,1,2,0.324324324324324,0.264864864864865,0.3,0,0,0,2.98415267181184,6.49768129999575
21,3,1,0,1,1,12,12,35,1,0,0,0,1,2,0.305970149253731,0.425373134328358,0.201492537313433,0,0,0,1.03938909995913,2.56566510000266
21,3,1,0,1,1,7,16.75,65,75,0,0,0,1,2,0.349184782608696,0.123641304347826,0.230978260869565,0,0,0,1.55254813778748,12.5896522999974
21,3,1,0,1,1,6,19,20,175,0,0,0,1,2,0.327868852459016,0.278688524590164,0.360655737704918,0,0,0,1.02500325524284,1.34488319999946
21,3,1,0,1,1,24,19,70,150,0,0,0,1,2,0.264248704663212,0.321243523316062,0.243523316062176,0,0,0,2.02534508357163,3.55489210000087
21,3,1,0,1,1,66,10,90,80,0,0,0,1,2,0.156448202959831,0.249471458773784,0.133192389006343,0,0,0,2.59690093275312,8.20238299999619
21,3,1,0,1,1,38,15.5,40,215,0,0,0,4,2,0.28,0.306666666666667,0.346666666666667,0,0,0,1.54895457447667,2.82750870000746
21,3,1,0,1,1,10,19.5,10,125,0,0,0,4,2,0.588785046728972,0.121495327102804,0.158878504672897,0,0,0,0.720672938878906,2.11607410000579
21,3,1,0,1,1,30,8,75,90,0,0,0,4,2,0.341880341880342,0.277777777777778,0.299145299145299,0,0,0,0.719018881297551,4.22751339999377
21,3,1,0,1,1,75,6,85,45,0,0,0,4,2,0.422155688622754,0.239520958083832,0.212574850299401,0,0,0,0.56924061523646,5.88956779999717
21,3,1,0,1,1,14,16.75,45,145,0,0,0,4,2,0.118099231306778,0.127183787561146,0.0754716981132075,0,0,0,0.660762561552612,24.1609912999993
21,3,1,0,1,1,28,6,25,7,0,0,0,4,2,0.430555555555556,0.277777777777778,0.194444444444444,0,0,0,0.394637039424488,1.53158249999979
21,3,1,0,1,1,39,17,35,15,0,0,0,4,2,0.246753246753247,0.0649350649350649,0.558441558441558,0,0,0,1.54530864553941,1.610783000011
21,3,1,0,1,1,4,8.5,20,90,0,0,0,4,2,0.411290322580645,0.112903225806452,0.483870967741935,0,0,0,0.557268608155763,2.40320430000429
21,3,1,0,1,1,57,10,50,95,0,0,0,4,2,0.573170731707317,0.0731707317073171,0.23780487804878,0,0,0,0.789858876175433,3.06746840001142
21,3,1,0,1,1,8,16,15,20,0,0,0,4,2,0.509803921568627,0.0392156862745098,0.411764705882353,0,0,0,0.523264926664609,2.02492270000221
21,3,1,0,1,1,3,15,85,14,0,0,0,4,2,0.27,0.258,0.03,0,0,0,2.50096987276623,25.3199659999955
21,3,1,0,1,1,15,17.25,25,55,0,0,0,4,2,0.282352941176471,0.235294117647059,0.317647058823529,0,0,0,1.06590380697004,4.58084809999855
21,3,1,0,1,1,77,12,75,25,0,0,0,4,2,0.507462686567164,0.0895522388059701,0.291044776119403,0,0,0,1.49895398605675,2.55647539999336
21,3,1,0,1,1,69,1.5,95,20,0,0,0,4,2,0.272727272727273,0.202797202797203,0.43006993006993,0,0,0,0.55599110580448,5.08644759999879
22,1,2,0,0,1,84,11,100,110,0,0,0,5,6,0.199885452462772,0.199312714776632,0.194730813287514,0,0,0,1.00076832543155,29.4148475999973
22,1,2,0,0,1,15,17.25,100,55,0,0,0,5,6,0.440425531914894,0.297872340425532,0.206382978723404,0,0,0,1.99769373642336,8.15136170000187
22,1,2,0,0,1,52,18.5,100,85,0,0,0,5,6,0.357859531772575,0.137123745819398,0.347826086956522,0,0,0,2.01605899932928,5.30703689999063
22,1,2,0,0,1,81,14,100,5,0,0,0,5,6,0.293233082706767,0.160401002506266,0.308270676691729,0,0,0,2.00671910402213,6.97710640000878
22,1,2,0,0,1,17,3.25,100,205,0,0,0,5,6,0.179577464788732,0.172535211267606,0.214788732394366,0,0,0,0.0588084678001479,5.05832179999561
22,1,2,0,0,1,1,5,100,0,0,0,0,5,6,0.337579617834395,0.312101910828025,0.254777070063694,0,0,0,1.00306810563501,2.94569880000199
22,1,2,0,0,1,76,4,100,70,0,0,0,5,6,0.24390243902439,0.357723577235772,0.317073170731707,0,0,0,0.514655805526182,2.3805749000021
22,1,2,0,0,1,83,17,100,200,0,0,0,5,6,0.386138613861386,0.217821782178218,0.287128712871287,0,0,0,2.03437690732758,2.01017480000155
22,1,2,0,0,1,9,2,100,19,0,0,0,5,6,0.138107416879795,0.135549872122762,0.294117647058824,0,0,0,0.132303765761925,6.84328479999385
22,1,2,0,0,1,82,9.5,100,25,0,0,0,5,6,0.402173913043478,0.16304347826087,0.358695652173913,0,0,0,1.01523900157096,1.87114230000589
22,1,2,0,0,1,7,16.75,100,75,0,0,0,5,6,0.453333333333333,0,0.48,0,0,0,2.02060852873471,1.57160589999694
22,1,2,0,0,1,10,19.5,100,125,0,0,0,5,6,0.366197183098592,0,0.436619718309859,0,0,0,3.04861203333111,2.69335799998953
22,1,2,0,0,1,14,16.75,100,145,0,0,0,5,6,0.391304347826087,0,0.330434782608696,0,0,0,1.53545528177342,2.24887190001027
22,1,2,0,0,1,57,10,100,95,0,0,0,5,6,0.252396166134185,0.21405750798722,0.373801916932907,0,0,0,1.00438697815057,5.53836019999289
22,1,2,0,0,1,38,15.5,100,215,0,0,0,3,6,0.541353383458647,0.154135338345865,0.259398496240602,0,0,0,1.05373135961709,4.75654159999976
22,1,2,0,0,1,26,4,100,50,0,0,0,3,6,0.17687074829932,0,0.331065759637188,0,0,0,0.523264926664609,7.68890130000364
22,1,2,0,0,1,29,7,100,55,0,0,0,3,6,0.203187250996016,0.0119521912350598,0.533864541832669,0,0,0,1.03955363605521,4.51080720000027
22,1,2,0,0,1,22,20,100,165,0,0,0,3,6,0.452173913043478,0.191304347826087,0.295652173913043,0,0,0,4.05412008468469,2.23844240000471
22,1,2,0,0,1,44,5,100,65,0,0,0,3,6,0.190669371196755,0.0588235294117647,0.602434077079107,0,0,0,0.436354120472807,8.54035590001149
22,1,2,0,0,1,51,1,100,3,0,0,0,3,6,0.643382352941177,0,0.904411764705882,0,0,0,0.117335978444171,9.39544389999355
22,1,2,0,0,1,39,17,100,15,0,0,0,3,6,0.305263157894737,0.0947368421052632,0.463157894736842,0,0,0,2.06567419186448,3.49399450000783
22,1,2,0,0,1,24,19,100,150,0,0,0,3,6,0.518518518518518,0,0.407407407407407,0,0,0,4.04920971854817,1.23289009998553
22,1,2,0,0,1,74,7,100,120,0,0,0,3,6,0.253521126760563,0,0.690140845070423,0,0,0,1.04898479061982,1.51769340000465
22,1,2,0,0,1,70,3.5,100,3,0,0,0,3,6,0.58695652173913,0,0.0869565217391304,0,0,0,0.249814793594549,1.09276939999836
22,1,2,0,0,1,28,6,100,7,0,0,0,3,6,0.207317073170732,0.304878048780488,0.402439024390244,0,0,0,1.05136913422507,1.70190519999596
22,1,2,0,0,1,36,14,100,40,0,0,0,3,6,0.679802955665025,0,0.605911330049261,0,0,0,3.04289105162242,3.71829970000545
22,1,2,0,0,1,40,18,100,110,0,0,0,3,6,0.406091370558376,0.0812182741116751,0.451776649746193,0,0,0,4.98974848273593,3.61332280001079
22,1,2,0,0,1,78,8.25,100,5,0,0,0,3,6,0.428571428571429,0.0693877551020408,0.289795918367347,0,0,0,1.55609045335916,4.41220279999834
22,1,2,0,0,1,12,12,100,1,0,0,0,6,6,0.426778242677824,0.301255230125523,0.230125523012552,0,0,0,1.98036370535647,4.30637890000071
22,1,2,0,0,1,72,6.5,100,60,0,0,0,6,6,0.641509433962264,0,0.39622641509434,0,0,0,0.99393131483766,1.22127759999421
22,1,2,0,0,1,23,7.75,100,120,0,0,0,6,6,0.382165605095541,0.152866242038217,0.452229299363057,0,0,0,1.03702549107566,2.9396115999989
22,1,2,0,0,1,41,19,100,245,0,0,0,6,6,0.405063291139241,0.329113924050633,0.221518987341772,0,0,0,1.98874654256517,2.95912580000004
22,1,2,0,0,1,20,15.75,100,30,0,0,0,6,6,0.36969696969697,0.187878787878788,0.266666666666667,0,0,0,2.02119912771988,3.08059430000139
22,1,2,0,0,1,58,14,100,20,0,0,0,6,6,0.339622641509434,0.245283018867925,0.245283018867925,0,0,0,1.99805720948986,1.20730889998958
22,1,2,0,0,1,48,7,100,70,0,0,0,6,6,0.385542168674699,0.0120481927710843,0.578313253012048,0,0,0,0.954273201350713,1.71386999999231
22,1,2,0,0,1,16,16,100,95,0,0,0,6,6,0.271929824561404,0.210526315789474,0.482456140350877,0,0,0,2.01281226802442,2.23838640000031
22,1,2,0,0,1,19,17.5,100,40,0,0,0,6,6,0.602739726027397,0.26027397260274,0.0547945205479452,0,0,0,1.96939269792888,1.54250260000117
22,1,2,0,0,1,68,2.5,100,25,0,0,0,6,6,0.203007518796992,0,0.75187969924812,0,0,0,0.277887182402512,2.54226869999547
22,1,2,0,0,1,75,6,100,45,0,0,0,6,6,0.265822784810127,0.620253164556962,0.0632911392405063,0,0,0,0.514655805526182,1.6491248000093
22,1,2,0,0,1,8,16,100,20,0,0,0,6,6,0.221498371335505,0.0586319218241042,0.299674267100977,0,0,0,3.56394394253553,5.44431449999684
22,1,2,0,0,1,80,8,100,125,0,0,0,6,6,0.318181818181818,0.196969696969697,0.303030303030303,0,0,0,0.998478980309287,2.53058589999273
22,1,2,0,0,1,2,7.5,100,25,0,0,0,6,6,0.453237410071942,0,0.503597122302158,0,0,0,2.04832764699134,2.63858260000416
22,1,2,0,0,1,62,10,100,135,0,0,0,2,6,0.394495412844037,0.211009174311927,0.275229357798165,0,0,0,0.959497231635545,2.13984350000101
22,1,2,0,0,1,66,10,100,80,0,0,0,2,6,0.23021582733813,0.0935251798561151,0.467625899280576,0,0,0,1.97938235278756,4.95662389999779
22,1,2,0,0,1,71,6,100,45,0,0,0,2,6,0.171617161716172,0.29042904290429,0.363036303630363,0,0,0,1.03443779722067,5.37646110000787
22,1,2,0,0,1,4,8.5,100,90,0,0,0,2,6,0.498480243161094,0.11854103343465,0.252279635258359,0,0,0,1.09620077145382,5.80546529999992
22,1,2,0,0,1,55,16.5,100,155,0,0,0,2,6,0.280898876404494,0.106741573033708,0.455056179775281,0,0,0,2.62548641451742,3.29402490000939
22,1,2,0,0,1,56,12,100,210,0,0,0,2,6,0.405797101449275,0,0.217391304347826,0,0,0,2.02176508462657,1.48688889999175
22,1,2,0,0,1,61,15,100,225,0,0,0,2,6,0.348684210526316,0.0921052631578947,0.5,0,0,0,3.00913897615738,2.85588499999722
22,1,2,0,0,1,46,2,100,70,0,0,0,2,6,0.148148148148148,0.17037037037037,0.392592592592593,0,0,0,0.146660632657976,2.58516470000905
22,1,2,0,0,1,43,3,100,0,0,0,0,2,6,0.370629370629371,0.234265734265734,0.202797202797203,0,0,0,0.51584468869974,5.10077410000667
22,1,2,0,0,1,59,2,100,110,0,0,0,2,6,0.545454545454545,0.272727272727273,0.0909090909090909,0,0,0,0.103146954843652,1.42891269999382
22,1,2,0,0,1,49,16,100,20,0,0,0,2,6,0.548611111111111,0.0277777777777778,0.222222222222222,0,0,0,3.04910654650096,2.73196019999159
22,1,2,0,0,1,33,11,100,190,0,0,0,2,6,0.476923076923077,0.307692307692308,0.153846153846154,0,0,0,1.54895457447667,1.41553359999671
22,1,2,0,0,1,65,1.75,100,10,0,0,0,2,6,0.320754716981132,0,0.251572327044025,0,0,0,0.117606900649861,2.97081070000422
22,1,2,0,0,1,32,9.5,100,170,0,0,0,2,6,0.443396226415094,0,0.471698113207547,0,0,0,1.09442926670676,2.09382259999984
22,1,2,0,0,1,45,13.5,100,65,0,0,0,1,6,0.616071428571429,0.205357142857143,0,0,0,0,2.03029314077614,2.19810159999179
22,1,2,0,0,1,5,20,100,15,0,0,0,1,6,0.356060606060606,0.128787878787879,0.272727272727273,0,0,0,5.01995666730523,2.53358180000214
22,1,2,0,0,1,63,5.5,100,40,0,0,0,1,6,0.371428571428571,0.238095238095238,0.285714285714286,0,0,0,1.01573780261388,2.0855933999992
22,1,2,0,0,1,11,18.25,100,55,0,0,0,1,6,0.388235294117647,0.129411764705882,0.158823529411765,0,0,0,3.50913235535461,3.15700669999933
22,1,2,0,0,1,77,12,100,25,0,0,0,1,6,0.105263157894737,0.333333333333333,0.473684210526316,0,0,0,2.03477295266144,1.28352799999993
22,1,2,0,0,1,50,2.5,100,10,0,0,0,1,6,0.0135135135135135,0,0.932432432432432,0,0,0,0.279814478620207,1.55811500000709
22,1,2,0,0,1,6,19,100,175,0,0,0,1,6,0.37037037037037,0.175925925925926,0.268518518518519,0,0,0,3.04336021889254,2.12303040000552
22,1,2,0,0,1,79,10,100,140,0,0,0,1,6,0.260683760683761,0.0854700854700855,0.217948717948718,0,0,0,1.02500325524284,4.23166220000712
22,1,2,0,0,1,60,15,100,31,0,0,0,1,6,0.357200321802092,0.0225261464199517,0.209171359613837,0,0,0,2.07500150370863,21.0695451999927
22,1,2,0,0,1,34,12,100,85,0,0,0,1,6,0.328358208955224,0,0.447761194029851,0,0,0,1.06570201295072,1.45472719999088
22,1,2,0,0,1,69,1.5,100,20,0,0,0,1,6,0.207547169811321,0.188679245283019,0.5,0,0,0,0.190197575450288,2.10051039999234
22,1,2,0,0,1,13,19.5,100,7,0,0,0,1,6,0.328947368421053,0.173245614035088,0.0855263157894737,0,0,0,3.97358317224264,7.91946600000665
22,1,2,0,0,1,42,20,100,170,0,0,0,1,6,0.217105263157895,0.296052631578947,0.447368421052632,0,0,0,4.96924566086914,2.85771789999853
22,1,2,0,0,1,18,18.75,100,250,0,0,0,1,6,0.640449438202247,0,0.280898876404494,0,0,0,3.66391641424073,1.80778249999275
22,1,2,0,0,1,31,8.5,100,22,0,0,0,4,6,0.474576271186441,0.355932203389831,0.0847457627118644,0,0,0,1.02267121716315,1.30853489998844
22,1,2,0,0,1,47,16,100,5,0,0,0,4,6,0.470588235294118,0,0.455882352941176,0,0,0,5,1.46761190000689
22,1,2,0,0,1,37,14.5,100,175,0,0,0,4,6,0.147350993377483,0.0678807947019868,0.122516556291391,0,0,0,2.02990165582899,10.3915248999983
22,1,2,0,0,1,35,13,100,30,0,0,0,4,6,0.295454545454545,0,0.590909090909091,0,0,0,3.04336021889254,1.06785509998736
22,1,2,0,0,1,64,19.5,100,45,0,0,0,4,6,0.315789473684211,0,0.578947368421053,0,0,0,4.98981409233409,1.60392529999081
22,1,2,0,0,1,21,6,100,55,0,0,0,4,6,0.333333333333333,0.133333333333333,0.506666666666667,0,0,0,0.44240925077715,1.58330849999038
22,1,2,0,0,1,53,14,100,60,0,0,0,4,6,0.395522388059701,0.108208955223881,0.272388059701493,0,0,0,1.97052752226795,4.79469049999898
22,1,2,0,0,1,54,9.25,100,4,0,0,0,4,6,0.738095238095238,0,0.142857142857143,0,0,0,1.48464764238404,1.03842739999527
22,1,2,0,0,1,3,15,100,14,0,0,0,4,6,0.444444444444444,0,0.333333333333333,0,0,0,2.57762116818313,1.22944450000068
22,1,2,0,0,1,73,5,100,14,0,0,0,4,6,0.426829268292683,0.0365853658536585,0.573170731707317,0,0,0,1.00127848341535,1.69060650000756
22,1,2,0,0,1,30,8,100,90,0,0,0,4,6,0.38655462184874,0.218487394957983,0.378151260504202,0,0,0,1.08276259871421,2.31796889999532
22,1,2,0,0,1,25,9,100,160,0,0,0,4,6,0.741176470588235,0,0.129411764705882,0,0,0,1.03378906783531,1.74968140000419
22,1,2,0,0,1,67,8.5,100,105,0,0,0,4,6,0.212520593080725,0.0650741350906096,0.182866556836903,0,0,0,1.06550574546091,20.6093719999917
22,1,2,0,0,1,27,5.25,100,120,0,0,0,4,6,0.419753086419753,0.0246913580246914,0.419753086419753,0,0,0,0.513899099857166,1.68484329999774
22,2,2,0,1,0,71,6,25,0,0,0,0,3,4,0.182282793867121,0.189097103918228,0.0902896081771721,0,0,0,0.498862597500583,10.1023169000109
22,2,2,0,1,0,7,16.75,65,0,0,0,0,3,4,0.598726114649682,0.213375796178344,0.054140127388535,0,0,0,2.03029314077614,16.0212288000039
22,2,2,0,1,0,50,2.5,90,0,0,0,0,3,4,0.306451612903226,0.361751152073733,0.145161290322581,0,0,0,0.526865528279895,7.56176930000947
22,2,2,0,1,0,43,3,30,0,0,0,0,3,4,0.430232558139535,0.302325581395349,0.22093023255814,0,0,0,0.189327620336417,1.76022770001146
22,2,2,0,1,0,45,13.5,55,0,0,0,0,3,4,0.564885496183206,0.286259541984733,0.0725190839694656,0,0,0,2.03029314077614,4.69845850000274
22,2,2,0,1,0,60,15,35,0,0,0,0,3,4,0.212121212121212,0.704545454545455,0,0,0,0,1.06062568564242,2.52986640000017
22,2,2,0,1,0,66,10,90,0,0,0,0,3,4,0.928571428571429,0.0204081632653061,0,0,0,0,2.64782676192647,1.96963640001195
22,2,2,0,1,0,59,2,80,0,0,0,0,3,4,0.606741573033708,0.247191011235955,0,0,0,0,0.235133583291496,1.80473869999696
22,2,2,0,1,0,11,18.25,70,0,0,0,0,3,4,0.570570570570571,0.147147147147147,0,0,0,0,3.48946262954722,5.87396789999912
22,2,2,0,1,0,28,6,25,0,0,0,0,3,4,0.379139072847682,0.281456953642384,0.0397350993377483,0,0,0,1.00601641188096,10.3907597999932
22,2,2,0,1,0,74,7,40,0,0,0,0,3,4,0.532608695652174,0.0760869565217391,0,0,0,0,1.00663697220339,1.86208199999237
22,2,2,0,1,0,53,14,90,0,0,0,0,3,4,0.485981308411215,0.294392523364486,0.00467289719626168,0,0,0,3.01597519363175,3.89122740000312
22,2,2,0,1,0,73,5,70,0,0,0,0,3,4,0.233102253032929,0.27209705372617,0.122183708838821,0,0,0,1.11362261472168,19.6100745000003
22,2,2,0,1,0,55,16.5,25,0,0,0,0,3,4,0.409090909090909,0.251336898395722,0.0374331550802139,0,0,0,2.00317806551255,6.5569123000023
22,2,2,0,1,0,56,12,90,0,0,0,0,5,4,0.612903225806452,0.139784946236559,0.118279569892473,0,0,0,2.00252845350219,4.98226530000102
22,2,2,0,1,0,67,8.5,50,0,0,0,0,5,4,0.356020942408377,0.424083769633508,0.0575916230366492,0,0,0,2.02157907446669,3.51961879999726
22,2,2,0,1,0,77,12,75,0,0,0,0,5,4,0.732638888888889,0.451388888888889,0.402777777777778,0,0,0,2.43854349718011,5.13488080000388
22,2,2,0,1,0,24,19,70,0,0,0,0,5,4,0.621052631578947,0.178947368421053,0.347368421052632,0,0,0,3.99785306317981,1.91013089999615
22,2,2,0,1,0,26,4,45,0,0,0,0,5,4,0.358024691358025,0.432098765432099,0.197530864197531,0,0,0,0.536510065680954,1.67725480000081
22,2,2,0,1,0,21,6,95,0,0,0,0,5,4,0.647058823529412,0.317647058823529,0.0117647058823529,0,0,0,1.05376424236025,1.74990229999821
22,2,2,0,1,0,14,16.75,45,0,0,0,0,5,4,0.606896551724138,0.372413793103448,0,0,0,0,3.02836981943812,2.74676080000063
22,2,2,0,1,0,30,8,75,0,0,0,0,5,4,0.368421052631579,0.24812030075188,0.180451127819549,0,0,0,2.0438850812619,2.54651439998997
22,2,2,0,1,0,27,5.25,50,0,0,0,0,5,4,0.563636363636364,0.3,0,0,0,0,1.43177874325004,2.1602608999965
22,2,2,0,1,0,62,10,95,0,0,0,0,5,4,0.277777777777778,0.329365079365079,0.0555555555555556,0,0,0,3.0031672681068,4.53261180000845
22,2,2,0,1,0,39,17,35,0,0,0,0,5,4,0.625,0.25,0,0,0,0,1.40612592543978,1.00790539999434
22,2,2,0,1,0,81,14,55,0,0,0,0,5,4,0.833333333333333,0.0714285714285714,0,0,0,0,3.05688918042794,1.03318899999431
22,2,2,0,1,0,37,14.5,5,0,0,0,0,5,4,0.727272727272727,0.136363636363636,0,0,0,0,0.331723366254206,1.0560695999884
22,2,2,0,1,0,47,16,100,0,0,0,0,5,4,0.421052631578947,0.4,0.0210526315789474,0,0,0,3.99037035241822,1.91597499999625
22,2,2,0,1,0,82,9.5,20,0,0,0,0,4,4,0.591304347826087,0.269565217391304,0.0173913043478261,0,0,0,0.994719259350461,2.24361740000313
22,2,2,0,1,0,44,5,40,0,0,0,0,4,4,0.253481894150418,0.275766016713092,0.0584958217270195,0,0,0,0.994719259350461,6.31310890000896
22,2,2,0,1,0,41,19,65,0,0,0,0,4,4,0.475409836065574,0.426229508196721,0,0,0,0,3.22545866523825,1.35098469999502
22,2,2,0,1,0,31,8.5,50,0,0,0,0,4,4,0.414225941422594,0.125523012552301,0.0920502092050209,0,0,0,4.07104265635341,4.31750309999916
22,2,2,0,1,0,75,6,85,0,0,0,0,4,4,0.491803278688525,0.368852459016393,0,0,0,0,2.04832764699134,2.37142120000499
22,2,2,0,1,0,19,17.5,25,0,0,0,0,4,4,0.447298494242693,0.224092116917626,0.0487156775907883,0,0,0,2.04832764699134,19.1356878999941
22,2,2,0,1,0,61,15,75,0,0,0,0,4,4,0.482014388489209,0.381294964028777,0,0,0,0,4.03498555863615,2.63893040000403
22,2,2,0,1,0,63,5.5,70,0,0,0,0,4,4,0.444444444444444,0.347222222222222,0,0,0,0,1.99769373642336,1.53658640000504
22,2,2,0,1,0,38,15.5,40,0,0,0,0,4,4,0.621212121212121,0.333333333333333,0,0,0,0,2.04832764699134,1.42698380000365
22,2,2,0,1,0,1,5,50,0,0,0,0,4,4,0.825,0,0,0,0,0,1.45117460562196,0.993607200012775
22,2,2,0,1,0,57,10,50,0,0,0,0,4,4,0.293103448275862,0.5,0,0,0,0,3.02254814418137,1.29878650000319
22,2,2,0,1,0,36,14,15,0,0,0,0,4,4,0.466666666666667,0.171428571428571,0.152380952380952,0,0,0,1.99041421982296,2.08114699998987
22,2,2,0,1,0,18,18.75,80,0,0,0,0,4,4,0.3,0.48,0,0,0,0,4.86032528713172,4.51230129999749
22,2,2,0,1,0,10,19.5,10,0,0,0,0,4,4,0.766666666666667,0.0666666666666667,0,0,0,0,1.99979901320322,0.836653399994248
22,2,2,0,1,0,46,2,55,0,0,0,0,6,4,0.278056951423786,0.326633165829146,0.067001675041876,0,0,0,0.647669672889815,10.26598869999
22,2,2,0,1,0,29,7,20,0,0,0,0,6,4,0.369477911646586,0.401606425702811,0,0,0,0,2.00671910402213,4.47408850000647
22,2,2,0,1,0,17,3.25,85,0,0,0,0,6,4,0.430769230769231,0.507692307692308,0,0,0,0,0.479831922798493,1.41432170000917
22,2,2,0,1,0,20,15.75,35,0,0,0,0,6,4,0.507246376811594,0.376811594202899,0,0,0,0,2.09845415218992,1.47274570001173
22,2,2,0,1,0,16,16,65,0,0,0,0,6,4,0.44,0.48,0,0,0,0,4.03052282754336,1.16551099999924
22,2,2,0,1,0,34,12,15,0,0,0,0,6,4,0.336236933797909,0.325783972125436,0.0418118466898955,0,0,0,1.025365500544,9.88392920000479
22,2,2,0,1,0,84,11,50,0,0,0,0,6,4,0.233766233766234,0.376623376623377,0,0,0,0,2.93873294455918,1.60715090000303
22,2,2,0,1,0,65,1.75,80,0,0,0,0,6,4,0.0838363514419852,0.303152246814219,0,0,0,0,0.323177871749809,25.1570728000079
22,2,2,0,1,0,70,3.5,40,0,0,0,0,6,4,0.426666666666667,0.533333333333333,0,0,0,0,0.321694530412625,1.58535459999985
22,2,2,0,1,0,78,8.25,20,0,0,0,0,6,4,0.506329113924051,0.234177215189873,0,0,0,0,1.53256442398516,2.96476709999843
22,2,2,0,1,0,35,13,70,0,0,0,0,6,4,0.478632478632479,0.222222222222222,0,0,0,0,3.05924199649662,2.28629219999129
22,2,2,0,1,0,52,18.5,10,0,0,0,0,6,4,0.459459459459459,0.340540540540541,0.12972972972973,0,0,0,1.54905417548615,3.41005839999707
22,2,2,0,1,0,80,8,45,0,0,0,0,6,4,0.253333333333333,0.466666666666667,0,0,0,0,1.99321042916964,1.58455559999857
22,2,2,0,1,0,48,7,45,0,0,0,0,6,4,0.462809917355372,0.371900826446281,0,0,0,0,1.0372220514598,2.34546739999496
22,2,2,0,1,0,40,18,15,0,0,0,0,2,4,0.339285714285714,0.214285714285714,0.125,0,0,0,2.03090991282208,2.19532820000313
22,2,2,0,1,0,76,4,35,0,0,0,0,2,4,0.032258064516129,0.451612903225806,0.241935483870968,0,0,0,0.509340533189036,1.36441219999688
22,2,2,0,1,0,54,9.25,40,0,0,0,0,2,4,0.471830985915493,0.267605633802817,0.225352112676056,0,0,0,1.45337495427197,2.69205990000046
22,2,2,0,1,0,32,9.5,30,0,0,0,0,2,4,0,0.462962962962963,0.37037037037037,0,0,0,1.06050284061757,1.23280880000675
22,2,2,0,1,0,58,14,45,0,0,0,0,2,4,0.434782608695652,0.326086956521739,0.181159420289855,0,0,0,3.46944240892504,2.6368466999993
22,2,2,0,1,0,64,19.5,65,0,0,0,0,2,4,0.325581395348837,0.558139534883721,0,0,0,0,5.97407732556883,1.05481070000678
22,2,2,0,1,0,42,20,30,0,0,0,0,2,4,0.309090909090909,0.618181818181818,0,0,0,0,2.05733216393372,1.24249290001171
22,2,2,0,1,0,3,15,85,0,0,0,0,2,4,0.282608695652174,0.630434782608696,0,0,0,0,4.09102398388691,1.09031519999553
22,2,2,0,1,0,12,12,35,0,0,0,0,2,4,0.318181818181818,0.636363636363636,0.0454545454545455,0,0,0,1.66539169974585,1.0608404000086
22,2,2,0,1,0,13,19.5,5,0,0,0,0,2,4,0.304347826086957,0.369565217391304,0.304347826086957,0,0,0,0.474424148146351,1.10268480000377
22,2,2,0,1,0,5,20,85,0,0,0,0,2,4,0.183333333333333,0.75,0,0,0,0,8.01390973338282,1.32652630000666
22,2,2,0,1,0,25,9,60,0,0,0,0,2,4,0.136363636363636,0.613636363636364,0,0,0,0,3.00342891776033,1.06576800000039
22,2,2,0,1,0,68,2.5,65,0,0,0,0,2,4,0.378378378378378,0.594594594594595,0,0,0,0,0.678988355900845,2.17306210000243
22,2,2,0,1,0,51,1,40,0,0,0,0,2,4,0.3125,0.416666666666667,0.229166666666667,0,0,0,0.205290029554956,1.12843639998755
22,2,2,0,1,0,72,6.5,90,0,0,0,0,1,4,0.432432432432432,0.337837837837838,0.243243243243243,0,0,0,2.00349600976258,1.55678139999509
22,2,2,0,1,0,33,11,65,0,0,0,0,1,4,0.413461538461538,0.418269230769231,0.105769230769231,0,0,0,3.99411413572914,3.79595339999651
22,2,2,0,1,0,49,16,50,0,0,0,0,1,4,0.502923976608187,0.362573099415205,0.116959064327485,0,0,0,5.97330010695181,3.1700267999986
22,2,2,0,1,0,23,7.75,60,0,0,0,0,1,4,0.646739130434783,0.236413043478261,0.0489130434782609,0,0,0,2.19511122194051,6.46575380000286
22,2,2,0,1,0,6,19,20,0,0,0,0,1,4,0.140350877192982,0.771929824561403,0,0,0,0,2.8880124977105,1.27569829999993
22,2,2,0,1,0,4,8.5,20,0,0,0,0,1,4,0.3,0.625,0.025,0,0,0,1.00146715062697,0.993926600000123
22,2,2,0,1,0,83,17,80,0,0,0,0,1,4,0.791666666666667,0,0,0,0,0,5.94786284554979,0.743403600004967
22,2,2,0,1,0,9,2,30,0,0,0,0,1,4,0.471698113207547,0.452830188679245,0,0,0,0,0.159121798240513,1.20641729999625
22,2,2,0,1,0,8,16,15,0,0,0,0,1,4,0.46,0.5,0,0,0,0,1.56648363218704,1.99236820000806
22,2,2,0,1,0,79,10,10,0,0,0,0,1,4,0.43859649122807,0.526315789473684,0,0,0,0,0.982739921532566,1.28163800000038
22,2,2,0,1,0,69,1.5,95,0,0,0,0,1,4,0.578125,0.359375,0,0,0,0,0.5534535483676,1.39370490000874
22,2,2,0,1,0,22,20,90,0,0,0,0,1,4,0.481132075471698,0.509433962264151,0.0188679245283019,0,0,0,8.02061764721244,2.10349090000091
22,2,2,0,1,0,2,7.5,75,0,0,0,0,1,4,0.454301075268817,0.438172043010753,0.0806451612903226,0,0,0,2.0575943037999,6.52445680000528
22,2,2,0,1,0,15,17.25,25,0,0,0,0,1,4,0.458677685950413,0.429752066115702,0.0743801652892562,0,0,0,2.08404226655223,4.35995549999643
22,3,2,0,1,1,32,9.5,30,170,0,0,0,5,2,0.421487603305785,0.206611570247934,0.173553719008264,0,0,0,1.06570201295072,10.4028620000026
22,3,2,0,1,1,9,2,30,19,0,0,0,5,2,0.369047619047619,0.255952380952381,0.297619047619048,0,0,0,0.116797861060416,3.13495500000136
22,3,2,0,1,1,46,2,55,70,0,0,0,5,2,0.496,0.256,0.232,0,0,0,0.390163812835812,2.40551289998984
22,3,2,0,1,1,28,6,25,7,0,0,0,5,2,0.378378378378378,0.351351351351351,0.158301158301158,0,0,0,0.277887182402512,4.64610420000099
22,3,2,0,1,1,22,20,90,165,0,0,0,5,2,0.702173913043478,0.0565217391304348,0.173913043478261,0,0,0,7.00927170922763,7.99266930000158
22,3,2,0,1,1,14,16.75,45,145,0,0,0,5,2,0.513513513513513,0.154791154791155,0.30958230958231,0,0,0,4.00715401749092,7.11242230000789
22,3,2,0,1,1,84,11,50,110,0,0,0,5,2,0.398625429553265,0.223367697594502,0.298969072164948,0,0,0,2.05275784650144,5.17127120000077
22,3,2,0,1,1,43,3,30,0,0,0,0,5,2,0.470588235294118,0.362745098039216,0,0,0,0,0.393734217636531,2.02081489999546
22,3,2,0,1,1,35,13,70,30,0,0,0,5,2,0.481395348837209,0.223255813953488,0.227906976744186,0,0,0,3.58809849985371,7.50162180000916
22,3,2,0,1,1,40,18,15,110,0,0,0,5,2,0.591549295774648,0.253521126760563,0,0,0,0,1.98131751428238,2.6981972999929
22,3,2,0,1,1,83,17,80,200,0,0,0,5,2,0.483720930232558,0.134883720930233,0.26046511627907,0,0,0,3.95026699982364,3.91761010000482
22,3,2,0,1,1,56,12,90,210,0,0,0,5,2,0.492307692307692,0.246153846153846,0.223076923076923,0,0,0,2.00701908506628,2.49963239999488
22,3,2,0,1,1,20,15.75,35,30,0,0,0,5,2,0.320710059171598,0.106508875739645,0.111242603550296,0,0,0,2.05278889203799,14.3955110999959
22,3,2,0,1,1,1,5,50,0,0,0,0,5,2,0.631284916201117,0.128491620111732,0.184357541899441,0,0,0,1.0703020084409,3.31868919999397
22,3,2,0,1,1,70,3.5,40,3,0,0,0,4,2,0.304644808743169,0.209016393442623,0.307377049180328,0,0,0,0.465344102970153,12.5143928999896
22,3,2,0,1,1,38,15.5,40,215,0,0,0,4,2,0.570107858243451,0.204930662557781,0.0801232665639445,0,0,0,2.54050090243329,11.1389005000092
22,3,2,0,1,1,33,11,65,190,0,0,0,4,2,0.279877425944842,0.101123595505618,0.208375893769152,0,0,0,2.5684028170765,16.6419659000094
22,3,2,0,1,1,80,8,45,125,0,0,0,4,2,0.363207547169811,0.202830188679245,0.358490566037736,0,0,0,1.29345758471507,3.86771299999964
22,3,2,0,1,1,44,5,40,65,0,0,0,4,2,0.410628019323671,0.214975845410628,0.21256038647343,0,0,0,0.380929839872771,7.2206678000075
22,3,2,0,1,1,52,18.5,10,85,0,0,0,4,2,0.61038961038961,0.12987012987013,0.162337662337662,0,0,0,1.05363791450096,2.90021790000901
22,3,2,0,1,1,15,17.25,25,55,0,0,0,4,2,0.550802139037433,0.171122994652406,0.267379679144385,0,0,0,1.98084397979028,3.45330470000044
22,3,2,0,1,1,16,16,65,95,0,0,0,4,2,0.461538461538462,0.225641025641026,0.235897435897436,0,0,0,3.54421801551573,3.57724170001165
22,3,2,0,1,1,39,17,35,15,0,0,0,4,2,0.517241379310345,0.32183908045977,0.160919540229885,0,0,0,1.96356898565915,3.22752659999242
22,3,2,0,1,1,82,9.5,20,25,0,0,0,4,2,0.127537740760021,0.079646017699115,0.112441436751692,0,0,0,0.996199999994484,32.3274000000092
22,3,2,0,1,1,50,2.5,90,10,0,0,0,4,2,0.459893048128342,0.133689839572193,0.0775401069518717,0,0,0,0.202953467330108,6.59299770000507
22,3,2,0,1,1,11,18.25,70,55,0,0,0,4,2,0.404411764705882,0.213235294117647,0.213235294117647,0,0,0,4.8865141701581,2.58932290000666
22,3,2,0,1,1,67,8.5,50,105,0,0,0,4,2,0.397727272727273,0.401515151515151,0.136363636363636,0,0,0,2.53085299893165,4.72580320000998
22,3,2,0,1,1,12,12,35,1,0,0,0,4,2,0.341176470588235,0.447058823529412,0.117647058823529,0,0,0,1.95673400023076,3.16483359999256
22,3,2,0,1,1,10,19.5,10,125,0,0,0,2,2,0.334426229508197,0.0491803278688525,0.0295081967213115,0,0,0,2.07951241090256,5.40948309999658
22,3,2,0,1,1,79,10,10,140,0,0,0,2,2,0.323308270676692,0.353383458646617,0.323308270676692,0,0,0,0.347692028734251,2.54740619999939
22,3,2,0,1,1,57,10,50,95,0,0,0,2,2,0.467889908256881,0.229357798165138,0.284403669724771,0,0,0,2.28734248030404,2.14549999999872
22,3,2,0,1,1,31,8.5,50,22,0,0,0,2,2,0.444444444444444,0.333333333333333,0.166666666666667,0,0,0,1.98430195505509,1.53711830000975
22,3,2,0,1,1,71,6,25,45,0,0,0,2,2,0.209158415841584,0.257425742574257,0.295792079207921,0,0,0,1.56302565627804,13.793399400005
22,3,2,0,1,1,53,14,90,60,0,0,0,2,2,0.573863636363636,0.0852272727272727,0.261363636363636,0,0,0,5.07129843337973,3.26323419999972
22,3,2,0,1,1,62,10,95,135,0,0,0,2,2,0.418181818181818,0.181818181818182,0.309090909090909,0,0,0,3.50086181349558,2.16820819998975
22,3,2,0,1,1,8,16,15,20,0,0,0,2,2,0.43312101910828,0.264331210191083,0.280254777070064,0,0,0,2.01205340865895,5.55923140000959
22,3,2,0,1,1,48,7,45,70,0,0,0,2,2,0.241935483870968,0.290322580645161,0.317204301075269,0,0,0,1.13462930468888,3.42330350000702
22,3,2,0,1,1,23,7.75,60,120,0,0,0,2,2,0.494117647058824,0.223529411764706,0.258823529411765,0,0,0,1.93895356887414,1.74773800000548
22,3,2,0,1,1,60,15,35,31,0,0,0,2,2,0.483870967741935,0.467741935483871,0,0,0,0,1.94658332394302,1.36448340000061
22,3,2,0,1,1,25,9,60,160,0,0,0,2,2,0.492537313432836,0.149253731343284,0.350746268656716,0,0,0,1.54934208384854,2.56565990000672
22,3,2,0,1,1,47,16,100,5,0,0,0,2,2,0.514450867052023,0.132947976878613,0.271676300578035,0,0,0,4.00715401749092,3.21054939999885
22,3,2,0,1,1,4,8.5,20,90,0,0,0,2,2,0.592592592592593,0.172839506172839,0.222222222222222,0,0,0,1.0703020084409,3.02627579998807
22,3,2,0,1,1,81,14,55,5,0,0,0,1,2,0.211494252873563,0.103448275862069,0.227586206896552,0,0,0,3.03409859381446,7.58728999999585
22,3,2,0,1,1,37,14.5,5,175,0,0,0,1,2,0.455882352941176,0.367647058823529,0.132352941176471,0,0,0,1.04189563270048,1.46392229999765
22,3,2,0,1,1,73,5,70,14,0,0,0,1,2,0.238095238095238,0.507936507936508,0.178571428571429,0,0,0,1.01291767143232,4.52478999999585
22,3,2,0,1,1,41,19,65,245,0,0,0,1,2,0.137254901960784,0.375816993464052,0.156862745098039,0,0,0,4.01139881452826,5.45564790000208
22,3,2,0,1,1,72,6.5,90,60,0,0,0,1,2,0.337777777777778,0.235555555555556,0.226666666666667,0,0,0,1.5979327323434,4.08056619999115
22,3,2,0,1,1,21,6,95,55,0,0,0,1,2,0.366013071895425,0.352941176470588,0.124183006535948,0,0,0,1.99946037583998,2.87168060000113
22,3,2,0,1,1,65,1.75,80,10,0,0,0,1,2,0.501945525291829,0.233463035019455,0.178988326848249,0,0,0,0.249814793594549,4.61458280000079
22,3,2,0,1,1,18,18.75,80,250,0,0,0,1,2,0.539944903581267,0.199724517906336,0.0757575757575758,0,0,0,4.06873355318168,12.4231497000001
22,3,2,0,1,1,75,6,85,45,0,0,0,1,2,0.546875,0,0.203125,0,0,0,1.29345758471507,1.4034290999989
22,3,2,0,1,1,64,19.5,65,45,0,0,0,1,2,0.443661971830986,0.288732394366197,0.190140845070423,0,0,0,4.33338807551174,2.69859729999735
22,3,2,0,1,1,74,7,40,120,0,0,0,1,2,0.383620689655172,0.448275862068966,0.103448275862069,0,0,0,2.03496266090805,4.18754650000483
22,3,2,0,1,1,59,2,80,110,0,0,0,1,2,0.437158469945355,0.355191256830601,0.202185792349727,0,0,0,0.330974214052539,3.38450259999081
22,3,2,0,1,1,55,16.5,25,155,0,0,0,1,2,0.542253521126761,0.232394366197183,0,0,0,0,1.54211229541013,2.69133020000299
22,3,2,0,1,1,78,8.25,20,5,0,0,0,1,2,0.401015228426396,0.215736040609137,0.271573604060914,0,0,0,1.08248188291225,6.89864610000222
22,3,2,0,1,1,5,20,85,15,0,0,0,6,2,0.240625,0.310416666666667,0.203125,0,0,0,6.15230461425385,16.3281186000095
22,3,2,0,1,1,3,15,85,14,0,0,0,6,2,0.429906542056075,0.317757009345794,0.233644859813084,0,0,0,3.61966585221647,2.11111979999987
22,3,2,0,1,1,19,17.5,25,40,0,0,0,6,2,0.3875,0.375,0.0375,0,0,0,2.01740257166807,1.66222190001281
22,3,2,0,1,1,30,8,75,90,0,0,0,6,2,0.218023255813953,0.308139534883721,0.0726744186046512,0,0,0,2.07557226407481,6.0595803999895
22,3,2,0,1,1,29,7,20,55,0,0,0,6,2,0.206422018348624,0.188073394495413,0.394495412844037,0,0,0,1.02118680369,3.95740569999907
22,3,2,0,1,1,24,19,70,150,0,0,0,6,2,0.386503067484663,0.380368098159509,0.171779141104294,0,0,0,4.45168815018617,3.03947469999548
22,3,2,0,1,1,34,12,15,85,0,0,0,6,2,0.403314917127072,0.414364640883978,0.12707182320442,0,0,0,1.06328637549705,3.33628400000453
22,3,2,0,1,1,2,7.5,75,25,0,0,0,6,2,0.539473684210526,0.128289473684211,0.226973684210526,0,0,0,1.95372020864072,5.38941970000451
22,3,2,0,1,1,77,12,75,25,0,0,0,6,2,0.28936170212766,0.327659574468085,0.268085106382979,0,0,0,2.53441234487527,4.24806209999952
22,3,2,0,1,1,69,1.5,95,20,0,0,0,6,2,0.37037037037037,0.592592592592593,0,0,0,0,0.319494853776138,1.22558389999904
22,3,2,0,1,1,36,14,15,40,0,0,0,6,2,0.268292682926829,0.341463414634146,0.0936585365853659,0,0,0,1.05369936754841,17.5009056999988
22,3,2,0,1,1,54,9.25,40,4,0,0,0,6,2,0.363247863247863,0.273504273504274,0.282051282051282,0,0,0,2.03920702612016,4.22943210000813
22,3,2,0,1,1,42,20,30,170,0,0,0,6,2,0.5,0.358974358974359,0,0,0,0,2.15025223424278,1.6307269000099
22,3,2,0,1,1,26,4,45,50,0,0,0,6,2,0.489795918367347,0.214285714285714,0.255102040816327,0,0,0,0.502652019575308,1.95300939999288
22,3,2,0,1,1,58,14,45,20,0,0,0,3,2,0.6,0.275,0.025,0,0,0,3.08696590049222,1.66282250000222
22,3,2,0,1,1,49,16,50,20,0,0,0,3,2,0.45,0.28,0.19,0,0,0,5.12280530014182,1.99466410001332
22,3,2,0,1,1,27,5.25,50,120,0,0,0,3,2,0.815789473684211,0.0789473684210526,0.0263157894736842,0,0,0,2.05288469540675,0.95998809998855
22,3,2,0,1,1,63,5.5,70,40,0,0,0,3,2,0.528571428571429,0.414285714285714,0,0,0,0,2.27417306661873,1.49108410000918
22,3,2,0,1,1,51,1,40,3,0,0,0,3,2,0.422018348623853,0.348623853211009,0.247706422018349,0,0,0,0.18761136164677,2.15283400000772
22,3,2,0,1,1,45,13.5,55,65,0,0,0,3,2,0.413793103448276,0.206896551724138,0.137931034482759,0,0,0,4.07045709732971,2.74334049999015
22,3,2,0,1,1,6,19,20,175,0,0,0,3,2,0.429787234042553,0.306382978723404,0.182978723404255,0,0,0,2.46489037169666,4.24976590000733
22,3,2,0,1,1,76,4,35,70,0,0,0,3,2,0.3,0.305882352941176,0.252941176470588,0,0,0,0.261477429567588,3.16818520000379
22,3,2,0,1,1,17,3.25,85,205,0,0,0,3,2,0.30327868852459,0.459016393442623,0.221311475409836,0,0,0,1.43947992014064,2.35654079999949
22,3,2,0,1,1,13,19.5,5,7,0,0,0,3,2,0.298701298701299,0.406926406926407,0.16017316017316,0,0,0,1.99399441952603,4.18664379999973
22,3,2,0,1,1,7,16.75,65,75,0,0,0,3,2,0.152380952380952,0.133333333333333,0,0,0,0,1.53206814796957,2.07142120000208
22,3,2,0,1,1,68,2.5,65,25,0,0,0,3,2,0.469387755102041,0.210884353741497,0.115646258503401,0,0,0,0.30922452820629,2.7813249000028
22,3,2,0,1,1,61,15,75,225,0,0,0,3,2,0.467213114754098,0.213114754098361,0.204918032786885,0,0,0,3.07897933502812,2.37239980000595
22,3,2,0,1,1,66,10,90,80,0,0,0,3,2,0.220289855072464,0.176811594202899,0.156521739130435,0,0,0,3.4915015662347,6.08312779999687
23,1,1,0,0,1,4,8.5,100,90,0,0,0,2,6,0.155393053016453,0.0804387568555759,0.138939670932358,0,0,0,1.0199134531522,9.44331689999672
23,1,1,0,0,1,15,17.25,100,55,0,0,0,2,6,0.248366013071895,0.150326797385621,0.130718954248366,0,0,0,2.0112614124296,2.87184049999632
23,1,1,0,0,1,65,1.75,100,10,0,0,0,2,6,0.0483870967741935,0.153225806451613,0.133064516129032,0,0,0,0.50116797470616,4.46014380000997
23,1,1,0,0,1,68,2.5,100,25,0,0,0,2,6,0.263736263736264,0.241758241758242,0.153846153846154,0,0,0,0.528076740296125,3.37046479999844
23,1,1,0,0,1,24,19,100,150,0,0,0,2,6,0.148648648648649,0.195945945945946,0.337837837837838,0,0,0,4.02031156416027,2.79747520000092
23,1,1,0,0,1,6,19,100,175,0,0,0,2,6,0.285714285714286,0.133333333333333,0.323809523809524,0,0,0,4.02118179370215,2.08090210000228
23,1,1,0,0,1,20,15.75,100,30,0,0,0,2,6,0.478494623655914,0,0.456989247311828,0,0,0,2.97138188051225,3.42778420000104
23,1,1,0,0,1,53,14,100,60,0,0,0,2,6,0.187175043327556,0.149046793760832,0.105719237435009,0,0,0,2.01152922605629,9.93709609999496
23,1,1,0,0,1,69,1.5,100,20,0,0,0,2,6,0.214285714285714,0.160714285714286,0.508928571428571,0,0,0,0.11573629733444,2.19687539999723
23,1,1,0,0,1,40,18,100,110,0,0,0,2,6,0.107142857142857,0.303571428571429,0.285714285714286,0,0,0,3.0299413320509,1.25703239999712
23,1,1,0,0,1,36,14,100,40,0,0,0,2,6,0.219858156028369,0.205673758865248,0.212765957446809,0,0,0,2.59085648741723,2.68614489999891
23,1,1,0,0,1,62,10,100,135,0,0,0,2,6,0.10377358490566,0.141509433962264,0.245283018867925,0,0,0,1.46696399386558,2.09322770001017
23,1,1,0,0,1,81,14,100,5,0,0,0,2,6,0.223404255319149,0.446808510638298,0.170212765957447,0,0,0,1.99769373642336,1.89040829999431
23,1,1,0,0,1,34,12,100,85,0,0,0,2,6,0.0155038759689922,0.37984496124031,0.449612403100775,0,0,0,1.72568110642508,2.48316270000942
23,1,1,0,0,1,59,2,100,110,0,0,0,3,6,0.31404958677686,0.107438016528926,0.43801652892562,0,0,0,0.51112174069592,2.33993769998779
23,1,1,0,0,1,47,16,100,5,0,0,0,3,6,0.486301369863014,0.123287671232877,0.167808219178082,0,0,0,3.57001666799885,5.20125729999563
23,1,1,0,0,1,75,6,100,45,0,0,0,3,6,0.25,0.0384615384615385,0.278846153846154,0,0,0,1.00830644677874,2.05921730000409
23,1,1,0,0,1,80,8,100,125,0,0,0,3,6,0.533333333333333,0.025,0.183333333333333,0,0,0,1.77369822903206,4.33297210000455
23,1,1,0,0,1,55,16.5,100,155,0,0,0,3,6,0.440217391304348,0.130434782608696,0.277173913043478,0,0,0,2.58530053445077,3.39539679999871
23,1,1,0,0,1,31,8.5,100,22,0,0,0,3,6,0.682539682539683,0.0317460317460317,0.198412698412698,0,0,0,1.07547427356447,2.43648119999852
23,1,1,0,0,1,19,17.5,100,40,0,0,0,3,6,0.5,0.0978260869565217,0.271739130434783,0,0,0,3.9858992931241,1.85730200000398
23,1,1,0,0,1,29,7,100,55,0,0,0,3,6,0.663865546218487,0.159663865546218,0.176470588235294,0,0,0,0.99167285580673,2.31883109999762
23,1,1,0,0,1,27,5.25,100,120,0,0,0,3,6,0.480349344978166,0.192139737991266,0.235807860262009,0,0,0,0.643223205019147,4.15017379999335
23,1,1,0,0,1,12,12,100,1,0,0,0,3,6,0.495412844036697,0.0275229357798165,0.256880733944954,0,0,0,1.07056605372122,2.15070149999519
23,1,1,0,0,1,11,18.25,100,55,0,0,0,3,6,0.398936170212766,0.0851063829787234,0.127659574468085,0,0,0,3.00423006684671,3.45883230000618
23,1,1,0,0,1,42,20,100,170,0,0,0,3,6,0.378277153558052,0.0936329588014981,0.397003745318352,0,0,0,4.04956453771331,4.77335550000134
23,1,1,0,0,1,25,9,100,160,0,0,0,3,6,0.280487804878049,0.207317073170732,0.451219512195122,0,0,0,1.44275227383882,1.70104080000601
23,1,1,0,0,1,23,7.75,100,120,0,0,0,3,6,0.413461538461538,0.144230769230769,0.326923076923077,0,0,0,0.676892581503978,2.06873980000091
23,1,1,0,0,1,64,19.5,100,45,0,0,0,1,6,0.223529411764706,0.0352941176470588,0.274509803921569,0,0,0,3.01031529969813,4.5825302000012
23,1,1,0,0,1,45,13.5,100,65,0,0,0,1,6,0.480519480519481,0.149350649350649,0.285714285714286,0,0,0,2.03437690732758,2.90213180000137
23,1,1,0,0,1,67,8.5,100,105,0,0,0,1,6,0.383259911894273,0.114537444933921,0.198237885462555,0,0,0,1.01344733272578,4.11826370000199
23,1,1,0,0,1,84,11,100,110,0,0,0,1,6,0.288343558282209,0.269938650306748,0.368098159509202,0,0,0,1.00537839182461,3.03857340000104
23,1,1,0,0,1,41,19,100,245,0,0,0,1,6,0.295081967213115,0.237704918032787,0.30327868852459,0,0,0,1.98336870024632,2.36775279999711
23,1,1,0,0,1,50,2.5,100,10,0,0,0,1,6,0.435028248587571,0.259887005649718,0.203389830508475,0,0,0,0.412047573014494,3.27741479998804
23,1,1,0,0,1,79,10,100,140,0,0,0,1,6,0.386046511627907,0.227906976744186,0.451162790697674,0,0,0,2.00701908506628,3.91764260000491
23,1,1,0,0,1,70,3.5,100,3,0,0,0,1,6,0.169230769230769,0.323076923076923,0.4,0,0,0,0.279814478620207,1.41673789999913
23,1,1,0,0,1,5,20,100,15,0,0,0,1,6,0.305084745762712,0.23728813559322,0.406779661016949,0,0,0,4.02118179370215,1.32084060000489
23,1,1,0,0,1,56,12,100,210,0,0,0,1,6,0.184313725490196,0.0764705882352941,0.0647058823529412,0,0,0,1.9838387037688,8.85548889999336
23,1,1,0,0,1,74,7,100,120,0,0,0,1,6,0.512,0.104,0.352,0,0,0,1.01291767143232,2.4067980999971
23,1,1,0,0,1,72,6.5,100,60,0,0,0,1,6,0.379518072289157,0.126506024096386,0.259036144578313,0,0,0,0.319494853776138,3.09266940000816
23,1,1,0,0,1,1,5,100,0,0,0,0,1,6,0.205882352941176,0.294117647058824,0.259803921568627,0,0,0,0.131999005840704,3.72434630000498
23,1,1,0,0,1,26,4,100,50,0,0,0,1,6,0.208333333333333,0.09375,0.416666666666667,0,0,0,0.558551979562779,1.93199770001229
23,1,1,0,0,1,22,20,100,165,0,0,0,5,6,0.379746835443038,0.0253164556962025,0.512658227848101,0,0,0,2.99072829077237,2.9548902999959
23,1,1,0,0,1,2,7.5,100,25,0,0,0,5,6,0.447368421052632,0.118421052631579,0.394736842105263,0,0,0,1.02034967565935,1.59309870000288
23,1,1,0,0,1,77,12,100,25,0,0,0,5,6,0.353535353535354,0.252525252525253,0.212121212121212,0,0,0,1.03938909995913,1.9760069999902
23,1,1,0,0,1,9,2,100,19,0,0,0,5,6,0.301724137931034,0.0172413793103448,0.568965517241379,0,0,0,0.102671705863635,2.26674170000479
23,1,1,0,0,1,46,2,100,70,0,0,0,5,6,0.520833333333333,0.0625,0.354166666666667,0,0,0,0.145988113833102,1.93498510000063
23,1,1,0,0,1,52,18.5,100,85,0,0,0,5,6,0.538461538461538,0.0673076923076923,0.240384615384615,0,0,0,2.07114546226854,2.06670599999779
23,1,1,0,0,1,16,16,100,95,0,0,0,5,6,0.387931034482759,0.198275862068966,0.336206896551724,0,0,0,2.97138188051225,2.25891340000089
23,1,1,0,0,1,51,1,100,3,0,0,0,5,6,0.289473684210526,0.236842105263158,0.421052631578947,0,0,0,0.145654161625821,1.59296179999365
23,1,1,0,0,1,38,15.5,100,215,0,0,0,5,6,0.345794392523364,0.158878504672897,0.383177570093458,0,0,0,2.03920702612016,2.12052630000107
23,1,1,0,0,1,82,9.5,100,25,0,0,0,5,6,0.352941176470588,0.161764705882353,0.147058823529412,0,0,0,1.00889698489186,1.46242349999375
23,1,1,0,0,1,76,4,100,70,0,0,0,5,6,0.309090909090909,0.2,0.4,0,0,0,0.319494853776138,1.24633579999499
23,1,1,0,0,1,60,15,100,31,0,0,0,5,6,0.604651162790698,0,0.151162790697674,0,0,0,2.03447807263204,1.76723320000747
23,1,1,0,0,1,8,16,100,20,0,0,0,5,6,0.416149068322981,0.136645962732919,0.279503105590062,0,0,0,2.45995291833324,3.0154060000059
23,1,1,0,0,1,28,6,100,7,0,0,0,5,6,0.510489510489511,0.0979020979020979,0.293706293706294,0,0,0,0.276616991333238,2.70628699999361
23,1,1,0,0,1,43,3,100,0,0,0,0,6,6,0.0779220779220779,0.402597402597403,0.220779220779221,0,0,0,0.102671705863635,1.62137340000481
23,1,1,0,0,1,30,8,100,90,0,0,0,6,6,0.398305084745763,0.322033898305085,0.161016949152542,0,0,0,0.409213713777447,2.2988222999993
23,1,1,0,0,1,10,19.5,100,125,0,0,0,6,6,0.212765957446809,0.0212765957446809,0.0170212765957447,0,0,0,3.43294240834532,4.24651820000145
23,1,1,0,0,1,78,8.25,100,5,0,0,0,6,6,0.6,0.157142857142857,0.128571428571429,0,0,0,0.988554800503593,2.66056250000838
23,1,1,0,0,1,35,13,100,30,0,0,0,6,6,0.333333333333333,0.248062015503876,0.310077519379845,0,0,0,1.64780032144398,2.48193950000859
23,1,1,0,0,1,13,19.5,100,7,0,0,0,6,6,0.532894736842105,0.151315789473684,0.171052631578947,0,0,0,3.03707545485702,2.86914510000497
23,1,1,0,0,1,63,5.5,100,40,0,0,0,6,6,0.511627906976744,0.0930232558139535,0.147286821705426,0,0,0,0.643223205019147,2.48199780000141
23,1,1,0,0,1,58,14,100,20,0,0,0,6,6,0.676767676767677,0.121212121212121,0.242424242424242,0,0,0,1.54530864553941,1.98216449999018
23,1,1,0,0,1,7,16.75,100,75,0,0,0,6,6,0.272727272727273,0.181818181818182,0.246753246753247,0,0,0,3.01730093241385,1.61389049999707
23,1,1,0,0,1,71,6,100,45,0,0,0,6,6,0.293838862559242,0.165876777251185,0.251184834123223,0,0,0,0.735251398281822,3.85172199999215
23,1,1,0,0,1,14,16.75,100,145,0,0,0,6,6,0.39622641509434,0,0,0,0,0,3.01663129975369,2.10114930001146
23,1,1,0,0,1,18,18.75,100,250,0,0,0,6,6,0.0136054421768707,0,0.122448979591837,0,0,0,3.48314291018422,2.78187609999441
23,1,1,0,0,1,48,7,100,70,0,0,0,6,6,0.414285714285714,0.0904761904761905,0.280952380952381,0,0,0,0.685184038519562,3.83680259999528
23,1,1,0,0,1,66,10,100,80,0,0,0,6,6,0.369747899159664,0.134453781512605,0.277310924369748,0,0,0,0.605846887534724,2.31652730000496
23,1,1,0,0,1,21,6,100,55,0,0,0,4,6,0.542857142857143,0.131428571428571,0.182857142857143,0,0,0,0.625835090219429,3.24532539999927
23,1,1,0,0,1,39,17,100,15,0,0,0,4,6,0.620689655172414,0.193103448275862,0.248275862068966,0,0,0,2.02080823170083,2.76582410000265
23,1,1,0,0,1,83,17,100,200,0,0,0,4,6,0.437956204379562,0.255474452554745,0.160583941605839,0,0,0,1.0585870423836,2.61020080000162
23,1,1,0,0,1,3,15,100,14,0,0,0,4,6,0.386792452830189,0.235849056603774,0.226415094339623,0,0,0,1.974945332696,2.08870519998891
23,1,1,0,0,1,49,16,100,20,0,0,0,4,6,0.381578947368421,0.144736842105263,0.236842105263158,0,0,0,2.05272723006679,1.60075689999212
23,1,1,0,0,1,57,10,100,95,0,0,0,4,6,0.239130434782609,0.115942028985507,0.543478260869565,0,0,0,1.08248188291225,2.63407549999829
23,1,1,0,0,1,32,9.5,100,170,0,0,0,4,6,0.489130434782609,0.16304347826087,0.304347826086957,0,0,0,0.977319142128717,1.86678289998963
23,1,1,0,0,1,33,11,100,190,0,0,0,4,6,0.463768115942029,0,0.289855072463768,0,0,0,0.736946068348718,1.480845699989
23,1,1,0,0,1,44,5,100,65,0,0,0,4,6,0.493506493506494,0.012987012987013,0.409090909090909,0,0,0,0.411098608284178,2.89060659999086
23,1,1,0,0,1,37,14.5,100,175,0,0,0,4,6,0.554794520547945,0,0.328767123287671,0,0,0,1.9788809721005,2.7574225999997
23,1,1,0,0,1,73,5,100,14,0,0,0,4,6,0.477611940298507,0,0.298507462686567,0,0,0,0.482029643492019,1.4518737999897
23,1,1,0,0,1,54,9.25,100,4,0,0,0,4,6,0.516483516483517,0.274725274725275,0.164835164835165,0,0,0,0.264493345896152,1.83799729999737
23,1,1,0,0,1,61,15,100,225,0,0,0,4,6,0.310810810810811,0.00675675675675676,0.331081081081081,0,0,0,1.95607037074044,2.78774489999341
23,1,1,0,0,1,17,3.25,100,205,0,0,0,4,6,0.207407407407407,0.288888888888889,0.474074074074074,0,0,0,1.4493410419088,2.57811129999754
23,2,2,0,1,0,54,9.25,40,0,0,0,0,3,4,0.204166666666667,0.1375,0.10625,0,0,0,3.02401239525638,8.32179500001075
23,2,2,0,1,0,7,16.75,65,0,0,0,0,3,4,0.27891156462585,0.19047619047619,0.251700680272109,0,0,0,4.05315120313925,2.77584119999665
23,2,2,0,1,0,27,5.25,50,0,0,0,0,3,4,0.441441441441441,0.261261261261261,0.243243243243243,0,0,0,1.07056605372122,2.1882995999913
23,2,2,0,1,0,2,7.5,75,0,0,0,0,3,4,0.609756097560976,0.0853658536585366,0.25609756097561,0,0,0,2.01179319743416,1.70451080000203
23,2,2,0,1,0,66,10,90,0,0,0,0,3,4,0.457627118644068,0.203389830508475,0.288135593220339,0,0,0,2.49539489021195,3.27953990000242
23,2,2,0,1,0,76,4,35,0,0,0,0,3,4,0.671052631578947,0.0263157894736842,0.315789473684211,0,0,0,0.616996781448535,1.59755059999588
23,2,2,0,1,0,72,6.5,90,0,0,0,0,3,4,0.64321608040201,0.105527638190955,0.195979899497487,0,0,0,1.05848750366659,3.65188599999237
23,2,2,0,1,0,22,20,90,0,0,0,0,3,4,0.5,0.268292682926829,0.24390243902439,0,0,0,4.98968202244829,1.6978025999997
23,2,2,0,1,0,64,19.5,65,0,0,0,0,3,4,0.646341463414634,0.0609756097560976,0.268292682926829,0,0,0,4.03597163395308,1.697153599991
23,2,2,0,1,0,75,6,85,0,0,0,0,3,4,0.374193548387097,0.361290322580645,0.116129032258065,0,0,0,1.70918030623478,2.91753789999348
23,2,2,0,1,0,57,10,50,0,0,0,0,3,4,0.456,0.36,0.192,0,0,0,2.00219658686413,2.40996080001059
23,2,2,0,1,0,30,8,75,0,0,0,0,3,4,0.924050632911392,0.0253164556962025,0.0379746835443038,0,0,0,1.49952592008842,1.65520269999979
23,2,2,0,1,0,31,8.5,50,0,0,0,0,3,4,0.804597701149425,0,0.0344827586206897,0,0,0,1.70009395249444,1.7759201000008
23,2,2,0,1,0,48,7,45,0,0,0,0,3,4,0.710144927536232,0,0.0289855072463768,0,0,0,1.47864581449965,1.48373979999451
23,2,2,0,1,0,43,3,30,0,0,0,0,2,4,0.33920704845815,0.348017621145374,0.18942731277533,0,0,0,0.486485920403332,4.10909579999861
23,2,2,0,1,0,41,19,65,0,0,0,0,2,4,0.346534653465347,0.306930693069307,0.306930693069307,0,0,0,3.0299413320509,2.01581989999977
23,2,2,0,1,0,18,18.75,80,0,0,0,0,2,4,0.490243902439024,0.160975609756098,0.160975609756098,0,0,0,4.0094525603169,7.15539120000903
23,2,2,0,1,0,39,17,35,0,0,0,0,2,4,0.267605633802817,0.450704225352113,0.267605633802817,0,0,0,2.52444414238419,1.52448380000715
23,2,2,0,1,0,59,2,80,0,0,0,0,2,4,0.185929648241206,0.648241206030151,0.120603015075377,0,0,0,0.509954457159594,3.63805500000308
23,2,2,0,1,0,1,5,50,0,0,0,0,2,4,0.439024390243902,0.329268292682927,0.231707317073171,0,0,0,1.01523900157096,1.70692449998751
23,2,2,0,1,0,77,12,75,0,0,0,0,2,4,0.33695652173913,0.347826086956522,0.206521739130435,0,0,0,3.03663709276969,1.87029159998929
23,2,2,0,1,0,29,7,20,0,0,0,0,2,4,0.385714285714286,0.428571428571429,0.0761904761904762,0,0,0,1.48873191323132,3.83532189999823
23,2,2,0,1,0,40,18,15,0,0,0,0,2,4,0.372781065088757,0.292899408284024,0.0473372781065089,0,0,0,1.02034967565935,5.95502900000429
23,2,2,0,1,0,62,10,95,0,0,0,0,2,4,0.279835390946502,0.518518518518518,0.201646090534979,0,0,0,3.03034432397244,4.38143700000364
23,2,2,0,1,0,83,17,80,0,0,0,0,2,4,0.397849462365591,0.462365591397849,0.150537634408602,0,0,0,4.48001006923032,1.88271299999906
23,2,2,0,1,0,37,14.5,5,0,0,0,0,2,4,0.384364820846906,0.0521172638436482,0.140065146579805,0,0,0,3.06369532490512,5.4432467000006
23,2,2,0,1,0,32,9.5,30,0,0,0,0,2,4,0.470149253731343,0.328358208955224,0.126865671641791,0,0,0,1.76771555249652,2.55675960000372
23,2,2,0,1,0,42,20,30,0,0,0,0,2,4,0.325301204819277,0.289156626506024,0.289156626506024,0,0,0,2.0112614124296,1.72198279999429
23,2,2,0,1,0,26,4,45,0,0,0,0,1,4,0.263888888888889,0.597222222222222,0.226851851851852,0,0,0,1.03467251306039,3.92715389998921
23,2,2,0,1,0,60,15,35,0,0,0,0,1,4,0.420454545454545,0.272727272727273,0.0965909090909091,0,0,0,1.57744506831431,3.26362919999519
23,2,2,0,1,0,71,6,25,0,0,0,0,1,4,0.343891402714932,0.144796380090498,0.0294117647058824,0,0,0,1.03206305929602,7.69440029999532
23,2,2,0,1,0,74,7,40,0,0,0,0,1,4,0.471264367816092,0.218390804597701,0.28735632183908,0,0,0,1.75372144780421,1.78083869999682
23,2,2,0,1,0,51,1,40,0,0,0,0,1,4,0.111111111111111,0.666666666666667,0,0,0,0,0.248097630343416,1.07912930000748
23,2,2,0,1,0,61,15,75,0,0,0,0,1,4,0.418181818181818,0.222727272727273,0.0909090909090909,0,0,0,2.0064147342708,3.99896989999979
23,2,2,0,1,0,67,8.5,50,0,0,0,0,1,4,0.533707865168539,0.387640449438202,0.0112359550561798,0,0,0,1.01523900157096,3.30536100000609
23,2,2,0,1,0,47,16,100,0,0,0,0,1,4,0.451851851851852,0.340740740740741,0.125925925925926,0,0,0,4.49384372227714,2.57137199999124
23,2,2,0,1,0,16,16,65,0,0,0,0,1,4,0.386486486486486,0.17027027027027,0.105405405405405,0,0,0,3.05688918042794,6.50222709999071
23,2,2,0,1,0,21,6,95,0,0,0,0,1,4,0.294736842105263,0.547368421052632,0.0736842105263158,0,0,0,2.02976735636013,1.90984089999984
23,2,2,0,1,0,28,6,25,0,0,0,0,1,4,0.232558139534884,0.662790697674419,0,0,0,0,0.735251398281822,1.75881020000088
23,2,2,0,1,0,20,15.75,35,0,0,0,0,1,4,0.439655172413793,0.431034482758621,0.0172413793103448,0,0,0,1.9928098882287,2.25802350000595
23,2,2,0,1,0,15,17.25,25,0,0,0,0,1,4,0.561224489795918,0.285714285714286,0.0204081632653061,0,0,0,2.02060852873471,1.96770349999133
23,2,2,0,1,0,33,11,65,0,0,0,0,1,4,0.333333333333333,0.597701149425287,0,0,0,0,1.73578891807899,1.77794970000105
23,2,2,0,1,0,73,5,70,0,0,0,0,4,4,0.373949579831933,0.277310924369748,0.0588235294117647,0,0,0,0.748102369651065,4.29748750000726
23,2,2,0,1,0,63,5.5,70,0,0,0,0,4,4,0.522058823529412,0.463235294117647,0.0294117647058824,0,0,0,1.04895128484505,2.59571709999
23,2,2,0,1,0,34,12,15,0,0,0,0,4,4,0.598240469208211,0.255131964809384,0.00879765395894428,0,0,0,0.804332116427542,6.00781480000296
23,2,2,0,1,0,13,19.5,5,0,0,0,0,4,4,0.55,0.35,0.0285714285714286,0,0,0,0.497717828038919,2.66059329999553
23,2,2,0,1,0,12,12,35,0,0,0,0,4,4,0.372434017595308,0.190615835777126,0.00586510263929619,0,0,0,1.08248188291225,6.01888980000513
23,2,2,0,1,0,49,16,50,0,0,0,0,4,4,0.645833333333333,0.222222222222222,0.0138888888888889,0,0,0,3.06086987797305,2.73549380000622
23,2,2,0,1,0,35,13,70,0,0,0,0,4,4,0.0869565217391304,0.184143222506394,0.107416879795396,0,0,0,2.52105099494683,6.83595959999366
23,2,2,0,1,0,82,9.5,20,0,0,0,0,4,4,0.53781512605042,0.403361344537815,0.0420168067226891,0,0,0,1.00830644677874,2.32165379999788
23,2,2,0,1,0,78,8.25,20,0,0,0,0,4,4,0.541284403669725,0.275229357798165,0,0,0,0,1.02734586061814,2.15155799999775
23,2,2,0,1,0,68,2.5,65,0,0,0,0,4,4,0.129166666666667,0.15,0,0,0,0,0.514655805526182,4.32452570000896
23,2,2,0,1,0,58,14,45,0,0,0,0,4,4,0,0.109090909090909,0,0,0,0,2.03914122086579,3.9880836999946
23,2,2,0,1,0,53,14,90,0,0,0,0,4,4,0.0155038759689922,0.0155038759689922,0,0,0,0,4.00304148723374,2.4759708000056
23,2,2,0,1,0,55,16.5,25,0,0,0,0,4,4,0.605882352941176,0.252941176470588,0.0176470588235294,0,0,0,1.99769373642336,5.99543159999303
23,2,2,0,1,0,5,20,85,0,0,0,0,4,4,0.42741935483871,0.451612903225806,0,0,0,0,5.01031797755171,2.39046339999186
23,2,2,0,1,0,70,3.5,40,0,0,0,0,5,4,0.476190476190476,0.195238095238095,0.2,0,0,0,0.482029643492019,3.82570310001029
23,2,2,0,1,0,4,8.5,20,0,0,0,0,5,4,0.397058823529412,0.286764705882353,0.132352941176471,0,0,0,0.337063828799529,2.59000139999262
23,2,2,0,1,0,23,7.75,60,0,0,0,0,5,4,0.275401069518717,0.160427807486631,0.117647058823529,0,0,0,1.01757090488666,6.55521639999643
23,2,2,0,1,0,81,14,55,0,0,0,0,5,4,0.215827338129496,0.39568345323741,0.115107913669065,0,0,0,2.50001154103725,2.63957490000757
23,2,2,0,1,0,46,2,55,0,0,0,0,5,4,0.628205128205128,0.256410256410256,0.102564102564103,0,0,0,0.528076740296125,2.93448289998923
23,2,2,0,1,0,24,19,70,0,0,0,0,5,4,0.532710280373832,0.280373831775701,0.177570093457944,0,0,0,4.056180467799,2.11171630000172
23,2,2,0,1,0,65,1.75,80,0,0,0,0,5,4,0.503846153846154,0.307692307692308,0.0846153846153846,0,0,0,0.263278673806141,4.66289710000274
23,2,2,0,1,0,44,5,40,0,0,0,0,5,4,0.538775510204082,0.26530612244898,0.0163265306122449,0,0,0,1.02500325524284,4.4170310000045
23,2,2,0,1,0,10,19.5,10,0,0,0,0,5,4,0.555735056542811,0.192245557350565,0.024232633279483,0,0,0,0.746390457746514,10.6303982000099
23,2,2,0,1,0,56,12,90,0,0,0,0,5,4,0.753521126760563,0.0140845070422535,0.197183098591549,0,0,0,3.04960613040668,2.6981148999912
23,2,2,0,1,0,6,19,20,0,0,0,0,5,4,0.417197452229299,0.490445859872611,0.089171974522293,0,0,0,0.996199999994484,5.56305339999381
23,2,2,0,1,0,11,18.25,70,0,0,0,0,5,4,0.371601208459215,0.486404833836858,0.00604229607250755,0,0,0,2.99709806937205,5.84578129999863
23,2,2,0,1,0,52,18.5,10,0,0,0,0,5,4,0.575704225352113,0.186619718309859,0.073943661971831,0,0,0,0.735251398281822,9.79647190000105
23,2,2,0,1,0,50,2.5,90,0,0,0,0,5,4,0.477272727272727,0.210227272727273,0.00568181818181818,0,0,0,1.00306810563501,6.18624769999587
23,2,2,0,1,0,79,10,10,0,0,0,0,6,4,0.37037037037037,0.382716049382716,0.253086419753086,0,0,0,0.50116797470616,3.02755330000946
23,2,2,0,1,0,80,8,45,0,0,0,0,6,4,0.289017341040462,0.433526011560694,0.208092485549133,0,0,0,1.94655118068263,6.09194610000122
23,2,2,0,1,0,69,1.5,95,0,0,0,0,6,4,0.479591836734694,0.275510204081633,0,0,0,0,0.595542950772867,1.95727929999703
23,2,2,0,1,0,38,15.5,40,0,0,0,0,6,4,0.538983050847458,0.0135593220338983,0,0,0,0,2.51552307127231,5.24782440000854
23,2,2,0,1,0,3,15,85,0,0,0,0,6,4,0.506849315068493,0.294520547945205,0,0,0,0,3.53766079271442,5.19378659999347
23,2,2,0,1,0,84,11,50,0,0,0,0,6,4,0.491735537190083,0.37603305785124,0,0,0,0,2.00219658686413,4.36812009999994
23,2,2,0,1,0,8,16,15,0,0,0,0,6,4,0.64,0.266666666666667,0,0,0,0,1.00076832543155,1.57794889999786
23,2,2,0,1,0,9,2,30,0,0,0,0,6,4,0.145833333333333,0.138888888888889,0,0,0,0,1.04414849718111,5.12517440000374
23,2,2,0,1,0,19,17.5,25,0,0,0,0,6,4,0.362204724409449,0.349081364829396,0.005249343832021,0,0,0,1.66561718300563,6.67545070000051
23,2,2,0,1,0,17,3.25,85,0,0,0,0,6,4,0.421052631578947,0.255639097744361,0,0,0,0,1.04176341126402,4.76632010001049
23,2,2,0,1,0,14,16.75,45,0,0,0,0,6,4,0.477453580901857,0.196286472148541,0.0212201591511936,0,0,0,3.03620320754046,6.6050694000005
23,2,2,0,1,0,45,13.5,55,0,0,0,0,6,4,0.28756157635468,0.532019704433498,0.00862068965517241,0,0,0,3.64603074337467,27.3777502000012
23,2,2,0,1,0,25,9,60,0,0,0,0,6,4,0.516778523489933,0.315436241610738,0,0,0,0,1.99732496911206,2.81005640000512
23,2,2,0,1,0,36,14,15,0,0,0,0,6,4,0.4,0.48,0,0,0,0,1.03443779722067,1.57843629999843
23,3,2,0,1,1,44,5,40,65,0,0,0,5,2,0.338461538461538,0.280769230769231,0.134615384615385,0,0,0,1.05617018740514,4.65617269999348
23,3,2,0,1,1,58,14,45,20,0,0,0,5,2,0.351931330472103,0.184549356223176,0.137339055793991,0,0,0,2.52006217855832,4.20993690006435
23,3,2,0,1,1,20,15.75,35,30,0,0,0,5,2,0.507575757575758,0.228787878787879,0.106060606060606,0,0,0,2.01605899932928,11.3239845000207
23,3,2,0,1,1,82,9.5,20,25,0,0,0,5,2,0.516129032258065,0.182795698924731,0.182795698924731,0,0,0,0.971795806950578,1.88025590009056
23,3,2,0,1,1,18,18.75,80,250,0,0,0,5,2,0.538922155688623,0.0538922155688623,0.389221556886228,0,0,0,3.99445447814545,3.11638760007918
23,3,2,0,1,1,79,10,10,140,0,0,0,5,2,0.434426229508197,0.245901639344262,0.221311475409836,0,0,0,0.558551979562779,2.37003119988367
23,3,2,0,1,1,47,16,100,5,0,0,0,5,2,0.478260869565217,0.234782608695652,0.234782608695652,0,0,0,4.56269471393957,2.24082860001363
23,3,2,0,1,1,78,8.25,20,5,0,0,0,5,2,0.445880452342488,0.30048465266559,0.1421647819063,0,0,0,1.05376424236025,10.6353779998608
23,3,2,0,1,1,73,5,70,14,0,0,0,5,2,0.423942394239424,0.117911791179118,0.314131413141314,0,0,0,2.05298470374926,18.8346107997932
23,3,2,0,1,1,9,2,30,19,0,0,0,5,2,0.494736842105263,0.284210526315789,0.0736842105263158,0,0,0,0.350882755159915,1.91323530022055
23,3,2,0,1,1,24,19,70,150,0,0,0,5,2,0.371621621621622,0.304054054054054,0.256756756756757,0,0,0,3.53121278810926,2.79042470012791
23,3,2,0,1,1,16,16,65,95,0,0,0,5,2,0.275,0.335,0.21,0,0,0,3.02364068989547,3.6547979998868
23,3,2,0,1,1,43,3,30,0,0,0,0,5,2,0.400852878464819,0.26226012793177,0.196162046908316,0,0,0,0.103146954843652,8.14653660007752
23,3,2,0,1,1,39,17,35,15,0,0,0,5,2,0.581196581196581,0.264957264957265,0.0256410256410256,0,0,0,2.00671910402213,2.27731789997779
23,3,2,0,1,1,5,20,85,15,0,0,0,6,2,0.5,0.307692307692308,0.0769230769230769,0,0,0,3.99119641041539,2.05911879986525
23,3,2,0,1,1,55,16.5,25,155,0,0,0,6,2,0.460916442048518,0.355795148247978,0.0107816711590297,0,0,0,2.00252845350219,6.51581849996001
23,3,2,0,1,1,64,19.5,65,45,0,0,0,6,2,0.428571428571429,0.325855962219599,0.0118063754427391,0,0,0,4.09083077801984,14.4367953999899
23,3,2,0,1,1,54,9.25,40,4,0,0,0,6,2,0.546341463414634,0.280487804878049,0.0024390243902439,0,0,0,2.01152922605629,7.16908849985339
23,3,2,0,1,1,52,18.5,10,85,0,0,0,6,2,0.201376936316695,0.683304647160069,0.0240963855421687,0,0,0,0.764384945722519,10.004552599974
23,3,2,0,1,1,6,19,20,175,0,0,0,6,2,0.430769230769231,0.409230769230769,0.0553846153846154,0,0,0,0.962955406142925,5.75590250012465
23,3,2,0,1,1,50,2.5,90,10,0,0,0,6,2,0.369426751592357,0.477707006369427,0.0127388535031847,0,0,0,1.02734586061814,2.94795349985361
23,3,2,0,1,1,71,6,25,45,0,0,0,6,2,0.509695290858726,0.210526315789474,0,0,0,0,0.50116797470616,6.34441799996421
23,3,2,0,1,1,15,17.25,25,55,0,0,0,6,2,0.380281690140845,0.514084507042254,0.00352112676056338,0,0,0,2.04832764699134,5.06782280001789
23,3,2,0,1,1,27,5.25,50,120,0,0,0,6,2,0.659701492537313,0.247761194029851,0,0,0,0,1.01291767143232,5.90646730014123
23,3,2,0,1,1,74,7,40,120,0,0,0,6,2,0.532438478747204,0.324384787472036,0.0178970917225951,0,0,0,1.48464764238404,7.7824596001301
23,3,2,0,1,1,45,13.5,55,65,0,0,0,6,2,0.575581395348837,0.340116279069767,0.0116279069767442,0,0,0,2.0064147342708,6.07483029994182
23,3,2,0,1,1,53,14,90,60,0,0,0,6,2,0.497907949790795,0.292887029288703,0,0,0,0,3.53296463113706,4.31806769990362
23,3,2,0,1,1,63,5.5,70,40,0,0,0,6,2,0.583756345177665,0.279187817258883,0,0,0,0,1.54544337988275,10.168976200046
23,3,2,0,1,1,76,4,35,70,0,0,0,1,2,0.519323671497585,0.316425120772947,0.0289855072463768,0,0,0,0.250392473068274,7.22720920015126
23,3,2,0,1,1,56,12,90,210,0,0,0,1,2,0.156126482213439,0.260869565217391,0.171936758893281,0,0,0,2.4819248630709,8.75766409980133
23,3,2,0,1,1,41,19,65,245,0,0,0,1,2,0.355191256830601,0.377049180327869,0.0655737704918033,0,0,0,3.50811367434647,6.42126829992048
23,3,2,0,1,1,48,7,45,70,0,0,0,1,2,0.759067357512953,0.186528497409326,0.00518134715025907,0,0,0,1.2394066376587,6.75531739997678
23,3,2,0,1,1,29,7,20,55,0,0,0,1,2,0.352668213457077,0.294663573085847,0.111368909512761,0,0,0,0.760887903585537,7.51247589988634
23,3,2,0,1,1,7,16.75,65,75,0,0,0,1,2,0.373228346456693,0.31496062992126,0.0519685039370079,0,0,0,3.25241974412062,10.9157791000325
23,3,2,0,1,1,67,8.5,50,105,0,0,0,1,2,0.323170731707317,0.274390243902439,0,0,0,0,1.06101488097066,3.05697200004943
23,3,2,0,1,1,33,11,65,190,0,0,0,1,2,0.37037037037037,0.497942386831276,0,0,0,0,2.0575943037999,4.37978020007722
23,3,2,0,1,1,83,17,80,200,0,0,0,1,2,0.50058207217695,0.289871944121071,0.00116414435389988,0,0,0,4.00728067270584,14.6384862000123
23,3,2,0,1,1,69,1.5,95,20,0,0,0,1,2,0.305084745762712,0.440677966101695,0.0254237288135593,0,0,0,0.500012634268963,2.30130239995196
23,3,2,0,1,1,14,16.75,45,145,0,0,0,1,2,0.474178403755869,0.276995305164319,0,0,0,0,2.52105099494683,7.42118220007978
23,3,2,0,1,1,34,12,15,85,0,0,0,1,2,0.55625,0.195833333333333,0.0145833333333333,0,0,0,0.509954457159594,16.3277435998898
23,3,2,0,1,1,70,3.5,40,3,0,0,0,1,2,0.532142857142857,0.3,0.0107142857142857,0,0,0,0.644698585012758,4.99849899997935
23,3,2,0,1,1,1,5,50,0,0,0,0,1,2,0.205128205128205,0.435897435897436,0.170940170940171,0,0,0,1.03206305929602,2.27762639988214
23,3,2,0,1,1,57,10,50,95,0,0,0,3,2,0.37956204379562,0.248175182481752,0.343065693430657,0,0,0,1.52093618661048,2.61823829985224
23,3,2,0,1,1,72,6.5,90,60,0,0,0,3,2,0.450570342205323,0.245247148288973,0.0399239543726236,0,0,0,1.74977209119977,9.09426510008052
23,3,2,0,1,1,51,1,40,3,0,0,0,3,2,0.404347826086957,0.252173913043478,0.0173913043478261,0,0,0,0.18761136164677,4.17175950016826
23,3,2,0,1,1,61,15,75,225,0,0,0,3,2,0.487520798668885,0.15973377703827,0.0307820299500832,0,0,0,3.06870876682357,20.3510052999482
23,3,2,0,1,1,35,13,70,30,0,0,0,3,2,0.597037037037037,0.0918518518518519,0.0385185185185185,0,0,0,2.64200050905524,11.5714064999484
23,3,2,0,1,1,4,8.5,20,90,0,0,0,3,2,0.686528497409326,0.101036269430052,0.0673575129533679,0,0,0,0.762632434958558,6.77385249990039
23,3,2,0,1,1,46,2,55,70,0,0,0,3,2,0.514598540145985,0.173357664233577,0.00182481751824818,0,0,0,0.557268608155763,9.45767030003481
23,3,2,0,1,1,23,7.75,60,120,0,0,0,3,2,0.603618421052632,0.152960526315789,0.00493421052631579,0,0,0,2.00671910402213,10.4635882999282
23,3,2,0,1,1,80,8,45,125,0,0,0,3,2,0.72,0.04,0.024,0,0,0,1.50635476994841,2.41498770006001
23,3,2,0,1,1,40,18,15,110,0,0,0,3,2,0.414976599063963,0.093603744149766,0.0249609984399376,0,0,0,0.988554800503593,11.0045942999423
23,3,2,0,1,1,22,20,90,165,0,0,0,3,2,0.43046357615894,0.264900662251656,0.145695364238411,0,0,0,4.0094525603169,2.85072110011242
23,3,2,0,1,1,75,6,85,45,0,0,0,3,2,0.455277280858676,0.237030411449016,0.0205724508050089,0,0,0,1.47864581449965,18.9562072001863
23,3,2,0,1,1,59,2,80,110,0,0,0,3,2,0.565656565656566,0.217171717171717,0.106060606060606,0,0,0,0.537731952921952,3.63386230007745
23,3,2,0,1,1,11,18.25,70,55,0,0,0,3,2,0.619875776397516,0.0596273291925466,0.0670807453416149,0,0,0,3.65189019545088,13.7348811998963
23,3,2,0,1,1,81,14,55,5,0,0,0,4,2,0.371428571428571,0.488311688311688,0.012987012987013,0,0,0,2.54339462847204,6.74919669982046
23,3,2,0,1,1,28,6,25,7,0,0,0,4,2,0.594654788418708,0.149220489977728,0.0200445434298441,0,0,0,0.530515909372564,7.81178610003553
23,3,2,0,1,1,17,3.25,85,205,0,0,0,4,2,0.590909090909091,0.215909090909091,0,0,0,0,0.514655805526182,1.79350850009359
23,3,2,0,1,1,19,17.5,25,40,0,0,0,4,2,0.553022794846383,0.237859266600595,0.0109018830525273,0,0,0,1.52057018505883,17.1418139000889
23,3,2,0,1,1,13,19.5,5,7,0,0,0,4,2,0.660844250363901,0.149927219796215,0.0160116448326055,0,0,0,0.250392473068274,11.7769674998708
23,3,2,0,1,1,12,12,35,1,0,0,0,4,2,0.587615283267457,0.27536231884058,0,0,0,0,1.03206305929602,12.9654838000424
23,3,2,0,1,1,84,11,50,110,0,0,0,4,2,0.727272727272727,0,0,0,0,0,1.71308426156191,1.79796910006553
23,3,2,0,1,1,68,2.5,65,25,0,0,0,4,2,0.568965517241379,0.24384236453202,0,0,0,0,0.749822116018834,7.09445289988071
23,3,2,0,1,1,30,8,75,90,0,0,0,4,2,0.526315789473684,0.246710526315789,0.00328947368421053,0,0,0,1.74142450106035,5.39778080000542
23,3,2,0,1,1,49,16,50,20,0,0,0,4,2,0.403846153846154,0.25,0.115384615384615,0,0,0,2.02976735636013,2.0608725999482
23,3,2,0,1,1,25,9,60,160,0,0,0,4,2,0.601731601731602,0.186147186147186,0,0,0,0,1.47864581449965,4.18462339998223
23,3,2,0,1,1,31,8.5,50,22,0,0,0,4,2,0.497536945812808,0.241379310344828,0.0886699507389163,0,0,0,1.46121652010497,3.71291489992291
23,3,2,0,1,1,38,15.5,40,215,0,0,0,4,2,0.588688946015424,0.215938303341902,0,0,0,0,2.02517793912398,6.8143565999344
23,3,2,0,1,1,8,16,15,20,0,0,0,4,2,0.492783505154639,0.358762886597938,0.00206185567010309,0,0,0,1.03206305929602,8.40385659993626
23,3,2,0,1,1,66,10,90,80,0,0,0,2,2,0.441048034934498,0.301310043668122,0.157205240174672,0,0,0,2.53137841449796,4.14541510003619
23,3,2,0,1,1,36,14,15,40,0,0,0,2,2,0.289115646258503,0.343537414965986,0.146258503401361,0,0,0,0.735251398281822,5.23000209988095
23,3,2,0,1,1,2,7.5,75,25,0,0,0,2,2,0.376947040498442,0.342679127725857,0.0321910695742471,0,0,0,1.57015182482681,16.3619719999842
23,3,2,0,1,1,10,19.5,10,125,0,0,0,2,2,0.427027027027027,0.27027027027027,0,0,0,0,0.731885230692274,3.41509209992364
23,3,2,0,1,1,32,9.5,30,170,0,0,0,2,2,0.46916890080429,0.49597855227882,0.0804289544235925,0,0,0,1.00373666938081,6.5340578998439
23,3,2,0,1,1,26,4,45,50,0,0,0,2,2,0.293706293706294,0.391608391608392,0.237762237762238,0,0,0,1.03702549107566,2.72011959995143
23,3,2,0,1,1,60,15,35,31,0,0,0,2,2,0.385567010309278,0.290721649484536,0.0185567010309278,0,0,0,1.59171681557179,8.40332709997892
23,3,2,0,1,1,42,20,30,170,0,0,0,2,2,0.385365853658537,0.514634146341463,0.0585365853658537,0,0,0,2.02976735636013,7.15106300008483
23,3,2,0,1,1,21,6,95,55,0,0,0,2,2,0.49812734082397,0.269662921348315,0.0112359550561798,0,0,0,2.1039262135238,4.78719200007617
23,3,2,0,1,1,65,1.75,80,10,0,0,0,2,2,0.342657342657343,0.433566433566434,0.013986013986014,0,0,0,0.262675509546607,2.71634139982052
23,3,2,0,1,1,77,12,75,25,0,0,0,2,2,0.584938704028021,0.248686514886165,0.00175131348511384,0,0,0,2.51783736688881,9.83560439990833
23,3,2,0,1,1,37,14.5,5,175,0,0,0,2,2,0.528368794326241,0.209219858156028,0.124113475177305,0,0,0,0.263884612862373,5.02151029999368
23,3,2,0,1,1,3,15,85,14,0,0,0,2,2,0.386023294509151,0.237936772046589,0.0332778702163062,0,0,0,3.03620320754046,40.4163647999521
23,3,2,0,1,1,62,10,95,135,0,0,0,2,2,0.475409836065574,0.418032786885246,0.0245901639344262,0,0,0,3.04242666104722,2.35851069982164
24,1,2,0,1,1,68,2.5,65,25,0,0,0,4,2,0.0960163432073544,0.0817160367722165,0.185903983656793,0,0,0,4.12565827202328,16.6380245000037
24,1,2,0,1,1,57,10,50,95,0,0,0,4,2,0.259541984732824,0.173027989821883,0.145038167938931,0,0,0,3.07546202710184,6.87183609999192
24,1,2,0,1,1,62,10,95,135,0,0,0,4,2,0.0928571428571429,0.242857142857143,0.267857142857143,0,0,0,1.04895128484505,4.99686780000047
24,1,2,0,1,1,42,20,30,170,0,0,0,4,2,0.25,0.13563829787234,0.183510638297872,0,0,0,4.02348382980894,6.58531999999832
24,1,2,0,1,1,21,6,95,55,0,0,0,4,2,0.131621187800963,0.223113964686998,0.171749598715891,0,0,0,0.249814793594549,10.7085648999928
24,1,2,0,1,1,73,5,70,14,0,0,0,4,2,0.295652173913043,0.252173913043478,0.443478260869565,0,0,0,1.08992247198656,2.2475196000014
24,1,2,0,1,1,47,16,100,5,0,0,0,4,2,0.253333333333333,0.393333333333333,0.353333333333333,0,0,0,1.06101488097066,2.82140240000444
24,1,2,0,1,1,51,1,40,3,0,0,0,4,2,0.140740740740741,0.325925925925926,0.4,0,0,0,0.0440052741727648,2.57565529999556
24,1,2,0,1,1,23,7.75,60,120,0,0,0,4,2,0.198675496688742,0.443708609271523,0.198675496688742,0,0,0,2.0112614124296,2.8417635000078
24,1,2,0,1,1,49,16,50,20,0,0,0,4,2,0.292682926829268,0.349593495934959,0.308943089430894,0,0,0,4.01166046687026,2.38119060000463
24,1,2,0,1,1,19,17.5,25,40,0,0,0,4,2,0.341085271317829,0.325581395348837,0.193798449612403,0,0,0,4.04394648965637,2.47703490000276
24,1,2,0,1,1,55,16.5,25,155,0,0,0,4,2,0.4765625,0.265625,0.1640625,0,0,0,3.03663709276969,2.45940629999677
24,1,2,0,1,1,40,18,15,110,0,0,0,4,2,0.242424242424242,0.242424242424242,0.353535353535354,0,0,0,1.03206305929602,1.98336620000191
24,1,2,0,1,1,33,11,65,190,0,0,0,4,2,0.116531165311653,0.178861788617886,0.138211382113821,0,0,0,4.97926327293716,6.48171079999884
24,1,2,0,1,1,17,3.25,85,205,0,0,0,5,2,0.520547945205479,0.23972602739726,0.184931506849315,0,0,0,3.01092170691353,2.75832480000099
24,1,2,0,1,1,60,15,35,31,0,0,0,5,2,0.310626702997275,0.277929155313351,0.147138964577657,0,0,0,4.04394648965637,6.44357319999835
24,1,2,0,1,1,8,16,15,20,0,0,0,5,2,0.361290322580645,0.12258064516129,0.0903225806451613,0,0,0,1.974945332696,2.90876690000005
24,1,2,0,1,1,16,16,65,95,0,0,0,5,2,0.405172413793103,0.318965517241379,0.198275862068966,0,0,0,4.0526500198099,2.26300390000688
24,1,2,0,1,1,65,1.75,80,10,0,0,0,5,2,0.448275862068966,0.293103448275862,0.137931034482759,0,0,0,1.96493244739531,1.30458280000312
24,1,2,0,1,1,26,4,45,50,0,0,0,5,2,0.395348837209302,0.331395348837209,0.104651162790698,0,0,0,2.03437690732758,3.2055978999997
24,1,2,0,1,1,58,14,45,20,0,0,0,5,2,0.416666666666667,0.142857142857143,0.238095238095238,0,0,0,2.98448751455834,1.73625490000995
24,1,2,0,1,1,44,5,40,65,0,0,0,5,2,0.442857142857143,0.485714285714286,0,0,0,0,1.04414849718111,1.50236470000527
24,1,2,0,1,1,1,5,50,0,0,0,0,5,2,0.346153846153846,0.399038461538462,0.206730769230769,0,0,0,1.58423037380878,3.79229110000597
24,1,2,0,1,1,35,13,70,30,0,0,0,5,2,0.47,0.22,0.21,0,0,0,7.98873858757039,1.9935175999999
24,1,2,0,1,1,34,12,15,85,0,0,0,5,2,0.282157676348548,0.286307053941909,0.045643153526971,0,0,0,1.06812854795901,4.34562409999489
24,1,2,0,1,1,63,5.5,70,40,0,0,0,5,2,0.287735849056604,0.193396226415094,0.235849056603774,0,0,0,4.04703440007355,3.87082769999688
24,1,2,0,1,1,11,18.25,70,55,0,0,0,5,2,0.471830985915493,0.299295774647887,0.130281690140845,0,0,0,5.97100507316708,5.06896699999925
24,1,2,0,1,1,70,3.5,40,3,0,0,0,5,2,0.565217391304348,0.242236024844721,0.0683229813664596,0,0,0,0.998478980309287,3.02714200000628
24,1,2,0,1,1,50,2.5,90,10,0,0,0,2,2,0.418300653594771,0.287581699346405,0.228758169934641,0,0,0,7.98417636236949,2.87870790000306
24,1,2,0,1,1,75,6,85,45,0,0,0,2,2,0.446153846153846,0.384615384615385,0,0,0,0,8.01569804494491,1.42224130000977
24,1,2,0,1,1,7,16.75,65,75,0,0,0,2,2,0.361702127659574,0.446808510638298,0,0,0,0,5.01025151726407,1.12560539999686
24,1,2,0,1,1,6,19,20,175,0,0,0,2,2,0.561643835616438,0.287671232876712,0,0,0,0,3.02327278471964,1.54835769999772
24,1,2,0,1,1,71,6,25,45,0,0,0,2,2,0.569620253164557,0.265822784810127,0,0,0,0,1.05617018740514,1.64332199998898
24,1,2,0,1,1,72,6.5,90,60,0,0,0,2,2,0.425196850393701,0.181102362204724,0.125984251968504,0,0,0,4.00625727971506,2.44970640000247
24,1,2,0,1,1,46,2,55,70,0,0,0,2,2,0.333333333333333,0.333333333333333,0,0,0,0,0.265104892265423,1.22408929999801
24,1,2,0,1,1,38,15.5,40,215,0,0,0,2,2,0.428571428571429,0.301587301587302,0,0,0,0,1.65904635312639,1.37993939999433
24,1,2,0,1,1,41,19,65,245,0,0,0,2,2,0.43859649122807,0.421052631578947,0,0,0,0,4.02348382980894,1.27717709999706
24,1,2,0,1,1,18,18.75,80,250,0,0,0,2,2,0.339622641509434,0.415094339622642,0,0,0,0,7.98847077394371,1.21408819999488
24,1,2,0,1,1,43,3,30,0,0,0,0,2,2,0.36144578313253,0.27710843373494,0,0,0,0,0.512294368740069,1.70793009999034
24,1,2,0,1,1,30,8,75,90,0,0,0,2,2,0.379746835443038,0.468354430379747,0,0,0,0,5.94989742449097,1.64414489999763
24,1,2,0,1,1,82,9.5,20,25,0,0,0,2,2,0.611464968152866,0.210191082802548,0.0127388535031847,0,0,0,0.542675533769426,2.95039240000187
24,1,2,0,1,1,25,9,60,160,0,0,0,2,2,0.233704292527822,0.319554848966614,0.263910969793323,0,0,0,6.95663978110746,10.8039516999997
24,1,2,0,1,1,66,10,90,80,0,0,0,3,2,0,0.196428571428571,0.607142857142857,0,0,0,8.04392962925955,1.26387880000402
24,1,2,0,1,1,24,19,70,150,0,0,0,3,2,0.542372881355932,0.211864406779661,0.177966101694915,0,0,0,6.93688140026077,2.29529280000133
24,1,2,0,1,1,78,8.25,20,5,0,0,0,3,2,0.390625,0.1875,0.359375,0,0,0,2.05752734828067,1.40708229999291
24,1,2,0,1,1,37,14.5,5,175,0,0,0,3,2,0.342105263157895,0.105263157894737,0.184210526315789,0,0,0,0.368003773960872,1.61281000000599
24,1,2,0,1,1,32,9.5,30,170,0,0,0,3,2,0.6875,0.1875,0.03125,0,0,0,3.03707545485702,1.39302860001044
24,1,2,0,1,1,10,19.5,10,125,0,0,0,3,2,0.527777777777778,0.277777777777778,0.138888888888889,0,0,0,1.95096440688247,1.53050860000076
24,1,2,0,1,1,48,7,45,70,0,0,0,3,2,0.571428571428571,0.295918367346939,0.0102040816326531,0,0,0,2.99733077512318,1.9660017999995
24,1,2,0,1,1,81,14,55,5,0,0,0,3,2,0.337662337662338,0.331168831168831,0.237012987012987,0,0,0,4.03214513455646,5.45179200000712
24,1,2,0,1,1,53,14,90,60,0,0,0,3,2,0.775,0.15,0.175,0,0,0,8.96532748693961,0.994024300001911
24,1,2,0,1,1,4,8.5,20,90,0,0,0,3,2,0.619718309859155,0.253521126760563,0,0,0,0,2.00252845350219,1.51500699999451
24,1,2,0,1,1,3,15,85,14,0,0,0,3,2,0.533333333333333,0.0666666666666667,0,0,0,0,8.97732878283685,1.07532170000195
24,1,2,0,1,1,76,4,35,70,0,0,0,3,2,0.433962264150943,0.245283018867925,0.0188679245283019,0,0,0,1.06590380697004,1.21949240000686
24,1,2,0,1,1,79,10,10,140,0,0,0,3,2,0.462264150943396,0.424528301886792,0,0,0,0,0.397370486110816,2.09133450000081
24,1,2,0,1,1,83,17,80,200,0,0,0,3,2,0.46875,0.296875,0.015625,0,0,0,7.99328089597787,1.39649499999359
24,1,2,0,1,1,31,8.5,50,22,0,0,0,6,2,0.196125907990315,0.13317191283293,0.188861985472155,0,0,0,2.0112614124296,7.21162230000482
24,1,2,0,1,1,15,17.25,25,55,0,0,0,6,2,0.47244094488189,0.322834645669291,0,0,0,0,4.04147521751721,2.45000810000056
24,1,2,0,1,1,5,20,85,15,0,0,0,6,2,0.386666666666667,0.32,0.106666666666667,0,0,0,8.9800865468478,1.58034339999722
24,1,2,0,1,1,59,2,80,110,0,0,0,6,2,0.385542168674699,0.337349397590361,0.228915662650602,0,0,0,5.01038530518177,1.7124160000094
24,1,2,0,1,1,84,11,50,110,0,0,0,6,2,0.342541436464088,0.43646408839779,0.121546961325967,0,0,0,4.04083865470258,3.34485710000445
24,1,2,0,1,1,27,5.25,50,120,0,0,0,6,2,0.393258426966292,0.247191011235955,0.224719101123595,0,0,0,3.01092170691353,1.81883240000752
24,1,2,0,1,1,52,18.5,10,85,0,0,0,6,2,0.65625,0.197916666666667,0.0625,0,0,0,1.1043593405686,1.92875190000632
24,1,2,0,1,1,9,2,30,19,0,0,0,6,2,0.507042253521127,0.338028169014085,0.112676056338028,0,0,0,0.234592291730667,1.51334599999245
24,1,2,0,1,1,61,15,75,225,0,0,0,6,2,0.253333333333333,0.32,0,0,0,0,8.97732878283685,1.57712750000064
24,1,2,0,1,1,39,17,35,15,0,0,0,6,2,0.403846153846154,0.346153846153846,0.0288461538461538,0,0,0,2.02534508357163,2.05987719999393
24,1,2,0,1,1,36,14,15,40,0,0,0,6,2,0.509433962264151,0.471698113207547,0,0,0,0,0.998478980309287,1.20698329999868
24,1,2,0,1,1,22,20,90,165,0,0,0,6,2,0.383720930232558,0.27906976744186,0.232558139534884,0,0,0,5.9915542715146,1.75841949999449
24,1,2,0,1,1,64,19.5,65,45,0,0,0,6,2,0.0974930362116992,0.12116991643454,0.00696378830083565,0,0,0,4.03527512430353,12.2960227000003
24,1,2,0,1,1,12,12,35,1,0,0,0,6,2,0.4375,0.453125,0,0,0,0,0.410153998494586,1.39615970000159
24,1,2,0,1,1,45,13.5,55,65,0,0,0,1,2,0.433673469387755,0.372448979591837,0.153061224489796,0,0,0,4.0094525603169,3.59439699999348
24,1,2,0,1,1,54,9.25,40,4,0,0,0,1,2,0.453781512605042,0.294117647058824,0.126050420168067,0,0,0,2.02040590619034,2.31648300000234
24,1,2,0,1,1,69,1.5,95,20,0,0,0,1,2,0.507462686567164,0.447761194029851,0,0,0,0,0.33399129143427,1.4499424000096
24,1,2,0,1,1,67,8.5,50,105,0,0,0,1,2,0.40625,0.21875,0.104166666666667,0,0,0,2.99072829077237,1.92718889999378
24,1,2,0,1,1,56,12,90,210,0,0,0,1,2,0.282051282051282,0.269230769230769,0.243589743589744,0,0,0,4.04209742499744,1.62256059999345
24,1,2,0,1,1,14,16.75,45,145,0,0,0,1,2,0.440677966101695,0.372881355932203,0.0169491525423729,0,0,0,1.03467251306039,1.30800830000953
24,1,2,0,1,1,77,12,75,25,0,0,0,1,2,0.377049180327869,0.153005464480874,0.103825136612022,0,0,0,3.03707545485702,3.37334310000006
24,1,2,0,1,1,20,15.75,35,30,0,0,0,1,2,0.466666666666667,0.341666666666667,0.0416666666666667,0,0,0,2.02517793912398,2.32420629999251
24,1,2,0,1,1,74,7,40,120,0,0,0,1,2,0.306603773584906,0.349056603773585,0.0188679245283019,0,0,0,1.07056605372122,3.86432739999145
24,1,2,0,1,1,13,19.5,5,7,0,0,0,1,2,0.256410256410256,0.435897435897436,0.0256410256410256,0,0,0,0.130793876220228,0.97974830000021
24,1,2,0,1,1,80,8,45,125,0,0,0,1,2,0.131578947368421,0.552631578947368,0.0263157894736842,0,0,0,2.02990165582899,0.966926099994453
24,1,2,0,1,1,28,6,25,7,0,0,0,1,2,0.424657534246575,0.479452054794521,0,0,0,0,1.02267121716315,1.54711499999394
24,1,2,0,1,1,2,7.5,75,25,0,0,0,1,2,0.202614379084967,0.431372549019608,0.281045751633987,0,0,0,2.07616798433959,2.87255159999768
24,1,2,0,1,1,29,7,20,55,0,0,0,1,2,0.465346534653465,0.386138613861386,0,0,0,0,0.975102349792277,2.01792889999342
24,2,2,0,0,1,2,7.5,100,25,0,0,0,1,6,0.241772151898734,0.0670886075949367,0.110126582278481,0,0,0,2.93220391913029,13.4816641999932
24,2,2,0,0,1,41,19,100,245,0,0,0,1,6,0.353305785123967,0.0847107438016529,0.235537190082645,0,0,0,9.01281365695934,8.38485719999881
24,2,2,0,0,1,57,10,100,95,0,0,0,1,6,0.0869565217391304,0.0434782608695652,0.104084321475626,0,0,0,2.03907445914171,12.9786472999986
24,2,2,0,0,1,10,19.5,100,125,0,0,0,1,6,0.181372549019608,0.117647058823529,0.455882352941176,0,0,0,5.92682527348883,3.73174030000519
24,2,2,0,0,1,34,12,100,85,0,0,0,1,6,0.25,0.122448979591837,0.331632653061224,0,0,0,4.03214513455646,3.59602070000255
24,2,2,0,0,1,82,9.5,100,25,0,0,0,1,6,0.566433566433566,0,0.34965034965035,0,0,0,2.05739629858332,2.70964299999468
24,2,2,0,0,1,62,10,100,135,0,0,0,1,6,0.385826771653543,0.015748031496063,0.425196850393701,0,0,0,4.07344227844998,2.43928330000199
24,2,2,0,0,1,5,20,100,15,0,0,0,1,6,0.324503311258278,0,0.218543046357616,0,0,0,9.91219594417453,2.84587449999526
24,2,2,0,0,1,22,20,100,165,0,0,0,1,6,0.439393939393939,0,0.340909090909091,0,0,0,6.9963067601421,2.5288181000069
24,2,2,0,0,1,39,17,100,15,0,0,0,1,6,0.576,0,0.288,0,0,0,7.03541448473438,2.40898749999178
24,2,2,0,0,1,49,16,100,20,0,0,0,1,6,0.443661971830986,0.0704225352112676,0.408450704225352,0,0,0,7.99328089597787,5.06787980000081
24,2,2,0,0,1,54,9.25,100,4,0,0,0,1,6,0.423076923076923,0.0934065934065934,0.395604395604396,0,0,0,3.01663129975369,3.35792819999915
24,2,2,0,0,1,19,17.5,100,40,0,0,0,1,6,0.280373831775701,0.00934579439252336,0.439252336448598,0,0,0,7.95624248698575,2.11522110000078
24,2,2,0,0,1,27,5.25,100,120,0,0,0,1,6,0.381443298969072,0.0103092783505155,0.525773195876289,0,0,0,0.557268608155763,1.95613279999816
24,2,2,0,0,1,46,2,100,70,0,0,0,4,6,0.353846153846154,0.338461538461538,0.192307692307692,0,0,0,1.09493938892155,2.49356100001023
24,2,2,0,0,1,20,15.75,100,30,0,0,0,4,6,0.248,0.2048,0.3424,0,0,0,5.9616149114093,10.7476478000026
24,2,2,0,0,1,70,3.5,100,3,0,0,0,4,6,0.374149659863946,0.183673469387755,0.292517006802721,0,0,0,0.440372317438911,2.77791209999123
24,2,2,0,0,1,16,16,100,95,0,0,0,4,6,0.392361111111111,0.0659722222222222,0.357638888888889,0,0,0,5.97968843583973,5.12593189999461
24,2,2,0,0,1,4,8.5,100,90,0,0,0,4,6,0.4,0,0.523076923076923,0,0,0,4.10834710402153,1.41689780000888
24,2,2,0,0,1,15,17.25,100,55,0,0,0,4,6,0.32,0.16,0.38,0,0,0,7.99298091493372,2.00131099999999
24,2,2,0,0,1,67,8.5,100,105,0,0,0,4,6,0.286783042394015,0.0598503740648379,0.478802992518703,0,0,0,2.10825387868784,7.00389130000258
24,2,2,0,0,1,60,15,100,31,0,0,0,4,6,0.114147909967846,0.0273311897106109,0.167202572347267,0,0,0,5.02047001859723,10.7274835999997
24,2,2,0,0,1,51,1,100,3,0,0,0,4,6,0.167741935483871,0.32258064516129,0.367741935483871,0,0,0,0.0147025090193118,2.90482739999425
24,2,2,0,0,1,33,11,100,190,0,0,0,4,6,0.335616438356164,0.157534246575342,0.36986301369863,0,0,0,2.0804104452669,2.76315950001299
24,2,2,0,0,1,30,8,100,90,0,0,0,4,6,0.253731343283582,0.134328358208955,0.455223880597015,0,0,0,1.06345377749977,2.56604049999441
24,2,2,0,0,1,21,6,100,55,0,0,0,4,6,0.281879194630872,0.154362416107383,0.402684563758389,0,0,0,2.60052106122581,2.81671240000287
24,2,2,0,0,1,47,16,100,5,0,0,0,4,6,0.517730496453901,0.099290780141844,0.290780141843972,0,0,0,6.0011899496464,2.67789200000698
24,2,2,0,0,1,17,3.25,100,205,0,0,0,4,6,0.298850574712644,0.0114942528735632,0.471264367816092,0,0,0,0.426720274880314,1.78103280000505
24,2,2,0,0,1,44,5,100,65,0,0,0,2,6,0.263736263736264,0.164835164835165,0.494505494505495,0,0,0,1.07547427356447,1.84238449999248
24,2,2,0,0,1,35,13,100,30,0,0,0,2,6,0.404145077720207,0.0103626943005181,0.44559585492228,0,0,0,5.14326643378447,3.53933349999716
24,2,2,0,0,1,13,19.5,100,7,0,0,0,2,6,0.268156424581006,0.106145251396648,0.430167597765363,0,0,0,11.9089441333601,3.30671750000329
24,2,2,0,0,1,55,16.5,100,155,0,0,0,2,6,0.290322580645161,0.010752688172043,0.440860215053763,0,0,0,5.0102186071529,1.87090579999494
24,2,2,0,0,1,18,18.75,100,250,0,0,0,2,6,0.307210031347962,0.0846394984326019,0.391849529780564,0,0,0,7.96983549266676,5.64988620000076
24,2,2,0,0,1,31,8.5,100,22,0,0,0,2,6,0.272727272727273,0.025974025974026,0.311688311688312,0,0,0,2.48747615611531,1.62235589999182
24,2,2,0,0,1,25,9,100,160,0,0,0,2,6,0.301470588235294,0.00367647058823529,0.481617647058824,0,0,0,2.01605899932928,4.85978169999726
24,2,2,0,0,1,50,2.5,100,10,0,0,0,2,6,0.414876033057851,0.0396694214876033,0.252892561983471,0,0,0,0.203416516447277,10.4192301000003
24,2,2,0,0,1,75,6,100,45,0,0,0,2,6,0.41839762611276,0.0919881305637982,0.267062314540059,0,0,0,2.0064147342708,5.94998259999556
24,2,2,0,0,1,73,5,100,14,0,0,0,2,6,0.226666666666667,0.0133333333333333,0.573333333333333,0,0,0,0.364635005735391,1.58712900000683
24,2,2,0,0,1,26,4,100,50,0,0,0,2,6,0.443298969072165,0.161512027491409,0.243986254295533,0,0,0,1.06101488097066,5.17590760000166
24,2,2,0,0,1,66,10,100,80,0,0,0,2,6,0.383202099737533,0.0656167979002625,0.307086614173228,0,0,0,1.97938235278756,6.66994279999926
24,2,2,0,0,1,32,9.5,100,170,0,0,0,2,6,0.298076923076923,0.0576923076923077,0.192307692307692,0,0,0,4.01485459360784,2.06904440000653
24,2,2,0,0,1,78,8.25,100,5,0,0,0,2,6,0.33160621761658,0.150259067357513,0.264248704663212,0,0,0,3.05011086343691,3.54726419999497
24,2,2,0,0,1,6,19,100,175,0,0,0,5,6,0.333333333333333,0.131410256410256,0.314102564102564,0,0,0,8.05419376027413,5.5571951999882
24,2,2,0,0,1,80,8,100,125,0,0,0,5,6,0.277027027027027,0.0945945945945946,0.5,0,0,0,2.00701908506628,2.79382039999473
24,2,2,0,0,1,63,5.5,100,40,0,0,0,5,6,0.380952380952381,0.037037037037037,0.185185185185185,0,0,0,1.08248188291225,3.47046409999894
24,2,2,0,0,1,45,13.5,100,65,0,0,0,5,6,0.558139534883721,0,0.286821705426357,0,0,0,4.061788288583,2.47171789999993
24,2,2,0,0,1,1,5,100,0,0,0,0,5,6,0.26530612244898,0.138775510204082,0.116326530612245,0,0,0,5,8.48770220000006
24,2,2,0,0,1,52,18.5,100,85,0,0,0,5,6,0.361344537815126,0.134453781512605,0.394957983193277,0,0,0,7.98394100067071,2.31759590000729
24,2,2,0,0,1,24,19,100,150,0,0,0,5,6,0.301470588235294,0.139705882352941,0.477941176470588,0,0,0,8.9414129576164,2.58788079999795
24,2,2,0,0,1,9,2,100,19,0,0,0,5,6,0.467532467532468,0,0.272727272727273,0,0,0,0.395544005677881,1.61837430000014
24,2,2,0,0,1,56,12,100,210,0,0,0,5,6,0.394618834080717,0.0941704035874439,0.336322869955157,0,0,0,5.02060250970488,4.04808560000674
24,2,2,0,0,1,74,7,100,120,0,0,0,5,6,0.258992805755396,0.0431654676258993,0.359712230215827,0,0,0,2.05288469540675,2.64312409999548
24,2,2,0,0,1,37,14.5,100,175,0,0,0,5,6,0.276666666666667,0.0466666666666667,0.253333333333333,0,0,0,4.64042016222915,5.33592539999518
24,2,2,0,0,1,71,6,100,45,0,0,0,5,6,0.315789473684211,0,0.43859649122807,0,0,0,1.63071034860556,1.28239439999743
24,2,2,0,0,1,81,14,100,5,0,0,0,5,6,0.34,0,0.17,0,0,0,4.1582050115901,1.99269100000674
24,2,2,0,0,1,36,14,100,40,0,0,0,5,6,0.215909090909091,0,0.193181818181818,0,0,0,1.98430195505509,1.7902299999987
24,2,2,0,0,1,40,18,100,110,0,0,0,3,6,0.310077519379845,0,0.372093023255814,0,0,0,10.9054029657981,2.47399290000612
24,2,2,0,0,1,64,19.5,100,45,0,0,0,3,6,0.45959595959596,0,0.237373737373737,0,0,0,11.9793823527876,6.93314949999331
24,2,2,0,0,1,23,7.75,100,120,0,0,0,3,6,0.4214463840399,0,0.28428927680798,0,0,0,2.06215716410116,7.01685999998881
24,2,2,0,0,1,8,16,100,20,0,0,0,3,6,0.434782608695652,0.0543478260869565,0.369565217391304,0,0,0,8.0161612962312,1.86374660000729
24,2,2,0,0,1,12,12,100,1,0,0,0,3,6,0.25531914893617,0,0.223404255319149,0,0,0,7.98394100067071,1.89557199999399
24,2,2,0,0,1,79,10,100,140,0,0,0,3,6,0.369565217391304,0.210144927536232,0.25,0,0,0,2.05752734828067,4.93307189999905
24,2,2,0,0,1,29,7,100,55,0,0,0,3,6,0.338709677419355,0.120967741935484,0.31989247311828,0,0,0,1.12135105137126,6.53481579999789
24,2,2,0,0,1,28,6,100,7,0,0,0,3,6,0.300970873786408,0.135922330097087,0.368932038834951,0,0,0,3.06930943336453,2.05045500000415
24,2,2,0,0,1,65,1.75,100,10,0,0,0,3,6,0.219047619047619,0,0.447619047619048,0,0,0,0.205763810734677,2.08960279999883
24,2,2,0,0,1,76,4,100,70,0,0,0,3,6,0.390728476821192,0,0.397350993377483,0,0,0,0.704465749545545,2.84592649999831
24,2,2,0,0,1,48,7,100,70,0,0,0,3,6,0.352517985611511,0,0.474820143884892,0,0,0,0.44240925077715,2.65218109999842
24,2,2,0,0,1,11,18.25,100,55,0,0,0,3,6,0.210526315789474,0.126315789473684,0.315789473684211,0,0,0,8.97693537459637,1.92162420001114
24,2,2,0,0,1,59,2,100,110,0,0,0,3,6,0.182795698924731,0.0537634408602151,0.376344086021505,0,0,0,0.265104892265423,1.8779566000012
24,2,2,0,0,1,42,20,100,170,0,0,0,3,6,0.263636363636364,0,0.409090909090909,0,0,0,5.97336422222401,2.15905190000194
24,2,2,0,0,1,72,6.5,100,60,0,0,0,6,6,0.323275862068966,0.193965517241379,0.275862068965517,0,0,0,2.40602032977284,4.18849850000697
24,2,2,0,0,1,61,15,100,225,0,0,0,6,6,0.272727272727273,0.102272727272727,0.477272727272727,0,0,0,7.42814357312412,1.79113899999356
24,2,2,0,0,1,84,11,100,110,0,0,0,6,6,0.315315315315315,0.135135135135135,0.333333333333333,0,0,0,2.56611600409965,2.17340390000027
24,2,2,0,0,1,3,15,100,14,0,0,0,6,6,0.445378151260504,0.100840336134454,0.302521008403361,0,0,0,4.51598936552634,2.30759970001236
24,2,2,0,0,1,69,1.5,100,20,0,0,0,6,6,0.354066985645933,0.167464114832536,0.382775119617225,0,0,0,0.567941941687419,3.80972289999772
24,2,2,0,0,1,38,15.5,100,215,0,0,0,6,6,0.293893129770992,0.0324427480916031,0.498091603053435,0,0,0,6.1300869220083,9.05828080000356
24,2,2,0,0,1,77,12,100,25,0,0,0,6,6,0.253164556962025,0.113924050632911,0.493670886075949,0,0,0,2.08507296893207,1.65354449998995
24,2,2,0,0,1,53,14,100,60,0,0,0,6,6,0.363636363636364,0,0.454545454545455,0,0,0,6.7956277500515,1.61868420000246
24,2,2,0,0,1,7,16.75,100,75,0,0,0,6,6,0.208791208791209,0.120879120879121,0.527472527472527,0,0,0,4.05876170744279,1.8367120000039
24,2,2,0,0,1,58,14,100,20,0,0,0,6,6,0.251236399604352,0.0178041543026706,0.159248269040554,0,0,0,7.13268618562173,17.1702615999966
24,2,2,0,0,1,43,3,100,0,0,0,0,6,6,0.181818181818182,0.236363636363636,0.390909090909091,0,0,0,0.160581014930035,2.15503130000434
24,2,2,0,0,1,14,16.75,100,145,0,0,0,6,6,0.375,0.0975609756097561,0.265243902439024,0,0,0,5.9412382925572,5.79972080000152
24,2,2,0,0,1,83,17,100,200,0,0,0,6,6,0.337078651685393,0.146067415730337,0.288389513108614,0,0,0,7.00313227639973,4.77284110001347
24,2,2,0,0,1,68,2.5,100,25,0,0,0,6,6,0.577464788732394,0,0.253521126760563,0,0,0,0.911501264941357,1.51719150001009
24,3,1,0,1,0,13,19.5,5,0,0,0,0,4,4,0.317829457364341,0.237726098191214,0.188630490956072,0,0,0,3.10120822414234,6.80448639998212
24,3,1,0,1,0,82,9.5,20,0,0,0,0,4,4,0.324561403508772,0.315789473684211,0.175438596491228,0,0,0,4.02348382980894,2.23343770008069
24,3,1,0,1,0,47,16,100,0,0,0,0,4,4,0.253846153846154,0.3,0.261538461538462,0,0,0,9.98549843573432,2.49712119996548
24,3,1,0,1,0,33,11,65,0,0,0,0,4,4,0.461538461538462,0.288461538461538,0.0897435897435897,0,0,0,4.56801004879632,2.93837959994562
24,3,1,0,1,0,39,17,35,0,0,0,0,4,4,0.297752808988764,0.311797752808989,0,0,0,0,5.02066940050083,6.25914510001894
24,3,1,0,1,0,18,18.75,80,0,0,0,0,4,4,0.388235294117647,0.141176470588235,0,0,0,0,8.01125345743483,3.16968360007741
24,3,1,0,1,0,80,8,45,0,0,0,0,4,4,0.318548387096774,0.358870967741935,0.165322580645161,0,0,0,3.04196697459242,4.46803990006447
24,3,1,0,1,0,48,7,45,0,0,0,0,4,4,0.26878612716763,0.433526011560694,0,0,0,0,0.996199999994484,6.08406859997194
24,3,1,0,1,0,57,10,50,0,0,0,0,4,4,0.379487179487179,0.21025641025641,0.0820512820512821,0,0,0,5.1653186143142,3.57237589999568
24,3,1,0,1,0,69,1.5,95,0,0,0,0,4,4,0.351063829787234,0.478723404255319,0,0,0,0,0.304995099315349,1.90069490007591
24,3,1,0,1,0,61,15,75,0,0,0,0,4,4,0.369565217391304,0.402173913043478,0,0,0,0,5.9905474396831,1.86598190001678
24,3,1,0,1,0,28,6,25,0,0,0,0,4,4,0.392694063926941,0.28310502283105,0.127853881278539,0,0,0,1.98917240148254,3.98191650002263
24,3,1,0,1,0,14,16.75,45,0,0,0,0,4,4,0.379310344827586,0.494252873563218,0,0,0,0,3.99769174250672,1.77030350000132
24,3,1,0,1,0,31,8.5,50,0,0,0,0,4,4,0.528925619834711,0.12396694214876,0,0,0,0,3.4755339661981,2.33947340003215
24,3,1,0,1,0,73,5,70,0,0,0,0,2,4,0.325490196078431,0.219607843137255,0.250980392156863,0,0,0,1.40468359198776,4.57999170001131
24,3,1,0,1,0,45,13.5,55,0,0,0,0,2,4,0.389380530973451,0.309734513274336,0.0619469026548673,0,0,0,2.3229570649506,2.20543629990425
24,3,1,0,1,0,44,5,40,0,0,0,0,2,4,0.317073170731707,0.24390243902439,0.182926829268293,0,0,0,1.17368870049767,1.70095570001286
24,3,1,0,1,0,52,18.5,10,0,0,0,0,2,4,0.508620689655172,0.224137931034483,0.155172413793103,0,0,0,3.11916521509477,2.26203199999873
24,3,1,0,1,0,32,9.5,30,0,0,0,0,2,4,0.340425531914894,0.312056737588652,0.127659574468085,0,0,0,3.397691874721,2.68410760001279
24,3,1,0,1,0,35,13,70,0,0,0,0,2,4,0.633333333333333,0.122222222222222,0.0111111111111111,0,0,0,6.06158774137797,1.83707060001325
24,3,1,0,1,0,55,16.5,25,0,0,0,0,2,4,0.588785046728972,0.0841121495327103,0.11214953271028,0,0,0,4.97939749029512,2.10656119999476
24,3,1,0,1,0,62,10,95,0,0,0,0,2,4,0.462365591397849,0.301075268817204,0,0,0,0,4.27026257700813,1.88544939993881
24,3,1,0,1,0,5,20,85,0,0,0,0,2,4,0.4875,0.2875,0,0,0,0,8.99923167456845,1.65926059999038
24,3,1,0,1,0,23,7.75,60,0,0,0,0,2,4,0.0984251968503937,0.114173228346457,0.0511811023622047,0,0,0,3.09514841495743,4.56471459998284
24,3,1,0,1,0,70,3.5,40,0,0,0,0,2,4,0.514851485148515,0.346534653465347,0,0,0,0,2.01152922605629,2.01227569999173
24,3,1,0,1,0,38,15.5,40,0,0,0,0,2,4,0.572289156626506,0.259036144578313,0,0,0,0,3.99980498638207,3.09068530006334
24,3,1,0,1,0,81,14,55,0,0,0,0,2,4,0.42,0.12,0.193333333333333,0,0,0,3.02364068989547,2.82043049996719
24,3,1,0,1,0,42,20,30,0,0,0,0,2,4,0.428571428571429,0.39047619047619,0,0,0,0,4.061788288583,2.07124709989876
24,3,1,0,1,0,1,5,50,0,0,0,0,6,4,0.358870967741935,0.243951612903226,0.0564516129032258,0,0,0,1.0466111398018,8.59414259996265
24,3,1,0,1,0,40,18,15,0,0,0,0,6,4,0.442105263157895,0.315789473684211,0.136842105263158,0,0,0,3.06930943336453,1.91519890003838
24,3,1,0,1,0,58,14,45,0,0,0,0,6,4,0.362745098039216,0.25,0.0784313725490196,0,0,0,5.04120458786978,3.73574889998417
24,3,1,0,1,0,7,16.75,65,0,0,0,0,6,4,0.409448818897638,0.283464566929134,0,0,0,0,5.97881820629785,2.44725480000488
24,3,1,0,1,0,65,1.75,80,0,0,0,0,6,4,0.223684210526316,0.276315789473684,0,0,0,0,0.233517147519031,1.59299869998358
24,3,1,0,1,0,75,6,85,0,0,0,0,6,4,0.470338983050847,0.288135593220339,0.0550847457627119,0,0,0,2.02060852873471,4.25708230002783
24,3,1,0,1,0,11,18.25,70,0,0,0,0,6,4,0.365168539325843,0.219101123595506,0,0,0,0,6.95236208648027,3.29962230008096
24,3,1,0,1,0,49,16,50,0,0,0,0,6,4,0.330357142857143,0.276785714285714,0,0,0,0,7.99328089597787,2.19579789997078
24,3,1,0,1,0,64,19.5,65,0,0,0,0,6,4,0.21978021978022,0.142857142857143,0,0,0,0,5.62938541192741,7.96777690004092
24,3,1,0,1,0,63,5.5,70,0,0,0,0,6,4,0.358490566037736,0.490566037735849,0,0,0,0,1.02969910463968,1.21726600010879
24,3,1,0,1,0,16,16,65,0,0,0,0,6,4,0.445161290322581,0.290322580645161,0.251612903225806,0,0,0,3.51194469402765,2.91728729999159
24,3,1,0,1,0,17,3.25,85,0,0,0,0,6,4,0.213872832369942,0.248554913294798,0,0,0,0,0.737946570890173,3.20391320006456
24,3,1,0,1,0,37,14.5,5,0,0,0,0,6,4,0.494117647058824,0.176470588235294,0,0,0,0,2.01605899932928,1.74104940006509
24,3,1,0,1,0,24,19,70,0,0,0,0,6,4,0.416666666666667,0.486111111111111,0,0,0,0,8.04833170141189,1.52643229998648
24,3,1,0,1,0,9,2,30,0,0,0,0,3,4,0.368663594470046,0.23963133640553,0.142857142857143,0,0,0,0.263278673806141,3.94374109990895
24,3,1,0,1,0,76,4,35,0,0,0,0,3,4,0.535947712418301,0.248366013071895,0.0588235294117647,0,0,0,0.688324309176608,2.88193809997756
24,3,1,0,1,0,27,5.25,50,0,0,0,0,3,4,0.330275229357798,0.229357798165138,0.165137614678899,0,0,0,1.49212402999677,2.14881310006604
24,3,1,0,1,0,68,2.5,65,0,0,0,0,3,4,0.453846153846154,0.361538461538462,0.0769230769230769,0,0,0,0.407346001445042,2.49964940000791
24,3,1,0,1,0,22,20,90,0,0,0,0,3,4,0.336065573770492,0.385245901639344,0.155737704918033,0,0,0,6.21185620867314,2.3578793000197
24,3,1,0,1,0,50,2.5,90,0,0,0,0,3,4,0.264367816091954,0.471264367816092,0.0689655172413793,0,0,0,0.379186594620762,3.23128870001528
24,3,1,0,1,0,66,10,90,0,0,0,0,3,4,0.355932203389831,0.338983050847458,0.0677966101694915,0,0,0,4.45272049784559,1.31573500006925
24,3,1,0,1,0,71,6,25,0,0,0,0,3,4,0.420731707317073,0.469512195121951,0.0182926829268293,0,0,0,2.12256565458341,3.06968389998656
24,3,1,0,1,0,25,9,60,0,0,0,0,3,4,0.495238095238095,0.333333333333333,0,0,0,0,3.77992777664738,2.07079689996317
24,3,1,0,1,0,10,19.5,10,0,0,0,0,3,4,0.306569343065693,0.489051094890511,0.0802919708029197,0,0,0,1.04414849718111,2.61678809998557
24,3,1,0,1,0,12,12,35,0,0,0,0,3,4,0.29559748427673,0.383647798742138,0.00628930817610063,0,0,0,3.0106169437502,2.97129789995961
24,3,1,0,1,0,56,12,90,0,0,0,0,3,4,0.521276595744681,0.234042553191489,0.0106382978723404,0,0,0,1.02969910463968,1.89278270001523
24,3,1,0,1,0,84,11,50,0,0,0,0,3,4,0.319444444444444,0.425925925925926,0.0648148148148148,0,0,0,3.0036932398579,3.92650270008016
24,3,1,0,1,0,19,17.5,25,0,0,0,0,3,4,0.362745098039216,0.382352941176471,0.00980392156862745,0,0,0,4.02118179370215,2.02467660000548
24,3,1,0,1,0,54,9.25,40,0,0,0,0,5,4,0.33852140077821,0.346303501945525,0.151750972762646,0,0,0,3.02327278471964,4.60690510005224
24,3,1,0,1,0,43,3,30,0,0,0,0,5,4,0.277227722772277,0.386138613861386,0.128712871287129,0,0,0,1.04414849718111,2.01245079992805
24,3,1,0,1,0,15,17.25,25,0,0,0,0,5,4,0.419753086419753,0.234567901234568,0.160493827160494,0,0,0,4.00625727971506,1.67768070008606
24,3,1,0,1,0,74,7,40,0,0,0,0,5,4,0.293103448275862,0.504310344827586,0.0560344827586207,0,0,0,2.0808791412948,4.20063749991823
24,3,1,0,1,0,26,4,45,0,0,0,0,5,4,0.485380116959064,0.187134502923977,0.0760233918128655,0,0,0,0.550938991053929,3.17159520008136
24,3,1,0,1,0,8,16,15,0,0,0,0,5,4,0.387323943661972,0.330985915492958,0.183098591549296,0,0,0,2.99709806937205,2.69765949994326
24,3,1,0,1,0,46,2,55,0,0,0,0,5,4,0.350877192982456,0.421052631578947,0.0964912280701754,0,0,0,0.33399129143427,2.22603169991635
24,3,1,0,1,0,78,8.25,20,0,0,0,0,5,4,0.372950819672131,0.19672131147541,0.254098360655738,0,0,0,1.04898479061982,4.38826290005818
24,3,1,0,1,0,34,12,15,0,0,0,0,5,4,0.304878048780488,0.353658536585366,0.0914634146341463,0,0,0,3.06198278092228,3.06580179999582
24,3,1,0,1,0,4,8.5,20,0,0,0,0,5,4,0.356846473029046,0.448132780082988,0.0539419087136929,0,0,0,1.02734586061814,4.34752720000688
24,3,1,0,1,0,59,2,80,0,0,0,0,5,4,0.344086021505376,0.526881720430108,0,0,0,0,0.185925930496769,1.87880440009758
24,3,1,0,1,0,20,15.75,35,0,0,0,0,5,4,0.630252100840336,0.0840336134453782,0.109243697478992,0,0,0,4.04147521751721,2.31657640007325
24,3,1,0,1,0,67,8.5,50,0,0,0,0,5,4,0.356877323420074,0.267657992565056,0.0260223048327138,0,0,0,3.98391426069064,4.81092859990895
24,3,1,0,1,0,53,14,90,0,0,0,0,5,4,0.666666666666667,0.0757575757575758,0.181818181818182,0,0,0,6.02453600451532,1.43249830009881
24,3,1,0,1,0,77,12,75,0,0,0,0,1,4,0.375,0.291666666666667,0.140151515151515,0,0,0,3.01630158162037,4.72376560000703
24,3,1,0,1,0,3,15,85,0,0,0,0,1,4,0.504201680672269,0.235294117647059,0.0168067226890756,0,0,0,5.01028464004099,2.31817729992326
24,3,1,0,1,0,51,1,40,0,0,0,0,1,4,0.25,0.381578947368421,0.197368421052632,0,0,0,0.0728366126211455,1.60277860006317
24,3,1,0,1,0,36,14,15,0,0,0,0,1,4,0.641618497109827,0.173410404624277,0,0,0,0,1.10944002273815,3.20836299995426
24,3,1,0,1,0,6,19,20,0,0,0,0,1,4,0.161825726141079,0.170124481327801,0.381742738589212,0,0,0,3.11321629357632,4.34561679989565
24,3,1,0,1,0,79,10,10,0,0,0,0,1,4,0.388888888888889,0.422222222222222,0,0,0,0,0.2024925208481,1.82915560004767
24,3,1,0,1,0,83,17,80,0,0,0,0,1,4,0.656716417910448,0.17910447761194,0.0223880597014925,0,0,0,7.00907101575259,2.56712749996223
24,3,1,0,1,0,60,15,35,0,0,0,0,1,4,0.239669421487603,0.305785123966942,0.190082644628099,0,0,0,2.06680712403991,2.34648860001471
24,3,1,0,1,0,30,8,75,0,0,0,0,1,4,0.384105960264901,0.337748344370861,0.0264900662251656,0,0,0,3.03034432397244,2.85396819992457
24,3,1,0,1,0,41,19,65,0,0,0,0,1,4,0.35,0.338461538461538,0.0807692307692308,0,0,0,8.0344650543204,4.66351829993073
24,3,1,0,1,0,29,7,20,0,0,0,0,1,4,0.348066298342541,0.30939226519337,0.12707182320442,0,0,0,2.06205774300792,3.34594930009916
24,3,1,0,1,0,72,6.5,90,0,0,0,0,1,4,0.594936708860759,0.20253164556962,0.0126582278481013,0,0,0,1.08939001982536,1.64550049998797
24,3,1,0,1,0,21,6,95,0,0,0,0,1,4,0.397590361445783,0.337349397590361,0,0,0,0,1.10183623565636,1.71661330002826
24,3,1,0,1,0,2,7.5,75,0,0,0,0,1,4,0.378378378378378,0.315315315315315,0.045045045045045,0,0,0,2.00701908506628,2.1852390000131
25,1,1,0,0,1,57,10,100,95,0,0,0,4,6,0.0571979434447301,0.0925449871465296,0.070694087403599,0,0,0,1.03206305929602,26.2416112000064
25,1,1,0,0,1,66,10,100,80,0,0,0,4,6,0.20253164556962,0.143459915611814,0.335443037974684,0,0,0,1.06101488097066,8.21845890000986
25,1,1,0,0,1,18,18.75,100,250,0,0,0,4,6,0.208333333333333,0.220486111111111,0.182291666666667,0,0,0,1.93259134965689,9.91775959999359
25,1,1,0,0,1,12,12,100,1,0,0,0,4,6,0.228125,0.11875,0.103125,0,0,0,2.99780341313587,5.66551710000203
25,1,1,0,0,1,84,11,100,110,0,0,0,4,6,0.215884476534296,0.0657039711191336,0.12057761732852,0,0,0,1.98831450784873,23.4023988999979
25,1,1,0,0,1,4,8.5,100,90,0,0,0,4,6,0.152671755725191,0.16793893129771,0.221374045801527,0,0,0,1.01757090488666,4.69866019999608
25,1,1,0,0,1,62,10,100,135,0,0,0,4,6,0.105011933174224,0.159904534606205,0.181384248210024,0,0,0,1.31116786178612,7.30634849998751
25,1,1,0,0,1,43,3,100,0,0,0,0,4,6,0.0598388952819333,0.127733026467204,0.270425776754891,0,0,0,0.55599110580448,14.8037280999997
25,1,1,0,0,1,69,1.5,100,20,0,0,0,4,6,0.153333333333333,0.12,0.176666666666667,0,0,0,0.131695646513599,5.33032690000255
25,1,1,0,0,1,23,7.75,100,120,0,0,0,4,6,0.0650406504065041,0.0441347270615563,0.0592334494773519,0,0,0,2.04832764699134,14.6721189999953
25,1,1,0,0,1,64,19.5,100,45,0,0,0,4,6,0.261061946902655,0.230088495575221,0.265486725663717,0,0,0,5.01038530518177,4.09278039999481
25,1,1,0,0,1,35,13,100,30,0,0,0,4,6,0.363636363636364,0.0346320346320346,0.246753246753247,0,0,0,5.99374272028493,4.18057599999884
25,1,1,0,0,1,48,7,100,70,0,0,0,4,6,0.161137440758294,0.184834123222749,0.341232227488152,0,0,0,2.01152922605629,14.3811624999944
25,1,1,0,0,1,33,11,100,190,0,0,0,4,6,0.197026022304833,0.0901486988847584,0.234200743494424,0,0,0,1.02734586061814,18.2461033
25,1,1,0,0,1,2,7.5,100,25,0,0,0,1,6,0.217672413793103,0.185344827586207,0.424568965517241,0,0,0,2.98448751455834,8.05072179999843
25,1,1,0,0,1,3,15,100,14,0,0,0,1,6,0.360169491525424,0.186440677966102,0.26271186440678,0,0,0,4.98968202244829,4.26809169999615
25,1,1,0,0,1,6,19,100,175,0,0,0,1,6,0.318627450980392,0.166666666666667,0.299019607843137,0,0,0,5.92984583855984,3.73219039999822
25,1,1,0,0,1,67,8.5,100,105,0,0,0,1,6,0.306122448979592,0.13469387755102,0.261224489795918,0,0,0,1.96996421818094,4.4176182999945
25,1,1,0,0,1,82,9.5,100,25,0,0,0,1,6,0.1708984375,0.09423828125,0.14111328125,0,0,0,2.02060852873471,34.4363016999996
25,1,1,0,0,1,45,13.5,100,65,0,0,0,1,6,0.258373205741627,0.22488038277512,0.181818181818182,0,0,0,3.03034432397244,3.80848699998751
25,1,1,0,0,1,21,6,100,55,0,0,0,1,6,0.395454545454545,0.0727272727272727,0.459090909090909,0,0,0,1.0199134531522,3.98560210000142
25,1,1,0,0,1,79,10,100,140,0,0,0,1,6,0.356115107913669,0.0773381294964029,0.419064748201439,0,0,0,3.0299413320509,9.58332029999292
25,1,1,0,0,1,80,8,100,125,0,0,0,1,6,0.191570881226054,0.0766283524904215,0.590038314176245,0,0,0,1.04654443054575,4.6758880999987
25,1,1,0,0,1,29,7,100,55,0,0,0,1,6,0.264705882352941,0.0634191176470588,0.401654411764706,0,0,0,1.94138186643212,18.4476970999967
25,1,1,0,0,1,50,2.5,100,10,0,0,0,1,6,0.602739726027397,0.089041095890411,0.178082191780822,0,0,0,0.585093367975457,2.77208429999882
25,1,1,0,0,1,44,5,100,65,0,0,0,1,6,0.355191256830601,0.0765027322404372,0.420765027322404,0,0,0,1.04414849718111,3.37873450000188
25,1,1,0,0,1,74,7,100,120,0,0,0,1,6,0.312318137730359,0.01454898157129,0.153249272550921,0,0,0,0.99393131483766,17.4955323000031
25,1,1,0,0,1,25,9,100,160,0,0,0,1,6,0.339784946236559,0.0602150537634409,0.367741935483871,0,0,0,2.02976735636013,8.08550850000756
25,1,1,0,0,1,30,8,100,90,0,0,0,6,6,0.276666666666667,0.19,0.426666666666667,0,0,0,1.04176341126402,5.32350379999843
25,1,1,0,0,1,17,3.25,100,205,0,0,0,6,6,0.371681415929204,0.079646017699115,0.349557522123894,0,0,0,0.176385273868952,4.09115069999825
25,1,1,0,0,1,5,20,100,15,0,0,0,6,6,0.323699421965318,0.15606936416185,0.38150289017341,0,0,0,5.04147301409681,3.21782169998914
25,1,1,0,0,1,61,15,100,225,0,0,0,6,6,0.284615384615385,0.0807692307692308,0.453846153846154,0,0,0,4.00304148723374,4.66231749999861
25,1,1,0,0,1,38,15.5,100,215,0,0,0,6,6,0.53393665158371,0.085972850678733,0.30316742081448,0,0,0,4.06442907363776,4.01093839999521
25,1,1,0,0,1,51,1,100,3,0,0,0,6,6,0.440789473684211,0.118421052631579,0.309210526315789,0,0,0,0.0880063435735998,2.86146239998925
25,1,1,0,0,1,14,16.75,100,145,0,0,0,6,6,0.640350877192982,0,0.324561403508772,0,0,0,5.98288121466838,2.22997390000091
25,1,1,0,0,1,54,9.25,100,4,0,0,0,6,6,0.362708221386351,0.0537345513164965,0.158516926383665,0,0,0,2.03447807263204,31.3233294000092
25,1,1,0,0,1,77,12,100,25,0,0,0,6,6,0.438709677419355,0.270967741935484,0.425806451612903,0,0,0,3.99980498638207,2.91741160000674
25,1,1,0,0,1,11,18.25,100,55,0,0,0,6,6,0.405,0.005,0.155,0,0,0,5.99374272028493,3.65533059999871
25,1,1,0,0,1,76,4,100,70,0,0,0,6,6,0.565656565656566,0.171717171717172,0.232323232323232,0,0,0,2.00671910402213,1.97823209999478
25,1,1,0,0,1,75,6,100,45,0,0,0,6,6,0.21107544141252,0.0698234349919743,0.252808988764045,0,0,0,2.01582363763051,21.0861597000039
25,1,1,0,0,1,20,15.75,100,30,0,0,0,6,6,0.383928571428571,0,0.571428571428571,0,0,0,4.02031156416027,2.2105639000074
25,1,1,0,0,1,60,15,100,31,0,0,0,6,6,0.248953974895398,0.0156903765690377,0.418410041841004,0,0,0,5.02066940050083,16.2582282999938
25,1,1,0,0,1,8,16,100,20,0,0,0,5,6,0.442528735632184,0.218390804597701,0.327586206896552,0,0,0,4.03771070324113,3.22328009999183
25,1,1,0,0,1,32,9.5,100,170,0,0,0,5,6,0.65365025466893,0.098471986417657,0.176570458404075,0,0,0,2.00219658686413,10.1458681000076
25,1,1,0,0,1,47,16,100,5,0,0,0,5,6,0.511737089201878,0.122065727699531,0.356807511737089,0,0,0,5.97100507316708,3.88351720001083
25,1,1,0,0,1,81,14,100,5,0,0,0,5,6,0.673123486682809,0.12590799031477,0.11138014527845,0,0,0,3.9879173398629,7.20321929999045
25,1,1,0,0,1,72,6.5,100,60,0,0,0,5,6,0.310679611650485,0.203883495145631,0.242718446601942,0,0,0,1.0730146040872,2.04862639999192
25,1,1,0,0,1,19,17.5,100,40,0,0,0,5,6,0.716129032258065,0,0.270967741935484,0,0,0,5,2.90777550000348
25,1,1,0,0,1,41,19,100,245,0,0,0,5,6,0.483539094650206,0.193415637860082,0.228395061728395,0,0,0,4.03771070324113,8.42810340000142
25,1,1,0,0,1,31,8.5,100,22,0,0,0,5,6,0.538461538461538,0.213675213675214,0.256410256410256,0,0,0,2.07616798433959,2.27372040000046
25,1,1,0,0,1,46,2,100,70,0,0,0,5,6,0.480314960629921,0,0.511811023622047,0,0,0,0.117066301435692,2.43986339999537
25,1,1,0,0,1,34,12,100,85,0,0,0,5,6,0.576175040518639,0.0170178282009724,0.223662884927066,0,0,0,1.99732496911206,20.8752009000018
25,1,1,0,0,1,71,6,100,45,0,0,0,5,6,0.288,0.464,0.156,0,0,0,1.01523900157096,4.48802119999891
25,1,1,0,0,1,22,20,100,165,0,0,0,5,6,0.523529411764706,0.117647058823529,0.347058823529412,0,0,0,5.02073672706284,3.15552960000059
25,1,1,0,0,1,83,17,100,200,0,0,0,5,6,0.316,0.062,0.5,0,0,0,3.99445447814545,8.65834419999737
25,1,1,0,0,1,16,16,100,95,0,0,0,5,6,0.384701912260967,0.0416197975253093,0.247469066366704,0,0,0,3.03663709276969,29.9328626999923
25,1,1,0,0,1,78,8.25,100,5,0,0,0,2,6,0.31875,0.120833333333333,0.0385416666666667,0,0,0,1.97441285270029,16.3200432000012
25,1,1,0,0,1,73,5,100,14,0,0,0,2,6,0.367521367521368,0.324786324786325,0.273504273504274,0,0,0,1.01757090488666,2.26775470000575
25,1,1,0,0,1,65,1.75,100,10,0,0,0,2,6,0.297142857142857,0.291428571428571,0.297142857142857,0,0,0,0.0876026958266785,3.24376300000586
25,1,1,0,0,1,27,5.25,100,120,0,0,0,2,6,0.457894736842105,0.331578947368421,0.2,0,0,0,0.984029924482826,3.49627459999465
25,1,1,0,0,1,49,16,100,20,0,0,0,2,6,0.107913669064748,0.410071942446043,0.294964028776978,0,0,0,3.99980498638207,2.64148590000696
25,1,1,0,0,1,39,17,100,15,0,0,0,2,6,0.386861313868613,0.306569343065693,0.295620437956204,0,0,0,4.03214513455646,4.89109629999439
25,1,1,0,0,1,1,5,100,0,0,0,0,2,6,0.427244582043344,0.195046439628483,0.247678018575851,0,0,0,1.03443779722067,5.70532119998825
25,1,1,0,0,1,37,14.5,100,175,0,0,0,2,6,0.347063310450038,0.0976353928299008,0.172387490465294,0,0,0,3.03034432397244,22.1619920000085
25,1,1,0,0,1,10,19.5,100,125,0,0,0,2,6,0.556195965417867,0.0922190201729107,0.146974063400576,0,0,0,5.02073672706284,6.11376690000179
25,1,1,0,0,1,63,5.5,100,40,0,0,0,2,6,0.480075901328273,0.263757115749526,0.184060721062619,0,0,0,1.00306810563501,9.10968709998997
25,1,1,0,0,1,42,20,100,170,0,0,0,2,6,0.397815912636505,0.0483619344773791,0.184607384295372,0,0,0,4.01166046687026,32.3564773000107
25,1,1,0,0,1,9,2,100,19,0,0,0,2,6,0.423529411764706,0.305882352941176,0.235294117647059,0,0,0,0.0294729270417733,1.742665999991
25,1,1,0,0,1,55,16.5,100,155,0,0,0,2,6,0.803320561941252,0.0280970625798212,0.154533844189017,0,0,0,2.9911317509229,13.3779966000002
25,1,1,0,0,1,13,19.5,100,7,0,0,0,2,6,0.714285714285714,0.0583090379008746,0.116618075801749,0,0,0,5.06220842112907,6.03619590000017
25,1,1,0,0,1,52,18.5,100,85,0,0,0,3,6,0.330508474576271,0.313559322033898,0.347457627118644,0,0,0,5.97651617019106,2.29592679999769
25,1,1,0,0,1,15,17.25,100,55,0,0,0,3,6,0.343073593073593,0.134199134199134,0.45995670995671,0,0,0,5.03125767544572,15.7158415000013
25,1,1,0,0,1,70,3.5,100,3,0,0,0,3,6,0.205263157894737,0.184210526315789,0.221052631578947,0,0,0,0.117606900649861,3.49119770000107
25,1,1,0,0,1,7,16.75,100,75,0,0,0,3,6,0.358823529411765,0.217647058823529,0.3,0,0,0,3.99654757817326,3.16825539999991
25,1,1,0,0,1,36,14,100,40,0,0,0,3,6,0.197943444730077,0.077120822622108,0.125964010282776,0,0,0,4.00625727971506,26.2725180000125
25,1,1,0,0,1,24,19,100,150,0,0,0,3,6,0.263888888888889,0.208333333333333,0.472222222222222,0,0,0,5.06220842112907,2.72212400000717
25,1,1,0,0,1,59,2,100,110,0,0,0,3,6,0.327586206896552,0,0.560344827586207,0,0,0,0.13109309120334,2.2586134000012
25,1,1,0,0,1,28,6,100,7,0,0,0,3,6,0.351515151515152,0.133333333333333,0.43030303030303,0,0,0,2.02060852873471,3.08418920000258
25,1,1,0,0,1,53,14,100,60,0,0,0,3,6,0.388374052232519,0.0286436394271272,0.438079191238416,0,0,0,4.0084457284854,20.1034896999918
25,1,1,0,0,1,40,18,100,110,0,0,0,3,6,0.301369863013699,0.0958904109589041,0.237442922374429,0,0,0,5.0416085429692,3.97806930000661
25,1,1,0,0,1,56,12,100,210,0,0,0,3,6,0.193528313627878,0.0236465463596764,0.574362165525825,0,0,0,2.04832764699134,27.1028117000096
25,1,1,0,0,1,26,4,100,50,0,0,0,3,6,0.373417721518987,0,0.386075949367089,0,0,0,0.146323600643697,2.96952699999383
25,1,1,0,0,1,68,2.5,100,25,0,0,0,3,6,0.275862068965517,0,0.517241379310345,0,0,0,0.206239783049874,1.78667059999134
25,1,1,0,0,1,58,14,100,20,0,0,0,3,6,0.505882352941176,0,0.4,0,0,0,4.0526500198099,3.16647050000029
25,2,1,0,1,0,17,3.25,85,0,0,0,0,3,4,0.0863930885529158,0.08207343412527,0.0496760259179266,0,0,0,1.03443779722067,8.05918599999859
25,2,1,0,1,0,24,19,70,0,0,0,0,3,4,0.30607476635514,0.228971962616822,0.100467289719626,0,0,0,5.01038530518177,7.4519403000013
25,2,1,0,1,0,60,15,35,0,0,0,0,3,4,0.366666666666667,0.266666666666667,0.166666666666667,0,0,0,0.293165758379018,2.83745950000593
25,2,1,0,1,0,13,19.5,5,0,0,0,0,3,4,0.277533039647577,0.308370044052863,0.233480176211454,0,0,0,0.0441068997330483,4.10871339999721
25,2,1,0,1,0,5,20,85,0,0,0,0,3,4,0.390243902439024,0.471544715447154,0.0691056910569106,0,0,0,4.98958070042653,4.42295739999099
25,2,1,0,1,0,45,13.5,55,0,0,0,0,3,4,0.463687150837989,0.452513966480447,0.0614525139664804,0,0,0,3.02364068989547,3.31930000000284
25,2,1,0,1,0,35,13,70,0,0,0,0,3,4,0.295580110497238,0.472375690607735,0.0469613259668508,0,0,0,2.55061321865853,6.35989629999676
25,2,1,0,1,0,44,5,40,0,0,0,0,3,4,0.456375838926175,0.342281879194631,0,0,0,0,1.03938909995913,2.81904999999097
25,2,1,0,1,0,33,11,65,0,0,0,0,3,4,0.389438943894389,0.438943894389439,0.141914191419142,0,0,0,2.04832764699134,5.37938430000213
25,2,1,0,1,0,74,7,40,0,0,0,0,3,4,0.260606060606061,0.354545454545455,0.115151515151515,0,0,0,1.02734586061814,5.83088149999094
25,2,1,0,1,0,21,6,95,0,0,0,0,3,4,0.395209580838323,0.245508982035928,0.0898203592814371,0,0,0,2.01605899932928,3.10488070000429
25,2,1,0,1,0,50,2.5,90,0,0,0,0,3,4,0.394285714285714,0.177142857142857,0,0,0,0,1.01523900157096,3.24931639998977
25,2,1,0,1,0,36,14,15,0,0,0,0,3,4,0.63302752293578,0.321100917431193,0.00917431192660551,0,0,0,0.439360857280121,2.14839940000093
25,2,1,0,1,0,65,1.75,80,0,0,0,0,3,4,0.485148514851485,0.396039603960396,0.0297029702970297,0,0,0,0.147339375189432,2.01219550000678
25,2,1,0,1,0,67,8.5,50,0,0,0,0,2,4,0.268221574344023,0.475218658892128,0.17201166180758,0,0,0,1.01523900157096,6.05171400000108
25,2,1,0,1,0,72,6.5,90,0,0,0,0,2,4,0.545833333333333,0.345833333333333,0.1,0,0,0,1.98336870024632,4.32502669999667
25,2,1,0,1,0,69,1.5,95,0,0,0,0,2,4,0.419213973799127,0.358078602620087,0.122270742358079,0,0,0,1.00830644677874,4.14015609999478
25,2,1,0,1,0,18,18.75,80,0,0,0,0,2,4,0.376146788990826,0.211009174311927,0.128440366972477,0,0,0,5.09346111450509,2.13947320000443
25,2,1,0,1,0,1,5,50,0,0,0,0,2,4,0.201754385964912,0.370614035087719,0.0592105263157895,0,0,0,0.996199999994484,7.92629289999604
25,2,1,0,1,0,73,5,70,0,0,0,0,2,4,0.259493670886076,0.620253164556962,0.164556962025316,0,0,0,2.06680712403991,2.95934529999795
25,2,1,0,1,0,63,5.5,70,0,0,0,0,2,4,0.463855421686747,0.493975903614458,0,0,0,0,1.99769373642336,3.09703240000817
25,2,1,0,1,0,2,7.5,75,0,0,0,0,2,4,0.598984771573604,0.365482233502538,0.0152284263959391,0,0,0,1.98831450784873,3.61809709999943
25,2,1,0,1,0,8,16,15,0,0,0,0,2,4,0.470588235294118,0.313725490196078,0,0,0,0,0.176793363466064,2.88319090000005
25,2,1,0,1,0,70,3.5,40,0,0,0,0,2,4,0.457317073170732,0.49390243902439,0,0,0,0,0.338621374603612,3.06440800000564
25,2,1,0,1,0,49,16,50,0,0,0,0,2,4,0.388157894736842,0.407894736842105,0.111842105263158,0,0,0,3.01092170691353,2.86355320000439
25,2,1,0,1,0,77,12,75,0,0,0,0,2,4,0.466666666666667,0.454545454545455,0,0,0,0,2.9909289842474,3.06937700000708
25,2,1,0,1,0,27,5.25,50,0,0,0,0,2,4,0.443609022556391,0.37593984962406,0.120300751879699,0,0,0,1.05136913422507,2.54853279999224
25,2,1,0,1,0,68,2.5,65,0,0,0,0,2,4,0.330275229357798,0.573394495412844,0,0,0,0,0.676892581503978,3.96979049999209
25,2,1,0,1,0,37,14.5,5,0,0,0,0,1,4,0.224489795918367,0.312925170068027,0.414965986394558,0,0,0,0.132609935998001,2.77652169999783
25,2,1,0,1,0,64,19.5,65,0,0,0,0,1,4,0.545977011494253,0.304597701149425,0.137931034482759,0,0,0,4.0084457284854,3.22711320000235
25,2,1,0,1,0,57,10,50,0,0,0,0,1,4,0.259259259259259,0.420740740740741,0.157037037037037,0,0,0,2.02517793912398,11.5663052000018
25,2,1,0,1,0,59,2,80,0,0,0,0,1,4,0.208074534161491,0.338509316770186,0.164596273291925,0,0,0,0.264493345896152,5.69026170000143
25,2,1,0,1,0,79,10,10,0,0,0,0,1,4,0.37719298245614,0.482456140350877,0.114035087719298,0,0,0,0.220449870460527,2.22834750000038
25,2,1,0,1,0,61,15,75,0,0,0,0,1,4,0.754966887417219,0.211920529801325,0,0,0,0,3.02401239525638,2.84052399999928
25,2,1,0,1,0,52,18.5,10,0,0,0,0,1,4,0.53921568627451,0.264705882352941,0.137254901960784,0,0,0,1.00537839182461,2.02788259999943
25,2,1,0,1,0,32,9.5,30,0,0,0,0,1,4,0.565714285714286,0.411428571428571,0,0,0,0,0.412047573014494,3.25245689999429
25,2,1,0,1,0,81,14,55,0,0,0,0,1,4,0.362369337979094,0.497096399535424,0,0,0,0,3.05581353665619,14.6713796000113
25,2,1,0,1,0,19,17.5,25,0,0,0,0,1,4,0.447058823529412,0.4,0.117647058823529,0,0,0,1.0199134531522,1.74098059999233
25,2,1,0,1,0,30,8,75,0,0,0,0,1,4,0.599206349206349,0.369047619047619,0,0,0,0,2.01605899932928,4.52389460000268
25,2,1,0,1,0,20,15.75,35,0,0,0,0,1,4,0.73992673992674,0.197802197802198,0.00183150183150183,0,0,0,1.00076832543155,9.41966810000304
25,2,1,0,1,0,34,12,15,0,0,0,0,1,4,0.691489361702128,0.180851063829787,0.0531914893617021,0,0,0,0.353314457762693,1.89620339999965
25,2,1,0,1,0,42,20,30,0,0,0,0,1,4,0.0775632490013316,0.0456058588548602,0.0133155792276964,0,0,0,1.03206305929602,50.8293090999941
25,2,1,0,1,0,29,7,20,0,0,0,0,6,4,0.2,0.16,0.48,0,0,0,0.205290029554956,3.66744440000912
25,2,1,0,1,0,4,8.5,20,0,0,0,0,6,4,0.456953642384106,0.364238410596026,0.165562913907285,0,0,0,1.02500325524284,2.84007710000151
25,2,1,0,1,0,62,10,95,0,0,0,0,6,4,0.464968152866242,0.235668789808917,0.286624203821656,0,0,0,4.97933059949916,2.94468259999121
25,2,1,0,1,0,46,2,55,0,0,0,0,6,4,0.338983050847458,0.525423728813559,0.0225988700564972,0,0,0,0.397370486110816,3.27731170000334
25,2,1,0,1,0,25,9,60,0,0,0,0,6,4,0.423255813953488,0.311627906976744,0.162790697674419,0,0,0,2.00185987571388,3.91439550000359
25,2,1,0,1,0,54,9.25,40,0,0,0,0,6,4,0.318463444857497,0.151177199504337,0.154894671623296,0,0,0,1.08743104679034,13.7743416000012
25,2,1,0,1,0,7,16.75,65,0,0,0,0,6,4,0.245261984392419,0.0947603121516165,0.145484949832776,0,0,0,4.0383850885907,30.2052557999996
25,2,1,0,1,0,84,11,50,0,0,0,0,6,4,0.440298507462687,0.373134328358209,0.141791044776119,0,0,0,3.00423006684671,2.57047700000112
25,2,1,0,1,0,53,14,90,0,0,0,0,6,4,0.352941176470588,0.19327731092437,0.34453781512605,0,0,0,6.03778068586726,2.31911919999402
25,2,1,0,1,0,9,2,30,0,0,0,0,6,4,0.21640903686088,0.280618311533888,0.0154577883472057,0,0,0,0.601012019561246,14.3347270999948
25,2,1,0,1,0,11,18.25,70,0,0,0,0,6,4,0.4875,0.51875,0,0,0,0,4.04394648965637,2.99553379999998
25,2,1,0,1,0,75,6,85,0,0,0,0,6,4,0.421052631578947,0.385964912280702,0,0,0,0,1.03443779722067,3.19027970000752
25,2,1,0,1,0,3,15,85,0,0,0,0,6,4,0.121359223300971,0.233009708737864,0,0,0,0,5.03115569444886,7.18353909999132
25,2,1,0,1,0,76,4,35,0,0,0,0,6,4,0.486842105263158,0.282894736842105,0.217105263157895,0,0,0,0.279814478620207,2.86089949999587
25,2,1,0,1,0,56,12,90,0,0,0,0,5,4,0.353932584269663,0.348314606741573,0.247191011235955,0,0,0,4.00625727971506,3.29712410000502
25,2,1,0,1,0,82,9.5,20,0,0,0,0,5,4,0.382608695652174,0.347826086956522,0.182608695652174,0,0,0,1.04654443054575,2.24416880001081
25,2,1,0,1,0,15,17.25,25,0,0,0,0,5,4,0.396825396825397,0.396825396825397,0.182539682539683,0,0,0,1.04654443054575,2.43218689999776
25,2,1,0,1,0,71,6,25,0,0,0,0,5,4,0.381578947368421,0.328947368421053,0.236842105263158,0,0,0,0.35168959875671,1.6048129999981
25,2,1,0,1,0,6,19,20,0,0,0,0,5,4,0.397435897435897,0.333333333333333,0.205128205128205,0,0,0,0.753285327238881,1.62041750000208
25,2,1,0,1,0,22,20,90,0,0,0,0,5,4,0.654205607476635,0.158878504672897,0.130841121495327,0,0,0,9.98539865467756,2.10820999999123
25,2,1,0,1,0,41,19,65,0,0,0,0,5,4,0.63265306122449,0.346938775510204,0,0,0,0,5.04133836524481,1.95584790001158
25,2,1,0,1,0,78,8.25,20,0,0,0,0,5,4,0.462025316455696,0.354430379746835,0.0759493670886076,0,0,0,0.986287214316132,2.96157030000177
25,2,1,0,1,0,23,7.75,60,0,0,0,0,5,4,0.621359223300971,0.41747572815534,0,0,0,0,2.10869095128426,2.04777920000197
25,2,1,0,1,0,38,15.5,40,0,0,0,0,5,4,0.376042456406368,0.275208491281274,0.043972706595906,0,0,0,2.05295088345068,22.3047636000119
25,2,1,0,1,0,14,16.75,45,0,0,0,0,5,4,0.584615384615385,0.338461538461538,0.0230769230769231,0,0,0,2.02517793912398,2.50292030000128
25,2,1,0,1,0,55,16.5,25,0,0,0,0,5,4,0.523364485981308,0.299065420560748,0.158878504672897,0,0,0,0.630142960050613,2.10537849999673
25,2,1,0,1,0,80,8,45,0,0,0,0,5,4,0.619047619047619,0.154761904761905,0,0,0,0,1.01523900157096,1.74056780000683
25,2,1,0,1,0,66,10,90,0,0,0,0,5,4,0.25,0.238636363636364,0.0227272727272727,0,0,0,5.02066940050083,1.79210410000815
25,2,1,0,1,0,10,19.5,10,0,0,0,0,4,4,0.196850393700787,0.464566929133858,0.21259842519685,0,0,0,0.279814478620207,2.45314329999383
25,2,1,0,1,0,47,16,100,0,0,0,0,4,4,0.28673835125448,0.261648745519713,0.0692951015531661,0,0,0,10,14.2652356000035
25,2,1,0,1,0,12,12,35,0,0,0,0,4,4,0.211158192090395,0.247528248587571,0.175141242937853,0,0,0,1.01757090488666,47.4936385999899
25,2,1,0,1,0,58,14,45,0,0,0,0,4,4,0.559055118110236,0.181102362204724,0.236220472440945,0,0,0,2.9911317509229,2.4371994999965
25,2,1,0,1,0,26,4,45,0,0,0,0,4,4,0.114184397163121,0.316312056737589,0.305673758865248,0,0,0,0.353314457762693,23.821265000006
25,2,1,0,1,0,51,1,40,0,0,0,0,4,4,0.205882352941176,0.490196078431373,0.274509803921569,0,0,0,0.176793363466064,2.03506460000062
25,2,1,0,1,0,16,16,65,0,0,0,0,4,4,0.5,0.240384615384615,0.221153846153846,0,0,0,5.0514221265852,2.06978799999342
25,2,1,0,1,0,31,8.5,50,0,0,0,0,4,4,0.173505275498241,0.300117233294256,0.05978898007034,0,0,0,2.00219658686413,14.544206400009
25,2,1,0,1,0,48,7,45,0,0,0,0,4,4,0.314893617021277,0.319148936170213,0.357446808510638,0,0,0,0.998478980309287,4.23965920000046
25,2,1,0,1,0,39,17,35,0,0,0,0,4,4,0.792156862745098,0.207843137254902,0,0,0,0,1.02969910463968,4.58118549999199
25,2,1,0,1,0,43,3,30,0,0,0,0,4,4,0.329113924050633,0.607594936708861,0,0,0,0,0.191075559896653,1.64549560000887
25,2,1,0,1,0,40,18,15,0,0,0,0,4,4,0.234042553191489,0.159574468085106,0,0,0,0,2.04832764699134,1.88960889998998
25,2,1,0,1,0,28,6,25,0,0,0,0,4,4,0.435483870967742,0.451612903225806,0,0,0,0,0.1906355570774,1.37159399999655
25,2,1,0,1,0,83,17,80,0,0,0,0,4,4,0.55421686746988,0.36144578313253,0,0,0,0,6.03258984437746,1.713923599993
25,3,1,0,1,1,81,14,55,5,0,0,0,1,2,0.375927452596867,0.137675185490519,0.191261335531739,0,0,0,4.02899492683292,20.531047299999
25,3,1,0,1,1,9,2,30,19,0,0,0,1,2,0.132231404958678,0.359504132231405,0.359504132231405,0,0,0,0.0882095654972694,4.36148459999822
25,3,1,0,1,1,58,14,45,20,0,0,0,1,2,0.328042328042328,0.103174603174603,0.386243386243386,0,0,0,3.04383423693261,6.62918509999872
25,3,1,0,1,1,73,5,70,14,0,0,0,1,2,0.307539682539683,0.0654761904761905,0.137896825396825,0,0,0,2.06694220716932,17.1177054
25,3,1,0,1,1,11,18.25,70,55,0,0,0,1,2,0.349206349206349,0.153439153439153,0.354497354497354,0,0,0,5.03115569444886,3.48058739998669
25,3,1,0,1,1,50,2.5,90,10,0,0,0,1,2,0.621621621621622,0.162162162162162,0.210810810810811,0,0,0,1.06101488097066,3.41669709999405
25,3,1,0,1,1,61,15,75,225,0,0,0,1,2,0.556521739130435,0.139130434782609,0.226086956521739,0,0,0,2.02060852873471,6.08318679999502
25,3,1,0,1,1,64,19.5,65,45,0,0,0,1,2,0.416072585871679,0.23849643551523,0.196370706416073,0,0,0,4.98958070042653,26.0278221000044
25,3,1,0,1,1,51,1,40,3,0,0,0,1,2,0.409836065573771,0.270491803278689,0.278688524590164,0,0,0,0.0884137280821413,2.36299699998926
25,3,1,0,1,1,19,17.5,25,40,0,0,0,1,2,0.364532019704433,0.280788177339901,0.339901477832512,0,0,0,2.0575943037999,3.70655889999762
25,3,1,0,1,1,32,9.5,30,170,0,0,0,1,2,0.535087719298246,0.18859649122807,0.232456140350877,0,0,0,2.04372446794997,4.13033640000504
25,3,1,0,1,1,12,12,35,1,0,0,0,1,2,0.458149779735683,0.365638766519824,0.174008810572687,0,0,0,1.04654443054575,7.88779639999848
25,3,1,0,1,1,42,20,30,170,0,0,0,1,2,0.448888888888889,0.226666666666667,0.257777777777778,0,0,0,2.04369094153031,4.0737683000043
25,3,1,0,1,1,45,13.5,55,65,0,0,0,1,2,0.355084745762712,0.11864406779661,0.166101694915254,0,0,0,3.03663709276969,19.9853021000017
25,3,1,0,1,1,16,16,65,95,0,0,0,6,2,0.337378640776699,0.218446601941748,0.385922330097087,0,0,0,3.04960613040668,7.18712960000266
25,3,1,0,1,1,10,19.5,10,125,0,0,0,6,2,0.293103448275862,0.353448275862069,0.336206896551724,0,0,0,1.04654443054575,2.2671921000001
25,3,1,0,1,1,82,9.5,20,25,0,0,0,6,2,0.328859060402685,0.315436241610738,0.342281879194631,0,0,0,0.541431157054337,2.80965830000059
25,3,1,0,1,1,22,20,90,165,0,0,0,6,2,0.359073359073359,0.181467181467181,0.362934362934363,0,0,0,9.98526345751643,4.64076199999545
25,3,1,0,1,1,52,18.5,10,85,0,0,0,6,2,0.177474402730375,0.150170648464164,0.310580204778157,0,0,0,1.02969910463968,5.20682910000323
25,3,1,0,1,1,5,20,85,15,0,0,0,6,2,0.372781065088757,0.349112426035503,0.254437869822485,0,0,0,7.01568076536348,3.15066470000602
25,3,1,0,1,1,18,18.75,80,250,0,0,0,6,2,0.467836257309941,0.187134502923977,0.239766081871345,0,0,0,6.00230825749328,3.18119679999654
25,3,1,0,1,1,30,8,75,90,0,0,0,6,2,0.327160493827161,0.521604938271605,0.111111111111111,0,0,0,4.05010257550903,5.73097449999477
25,3,1,0,1,1,59,2,80,110,0,0,0,6,2,0.261363636363636,0.318181818181818,0.369318181818182,0,0,0,1.04895128484505,3.2673586000019
25,3,1,0,1,1,83,17,80,200,0,0,0,6,2,0.518292682926829,0.182926829268293,0.26219512195122,0,0,0,5,3.05683009998756
25,3,1,0,1,1,67,8.5,50,105,0,0,0,6,2,0.193675889328063,0.130434782608696,0.652173913043478,0,0,0,2.02060852873471,4.5474275000015
25,3,1,0,1,1,2,7.5,75,25,0,0,0,6,2,0.429042904290429,0.316831683168317,0.237623762376238,0,0,0,2.00701908506628,5.38327019999269
25,3,1,0,1,1,24,19,70,150,0,0,0,6,2,0.291803278688525,0.290710382513661,0.230601092896175,0,0,0,3.02364068989547,15.5759295000025
25,3,1,0,1,1,77,12,75,25,0,0,0,6,2,0.392638036809816,0.161042944785276,0.424846625766871,0,0,0,3.02364068989547,11.19746760001
25,3,1,0,1,1,1,5,50,0,0,0,0,5,2,0.506451612903226,0.264516129032258,0.22258064516129,0,0,0,2.03907445914171,5.49261860000843
25,3,1,0,1,1,39,17,35,15,0,0,0,5,2,0.191397849462366,0.240860215053763,0.412903225806452,0,0,0,1.06345377749977,8.07695009998861
25,3,1,0,1,1,14,16.75,45,145,0,0,0,5,2,0.378542510121458,0.105263157894737,0.131578947368421,0,0,0,3.02364068989547,25.0689760999958
25,3,1,0,1,1,33,11,65,190,0,0,0,5,2,0.350993377483444,0.390728476821192,0.251655629139073,0,0,0,2.99733077512318,2.83713119999447
25,3,1,0,1,1,78,8.25,20,5,0,0,0,5,2,0.579545454545455,0.261363636363636,0.147727272727273,0,0,0,0.545181484061033,3.26750869999523
25,3,1,0,1,1,27,5.25,50,120,0,0,0,5,2,0.503496503496504,0.188811188811189,0.272727272727273,0,0,0,1.05617018740514,2.71682239999063
25,3,1,0,1,1,36,14,15,40,0,0,0,5,2,0.428571428571429,0.322981366459627,0.248447204968944,0,0,0,1.00306810563501,3.0196980000037
25,3,1,0,1,1,84,11,50,110,0,0,0,5,2,0.115765422696116,0.108910891089109,0.254379284082254,0,0,0,3.03620320754046,22.1960626999935
25,3,1,0,1,1,56,12,90,210,0,0,0,5,2,0.362068965517241,0.275862068965517,0.28735632183908,0,0,0,7.99780341313587,3.23417999999947
25,3,1,0,1,1,55,16.5,25,155,0,0,0,5,2,0.244725738396624,0.483122362869198,0.0485232067510548,0,0,0,2.04832764699134,8.22173330000078
25,3,1,0,1,1,8,16,15,20,0,0,0,5,2,0.563218390804598,0.229885057471264,0.195402298850575,0,0,0,1.03206305929602,3.22922959999414
25,3,1,0,1,1,70,3.5,40,3,0,0,0,5,2,0.335195530726257,0.452513966480447,0.195530726256983,0,0,0,0.570545225625498,3.31881380001141
25,3,1,0,1,1,62,10,95,135,0,0,0,5,2,0.170068027210884,0.578231292517007,0.224489795918367,0,0,0,5.01038530518177,2.7778352000023
25,3,1,0,1,1,4,8.5,20,90,0,0,0,5,2,0.297968397291196,0.221218961625282,0.252821670428894,0,0,0,1.06101488097066,7.70694580000418
25,3,1,0,1,1,74,7,40,120,0,0,0,2,2,0.585603112840467,0.214007782101167,0.196498054474708,0,0,0,2.00185987571388,8.88658700000087
25,3,1,0,1,1,15,17.25,25,55,0,0,0,2,2,0.124716553287982,0.27437641723356,0.403628117913832,0,0,0,2.02040590619034,7.67097390000708
25,3,1,0,1,1,23,7.75,60,120,0,0,0,2,2,0.350515463917526,0.27319587628866,0.288659793814433,0,0,0,3.03075148701263,3.55480149999494
25,3,1,0,1,1,72,6.5,90,60,0,0,0,2,2,0.554878048780488,0.225609756097561,0.219512195121951,0,0,0,3.03075148701263,3.06687619999866
25,3,1,0,1,1,25,9,60,160,0,0,0,2,2,0.400966183574879,0.41304347826087,0.111111111111111,0,0,0,3.01696439925755,7.22717859999102
25,3,1,0,1,1,40,18,15,110,0,0,0,2,2,0.495798319327731,0.092436974789916,0.369747899159664,0,0,0,2.00219658686413,2.31021719999262
25,3,1,0,1,1,54,9.25,40,4,0,0,0,2,2,0.602564102564103,0.274358974358974,0.0769230769230769,0,0,0,1.00076832543155,6.82974850000755
25,3,1,0,1,1,80,8,45,125,0,0,0,2,2,0.509259259259259,0.324074074074074,0.12962962962963,0,0,0,2.03907445914171,3.9234054999979
25,3,1,0,1,1,38,15.5,40,215,0,0,0,2,2,0.44047619047619,0.282738095238095,0.270833333333333,0,0,0,4.02899492683292,5.92944970000826
25,3,1,0,1,1,17,3.25,85,205,0,0,0,2,2,0.5,0.341269841269841,0.119047619047619,0,0,0,1.04414849718111,2.42520740001055
25,3,1,0,1,1,28,6,25,7,0,0,0,2,2,0.65985401459854,0.293430656934307,0.0525547445255474,0,0,0,0.557268608155763,11.7492597000091
25,3,1,0,1,1,76,4,35,70,0,0,0,2,2,0.159420289855072,0.41304347826087,0.333333333333333,0,0,0,0.278526659626227,2.62744969999767
25,3,1,0,1,1,65,1.75,80,10,0,0,0,2,2,0.686666666666667,0.146666666666667,0.133333333333333,0,0,0,1.00306810563501,2.8201310000004
25,3,1,0,1,1,47,16,100,5,0,0,0,2,2,0.266409266409266,0.27992277992278,0.191119691119691,0,0,0,9.95589310026695,8.96519960000296
25,3,1,0,1,1,49,16,50,20,0,0,0,3,2,0.194756554307116,0.250936329588015,0.546816479400749,0,0,0,4.02031156416027,4.77402220001386
25,3,1,0,1,1,60,15,35,31,0,0,0,3,2,0.369014084507042,0.391549295774648,0.177464788732394,0,0,0,3.00423006684671,6.24748140000156
25,3,1,0,1,1,43,3,30,0,0,0,0,3,2,0.256198347107438,0.256198347107438,0.400826446280992,0,0,0,0.410153998494586,4.36987640000007
25,3,1,0,1,1,3,15,85,14,0,0,0,3,2,0.285714285714286,0.360544217687075,0.353741496598639,0,0,0,9.97066289097121,2.77816600000369
25,3,1,0,1,1,66,10,90,80,0,0,0,3,2,0.361963190184049,0.276073619631902,0.349693251533742,0,0,0,4.97933059949916,3.05311349999101
25,3,1,0,1,1,46,2,55,70,0,0,0,3,2,0.279411764705882,0.323529411764706,0.375,0,0,0,1.06101488097066,2.59171339999011
25,3,1,0,1,1,44,5,40,65,0,0,0,3,2,0.242990654205607,0.314641744548287,0.361370716510903,0,0,0,2.02976735636013,5.67650420000427
25,3,1,0,1,1,21,6,95,55,0,0,0,3,2,0.359477124183007,0.235294117647059,0.411764705882353,0,0,0,2.02060852873471,2.87229929999739
25,3,1,0,1,1,13,19.5,5,7,0,0,0,3,2,0.333333333333333,0.275862068965517,0.344827586206897,0,0,0,0.5744950866256,1.78171120000479
25,3,1,0,1,1,20,15.75,35,30,0,0,0,3,2,0.100316789862724,0.512143611404435,0.0823653643083421,0,0,0,2.03914122086579,16.1097087999951
25,3,1,0,1,1,34,12,15,85,0,0,0,3,2,0.4,0.305,0.185,0,0,0,2.01152922605629,3.66028189999633
25,3,1,0,1,1,69,1.5,95,20,0,0,0,3,2,0.272108843537415,0.54421768707483,0.170068027210884,0,0,0,1.01523900157096,2.77349439999671
25,3,1,0,1,1,71,6,25,45,0,0,0,3,2,0.230263157894737,0.207236842105263,0.207236842105263,0,0,0,1.05617018740514,5.39118549998966
25,3,1,0,1,1,57,10,50,95,0,0,0,3,2,0.202479338842975,0.43801652892562,0.34297520661157,0,0,0,2.04832764699134,4.36591269999917
25,3,1,0,1,1,7,16.75,65,75,0,0,0,4,2,0.189038031319911,0.682326621923937,0.0973154362416107,0,0,0,4.01485459360784,15.2216365000058
25,3,1,0,1,1,6,19,20,175,0,0,0,4,2,0.157142857142857,0.378571428571429,0.328571428571429,0,0,0,2.1039262135238,4.9980601999996
25,3,1,0,1,1,48,7,45,70,0,0,0,4,2,0.523809523809524,0.347619047619048,0.138095238095238,0,0,0,1.00306810563501,3.82966580000357
25,3,1,0,1,1,35,13,70,30,0,0,0,4,2,0.416216216216216,0.372972972972973,0.140540540540541,0,0,0,4.01711878533162,3.41132509999443
25,3,1,0,1,1,29,7,20,55,0,0,0,4,2,0.424157303370786,0.452247191011236,0.0421348314606742,0,0,0,1.05376424236025,6.2529530999891
25,3,1,0,1,1,75,6,85,45,0,0,0,4,2,0.254584681769148,0.486515641855448,0.0442286947141316,0,0,0,2.02517793912398,15.7668713000021
25,3,1,0,1,1,79,10,10,140,0,0,0,4,2,0.254335260115607,0.179190751445087,0.520231213872832,0,0,0,0.559841260458729,3.21591129999433
25,3,1,0,1,1,26,4,45,50,0,0,0,4,2,0.104825291181364,0.535773710482529,0,0,0,0,1.05376424236025,10.3417713999952
25,3,1,0,1,1,37,14.5,5,175,0,0,0,4,2,0.361538461538462,0.353846153846154,0.269230769230769,0,0,0,0.161693108703986,2.50174560000596
25,3,1,0,1,1,63,5.5,70,40,0,0,0,4,2,0.294495412844037,0.158715596330275,0.227522935779817,0,0,0,2.04832764699134,18.4904971000069
25,3,1,0,1,1,31,8.5,50,22,0,0,0,4,2,0.457746478873239,0.309859154929577,0.204225352112676,0,0,0,3.0299413320509,2.69152110000141
25,3,1,0,1,1,53,14,90,60,0,0,0,4,2,0.46551724137931,0.318965517241379,0.224137931034483,0,0,0,6.99576993315329,2.26970469999651
25,3,1,0,1,1,68,2.5,65,25,0,0,0,4,2,0.4140625,0.3671875,0.2109375,0,0,0,1.03938909995913,2.46195100000477
25,3,1,0,1,1,41,19,65,245,0,0,0,4,2,0.417061611374408,0.398104265402844,0.127962085308057,0,0,0,5,3.83622539999487
26,1,1,0,1,0,15,17.25,25,0,0,0,0,4,4,0.164251207729469,0.238325281803543,0.0644122383252818,0,0,0,7.02861811948775,10.6871101999423
26,1,1,0,1,0,3,15,85,0,0,0,0,4,4,0.327205882352941,0.0955882352941176,0.0735294117647059,0,0,0,5,4.86283930006903
26,1,1,0,1,0,52,18.5,10,0,0,0,0,4,4,0.387832699619772,0.212927756653992,0,0,0,0,1.00076832543155,4.70970320003107
26,1,1,0,1,0,67,8.5,50,0,0,0,0,4,4,0.391891891891892,0.189189189189189,0,0,0,0,2.0064147342708,2.79658309998922
26,1,1,0,1,0,36,14,15,0,0,0,0,4,4,0.266666666666667,0.142857142857143,0,0,0,0,2.99756587730808,2.08355049998499
26,1,1,0,1,0,40,18,15,0,0,0,0,4,4,0.267241379310345,0.331896551724138,0,0,0,0,2.99733077512318,4.18719419999979
26,1,1,0,1,0,13,19.5,5,0,0,0,0,4,4,0.318181818181818,0.170454545454545,0.0340909090909091,0,0,0,1.01060684333609,1.80105369992089
26,1,1,0,1,0,75,6,85,0,0,0,0,4,4,0.236453201970443,0.266009852216749,0.197044334975369,0,0,0,2.99686772360027,3.7164815000724
26,1,1,0,1,0,4,8.5,20,0,0,0,0,4,4,0.515151515151515,0.232323232323232,0,0,0,0,2.53137841449796,1.97217810002621
26,1,1,0,1,0,47,16,100,0,0,0,0,4,4,0.459016393442623,0.213114754098361,0,0,0,0,4.00090840045691,2.36684390006121
26,1,1,0,1,0,48,7,45,0,0,0,0,4,4,0.41747572815534,0.252427184466019,0,0,0,0,2.00219658686413,2.05384639999829
26,1,1,0,1,0,81,14,55,0,0,0,0,4,4,0.383561643835616,0.191780821917808,0.0273972602739726,0,0,0,3.76358948843275,1.55236580001656
26,1,1,0,1,0,9,2,30,0,0,0,0,4,4,0.382352941176471,0.426470588235294,0,0,0,0,0.48424754974803,1.46453810005914
26,1,1,0,1,0,66,10,90,0,0,0,0,4,4,0.342465753424658,0.232876712328767,0,0,0,0,3.53121278810926,1.55179619998671
26,1,1,0,1,0,30,8,75,0,0,0,0,1,4,0.318681318681319,0.255494505494505,0.239010989010989,0,0,0,2.00219658686413,6.39609119994566
26,1,1,0,1,0,68,2.5,65,0,0,0,0,1,4,0.335540838852097,0.328918322295806,0.0397350993377483,0,0,0,0.767914124336073,7.8718177000992
26,1,1,0,1,0,24,19,70,0,0,0,0,1,4,0.35,0.222222222222222,0.0611111111111111,0,0,0,5,3.41258779994678
26,1,1,0,1,0,2,7.5,75,0,0,0,0,1,4,0.342391304347826,0.326086956521739,0.0815217391304348,0,0,0,2.99686772360027,3.4025333999889
26,1,1,0,1,0,76,4,35,0,0,0,0,1,4,0.223684210526316,0.5,0.184210526315789,0,0,0,1.04895128484505,1.60262829996645
26,1,1,0,1,0,70,3.5,40,0,0,0,0,1,4,0.44043321299639,0.249097472924188,0.104693140794224,0,0,0,0.647669672889815,4.93937279994134
26,1,1,0,1,0,21,6,95,0,0,0,0,1,4,0.309859154929577,0.225352112676056,0.126760563380282,0,0,0,2.48508453305458,1.51767339999788
26,1,1,0,1,0,69,1.5,95,0,0,0,0,1,4,0.152777777777778,0.375,0.222222222222222,0,0,0,0.466407595240103,1.53188049991149
26,1,1,0,1,0,29,7,20,0,0,0,0,1,4,0.0655737704918033,0.262295081967213,0.0819672131147541,0,0,0,2.03437690732758,1.35574339993764
26,1,1,0,1,0,5,20,85,0,0,0,0,1,4,0.274193548387097,0.32258064516129,0.161290322580645,0,0,0,7.0088682490771,1.3598032000009
26,1,1,0,1,0,26,4,45,0,0,0,0,1,4,0.207547169811321,0.433962264150943,0.245283018867925,0,0,0,1.54530864553941,1.21559089992661
26,1,1,0,1,0,20,15.75,35,0,0,0,0,1,4,0.416666666666667,0.236111111111111,0,0,0,0,3.98915783697319,1.52515739994124
26,1,1,0,1,0,61,15,75,0,0,0,0,1,4,0.277777777777778,0.259259259259259,0.148148148148148,0,0,0,5.03115569444886,1.23047660000157
26,1,1,0,1,0,49,16,50,0,0,0,0,1,4,0.362637362637363,0.296703296703297,0.10989010989011,0,0,0,5.99271932729416,1.83746459998656
26,1,1,0,1,0,6,19,20,0,0,0,0,5,4,0.581196581196581,0.111111111111111,0.153846153846154,0,0,0,4.9375882963815,2.27391760004684
26,1,1,0,1,0,37,14.5,5,0,0,0,0,5,4,0.51219512195122,0.0365853658536585,0.24390243902439,0,0,0,2.06215716410116,1.68864239996765
26,1,1,0,1,0,77,12,75,0,0,0,0,5,4,0.48314606741573,0.179775280898876,0.0786516853932584,0,0,0,4.02348382980894,1.80818930000532
26,1,1,0,1,0,59,2,80,0,0,0,0,5,4,0.470588235294118,0.352941176470588,0.117647058823529,0,0,0,1.00537839182461,1.46263750002254
26,1,1,0,1,0,63,5.5,70,0,0,0,0,5,4,0.307692307692308,0.263736263736264,0,0,0,0,2.00185987571388,1.83991559990682
26,1,1,0,1,0,80,8,45,0,0,0,0,5,4,0.338235294117647,0.220588235294118,0.147058823529412,0,0,0,3.55147380992164,1.46399740001652
26,1,1,0,1,0,31,8.5,50,0,0,0,0,5,4,0.388235294117647,0.247058823529412,0.141176470588235,0,0,0,4.01711878533162,1.74324709991924
26,1,1,0,1,0,10,19.5,10,0,0,0,0,5,4,0.509259259259259,0.175925925925926,0,0,0,0,3.99654757817326,2.13537259993609
26,1,1,0,1,0,16,16,65,0,0,0,0,5,4,0.241935483870968,0.32258064516129,0.0806451612903226,0,0,0,7.01568076536348,1.37246240000241
26,1,1,0,1,0,25,9,60,0,0,0,0,5,4,0.432835820895522,0.358208955223881,0,0,0,0,4.29781033105954,1.45431369997095
26,1,1,0,1,0,12,12,35,0,0,0,0,5,4,0.255434782608696,0.239130434782609,0.0326086956521739,0,0,0,3.0299413320509,3.40240509994328
26,1,1,0,1,0,58,14,45,0,0,0,0,5,4,0.35036496350365,0.372262773722628,0.0802919708029197,0,0,0,5.47605706875229,2.61434010008816
26,1,1,0,1,0,73,5,70,0,0,0,0,5,4,0.445945945945946,0.216216216216216,0,0,0,0,2.44943433286316,1.5570150000276
26,1,1,0,1,0,34,12,15,0,0,0,0,5,4,0.326086956521739,0.152173913043478,0,0,0,0,1.02734586061814,1.1035380999092
26,1,1,0,1,0,65,1.75,80,0,0,0,0,2,4,0.162162162162162,0.364864864864865,0,0,0,0,0.486485920403332,1.56033160001971
26,1,1,0,1,0,32,9.5,30,0,0,0,0,2,4,0.338842975206612,0.148760330578512,0,0,0,0,2.05288469540675,2.33879830001388
26,1,1,0,1,0,38,15.5,40,0,0,0,0,2,4,0.598540145985402,0.153284671532847,0.0401459854014599,0,0,0,3.53296463113706,4.8941755000269
26,1,1,0,1,0,62,10,95,0,0,0,0,2,4,0.176470588235294,0.549019607843137,0,0,0,0,5.01038530518177,1.18370009993669
26,1,1,0,1,0,46,2,55,0,0,0,0,2,4,0.2,0.366666666666667,0,0,0,0,1.07514123330803,1.32280949992128
26,1,1,0,1,0,27,5.25,50,0,0,0,0,2,4,0.357142857142857,0.553571428571429,0,0,0,0,2.02517793912398,1.25591910001822
26,1,1,0,1,0,1,5,50,0,0,0,0,2,4,0.265625,0.5625,0,0,0,0,2.3512510907587,1.38857899990398
26,1,1,0,1,0,54,9.25,40,0,0,0,0,2,4,0.395833333333333,0.541666666666667,0.0208333333333333,0,0,0,3.56080394295828,1.13513050007168
26,1,1,0,1,0,57,10,50,0,0,0,0,2,4,0.0714285714285714,0.380952380952381,0,0,0,0,5.06140836277202,1.03966180002317
26,1,1,0,1,0,39,17,35,0,0,0,0,2,4,0.375,0.571428571428571,0,0,0,0,2.99709806937205,1.26509250001982
26,1,1,0,1,0,7,16.75,65,0,0,0,0,2,4,0.492753623188406,0.449275362318841,0,0,0,0,6.03443779722067,1.47543690004386
26,1,1,0,1,0,14,16.75,45,0,0,0,0,2,4,0.209677419354839,0.354838709677419,0,0,0,0,6.02400252053495,1.36673270002939
26,1,1,0,1,0,55,16.5,25,0,0,0,0,2,4,0.41304347826087,0.456521739130435,0,0,0,0,2.04832764699134,1.10040849994402
26,1,1,0,1,0,71,6,25,0,0,0,0,2,4,0.565217391304348,0.304347826086957,0,0,0,0,2.00671910402213,1.47145539999474
26,1,1,0,1,0,22,20,90,0,0,0,0,6,4,0.523076923076923,0.353846153846154,0.0615384615384615,0,0,0,8.02558714729971,1.4188695999328
26,1,1,0,1,0,28,6,25,0,0,0,0,6,4,0.4,0.215384615384615,0.0307692307692308,0,0,0,2.03907445914171,1.41730450000614
26,1,1,0,1,0,56,12,90,0,0,0,0,6,4,0.47887323943662,0.267605633802817,0.028169014084507,0,0,0,5.02073672706284,1.51074779999908
26,1,1,0,1,0,79,10,10,0,0,0,0,6,4,0.421052631578947,0.473684210526316,0.0263157894736842,0,0,0,1.01523900157096,1.60270249994937
26,1,1,0,1,0,17,3.25,85,0,0,0,0,6,4,0.164179104477612,0.253731343283582,0.0522388059701493,0,0,0,1.09493938892155,2.56552659999579
26,1,1,0,1,0,11,18.25,70,0,0,0,0,6,4,0.547169811320755,0.358490566037736,0,0,0,0,6.00230825749328,1.22241579997353
26,1,1,0,1,0,23,7.75,60,0,0,0,0,6,4,0.573770491803279,0.344262295081967,0,0,0,0,3.03620320754046,1.33974540000781
26,1,1,0,1,0,33,11,65,0,0,0,0,6,4,0.218390804597701,0.32183908045977,0.0804597701149425,0,0,0,6.98968470030187,1.7736480999738
26,1,1,0,1,0,18,18.75,80,0,0,0,0,6,4,0.218836565096953,0.21606648199446,0.0221606648199446,0,0,0,8.02401239525638,6.34226389997639
26,1,1,0,1,0,35,13,70,0,0,0,0,6,4,0.349315068493151,0.160958904109589,0.0136986301369863,0,0,0,5.0512565230401,5.19946759997401
26,1,1,0,1,0,82,9.5,20,0,0,0,0,6,4,0.531645569620253,0.189873417721519,0,0,0,0,1.99732496911206,1.65475059999153
26,1,1,0,1,0,50,2.5,90,0,0,0,0,6,4,0.4,0.414285714285714,0,0,0,0,0.988554800503593,1.50138249993324
26,1,1,0,1,0,78,8.25,20,0,0,0,0,6,4,0.450980392156863,0.372549019607843,0.0588235294117647,0,0,0,0.51347237800157,1.17609780002385
26,1,1,0,1,0,84,11,50,0,0,0,0,6,4,0.366279069767442,0.529069767441861,0.0232558139534884,0,0,0,4.03214513455646,3.18865849997383
26,1,1,0,1,0,83,17,80,0,0,0,0,3,4,0.439024390243902,0.235772357723577,0.227642276422764,0,0,0,7.0088682490771,2.37645700003486
26,1,1,0,1,0,51,1,40,0,0,0,0,3,4,0.258064516129032,0.258064516129032,0.161290322580645,0,0,0,0.191517597927227,1.88687529996969
26,1,1,0,1,0,43,3,30,0,0,0,0,3,4,0.336538461538462,0.115384615384615,0.163461538461538,0,0,0,1.03702549107566,2.07081149995793
26,1,1,0,1,0,64,19.5,65,0,0,0,0,3,4,0.237864077669903,0.199029126213592,0.0776699029126214,0,0,0,8.00267503088794,3.76728390005883
26,1,1,0,1,0,19,17.5,25,0,0,0,0,3,4,0.25,0.279411764705882,0,0,0,0,3.9858992931241,1.47100959997624
26,1,1,0,1,0,72,6.5,90,0,0,0,0,3,4,0.418918918918919,0.27027027027027,0,0,0,0,2.07114546226854,1.55660589993931
26,1,1,0,1,0,53,14,90,0,0,0,0,3,4,0.306273062730627,0.228782287822878,0.033210332103321,0,0,0,6.02592483436413,4.83885970001575
26,1,1,0,1,0,44,5,40,0,0,0,0,3,4,0.258426966292135,0.337078651685393,0.123595505617978,0,0,0,1.46696399386558,1.81440789997578
26,1,1,0,1,0,60,15,35,0,0,0,0,3,4,0.212121212121212,0.257575757575758,0.151515151515152,0,0,0,3.0106169437502,1.43185440008529
26,1,1,0,1,0,42,20,30,0,0,0,0,3,4,0.423076923076923,0.480769230769231,0,0,0,0,4.01668931764639,1.20885699999053
26,1,1,0,1,0,45,13.5,55,0,0,0,0,3,4,0.774193548387097,0,0.0645161290322581,0,0,0,4.52239301069271,0.844555499963462
26,1,1,0,1,0,74,7,40,0,0,0,0,3,4,0.326923076923077,0.461538461538462,0,0,0,0,1.9928098882287,1.20072329998948
26,1,1,0,1,0,41,19,65,0,0,0,0,3,4,0.511627906976744,0.395348837209302,0,0,0,0,6.43142144631346,1.04783659998793
26,1,1,0,1,0,8,16,15,0,0,0,0,3,4,0.58974358974359,0.333333333333333,0,0,0,0,2.03447807263204,0.974658700055443
26,2,1,0,0,1,56,12,100,210,0,0,0,3,6,0.147058823529412,0.184313725490196,0.172549019607843,0,0,0,5.99695851276626,8.84100069990382
26,2,1,0,0,1,77,12,100,25,0,0,0,3,6,0.133550488599349,0.0162866449511401,0.0977198697068404,0,0,0,6.00554552185455,5.45206530019641
26,2,1,0,0,1,63,5.5,100,40,0,0,0,3,6,0.411764705882353,0.0336134453781513,0.319327731092437,0,0,0,2.05295088345068,2.31192109989934
26,2,1,0,0,1,52,18.5,100,85,0,0,0,3,6,0.495238095238095,0.0761904761904762,0.266666666666667,0,0,0,8.99923167456845,2.07909719995223
26,2,1,0,0,1,22,20,100,165,0,0,0,3,6,0.305084745762712,0.279661016949153,0.152542372881356,0,0,0,10.0292025370263,2.29440190014429
26,2,1,0,0,1,15,17.25,100,55,0,0,0,3,6,0.452631578947368,0.0631578947368421,0.168421052631579,0,0,0,8.81823382488492,1.91796009987593
26,2,1,0,0,1,68,2.5,100,25,0,0,0,3,6,0.371794871794872,0.128205128205128,0.205128205128205,0,0,0,1.04414849718111,1.62927539995871
26,2,1,0,0,1,2,7.5,100,25,0,0,0,3,6,0.333333333333333,0.145299145299145,0.358974358974359,0,0,0,3.96741015562254,2.2884352998808
26,2,1,0,0,1,32,9.5,100,170,0,0,0,3,6,0.529411764705882,0,0.210084033613445,0,0,0,4.71886156218007,2.31722049997188
26,2,1,0,0,1,9,2,100,19,0,0,0,3,6,0.311320754716981,0.0283018867924528,0.264150943396226,0,0,0,0.573172420067337,2.09594110003673
26,2,1,0,0,1,66,10,100,80,0,0,0,3,6,0.298969072164948,0.123711340206186,0.144329896907216,0,0,0,4.98961469481823,3.55485380021855
26,2,1,0,0,1,49,16,100,20,0,0,0,3,6,0.522222222222222,0.0666666666666667,0.288888888888889,0,0,0,8.03387119874938,1.83488189987838
26,2,1,0,0,1,28,6,100,7,0,0,0,3,6,0.517647058823529,0.0352941176470588,0.164705882352941,0,0,0,3.0106169437502,1.75650250003673
26,2,1,0,0,1,81,14,100,5,0,0,0,3,6,0.220858895705521,0.288343558282209,0.184049079754601,0,0,0,7.06779608086971,3.04220220004208
26,2,1,0,0,1,69,1.5,100,20,0,0,0,1,6,0.163636363636364,0.327272727272727,0.236363636363636,0,0,0,0.614171127961793,2.16516100009903
26,2,1,0,0,1,75,6,100,45,0,0,0,1,6,0.115942028985507,0.13768115942029,0.260869565217391,0,0,0,3.01696439925755,2.63673290004954
26,2,1,0,0,1,39,17,100,15,0,0,0,1,6,0.0701754385964912,0.0818713450292398,0.134502923976608,0,0,0,9.03042935818903,3.17861409997568
26,2,1,0,0,1,12,12,100,1,0,0,0,1,6,0.468842729970326,0.142433234421365,0.186943620178042,0,0,0,6.02924664363956,5.94016690016724
26,2,1,0,0,1,71,6,100,45,0,0,0,1,6,0,0.246575342465753,0.589041095890411,0,0,0,2.99733077512318,1.53880900004879
26,2,1,0,0,1,11,18.25,100,55,0,0,0,1,6,0.114285714285714,0.242857142857143,0.228571428571429,0,0,0,9.01946842121011,1.50031279982068
26,2,1,0,0,1,31,8.5,100,22,0,0,0,1,6,0.0307692307692308,0.215384615384615,0.307692307692308,0,0,0,4.43972765898101,2.50180619978346
26,2,1,0,0,1,53,14,100,60,0,0,0,1,6,0.130952380952381,0.142857142857143,0.297619047619048,0,0,0,7.03528217811255,1.73870439990424
26,2,1,0,0,1,10,19.5,100,125,0,0,0,1,6,0.376068376068376,0.0854700854700855,0.282051282051282,0,0,0,9.98533136760954,2.28308169986121
26,2,1,0,0,1,54,9.25,100,4,0,0,0,1,6,0.342857142857143,0.114285714285714,0.228571428571429,0,0,0,4.56520449722362,2.0805806000717
26,2,1,0,0,1,58,14,100,20,0,0,0,1,6,0.195402298850575,0.229885057471264,0.229885057471264,0,0,0,7.01584732818816,1.7831039999146
26,2,1,0,0,1,60,15,100,31,0,0,0,1,6,0.00823045267489712,0.123456790123457,0.337448559670782,0,0,0,8.01663129975369,4.39594670012593
26,2,1,0,0,1,8,16,100,20,0,0,0,1,6,0.0408163265306122,0.224489795918367,0.326530612244898,0,0,0,8.03003578181906,1.14325219998136
26,2,1,0,0,1,41,19,100,245,0,0,0,1,6,0.0217391304347826,0.152173913043478,0.402173913043478,0,0,0,9.00152101969071,1.85605380008928
26,2,1,0,0,1,82,9.5,100,25,0,0,0,2,6,0.16025641025641,0.166666666666667,0.211538461538462,0,0,0,4.53197611181978,2.92328079999425
26,2,1,0,0,1,84,11,100,110,0,0,0,2,6,0.141552511415525,0.273972602739726,0.264840182648402,0,0,0,6.96292454514298,3.97615800006315
26,2,1,0,0,1,62,10,100,135,0,0,0,2,6,0,0.243243243243243,0.378378378378378,0,0,0,5.04120458786978,2.17733289999887
26,2,1,0,0,1,40,18,100,110,0,0,0,2,6,0.078740157480315,0.21259842519685,0.244094488188976,0,0,0,6.98369841837962,2.45236630016007
26,2,1,0,0,1,19,17.5,100,40,0,0,0,2,6,0.0353982300884956,0.0973451327433628,0.150442477876106,0,0,0,9.38121568608938,2.21389149990864
26,2,1,0,0,1,50,2.5,100,10,0,0,0,2,6,0.479452054794521,0.205479452054795,0.246575342465753,0,0,0,0.753285327238881,1.53670379985124
26,2,1,0,0,1,13,19.5,100,7,0,0,0,2,6,0.427480916030534,0.099236641221374,0.190839694656489,0,0,0,8.99169355322126,2.51455389987677
26,2,1,0,0,1,7,16.75,100,75,0,0,0,2,6,0.131818181818182,0.127272727272727,0.495454545454545,0,0,0,6.97672721528036,4.00186499999836
26,2,1,0,0,1,24,19,100,150,0,0,0,2,6,0.141818181818182,0.0872727272727273,0.276363636363636,0,0,0,6.99603972444742,4.90471450006589
26,2,1,0,0,1,70,3.5,100,3,0,0,0,2,6,0.351648351648352,0.137362637362637,0.302197802197802,0,0,0,1.02034967565935,3.35512059996836
26,2,1,0,0,1,44,5,100,65,0,0,0,2,6,0.0632411067193676,0.0948616600790514,0.379446640316206,0,0,0,1.55248144181025,4.53977389982902
26,2,1,0,0,1,38,15.5,100,215,0,0,0,2,6,0.258426966292135,0.134831460674157,0.168539325842697,0,0,0,5.0624117036185,1.81581460009329
26,2,1,0,0,1,73,5,100,14,0,0,0,2,6,0.0476190476190476,0.273809523809524,0.380952380952381,0,0,0,1.99769373642336,1.72258860012516
26,2,1,0,0,1,72,6.5,100,60,0,0,0,2,6,0.467391304347826,0.0760869565217391,0.130434782608696,0,0,0,2.02567223471724,1.85536849987693
26,2,1,0,0,1,27,5.25,100,120,0,0,0,4,6,0.534883720930233,0.186046511627907,0.104651162790698,0,0,0,1.03233009499069,3.19660289981402
26,2,1,0,0,1,17,3.25,100,205,0,0,0,4,6,0.398230088495575,0.300884955752212,0,0,0,0,0.707648848142124,2.21197579987347
26,2,1,0,0,1,35,13,100,30,0,0,0,4,6,0.548672566371681,0.221238938053097,0.00884955752212389,0,0,0,5,2.20718099991791
26,2,1,0,0,1,78,8.25,100,5,0,0,0,4,6,0.535353535353535,0.151515151515152,0.0303030303030303,0,0,0,3.02401239525638,1.97439129999839
26,2,1,0,0,1,80,8,100,125,0,0,0,4,6,0.240506329113924,0.10126582278481,0.0253164556962025,0,0,0,2.07557226407481,2.95325300004333
26,2,1,0,0,1,30,8,100,90,0,0,0,4,6,0.271428571428571,0.114285714285714,0,0,0,0,2.00219658686413,1.49799169995822
26,2,1,0,0,1,59,2,100,110,0,0,0,4,6,0.313559322033898,0.169491525423729,0.26271186440678,0,0,0,0.545181484061033,2.28486420004629
26,2,1,0,0,1,57,10,100,95,0,0,0,4,6,0.345794392523364,0.14018691588785,0.0467289719626168,0,0,0,3.05011086343691,2.10576730011962
26,2,1,0,0,1,83,17,100,200,0,0,0,4,6,0.207272727272727,0.178181818181818,0.44,0,0,0,5.99909159954309,4.91182929999195
26,2,1,0,0,1,4,8.5,100,90,0,0,0,4,6,0.287096774193548,0.158064516129032,0.0741935483870968,0,0,0,3.01001672711843,5.48908370011486
26,2,1,0,0,1,26,4,100,50,0,0,0,4,6,0.247191011235955,0.247191011235955,0.0786516853932584,0,0,0,1.4207446054652,1.81988080008887
26,2,1,0,0,1,6,19,100,175,0,0,0,4,6,0.295302013422819,0.140939597315436,0.0402684563758389,0,0,0,6.57470418890355,2.80711570009589
26,2,1,0,0,1,47,16,100,5,0,0,0,4,6,0.525773195876289,0.0824742268041237,0.0103092783505155,0,0,0,6.03476458730938,1.93452980020083
26,2,1,0,0,1,34,12,100,85,0,0,0,4,6,0.239669421487603,0.128099173553719,0.293388429752066,0,0,0,4.02976760110337,8.39722230006009
26,2,1,0,0,1,74,7,100,120,0,0,0,5,6,0.46,0,0.33,0,0,0,1.98787616201406,1.98618560004979
26,2,1,0,0,1,51,1,100,3,0,0,0,5,6,0.289473684210526,0.0526315789473684,0.263157894736842,0,0,0,0.422816965331826,2.23202050011605
26,2,1,0,0,1,29,7,100,55,0,0,0,5,6,0.168674698795181,0.0642570281124498,0.309236947791165,0,0,0,2.02583234230042,4.47783749992959
26,2,1,0,0,1,65,1.75,100,10,0,0,0,5,6,0.266666666666667,0.0416666666666667,0.3,0,0,0,0.346903384679521,2.33324119984172
26,2,1,0,0,1,25,9,100,160,0,0,0,5,6,0.4,0.04,0.336,0,0,0,3.0036932398579,2.40491980011575
26,2,1,0,0,1,61,15,100,225,0,0,0,5,6,0.0729166666666667,0,0.427083333333333,0,0,0,3.04289105162242,1.93475089990534
26,2,1,0,0,1,21,6,100,55,0,0,0,5,6,0.282608695652174,0.16304347826087,0.391304347826087,0,0,0,1.2795796686096,1.86037219990976
26,2,1,0,0,1,76,4,100,70,0,0,0,5,6,0.324675324675325,0.0909090909090909,0.376623376623377,0,0,0,0.984029924482826,1.61189149995334
26,2,1,0,0,1,42,20,100,170,0,0,0,5,6,0.335664335664336,0.146853146853147,0.307692307692308,0,0,0,5.01018590766591,2.71557190013118
26,2,1,0,0,1,64,19.5,100,45,0,0,0,5,6,0.291891891891892,0.0702702702702703,0.367567567567568,0,0,0,10,3.40916909999214
26,2,1,0,0,1,14,16.75,100,145,0,0,0,5,6,0.392523364485981,0,0.579439252336449,0,0,0,5.01025151726407,2.11047610011883
26,2,1,0,0,1,46,2,100,70,0,0,0,5,6,0.321428571428571,0.0714285714285714,0.416666666666667,0,0,0,0.264493345896152,1.73533629998565
26,2,1,0,0,1,20,15.75,100,30,0,0,0,5,6,0.375,0.0284090909090909,0.267045454545455,0,0,0,5.04120458786978,3.26021839980967
26,2,1,0,0,1,16,16,100,95,0,0,0,5,6,0.300970873786408,0.0485436893203883,0.495145631067961,0,0,0,4.05010257550903,2.04521929984912
26,2,1,0,0,1,36,14,100,40,0,0,0,6,6,0.295081967213115,0.262295081967213,0.0983606557377049,0,0,0,6.5320451564251,2.36934360000305
26,2,1,0,0,1,43,3,100,0,0,0,0,6,6,0.337142857142857,0.188571428571429,0.177142857142857,0,0,0,0.337840808210185,3.24288140004501
26,2,1,0,0,1,1,5,100,0,0,0,0,6,6,0.385416666666667,0.4375,0.0208333333333333,0,0,0,1.95539705527773,1.91994529985823
26,2,1,0,0,1,55,16.5,100,155,0,0,0,6,6,0.327702702702703,0.202702702702703,0.209459459459459,0,0,0,5.53015579908489,5.26421439996921
26,2,1,0,0,1,48,7,100,70,0,0,0,6,6,0.434210526315789,0.131578947368421,0,0,0,0,2.02040590619034,1.58706950000487
26,2,1,0,0,1,23,7.75,100,120,0,0,0,6,6,0.233870967741935,0.185483870967742,0.0887096774193548,0,0,0,2.02060852873471,2.39308459986933
26,2,1,0,0,1,45,13.5,100,65,0,0,0,6,6,0.375,0.318181818181818,0,0,0,0,4.46037734067298,1.78853440005332
26,2,1,0,0,1,37,14.5,100,175,0,0,0,6,6,0.396396396396396,0.0630630630630631,0.027027027027027,0,0,0,5.26033750429687,2.17879859986715
26,2,1,0,0,1,33,11,100,190,0,0,0,6,6,0.130434782608696,0.108695652173913,0.108695652173913,0,0,0,2.97800600932336,1.86723159998655
26,2,1,0,0,1,67,8.5,100,105,0,0,0,6,6,0.21259842519685,0.259842519685039,0.133858267716535,0,0,0,1.94580623972587,2.44167000008747
26,2,1,0,0,1,5,20,100,15,0,0,0,6,6,0.209302325581395,0.153488372093023,0.395348837209302,0,0,0,4.97933059949916,3.90901739988476
26,2,1,0,0,1,18,18.75,100,250,0,0,0,6,6,0.433070866141732,0.220472440944882,0.102362204724409,0,0,0,1.99732496911206,2.44645050005056
26,2,1,0,0,1,3,15,100,14,0,0,0,6,6,0.202127659574468,0.0978723404255319,0.404255319148936,0,0,0,5,8.16195959993638
26,2,1,0,0,1,79,10,100,140,0,0,0,6,6,0.122055674518201,0.11134903640257,0.376873661670236,0,0,0,2.99780341313587,8.1038798999507
26,3,1,0,1,1,46,2,55,70,0,0,0,4,2,0.21763085399449,0.220385674931129,0.0110192837465565,0,0,0,1.01757090488666,6.38604799984023
26,3,1,0,1,1,51,1,40,3,0,0,0,4,2,0.234285714285714,0.394285714285714,0.0914285714285714,0,0,0,0.486485920403332,3.24656900018454
26,3,1,0,1,1,6,19,20,175,0,0,0,4,2,0.38996138996139,0.204633204633205,0.204633204633205,0,0,0,5.03075433913086,4.63957939995453
26,3,1,0,1,1,81,14,55,5,0,0,0,4,2,0.357575757575758,0.121212121212121,0.0484848484848485,0,0,0,6.9893830562498,3.07863420015201
26,3,1,0,1,1,23,7.75,60,120,0,0,0,4,2,0.540178571428571,0.308035714285714,0.0178571428571429,0,0,0,2.99733077512318,4.0631798999384
26,3,1,0,1,1,9,2,30,19,0,0,0,4,2,0.326241134751773,0.475177304964539,0,0,0,0,0.571855813547543,2.67048519989476
26,3,1,0,1,1,14,16.75,45,145,0,0,0,4,2,0.475409836065574,0.229508196721311,0.0163934426229508,0,0,0,7.0353486685949,2.36840949999169
26,3,1,0,1,1,34,12,15,85,0,0,0,4,2,0.258620689655172,0.303448275862069,0.0689655172413793,0,0,0,3.9619562209322,5.15433660009876
26,3,1,0,1,1,25,9,60,160,0,0,0,4,2,0.24812030075188,0.213032581453634,0.120300751879699,0,0,0,4.05876170744279,6.97499019978568
26,3,1,0,1,1,22,20,90,165,0,0,0,4,2,0.411111111111111,0.322222222222222,0.0444444444444444,0,0,0,8.03950828716206,1.82622779998928
26,3,1,0,1,1,5,20,85,15,0,0,0,4,2,0.335766423357664,0.240875912408759,0.0875912408759124,0,0,0,7.99298091493372,2.60588499996811
26,3,1,0,1,1,48,7,45,70,0,0,0,4,2,0.339622641509434,0.179245283018868,0.0188679245283019,0,0,0,3.05634859555906,2.09355020010844
26,3,1,0,1,1,15,17.25,25,55,0,0,0,4,2,0.526315789473684,0.228070175438596,0.0175438596491228,0,0,0,4.98964846810879,2.22788849985227
26,3,1,0,1,1,77,12,75,25,0,0,0,4,2,0.339449541284404,0.36697247706422,0.018348623853211,0,0,0,6.00019501361792,2.1462827003561
26,3,1,0,1,1,50,2.5,90,10,0,0,0,6,2,0.257575757575758,0.318181818181818,0.189393939393939,0,0,0,1.04424811065845,4.73165649967268
26,3,1,0,1,1,59,2,80,110,0,0,0,6,2,0.25561797752809,0.171348314606742,0.103932584269663,0,0,0,1.01622301877033,6.25373730016872
26,3,1,0,1,1,16,16,65,95,0,0,0,6,2,0.207792207792208,0.251082251082251,0.103896103896104,0,0,0,7.02199399067664,4.17747160000727
26,3,1,0,1,1,2,7.5,75,25,0,0,0,6,2,0.314553990610329,0.126760563380282,0.0469483568075117,0,0,0,3.01001672711843,3.86795770004392
26,3,1,0,1,1,10,19.5,10,125,0,0,0,6,2,0.283950617283951,0.271604938271605,0.0246913580246914,0,0,0,3.97218434396365,1.67750140000135
26,3,1,0,1,1,42,20,30,170,0,0,0,6,2,0.375886524822695,0.283687943262411,0.0283687943262411,0,0,0,4.98961469481823,2.68591579981148
26,3,1,0,1,1,75,6,85,45,0,0,0,6,2,0.265486725663717,0.601769911504425,0.0353982300884956,0,0,0,3.05581353665619,2.21645389962941
26,3,1,0,1,1,68,2.5,65,25,0,0,0,6,2,0.195704057279236,0.221957040572792,0.00238663484486874,0,0,0,1.02734586061814,7.30076210014522
26,3,1,0,1,1,19,17.5,25,40,0,0,0,6,2,0.241071428571429,0.345982142857143,0.00446428571428571,0,0,0,4.03771070324113,7.7875655000098
26,3,1,0,1,1,58,14,45,20,0,0,0,6,2,0.316129032258064,0.141935483870968,0,0,0,0,5.97100507316708,2.90880259964615
26,3,1,0,1,1,31,8.5,50,22,0,0,0,6,2,0.303030303030303,0.363636363636364,0.0606060606060606,0,0,0,2.95821520550836,1.98318810015917
26,3,1,0,1,1,30,8,75,90,0,0,0,6,2,0.338842975206612,0.413223140495868,0.0330578512396694,0,0,0,4.03527512430353,2.35059530008584
26,3,1,0,1,1,1,5,50,0,0,0,0,6,2,0.508333333333333,0.316666666666667,0,0,0,0,2.98448751455834,2.33349840017036
26,3,1,0,1,1,54,9.25,40,4,0,0,0,6,2,0.13135593220339,0.144067796610169,0.0127118644067797,0,0,0,3.94184025744508,8.19342439994216
26,3,1,0,1,1,8,16,15,20,0,0,0,5,2,0.315217391304348,0.0108695652173913,0.326086956521739,0,0,0,3.03663709276969,1.85669549973682
26,3,1,0,1,1,76,4,35,70,0,0,0,5,2,0.205761316872428,0.0493827160493827,0.168724279835391,0,0,0,1.9472853748581,4.38256060006097
26,3,1,0,1,1,69,1.5,95,20,0,0,0,5,2,0.146137787056367,0.298538622129436,0.152400835073069,0,0,0,1.09242522713596,8.31833450030535
26,3,1,0,1,1,65,1.75,80,10,0,0,0,5,2,0.266666666666667,0.288888888888889,0.305555555555556,0,0,0,1.0703020084409,6.32487030001357
26,3,1,0,1,1,27,5.25,50,120,0,0,0,5,2,0.368932038834951,0,0.116504854368932,0,0,0,1.96729131756105,2.05056250002235
26,3,1,0,1,1,18,18.75,80,250,0,0,0,5,2,0.319502074688797,0.107883817427386,0.236514522821577,0,0,0,9.9705951387951,4.35013499995694
26,3,1,0,1,1,61,15,75,225,0,0,0,5,2,0.275590551181102,0.078740157480315,0.362204724409449,0,0,0,6.65301077297821,2.44713970040902
26,3,1,0,1,1,17,3.25,85,205,0,0,0,5,2,0.222222222222222,0.0909090909090909,0.222222222222222,0,0,0,1.01291767143232,1.98788000037894
26,3,1,0,1,1,62,10,95,135,0,0,0,5,2,0.130750605326877,0.196125907990315,0.249394673123487,0,0,0,6.04800611408165,7.20849320013076
26,3,1,0,1,1,72,6.5,90,60,0,0,0,5,2,0.105263157894737,0.233082706766917,0.169172932330827,0,0,0,2.99733077512318,4.75457690004259
26,3,1,0,1,1,74,7,40,120,0,0,0,5,2,0.279569892473118,0.0645161290322581,0.408602150537634,0,0,0,2.1130037731236,1.87593029998243
26,3,1,0,1,1,53,14,90,60,0,0,0,5,2,0.243386243386243,0.164021164021164,0.253968253968254,0,0,0,7.02199399067664,3.47224049968645
26,3,1,0,1,1,41,19,65,245,0,0,0,5,2,0.351851851851852,0.0185185185185185,0.333333333333333,0,0,0,8.04015074996237,2.12261159997433
26,3,1,0,1,1,60,15,35,31,0,0,0,5,2,0.151960784313725,0.279411764705882,0.161764705882353,0,0,0,3.04196697459242,3.72322970023379
26,3,1,0,1,1,67,8.5,50,105,0,0,0,1,2,0.0725806451612903,0.209677419354839,0.17741935483871,0,0,0,3.99119641041539,2.39549609972164
26,3,1,0,1,1,52,18.5,10,85,0,0,0,1,2,0.151162790697674,0.36046511627907,0.22093023255814,0,0,0,4.01802830470264,1.76548589998856
26,3,1,0,1,1,83,17,80,200,0,0,0,1,2,0.08,0.24,0.182222222222222,0,0,0,8.0527146251419,4.07109369989485
26,3,1,0,1,1,35,13,70,30,0,0,0,1,2,0.108490566037736,0.183962264150943,0.160377358490566,0,0,0,5.95296559992646,3.86879760026932
26,3,1,0,1,1,20,15.75,35,30,0,0,0,1,2,0.111111111111111,0.290598290598291,0.0683760683760684,0,0,0,2.98415267181184,2.28089559962973
26,3,1,0,1,1,82,9.5,20,25,0,0,0,1,2,0.533898305084746,0.211864406779661,0.00847457627118644,0,0,0,2.02517793912398,2.2921453001909
26,3,1,0,1,1,56,12,90,210,0,0,0,1,2,0.102040816326531,0.224489795918367,0.142857142857143,0,0,0,3.96741015562254,1.15275279991329
26,3,1,0,1,1,13,19.5,5,7,0,0,0,1,2,0.108333333333333,0.191666666666667,0.0916666666666667,0,0,0,0.959497231635545,2.33629489969462
26,3,1,0,1,1,33,11,65,190,0,0,0,1,2,0.236607142857143,0.1875,0.125,0,0,0,4.95906038607359,4.05945260031149
26,3,1,0,1,1,78,8.25,20,5,0,0,0,1,2,0.242424242424242,0.16969696969697,0.139393939393939,0,0,0,2.08534000742704,3.08215200016275
26,3,1,0,1,1,7,16.75,65,75,0,0,0,1,2,0.204081632653061,0.106575963718821,0.102040816326531,0,0,0,7.99328089597787,7.66760319983587
26,3,1,0,1,1,11,18.25,70,55,0,0,0,1,2,0.180327868852459,0.344262295081967,0,0,0,0,8.97030089536031,1.3512451001443
26,3,1,0,1,1,40,18,15,110,0,0,0,1,2,0.153846153846154,0.230769230769231,0.307692307692308,0,0,0,2.97138188051225,1.19129220023751
26,3,1,0,1,1,84,11,50,110,0,0,0,1,2,0.288659793814433,0.350515463917526,0.0824742268041237,0,0,0,5.0416085429692,1.94977580010891
26,3,1,0,1,1,4,8.5,20,90,0,0,0,3,2,0.323232323232323,0,0.323232323232323,0,0,0,2.01651964325136,1.9714628001675
26,3,1,0,1,1,12,12,35,1,0,0,0,3,2,0.311015118790497,0.203023758099352,0.0734341252699784,0,0,0,3.08026491613417,8.0414966000244
26,3,1,0,1,1,70,3.5,40,3,0,0,0,3,2,0.140672782874618,0.2782874617737,0.186544342507645,0,0,0,0.998478980309287,5.78120899992064
26,3,1,0,1,1,32,9.5,30,170,0,0,0,3,2,0.227941176470588,0.176470588235294,0.117647058823529,0,0,0,3.08291556560051,2.59268649993464
26,3,1,0,1,1,3,15,85,14,0,0,0,3,2,0.289156626506024,0,0.228915662650602,0,0,0,6.01738014738712,1.70758150005713
26,3,1,0,1,1,47,16,100,5,0,0,0,3,2,0.302752293577982,0.0458715596330275,0.220183486238532,0,0,0,8.02947247773205,2.13753139972687
26,3,1,0,1,1,38,15.5,40,215,0,0,0,3,2,0.223776223776224,0.125874125874126,0.307692307692308,0,0,0,3.03034432397244,2.71587180020288
26,3,1,0,1,1,37,14.5,5,175,0,0,0,3,2,0.328571428571429,0.142857142857143,0.3,0,0,0,1.05376424236025,1.4983466998674
26,3,1,0,1,1,43,3,30,0,0,0,0,3,2,0.209459459459459,0.0945945945945946,0.195945945945946,0,0,0,0.631592082611636,2.80036210035905
26,3,1,0,1,1,80,8,45,125,0,0,0,3,2,0.18974358974359,0.215384615384615,0.18974358974359,0,0,0,2.0112614124296,3.5833136998117
26,3,1,0,1,1,39,17,35,15,0,0,0,3,2,0.194029850746269,0.223880597014925,0.156716417910448,0,0,0,4.0383850885907,2.5532186999917
26,3,1,0,1,1,79,10,10,140,0,0,0,3,2,0.302631578947368,0.105263157894737,0.572368421052632,0,0,0,1.0372220514598,2.85481180017814
26,3,1,0,1,1,36,14,15,40,0,0,0,3,2,0.274336283185841,0.168141592920354,0.265486725663717,0,0,0,2.97800600932336,2.22006640024483
26,3,1,0,1,1,64,19.5,65,45,0,0,0,3,2,0.317647058823529,0.152941176470588,0.176470588235294,0,0,0,4.97946394954205,3.16894739959389
26,3,1,0,1,1,55,16.5,25,155,0,0,0,2,2,0.203947368421053,0.217105263157895,0.296052631578947,0,0,0,4.0312611905209,2.85943190008402
26,3,1,0,1,1,45,13.5,55,65,0,0,0,2,2,0.184210526315789,0.247368421052632,0.142105263157895,0,0,0,3.96221931413274,3.50333399977535
26,3,1,0,1,1,73,5,70,14,0,0,0,2,2,0.0404040404040404,0.404040404040404,0.353535353535354,0,0,0,2.02990165582899,1.98148819990456
26,3,1,0,1,1,29,7,20,55,0,0,0,2,2,0.133333333333333,0.191666666666667,0.2,0,0,0,1.99321042916964,2.32631930010393
26,3,1,0,1,1,28,6,25,7,0,0,0,2,2,0.15,0.533333333333333,0.2,0,0,0,1.98787616201406,1.34277019975707
26,3,1,0,1,1,66,10,90,80,0,0,0,2,2,0.0363636363636364,0.263636363636364,0.336363636363636,0,0,0,3.98915783697319,2.17938470002264
26,3,1,0,1,1,26,4,45,50,0,0,0,2,2,0.292682926829268,0.219512195121951,0.25609756097561,0,0,0,1.98336870024632,1.6987252002582
26,3,1,0,1,1,63,5.5,70,40,0,0,0,2,2,0.0350877192982456,0.175438596491228,0.228070175438596,0,0,0,2.74365823387942,2.22868080018088
26,3,1,0,1,1,21,6,95,55,0,0,0,2,2,0.284090909090909,0.193181818181818,0.238636363636364,0,0,0,3.06254778184119,1.79899120004848
26,3,1,0,1,1,71,6,25,45,0,0,0,2,2,0.0917431192660551,0.211009174311927,0.247706422018349,0,0,0,2.00185987571388,2.14438370009884
26,3,1,0,1,1,49,16,50,20,0,0,0,2,2,0.0552147239263804,0.392638036809816,0.269938650306748,0,0,0,5.98197169529736,3.04684910038486
26,3,1,0,1,1,57,10,50,95,0,0,0,2,2,0.225,0.266666666666667,0.375,0,0,0,3.35348681447079,2.33360530016944
26,3,1,0,1,1,44,5,40,65,0,0,0,2,2,0.00862068965517241,0.137931034482759,0.370689655172414,0,0,0,1.96493244739531,2.25826869998127
26,3,1,0,1,1,24,19,70,150,0,0,0,2,2,0.0909090909090909,0.0826446280991736,0.181818181818182,0,0,0,8.07522789307951,2.34094509994611
28,1,1,0,0,1,35,13,100,30,0,0,0,2,6,0.27348643006263,0.0793319415448852,0.198329853862213,0,0,0,10.014273962008,16.3014363999828
28,1,1,0,0,1,12,12,100,1,0,0,0,2,6,0.325542570951586,0.146911519198664,0.180300500834725,0,0,0,10.6442488427775,10.3041758999461
28,1,1,0,0,1,32,9.5,100,170,0,0,0,2,6,0.343649946638207,0.0928495197438634,0.356456776947705,0,0,0,2.9909289842474,15.9362139999866
28,1,1,0,0,1,67,8.5,100,105,0,0,0,2,6,0.352517985611511,0.115107913669065,0.298561151079137,0,0,0,2.04832764699134,4.96466930001043
28,1,1,0,0,1,74,7,100,120,0,0,0,2,6,0.344961240310078,0.135658914728682,0.209302325581395,0,0,0,1.9655349456796,4.62872819998302
28,1,1,0,0,1,29,7,100,55,0,0,0,2,6,0.182890855457227,0.194690265486726,0.430678466076696,0,0,0,3.88560126467961,5.97629229997983
28,1,1,0,0,1,80,8,100,125,0,0,0,2,6,0.544364508393285,0.0767386091127098,0.359712230215827,0,0,0,3.05475966128218,7.27086669998243
28,1,1,0,0,1,17,3.25,100,205,0,0,0,2,6,0.373376623376623,0.113636363636364,0.405844155844156,0,0,0,0.214992478839196,5.46476770000299
28,1,1,0,0,1,41,19,100,245,0,0,0,2,6,0.34,0,0.513333333333333,0,0,0,7.99682193448745,5.33810299995821
28,1,1,0,0,1,72,6.5,100,60,0,0,0,2,6,0.692695214105793,0,0.297229219143577,0,0,0,2.09315928422008,6.94991650001612
28,1,1,0,0,1,54,9.25,100,4,0,0,0,2,6,0.520754716981132,0,0.358490566037736,0,0,0,6.0814138925528,4.73737550002988
28,1,1,0,0,1,34,12,100,85,0,0,0,2,6,0.37219730941704,0,0.618834080717489,0,0,0,6.00325440429245,4.05345900001703
28,1,1,0,0,1,3,15,100,14,0,0,0,2,6,0.469298245614035,0,0.366228070175439,0,0,0,8.00562188967623,7.93314189999364
28,1,1,0,0,1,16,16,100,95,0,0,0,2,6,0.456896551724138,0,0.540948275862069,0,0,0,7.01617540660905,8.06142330000876
28,1,1,0,0,1,60,15,100,31,0,0,0,6,6,0.413502109704641,0.286919831223629,0.30379746835443,0,0,0,8.96509918974522,8.21864009997807
28,1,1,0,0,1,18,18.75,100,250,0,0,0,6,6,0.457142857142857,0.230612244897959,0.320408163265306,0,0,0,6.02504908687996,8.49031370005105
28,1,1,0,0,1,47,16,100,5,0,0,0,6,6,0.523333333333333,0.293333333333333,0.18,0,0,0,8.02250334083056,5.32641129998956
28,1,1,0,0,1,30,8,100,90,0,0,0,6,6,0.521531100478469,0.272727272727273,0.215311004784689,0,0,0,3.56377787503267,3.80295219999971
28,1,1,0,0,1,21,6,100,55,0,0,0,6,6,0.55688622754491,0.227544910179641,0.269461077844311,0,0,0,2.47332877884407,3.10912770003779
28,1,1,0,0,1,9,2,100,19,0,0,0,6,6,0.527777777777778,0.189393939393939,0.282828282828283,0,0,0,0.314477328947099,6.93004760000622
28,1,1,0,0,1,62,10,100,135,0,0,0,6,6,0.13625304136253,0.197080291970803,0.571776155717762,0,0,0,4.07132572847778,7.1810960000148
28,1,1,0,0,1,73,5,100,14,0,0,0,6,6,0.447963800904977,0.597285067873303,0.180995475113122,0,0,0,1.4834272681475,4.00733880000189
28,1,1,0,0,1,78,8.25,100,5,0,0,0,6,6,0.491228070175439,0.381578947368421,0.451754385964912,0,0,0,4.079549564284,4.12795150000602
28,1,1,0,0,1,59,2,100,110,0,0,0,6,6,0.361979166666667,0.140625,0.182291666666667,0,0,0,0.0141470827652661,6.72901970002567
28,1,1,0,0,1,75,6,100,45,0,0,0,6,6,0.502283105022831,0.232876712328767,0.269406392694064,0,0,0,2.03467606450616,3.98627140000463
28,1,1,0,0,1,57,10,100,95,0,0,0,6,6,0.405555555555556,0.166666666666667,0.505555555555556,0,0,0,4.60702649237756,3.32755819999147
28,1,1,0,0,1,14,16.75,100,145,0,0,0,6,6,0.27710843373494,0.321285140562249,0.397590361445783,0,0,0,5.10201366692612,4.47509409999475
28,1,1,0,0,1,27,5.25,100,120,0,0,0,6,6,0.388888888888889,0.210526315789474,0.277777777777778,0,0,0,1.06328637549705,6.03034509997815
28,1,1,0,0,1,19,17.5,100,40,0,0,0,1,6,0.677506775067751,0.0840108401084011,0.214092140921409,0,0,0,6.02185065462543,6.47400899999775
28,1,1,0,0,1,51,1,100,3,0,0,0,1,6,0.43,0.34,0.265,0,0,0,0.246403900910174,3.66331570001785
28,1,1,0,0,1,71,6,100,45,0,0,0,1,6,0.354838709677419,0.403225806451613,0.508064516129032,0,0,0,1.00373666938081,4.46053330000723
28,1,1,0,0,1,56,12,100,210,0,0,0,1,6,0.254777070063694,0.43312101910828,0.305732484076433,0,0,0,4.01802830470264,2.94981740001822
28,1,1,0,0,1,65,1.75,100,10,0,0,0,1,6,0.5,0.246913580246914,0.253086419753086,0,0,0,0.0716883854980779,3.02590100001544
28,1,1,0,0,1,33,11,100,190,0,0,0,1,6,0.550847457627119,0.161016949152542,0.26271186440678,0,0,0,3.50721919183461,2.29037330002757
28,1,1,0,0,1,20,15.75,100,30,0,0,0,1,6,0.835555555555556,0.0622222222222222,0.0888888888888889,0,0,0,6.50713571556749,4.0767244999879
28,1,1,0,0,1,58,14,100,20,0,0,0,1,6,0.429245283018868,0.358490566037736,0.240566037735849,0,0,0,6.55958260754739,3.8595913000172
28,1,1,0,0,1,64,19.5,100,45,0,0,0,1,6,0.747252747252747,0.0934065934065934,0.131868131868132,0,0,0,8.93911843695786,3.36848220002139
28,1,1,0,0,1,38,15.5,100,215,0,0,0,1,6,0.479289940828402,0.106508875739645,0.402366863905325,0,0,0,3.55157369221486,3.1490838000318
28,1,1,0,0,1,40,18,100,110,0,0,0,1,6,0.425770308123249,0.142857142857143,0.354341736694678,0,0,0,6.0084441776801,12.220067999966
28,1,1,0,0,1,43,3,100,0,0,0,0,1,6,0.322784810126582,0.294303797468354,0.284810126582278,0,0,0,2.00349600976258,5.58893399999943
28,1,1,0,0,1,50,2.5,100,10,0,0,0,1,6,0.585253456221198,0.175115207373272,0.230414746543779,0,0,0,0.287217957272173,3.93908449995797
28,1,1,0,0,1,6,19,100,175,0,0,0,1,6,0.717391304347826,0.0739130434782609,0.191304347826087,0,0,0,4.97946394954205,4.16433369996957
28,1,1,0,0,1,83,17,100,200,0,0,0,4,6,0.519083969465649,0.366412213740458,0.465648854961832,0,0,0,5.59166446210053,4.70274610002525
28,1,1,0,0,1,37,14.5,100,175,0,0,0,4,6,0.613636363636364,0.15530303030303,0.223484848484848,0,0,0,5.03065561083889,4.73321510001551
28,1,1,0,0,1,61,15,100,225,0,0,0,4,6,0.548076923076923,0.144230769230769,0.278846153846154,0,0,0,2.98415267181184,2.05832250003004
28,1,1,0,0,1,10,19.5,100,125,0,0,0,4,6,0.570469798657718,0,0.409395973154362,0,0,0,6.04479248602363,2.81932629999937
28,1,1,0,0,1,31,8.5,100,22,0,0,0,4,6,0.796052631578947,0,0.177631578947368,0,0,0,3.49491269556993,2.86190879996866
28,1,1,0,0,1,66,10,100,80,0,0,0,4,6,0.49685534591195,0,0.465408805031447,0,0,0,4.98974848273593,2.97025459998986
28,1,1,0,0,1,69,1.5,100,20,0,0,0,4,6,0.490196078431373,0.284313725490196,0.215686274509804,0,0,0,0.0142739620079766,2.03440339997178
28,1,1,0,0,1,63,5.5,100,40,0,0,0,4,6,0.796296296296296,0.00925925925925926,0.166666666666667,0,0,0,0.996199999994484,2.1365810999996
28,1,1,0,0,1,15,17.25,100,55,0,0,0,4,6,0.856573705179283,0,0.107569721115538,0,0,0,7.26404835709293,4.50648629997158
28,1,1,0,0,1,52,18.5,100,85,0,0,0,4,6,0.695906432748538,0.204678362573099,0.391812865497076,0,0,0,7.22815219332554,3.19433289999142
28,1,1,0,0,1,82,9.5,100,25,0,0,0,4,6,0.668852459016393,0.150819672131148,0.180327868852459,0,0,0,3.69571431036419,5.41652510000858
28,1,1,0,0,1,77,12,100,25,0,0,0,4,6,0.853932584269663,0,0.123595505617978,0,0,0,6.02453600451532,3.30932569998549
28,1,1,0,0,1,36,14,100,40,0,0,0,4,6,0.728971962616822,0,0.233644859813084,0,0,0,6.9968327318932,2.10488220001571
28,1,1,0,0,1,26,4,100,50,0,0,0,4,6,0.578947368421053,0.263157894736842,0.231578947368421,0,0,0,0.503060976289717,1.91678550001234
28,1,1,0,0,1,28,6,100,7,0,0,0,5,6,0.35,0.204166666666667,0.445833333333333,0,0,0,3.04763791351973,4.34909869998228
28,1,1,0,0,1,11,18.25,100,55,0,0,0,5,6,0.658249158249158,0.0740740740740741,0.203703703703704,0,0,0,9.02603476129708,10.2317879000329
28,1,1,0,0,1,24,19,100,150,0,0,0,5,6,0.315533980582524,0.111650485436893,0.533980582524272,0,0,0,8.02452980404293,3.76912959996844
28,1,1,0,0,1,53,14,100,60,0,0,0,5,6,0.527272727272727,0.104545454545455,0.359090909090909,0,0,0,7.01617540660905,3.99797560001025
28,1,1,0,0,1,7,16.75,100,75,0,0,0,5,6,0.340248962655602,0.118257261410788,0.520746887966805,0,0,0,6.01676161797437,8.3627805999713
28,1,1,0,0,1,45,13.5,100,65,0,0,0,5,6,0.591743119266055,0.00917431192660551,0.334862385321101,0,0,0,5.48722129659998,3.9645633000182
28,1,1,0,0,1,23,7.75,100,120,0,0,0,5,6,0.593220338983051,0,0.38135593220339,0,0,0,3.00342891776033,2.29141990002245
28,1,1,0,0,1,46,2,100,70,0,0,0,5,6,0.248484848484848,0.166666666666667,0.396969696969697,0,0,0,0.083944994529201,5.82698680000613
28,1,1,0,0,1,70,3.5,100,3,0,0,0,5,6,0.571428571428571,0,0.407142857142857,0,0,0,1.00601641188096,2.67000610003015
28,1,1,0,0,1,13,19.5,100,7,0,0,0,5,6,0.58974358974359,0.0974358974358974,0.317948717948718,0,0,0,10.7580413962488,6.82916470000055
28,1,1,0,0,1,84,11,100,110,0,0,0,5,6,0.423611111111111,0.0694444444444444,0.520833333333333,0,0,0,5.99485606973713,2.73380699998233
28,1,1,0,0,1,76,4,100,70,0,0,0,5,6,0.27027027027027,0.0108108108108108,0.702702702702703,0,0,0,1.02999816656766,3.40696569997817
28,1,1,0,0,1,44,5,100,65,0,0,0,5,6,0.307377049180328,0.262295081967213,0.377049180327869,0,0,0,2.02119912771988,4.39188339997781
28,1,1,0,0,1,79,10,100,140,0,0,0,5,6,0.319327731092437,0,0.65546218487395,0,0,0,5.33054441557205,2.32129130000249
28,1,1,0,0,1,25,9,100,160,0,0,0,3,6,0.635593220338983,0.0169491525423729,0.313559322033898,0,0,0,4.67691523738931,2.29186679999111
28,1,1,0,0,1,42,20,100,170,0,0,0,3,6,0.543604651162791,0.0116279069767442,0.453488372093023,0,0,0,8.98655266727422,6.05483350000577
28,1,1,0,0,1,8,16,100,20,0,0,0,3,6,0.702797202797203,0.0909090909090909,0.244755244755245,0,0,0,8.98996923101974,5.09234309999738
28,1,1,0,0,1,1,5,100,0,0,0,0,3,6,0.557603686635945,0.0921658986175115,0.15668202764977,0,0,0,2.50884139600292,3.93889130000025
28,1,1,0,0,1,81,14,100,5,0,0,0,3,6,0.48469387755102,0.255102040816327,0.26530612244898,0,0,0,7.98303267926098,3.59415760001866
28,1,1,0,0,1,55,16.5,100,155,0,0,0,3,6,0.484276729559748,0.0691823899371069,0.449685534591195,0,0,0,8.04561504324771,5.63104039995233
28,1,1,0,0,1,5,20,100,15,0,0,0,3,6,0.677777777777778,0.111111111111111,0.205555555555556,0,0,0,11.9487224397826,3.33083059999626
28,1,1,0,0,1,22,20,100,165,0,0,0,3,6,0.573264781491003,0.0565552699228792,0.38560411311054,0,0,0,7.09184589888156,6.81570969999302
28,1,1,0,0,1,68,2.5,100,25,0,0,0,3,6,0.634408602150538,0.032258064516129,0.301075268817204,0,0,0,0.171246515969319,1.87922299996717
28,1,1,0,0,1,39,17,100,15,0,0,0,3,6,0.735668789808917,0,0.261146496815287,0,0,0,9.49513803872587,5.55957290000515
28,1,1,0,0,1,49,16,100,20,0,0,0,3,6,0.701298701298701,0.038961038961039,0.253246753246753,0,0,0,8.01390973338282,2.89021149999462
28,1,1,0,0,1,4,8.5,100,90,0,0,0,3,6,0.698198198198198,0.045045045045045,0.243243243243243,0,0,0,3.02219129635198,4.02320190001046
28,1,1,0,0,1,48,7,100,70,0,0,0,3,6,0.621621621621622,0,0.364864864864865,0,0,0,2.46195269665199,4.02110289997654
28,1,1,0,0,1,2,7.5,100,25,0,0,0,3,6,0.803448275862069,0.0896551724137931,0.1,0,0,0,2.98975483628231,5.15882880002027
28,2,1,0,1,1,66,10,90,80,0,0,0,4,2,0.43342776203966,0.106704438149197,0.178470254957507,0,0,0,3.98196143936426,17.9564902000129
28,2,1,0,1,1,26,4,45,50,0,0,0,4,2,0.240875912408759,0.187347931873479,0.204379562043796,0,0,0,0.0139609375401868,7.17142170004081
28,2,1,0,1,1,15,17.25,25,55,0,0,0,4,2,0.492610837438424,0.216748768472906,0.103448275862069,0,0,0,2.99686772360027,7.09903150005266
28,2,1,0,1,1,22,20,90,165,0,0,0,4,2,0.528248587570621,0.0875706214689266,0.347457627118644,0,0,0,7.96066415172371,6.23334719997365
28,2,1,0,1,1,80,8,45,125,0,0,0,4,2,0.582278481012658,0.139240506329114,0.240506329113924,0,0,0,1.02767665810933,2.95868459995836
28,2,1,0,1,1,78,8.25,20,5,0,0,0,4,2,0.405511811023622,0.204724409448819,0.192913385826772,0,0,0,0.0699554009344752,4.56173299998045
28,2,1,0,1,1,52,18.5,10,85,0,0,0,4,2,0.31547619047619,0.279761904761905,0.178571428571429,0,0,0,0.217563047692671,3.12687959999312
28,2,1,0,1,1,16,16,65,95,0,0,0,4,2,0.628571428571429,0.106122448979592,0.0775510204081633,0,0,0,3.01630158162037,4.40855689998716
28,2,1,0,1,1,54,9.25,40,4,0,0,0,4,2,0.652360515021459,0.145922746781116,0.188841201716738,0,0,0,3.42332369204188,4.21582759998273
28,2,1,0,1,1,33,11,65,190,0,0,0,4,2,0.654255319148936,0.180851063829787,0.164893617021277,0,0,0,2.97079000642287,3.451057300088
28,2,1,0,1,1,5,20,85,15,0,0,0,4,2,0.68025078369906,0.379310344827586,0.407523510971787,0,0,0,8.47130436277506,5.64383559999987
28,2,1,0,1,1,51,1,40,3,0,0,0,4,2,0.47787610619469,0.424778761061947,0.123893805309735,0,0,0,0.0565869338863898,2.21964159992058
28,2,1,0,1,1,53,14,90,60,0,0,0,4,2,0.547619047619048,0.152380952380952,0.285714285714286,0,0,0,6.470601127953,3.82254340010695
28,2,1,0,1,1,69,1.5,95,20,0,0,0,4,2,0.545045045045045,0.157657657657658,0.238738738738739,0,0,0,0.293165758379018,4.02335660008248
28,2,1,0,1,1,71,6,25,45,0,0,0,2,2,0.18848167539267,0.277486910994764,0.193717277486911,0,0,0,1.05369936754841,3.5197103000246
28,2,1,0,1,1,2,7.5,75,25,0,0,0,2,2,0.502024291497976,0.153846153846154,0.255060728744939,0,0,0,3.00942861062224,4.45095369999763
28,2,1,0,1,1,84,11,50,110,0,0,0,2,2,0.566371681415929,0.115044247787611,0.331858407079646,0,0,0,2.9712807028812,4.09012579999398
28,2,1,0,1,1,36,14,15,40,0,0,0,2,2,0.402985074626866,0.119402985074627,0.422885572139304,0,0,0,2.02534508357163,3.68302850006148
28,2,1,0,1,1,81,14,55,5,0,0,0,2,2,0.655502392344498,0.0813397129186603,0.222488038277512,0,0,0,4.55380709272452,7.28985399997327
28,2,1,0,1,1,21,6,95,55,0,0,0,2,2,0.214511041009464,0.43217665615142,0.274447949526814,0,0,0,3.05871010074218,5.60979080002289
28,2,1,0,1,1,1,5,50,0,0,0,0,2,2,0.585152838427948,0.104803493449782,0.0786026200873362,0,0,0,2.49051996796165,4.14465139992535
28,2,1,0,1,1,60,15,35,31,0,0,0,2,2,0.692073170731707,0.0731707317073171,0.185975609756098,0,0,0,4.02286406439589,5.79759140009992
28,2,1,0,1,1,7,16.75,65,75,0,0,0,2,2,0.46551724137931,0.132183908045977,0.373563218390805,0,0,0,5.04093961392641,3.23433210002258
28,2,1,0,1,1,76,4,35,70,0,0,0,2,2,0.133333333333333,0.124137931034483,0.372413793103448,0,0,0,0.0432088233078609,7.57711200008634
28,2,1,0,1,1,72,6.5,90,60,0,0,0,2,2,0.32620320855615,0.155080213903743,0.508021390374332,0,0,0,2.59975154621401,3.43563309998717
28,2,1,0,1,1,45,13.5,55,65,0,0,0,2,2,0.741463414634146,0.121951219512195,0.117073170731707,0,0,0,4.02203240853247,3.74936000001617
28,2,1,0,1,1,20,15.75,35,30,0,0,0,2,2,0.377777777777778,0.211111111111111,0.388888888888889,0,0,0,4.02367738813068,3.33324319997337
28,2,1,0,1,1,75,6,85,45,0,0,0,2,2,0.557692307692308,0.198717948717949,0.224358974358974,0,0,0,2.82987678522602,2.92382650007494
28,2,1,0,1,1,10,19.5,10,125,0,0,0,1,2,0.439306358381503,0.289017341040462,0.254335260115607,0,0,0,2.01696732073902,3.21823510003742
28,2,1,0,1,1,73,5,70,14,0,0,0,1,2,0.340175953079179,0.24633431085044,0.483870967741935,0,0,0,2.08306780814563,6.00199989997782
28,2,1,0,1,1,64,19.5,65,45,0,0,0,1,2,0.281399046104928,0.399046104928458,0.29570747217806,0,0,0,6.97163018056188,10.8011039999546
28,2,1,0,1,1,65,1.75,80,10,0,0,0,1,2,0.510948905109489,0.204379562043796,0.233576642335766,0,0,0,0.522075613033273,2.61474500002805
28,2,1,0,1,1,13,19.5,5,7,0,0,0,1,2,0.233201581027668,0.509881422924901,0.134387351778656,0,0,0,0.0137202324724122,4.5363799999468
28,2,1,0,1,1,11,18.25,70,55,0,0,0,1,2,0.581395348837209,0.302325581395349,0.103359173126615,0,0,0,5,6.77346289996058
28,2,1,0,1,1,57,10,50,95,0,0,0,1,2,0.228758169934641,0.418300653594771,0.398692810457516,0,0,0,2.04385386155514,2.87965250003617
28,2,1,0,1,1,83,17,80,200,0,0,0,1,2,0.420212765957447,0.303191489361702,0.234042553191489,0,0,0,5.01012113252793,3.4680662000319
28,2,1,0,1,1,39,17,35,15,0,0,0,1,2,0.36,0.4475,0.1875,0,0,0,4.52668813692561,6.99050229997374
28,2,1,0,1,1,14,16.75,45,145,0,0,0,1,2,0.267942583732057,0.511961722488038,0.186602870813397,0,0,0,2.05272723006679,3.81164420000277
28,2,1,0,1,1,70,3.5,40,3,0,0,0,1,2,0.458333333333333,0.366666666666667,0.15,0,0,0,0,2.32881300000008
28,2,1,0,1,1,41,19,65,245,0,0,0,1,2,0.524822695035461,0.219858156028369,0.24113475177305,0,0,0,3.04106143102273,2.68224110000301
28,2,1,0,1,1,28,6,25,7,0,0,0,1,2,0.297297297297297,0.545945945945946,0.167567567567568,0,0,0,1.00889698489186,3.41347999998834
28,2,1,0,1,1,67,8.5,50,105,0,0,0,1,2,0.308823529411765,0.323529411764706,0.338235294117647,0,0,0,1.05136913422507,2.58907890005503
28,2,1,0,1,1,82,9.5,20,25,0,0,0,3,2,0.59,0.22,0.18,0,0,0,1.99946037583998,3.66343869990669
28,2,1,0,1,1,12,12,35,1,0,0,0,3,2,0.562937062937063,0.29020979020979,0.145104895104895,0,0,0,3.20182750664009,9.85805529996287
28,2,1,0,1,1,77,12,75,25,0,0,0,3,2,0.745562130177515,0.0650887573964497,0.153846153846154,0,0,0,4.51893432682369,3.14110460004304
28,2,1,0,1,1,31,8.5,50,22,0,0,0,3,2,0.488,0.216,0.28,0,0,0,2.10086728815848,2.40371799992863
28,2,1,0,1,1,23,7.75,60,120,0,0,0,3,2,0.385321100917431,0.229357798165138,0.36697247706422,0,0,0,0.0687467630974261,2.14732610003557
28,2,1,0,1,1,6,19,20,175,0,0,0,3,2,0.553846153846154,0.230769230769231,0.215384615384615,0,0,0,2.026892718821,2.50472710002214
28,2,1,0,1,1,56,12,90,210,0,0,0,3,2,0.647435897435897,0.141025641025641,0.198717948717949,0,0,0,3.97944788793088,2.92235090001486
28,2,1,0,1,1,40,18,15,110,0,0,0,3,2,0.466386554621849,0.310924369747899,0.130252100840336,0,0,0,3.06086987797305,4.28847190004308
28,2,1,0,1,1,37,14.5,5,175,0,0,0,3,2,0.568807339449541,0.165137614678899,0.229357798165138,0,0,0,0.0826732447654095,2.1349611999467
28,2,1,0,1,1,74,7,40,120,0,0,0,3,2,0.429268292682927,0.4,0.141463414634146,0,0,0,0.687456274606827,3.74358869995922
28,2,1,0,1,1,47,16,100,5,0,0,0,3,2,0.564870259481038,0.0838323353293413,0.119760479041916,0,0,0,9.2152663699538,8.66711299994495
28,2,1,0,1,1,8,16,15,20,0,0,0,3,2,0.571428571428571,0.263736263736264,0.15018315018315,0,0,0,2.06616008697296,4.88403350010049
28,2,1,0,1,1,43,3,30,0,0,0,0,3,2,0.615384615384615,0.273076923076923,0.111538461538462,0,0,0,0.88720735725073,4.66555309994146
28,2,1,0,1,1,27,5.25,50,120,0,0,0,3,2,0.661654135338346,0.075187969924812,0.225563909774436,0,0,0,0,2.5411895000143
28,2,1,0,1,1,42,20,30,170,0,0,0,6,2,0.423645320197044,0.420361247947455,0.139573070607553,0,0,0,3.00342891776033,10.4709907000652
28,2,1,0,1,1,29,7,20,55,0,0,0,6,2,0.446215139442231,0.366533864541833,0.191235059760956,0,0,0,0.21355066210349,4.5255632000044
28,2,1,0,1,1,34,12,15,85,0,0,0,6,2,0.228723404255319,0.515957446808511,0.148936170212766,0,0,0,0.114436171198925,3.46703019994311
28,2,1,0,1,1,35,13,70,30,0,0,0,6,2,0.467213114754098,0.258196721311475,0.262295081967213,0,0,0,3.94209808435974,4.38905970007181
28,2,1,0,1,1,62,10,95,135,0,0,0,6,2,0.346666666666667,0.231111111111111,0.404444444444444,0,0,0,4.97972555350011,4.07460459996946
28,2,1,0,1,1,38,15.5,40,215,0,0,0,6,2,0.311572700296736,0.252225519287834,0.388724035608309,0,0,0,2.40432240371,5.94938070001081
28,2,1,0,1,1,50,2.5,90,10,0,0,0,6,2,0.371287128712871,0.227722772277228,0.178217821782178,0,0,0,0.158402087913618,3.69897419994231
28,2,1,0,1,1,79,10,10,140,0,0,0,6,2,0.259259259259259,0.340740740740741,0.37037037037037,0,0,0,0.0551172178216923,2.56913960003294
28,2,1,0,1,1,17,3.25,85,205,0,0,0,6,2,0.428571428571429,0.334821428571429,0.205357142857143,0,0,0,0.241458617042781,4.07184629992116
28,2,1,0,1,1,19,17.5,25,40,0,0,0,6,2,0.4453125,0.348214285714286,0.1953125,0,0,0,3.01663129975369,15.2492987998994
28,2,1,0,1,1,58,14,45,20,0,0,0,6,2,0.155492154065621,0.37660485021398,0.40228245363766,0,0,0,3.43560181264213,12.0037205999251
28,2,1,0,1,1,25,9,60,160,0,0,0,6,2,0.360655737704918,0.327868852459016,0.237704918032787,0,0,0,3.1224935105561,4.40309219993651
28,2,1,0,1,1,4,8.5,20,90,0,0,0,6,2,0.209090909090909,0.318181818181818,0.445454545454545,0,0,0,0.691758784936194,2.15834119997453
28,2,1,0,1,1,44,5,40,65,0,0,0,6,2,0.244186046511628,0.406976744186047,0.348837209302326,0,0,0,0.515051491878072,4.6226270000916
28,2,1,0,1,1,55,16.5,25,155,0,0,0,5,2,0.530864197530864,0.12962962962963,0.277777777777778,0,0,0,2.59938586192906,3.02878679998685
28,2,1,0,1,1,46,2,55,70,0,0,0,5,2,0.242236024844721,0.0496894409937888,0.683229813664596,0,0,0,0.0138999729416156,3.01781040010974
28,2,1,0,1,1,18,18.75,80,250,0,0,0,5,2,0.337448559670782,0.123456790123457,0.530864197530864,0,0,0,7.50408750117698,4.38087439991068
28,2,1,0,1,1,68,2.5,65,25,0,0,0,5,2,0.288,0.192,0.496,0,0,0,0.243084851468424,2.40825029998086
28,2,1,0,1,1,48,7,45,70,0,0,0,5,2,0.265346534653465,0.166336633663366,0.423762376237624,0,0,0,1.0703020084409,8.73788699996658
28,2,1,0,1,1,63,5.5,70,40,0,0,0,5,2,0.433734939759036,0.186746987951807,0.427710843373494,0,0,0,1.50876252377215,3.09575620002579
28,2,1,0,1,1,3,15,85,14,0,0,0,5,2,0.625429553264605,0.0756013745704467,0.254295532646048,0,0,0,6.90843373508297,5.17496379988734
28,2,1,0,1,1,30,8,75,90,0,0,0,5,2,0.430379746835443,0.135021097046413,0.421940928270042,0,0,0,2.6868298977834,4.27232560003176
28,2,1,0,1,1,24,19,70,150,0,0,0,5,2,0.484240687679083,0.229226361031519,0.246418338108883,0,0,0,4.88903156503071,6.13900219998322
28,2,1,0,1,1,49,16,50,20,0,0,0,5,2,0.59581881533101,0.0487804878048781,0.303135888501742,0,0,0,4.96992369908801,5.1072289000731
28,2,1,0,1,1,9,2,30,19,0,0,0,5,2,0.229508196721311,0.344262295081967,0.401639344262295,0,0,0,0.0559651316630294,2.35591619997285
28,2,1,0,1,1,32,9.5,30,170,0,0,0,5,2,0.219219219219219,0.3003003003003,0.432432432432432,0,0,0,1.04189563270048,5.87443820002954
28,2,1,0,1,1,61,15,75,225,0,0,0,5,2,0.385964912280702,0.157894736842105,0.425438596491228,0,0,0,2.07500150370863,4.12227159994654
28,2,1,0,1,1,59,2,80,110,0,0,0,5,2,0.222857142857143,0.222857142857143,0.548571428571429,0,0,0,0.0141470827652661,3.23974350001663
28,3,1,0,1,0,8,16,15,0,0,0,0,5,4,0.184306569343066,0.125912408759124,0.248175182481752,0,0,0,2.4727139280286,9.47867769980803
28,3,1,0,1,0,17,3.25,85,0,0,0,0,5,4,0.5,0.124,0.22,0,0,0,0.999207787572097,4.48957210010849
28,3,1,0,1,0,28,6,25,0,0,0,0,5,4,0.10727969348659,0.14176245210728,0.567049808429119,0,0,0,1.01803856063574,4.68232370004989
28,3,1,0,1,0,60,15,35,0,0,0,0,5,4,0.362976406533575,0.390199637023593,0.29038112522686,0,0,0,2.6031880898606,9.50288489996456
28,3,1,0,1,0,71,6,25,0,0,0,0,5,4,0.637795275590551,0.102362204724409,0.228346456692913,0,0,0,0.784479104309739,2.4464624999091
28,3,1,0,1,0,57,10,50,0,0,0,0,5,4,0.149532710280374,0.38785046728972,0.420560747663551,0,0,0,3.06752564807752,3.90065890015103
28,3,1,0,1,0,69,1.5,95,0,0,0,0,5,4,0.391489361702128,0.225531914893617,0.319148936170213,0,0,0,0.505338045458377,4.23824650002643
28,3,1,0,1,0,24,19,70,0,0,0,0,5,4,0.625698324022346,0.273743016759777,0.0949720670391061,0,0,0,3.08696590049222,3.30890780012123
28,3,1,0,1,0,14,16.75,45,0,0,0,0,5,4,0.613065326633166,0.165829145728643,0.14070351758794,0,0,0,2.4945063952987,3.6444785001222
28,3,1,0,1,0,63,5.5,70,0,0,0,0,5,4,0.602678571428571,0.129464285714286,0.214285714285714,0,0,0,0.987186343040655,4.06321189994924
28,3,1,0,1,0,74,7,40,0,0,0,0,5,4,0.415929203539823,0.292035398230089,0.274336283185841,0,0,0,1.00373666938081,2.22202280000784
28,3,1,0,1,0,10,19.5,10,0,0,0,0,5,4,0.41747572815534,0.0388349514563107,0.524271844660194,0,0,0,0.480928277179302,2.05221539991908
28,3,1,0,1,0,5,20,85,0,0,0,0,5,4,0.385964912280702,0.181286549707602,0.39766081871345,0,0,0,5.06101600117396,3.17323699989356
28,3,1,0,1,0,32,9.5,30,0,0,0,0,5,4,0.632978723404255,0.0212765957446809,0.303191489361702,0,0,0,0.742209562580282,3.45922359987162
28,3,1,0,1,0,48,7,45,0,0,0,0,2,4,0.285714285714286,0.26890756302521,0.403361344537815,0,0,0,1.02077396481731,2.31034120009281
28,3,1,0,1,0,51,1,40,0,0,0,0,2,4,0.473529411764706,0.370588235294118,0.144117647058824,0,0,0,0,5.99687459995039
28,3,1,0,1,0,33,11,65,0,0,0,0,2,4,0.428571428571429,0.324675324675325,0.188311688311688,0,0,0,2.03078995658001,2.90184989990667
28,3,1,0,1,0,47,16,100,0,0,0,0,2,4,0.414473684210526,0.180451127819549,0.212406015037594,0,0,0,13.0159751936317,18.0541869997978
28,3,1,0,1,0,22,20,90,0,0,0,0,2,4,0.472727272727273,0.254545454545455,0.227272727272727,0,0,0,9.9717059741919,5.82595860003494
28,3,1,0,1,0,43,3,30,0,0,0,0,2,4,0.388235294117647,0.317647058823529,0.247058823529412,0,0,0,0.0136029658866761,1.75238660001196
28,3,1,0,1,0,45,13.5,55,0,0,0,0,2,4,0.425531914893617,0.308510638297872,0.234042553191489,0,0,0,2.03467606450616,1.89946749992669
28,3,1,0,1,0,4,8.5,20,0,0,0,0,2,4,0.27536231884058,0.304347826086957,0.289855072463768,0,0,0,1.00146715062697,1.48273820010945
28,3,1,0,1,0,58,14,45,0,0,0,0,2,4,0.363636363636364,0.431818181818182,0.170454545454545,0,0,0,1.99041421982296,1.80105270002969
28,3,1,0,1,0,21,6,95,0,0,0,0,2,4,0.428571428571429,0.241071428571429,0.325892857142857,0,0,0,3.40879343766563,4.05898570013233
28,3,1,0,1,0,66,10,90,0,0,0,0,2,4,0.356164383561644,0.342465753424658,0.26027397260274,0,0,0,5,1.55115100019611
28,3,1,0,1,0,80,8,45,0,0,0,0,2,4,0.298507462686567,0.358208955223881,0.238805970149254,0,0,0,1.48013879474885,1.45110849989578
28,3,1,0,1,0,13,19.5,5,0,0,0,0,2,4,0.388888888888889,0.398989898989899,0.217171717171717,0,0,0,1.0703020084409,3.62678050016984
28,3,1,0,1,0,31,8.5,50,0,0,0,0,2,4,0.512820512820513,0.222222222222222,0.222222222222222,0,0,0,1.54905417548615,2.28232440003194
28,3,1,0,1,0,30,8,75,0,0,0,0,6,4,0.655172413793103,0.264367816091954,0.0459770114942529,0,0,0,2.51011171379983,1.78444919991307
28,3,1,0,1,0,27,5.25,50,0,0,0,0,6,4,0.666666666666667,0.246913580246914,0.037037037037037,0,0,0,0.579779680397234,1.68582400004379
28,3,1,0,1,0,83,17,80,0,0,0,0,6,4,0.582781456953642,0.304635761589404,0.0993377483443709,0,0,0,5.05060463941487,5.36069409991615
28,3,1,0,1,0,26,4,45,0,0,0,0,6,4,0.580645161290323,0.311827956989247,0.0537634408602151,0,0,0,0.0281066505967615,1.88657089998014
28,3,1,0,1,0,77,12,75,0,0,0,0,6,4,0.615384615384615,0.243589743589744,0.0769230769230769,0,0,0,3.40608538008473,1.63478569989093
28,3,1,0,1,0,78,8.25,20,0,0,0,0,6,4,0.537313432835821,0.328358208955224,0.0447761194029851,0,0,0,0.549690240187253,1.4377950001508
28,3,1,0,1,0,79,10,10,0,0,0,0,6,4,0.414893617021277,0.308510638297872,0.24468085106383,0,0,0,0.0139609375401868,1.88926820014603
28,3,1,0,1,0,39,17,35,0,0,0,0,6,4,0.382165605095541,0.394904458598726,0.210191082802548,0,0,0,2.00013298961916,2.95225799991749
28,3,1,0,1,0,52,18.5,10,0,0,0,0,6,4,0.537414965986395,0.380952380952381,0.0408163265306122,0,0,0,1.50398404101491,2.78471089992672
28,3,1,0,1,0,61,15,75,0,0,0,0,6,4,0.613636363636364,0.232954545454545,0.136363636363636,0,0,0,3.09369376769747,3.25807089987211
28,3,1,0,1,0,68,2.5,65,0,0,0,0,6,4,0.392405063291139,0.468354430379747,0.132911392405063,0,0,0,0.0414280337902859,2.95481620007195
28,3,1,0,1,0,18,18.75,80,0,0,0,0,6,4,0.595092024539877,0.269938650306748,0.116564417177914,0,0,0,3.99693189436499,3.05671790009364
28,3,1,0,1,0,6,19,20,0,0,0,0,6,4,0.703296703296703,0.208791208791209,0.0549450549450549,0,0,0,1.99586017239073,1.84702830016613
28,3,1,0,1,0,2,7.5,75,0,0,0,0,6,4,0.681318681318681,0.197802197802198,0.032967032967033,0,0,0,1.53904655708944,1.84820540016517
28,3,1,0,1,0,67,8.5,50,0,0,0,0,1,4,0.656050955414013,0.146496815286624,0.184713375796178,0,0,0,2.23824110506698,2.94196669990197
28,3,1,0,1,0,41,19,65,0,0,0,0,1,4,0.378048780487805,0.24390243902439,0.304878048780488,0,0,0,4.0297038862428,1.70260289986618
28,3,1,0,1,0,25,9,60,0,0,0,0,1,4,0.186666666666667,0.426666666666667,0.36,0,0,0,2.00380950745887,2.83000700012781
28,3,1,0,1,0,65,1.75,80,0,0,0,0,1,4,0.382716049382716,0.308641975308642,0.259259259259259,0,0,0,0,1.68462070007809
28,3,1,0,1,0,1,5,50,0,0,0,0,1,4,0.337662337662338,0.324675324675325,0.285714285714286,0,0,0,1.08163978041857,1.61938489996828
28,3,1,0,1,0,70,3.5,40,0,0,0,0,1,4,0.328859060402685,0.308724832214765,0.36241610738255,0,0,0,0,2.80666820006445
28,3,1,0,1,0,38,15.5,40,0,0,0,0,1,4,0.533088235294118,0.308823529411765,0.106617647058824,0,0,0,3.06466991197746,4.86838259990327
28,3,1,0,1,0,7,16.75,65,0,0,0,0,1,4,0.457534246575342,0.306849315068493,0.106849315068493,0,0,0,4.05751359654707,6.41417240002193
28,3,1,0,1,0,37,14.5,5,0,0,0,0,1,4,0.261363636363636,0.397727272727273,0.238636363636364,0,0,0,0.43143317337374,1.79669070011005
28,3,1,0,1,0,20,15.75,35,0,0,0,0,1,4,0.331506849315069,0.515068493150685,0.101369863013699,0,0,0,2.50039205552971,6.41161060007289
28,3,1,0,1,0,15,17.25,25,0,0,0,0,1,4,0.397435897435897,0.294871794871795,0.217948717948718,0,0,0,4.03796944443564,1.63722410006449
28,3,1,0,1,0,75,6,85,0,0,0,0,1,4,0.288659793814433,0.525773195876289,0.134020618556701,0,0,0,3.01001672711843,1.95679440000094
28,3,1,0,1,0,44,5,40,0,0,0,0,1,4,0.397727272727273,0.409090909090909,0.136363636363636,0,0,0,0.516209052515716,1.80362059990875
28,3,1,0,1,0,40,18,15,0,0,0,0,1,4,0.373134328358209,0.343283582089552,0.194029850746269,0,0,0,1.52164796717215,1.44902940001339
28,3,1,0,1,0,12,12,35,0,0,0,0,3,4,0.406779661016949,0.446327683615819,0.124293785310734,0,0,0,2.04832764699134,3.27203510003164
28,3,1,0,1,0,29,7,20,0,0,0,0,3,4,0.722772277227723,0.247524752475248,0,0,0,0,0.0713669399104582,2.01035830006003
28,3,1,0,1,0,9,2,30,0,0,0,0,3,4,0.412213740458015,0.213740458015267,0.33587786259542,0,0,0,0.0137796272330668,2.51739279995672
28,3,1,0,1,0,34,12,15,0,0,0,0,3,4,0.393162393162393,0.247863247863248,0.247863247863248,0,0,0,1.47939925332027,2.28723190003075
28,3,1,0,1,0,82,9.5,20,0,0,0,0,3,4,0.47972972972973,0.22972972972973,0.25,0,0,0,1.76975962975421,2.79927550000139
28,3,1,0,1,0,3,15,85,0,0,0,0,3,4,0.777777777777778,0.116161616161616,0.0707070707070707,0,0,0,6.01162231837802,3.63597050006501
28,3,1,0,1,0,54,9.25,40,0,0,0,0,3,4,0.605911330049261,0.231527093596059,0.133004926108374,0,0,0,2.51115516158021,3.71920330007561
28,3,1,0,1,0,73,5,70,0,0,0,0,3,4,0.666666666666667,0.111111111111111,0.144444444444444,0,0,0,1.47451598626708,1.83586600003764
28,3,1,0,1,0,55,16.5,25,0,0,0,0,3,4,0.917431192660551,0.0458715596330275,0.00917431192660551,0,0,0,3.10566322532113,2.15966889983974
28,3,1,0,1,0,81,14,55,0,0,0,0,3,4,0.839506172839506,0.0987654320987654,0,0,0,0,3.97628859140901,1.67478340002708
28,3,1,0,1,0,16,16,65,0,0,0,0,3,4,0.872549019607843,0.0392156862745098,0,0,0,0,4.03565700833317,2.03461089986376
28,3,1,0,1,0,35,13,70,0,0,0,0,3,4,0.510903426791277,0.190031152647975,0.302180685358255,0,0,0,3.54261820828984,5.67955200001597
28,3,1,0,1,0,49,16,50,0,0,0,0,3,4,0.45398773006135,0.398773006134969,0,0,0,0,5.02951847959963,3.04080109996721
28,3,1,0,1,0,62,10,95,0,0,0,0,3,4,0.588235294117647,0.269607843137255,0.117647058823529,0,0,0,7.03567120695877,3.72337130014785
28,3,1,0,1,0,19,17.5,25,0,0,0,0,4,4,0.486486486486487,0.432432432432432,0.027027027027027,0,0,0,3.06032180433451,1.56158039998263
28,3,1,0,1,0,50,2.5,90,0,0,0,0,4,4,0.442176870748299,0.360544217687075,0.183673469387755,0,0,0,1.0653147805354,2.77620219998062
28,3,1,0,1,0,76,4,35,0,0,0,0,4,4,0.625,0.298076923076923,0.00961538461538462,0,0,0,0.041249084020162,2.0568599998951
28,3,1,0,1,0,23,7.75,60,0,0,0,0,4,4,0.546153846153846,0.415384615384615,0.0384615384615385,0,0,0,2.05269703389871,2.49254190013744
28,3,1,0,1,0,36,14,15,0,0,0,0,4,4,0.608108108108108,0.304054054054054,0.027027027027027,0,0,0,2.07020452899933,2.80087759997696
28,3,1,0,1,0,56,12,90,0,0,0,0,4,4,0.282926829268293,0.448780487804878,0.224390243902439,0,0,0,5.99695851276626,3.74300549994223
28,3,1,0,1,0,42,20,30,0,0,0,0,4,4,0.76875,0.19375,0.01875,0,0,0,3.66812185113935,3.00053829979151
28,3,1,0,1,0,59,2,80,0,0,0,0,4,4,0.653225806451613,0.185483870967742,0.129032258064516,0,0,0,0.244733129085088,2.40360650001094
28,3,1,0,1,0,72,6.5,90,0,0,0,0,4,4,0.7,0.23,0.04,0,0,0,3.07420813707649,1.99114880012348
28,3,1,0,1,0,53,14,90,0,0,0,0,4,4,0.512,0.16,0.104,0,0,0,5.98550291005452,2.40883080009371
28,3,1,0,1,0,11,18.25,70,0,0,0,0,4,4,0.672,0.168,0.12,0,0,0,4.54744328354975,2.40709759993479
28,3,1,0,1,0,46,2,55,0,0,0,0,4,4,0.512820512820513,0.371794871794872,0.0256410256410256,0,0,0,0.0415180921824607,1.6334327000659
28,3,1,0,1,0,64,19.5,65,0,0,0,0,4,4,0.63436928702011,0.219378427787934,0.00914076782449726,0,0,0,5.04054848174785,9.43223299994133
28,3,1,0,1,0,84,11,50,0,0,0,0,4,4,0.725490196078431,0.186274509803922,0.00980392156862745,0,0,0,2.75379013955733,2.0240836001467
29,1,1,0,1,1,38,15.5,40,215,0,0,0,6,2,0.209401709401709,0.13960113960114,0.245014245014245,0,0,0,1.15552517554981,12.0202029999928
29,1,1,0,1,1,2,7.5,75,25,0,0,0,6,2,0.206766917293233,0.191729323308271,0.293233082706767,0,0,0,1.58027440160728,4.7653443000163
29,1,1,0,1,1,18,18.75,80,250,0,0,0,6,2,0.330855018587361,0.193308550185874,0.200743494423792,0,0,0,3.8531621063618,4.80603249999695
29,1,1,0,1,1,78,8.25,20,5,0,0,0,6,2,0.325806451612903,0.211290322580645,0.146774193548387,0,0,0,1.90894413336005,10.651595000003
29,1,1,0,1,1,75,6,85,45,0,0,0,6,2,0.358050847457627,0.389830508474576,0.158898305084746,0,0,0,0.99393131483766,8.18244850001065
29,1,1,0,1,1,54,9.25,40,4,0,0,0,6,2,0.213888888888889,0.102777777777778,0.155555555555556,0,0,0,1.71941447315044,6.32672429998638
29,1,1,0,1,1,53,14,90,60,0,0,0,6,2,0.249411764705882,0.4,0.228235294117647,0,0,0,4.05876170744279,7.40727309999056
29,1,1,0,1,1,68,2.5,65,25,0,0,0,6,2,0.251336898395722,0.299465240641711,0.240641711229947,0,0,0,0.293841855457405,6.56446849997155
29,1,1,0,1,1,29,7,20,55,0,0,0,6,2,0.163440860215054,0.346236559139785,0.120430107526882,0,0,0,0.589142810997121,8.07991309999488
29,1,1,0,1,1,73,5,70,14,0,0,0,6,2,0.231884057971014,0.188405797101449,0.166666666666667,0,0,0,1.50979213220933,4.93364410003414
29,1,1,0,1,1,55,16.5,25,155,0,0,0,6,2,0.229268292682927,0.134146341463415,0.507317073170732,0,0,0,3.99654757817326,7.16622289997758
29,1,1,0,1,1,4,8.5,20,90,0,0,0,6,2,0.326153846153846,0.187692307692308,0.178461538461538,0,0,0,1.5979327323434,5.74423829995794
29,1,1,0,1,1,42,20,30,170,0,0,0,6,2,0.300138312586445,0.349930843706777,0.272475795297372,0,0,0,6.06979512538741,12.365239900013
29,1,1,0,1,1,80,8,45,125,0,0,0,6,2,0.530023094688222,0.227482678983834,0.092378752886836,0,0,0,2.55654112031365,14.7551039000391
29,1,1,0,1,1,60,15,35,31,0,0,0,1,2,0.137142857142857,0.394285714285714,0.237142857142857,0,0,0,4.35105821685922,11.9924353999668
29,1,1,0,1,1,69,1.5,95,20,0,0,0,1,2,0.177865612648221,0.185770750988142,0.375494071146245,0,0,0,0.0278606436808602,4.55054680001922
29,1,1,0,1,1,23,7.75,60,120,0,0,0,1,2,0.217598097502973,0.298454221165279,0.302021403091558,0,0,0,1.71357347985985,14.3409953999799
29,1,1,0,1,1,63,5.5,70,40,0,0,0,1,2,0.268085106382979,0.293617021276596,0.140425531914894,0,0,0,0.979106070152508,4.2499555000104
29,1,1,0,1,1,82,9.5,20,25,0,0,0,1,2,0.0485436893203883,0.318446601941748,0.469902912621359,0,0,0,2.09812739564739,8.90679089998594
29,1,1,0,1,1,11,18.25,70,55,0,0,0,1,2,0.55,0.172,0.092,0,0,0,5.01856029063121,8.66114119999111
29,1,1,0,1,1,70,3.5,40,3,0,0,0,1,2,0.254437869822485,0.313609467455621,0.21301775147929,0,0,0,0.160796055966401,3.1475537000224
29,1,1,0,1,1,3,15,85,14,0,0,0,1,2,0.274418604651163,0.441860465116279,0.186046511627907,0,0,0,5.13221654801583,3.91553030000068
29,1,1,0,1,1,17,3.25,85,205,0,0,0,1,2,0.149425287356322,0.390804597701149,0.206896551724138,0,0,0,0.0555985665324705,3.22218209999846
29,1,1,0,1,1,66,10,90,80,0,0,0,1,2,0.221374045801527,0.213740458015267,0.374045801526718,0,0,0,3.10394468831973,2.51820589997806
29,1,1,0,1,1,49,16,50,20,0,0,0,1,2,0.323045267489712,0.0493827160493827,0.152263374485597,0,0,0,3.09156626491703,8.42956490005599
29,1,1,0,1,1,19,17.5,25,40,0,0,0,1,2,0.309555854643338,0.176312247644684,0.302826379542396,0,0,0,2.06947772772797,12.7064446000149
29,1,1,0,1,1,26,4,45,50,0,0,0,1,2,0.216649949849549,0.309929789368104,0.483450351053159,0,0,0,0.751797202505895,16.938685400004
29,1,1,0,1,1,46,2,55,70,0,0,0,1,2,0.313022700119474,0.258064516129032,0.244922341696535,0,0,0,0.276046185477718,14.2678333000513
29,1,1,0,1,1,35,13,70,30,0,0,0,5,2,0.264775413711584,0.397163120567376,0.283687943262411,0,0,0,3.16180065319593,7.38448609999614
29,1,1,0,1,1,81,14,55,5,0,0,0,5,2,0.242021276595745,0.199468085106383,0.25531914893617,0,0,0,4.08333690813307,6.59025619999738
29,1,1,0,1,1,57,10,50,95,0,0,0,5,2,0.221453287197232,0.173010380622837,0.269896193771626,0,0,0,4.15954121993436,5.13855639996473
29,1,1,0,1,1,45,13.5,55,65,0,0,0,5,2,0.3,0.108333333333333,0.420833333333333,0,0,0,5.07623824420392,4.32891399995424
29,1,1,0,1,1,32,9.5,30,170,0,0,0,5,2,0.0581542351453856,0.670037926675095,0.132743362831858,0,0,0,3.03170737254954,13.5111604999984
29,1,1,0,1,1,44,5,40,65,0,0,0,5,2,0.245033112582781,0.271523178807947,0.344370860927152,0,0,0,1.31257163334858,2.84206860000268
29,1,1,0,1,1,41,19,65,245,0,0,0,5,2,0.161214953271028,0.422897196261682,0.33411214953271,0,0,0,5.20939876806484,7.46650769998087
29,1,1,0,1,1,25,9,60,160,0,0,0,5,2,0.327967806841046,0.394366197183099,0.183098591549296,0,0,0,2.00234802958655,16.8911318000173
29,1,1,0,1,1,8,16,15,20,0,0,0,5,2,0.363636363636364,0.076555023923445,0.435406698564593,0,0,0,1.14131295806559,3.80540179996751
29,1,1,0,1,1,30,8,75,90,0,0,0,5,2,0.181172291296625,0.387211367673179,0.213143872113677,0,0,0,1.96859697295038,9.70282080001198
29,1,1,0,1,1,62,10,95,135,0,0,0,5,2,0.151709401709402,0.258547008547009,0.448717948717949,0,0,0,2.66106494666123,8.12897630000953
29,1,1,0,1,1,10,19.5,10,125,0,0,0,5,2,0.248818897637795,0.0377952755905512,0.576377952755906,0,0,0,2.87546920593203,10.903589900001
29,1,1,0,1,1,58,14,45,20,0,0,0,5,2,0.373417721518987,0.191139240506329,0.339240506329114,0,0,0,4.00207574122723,13.4880388999591
29,1,1,0,1,1,50,2.5,90,10,0,0,0,5,2,0.272727272727273,0.0454545454545455,0.356060606060606,0,0,0,0.247373390099803,2.53027489996748
29,1,1,0,1,1,64,19.5,65,45,0,0,0,4,2,0.27426326129666,0.276620825147348,0.21335952848723,0,0,0,3.78765240174629,42.7191089999978
29,1,1,0,1,1,33,11,65,190,0,0,0,4,2,0.213040671400904,0.254357650096837,0.305358295674629,0,0,0,2.71259241166945,26.1326334000332
29,1,1,0,1,1,47,16,100,5,0,0,0,4,2,0.313868613138686,0.291970802919708,0.257907542579075,0,0,0,5.99603761045478,7.1736539999838
29,1,1,0,1,1,52,18.5,10,85,0,0,0,4,2,0.468085106382979,0.206686930091185,0.252279635258359,0,0,0,2.04409198712154,5.80883130000439
29,1,1,0,1,1,71,6,25,45,0,0,0,4,2,0.302839116719243,0.375394321766562,0.22397476340694,0,0,0,0.865224217181382,5.61315250000916
29,1,1,0,1,1,20,15.75,35,30,0,0,0,4,2,0.47906976744186,0.134883720930233,0.376744186046512,0,0,0,2.69569898360864,3.91805710003246
29,1,1,0,1,1,79,10,10,140,0,0,0,4,2,0.377431906614786,0.474708171206226,0.175097276264591,0,0,0,0.773817860872754,4.61060009995708
29,1,1,0,1,1,28,6,25,7,0,0,0,4,2,0.316129032258064,0.325806451612903,0.167741935483871,0,0,0,0.962554558681394,5.48859700001776
29,1,1,0,1,1,84,11,50,110,0,0,0,4,2,0.250980392156863,0.298039215686275,0.325490196078431,0,0,0,3.04218091409308,4.57657139998628
29,1,1,0,1,1,14,16.75,45,145,0,0,0,4,2,0.34858110969928,0.059720457433291,0.422702244811521,0,0,0,4.38041185722445,39.6485882999841
29,1,1,0,1,1,9,2,30,19,0,0,0,4,2,0.409090909090909,0.236363636363636,0.354545454545455,0,0,0,0.160796055966401,2.1682116999873
29,1,1,0,1,1,77,12,75,25,0,0,0,4,2,0.613333333333333,0.213333333333333,0.155555555555556,0,0,0,3.19292921866587,4.07412920001661
29,1,1,0,1,1,65,1.75,80,10,0,0,0,4,2,0.212765957446809,0.310030395136778,0.258358662613982,0,0,0,0.0529401328581045,5.81710580002982
29,1,1,0,1,1,34,12,15,85,0,0,0,4,2,0.318996415770609,0.275985663082437,0.390681003584229,0,0,0,0.607093645915182,4.98698380001588
29,1,1,0,1,1,67,8.5,50,105,0,0,0,2,2,0.283582089552239,0.178358208955224,0.467910447761194,0,0,0,1.4527675455779,22.6407437999733
29,1,1,0,1,1,40,18,15,110,0,0,0,2,2,0.176190476190476,0.328571428571429,0.438095238095238,0,0,0,0.943406062192896,3.82283700001426
29,1,1,0,1,1,61,15,75,225,0,0,0,2,2,0.229166666666667,0.331018518518519,0.347222222222222,0,0,0,2.3855538037955,7.52405439998256
29,1,1,0,1,1,5,20,85,15,0,0,0,2,2,0.295918367346939,0.391156462585034,0.306122448979592,0,0,0,8.0520772405101,5.2358469000319
29,1,1,0,1,1,56,12,90,210,0,0,0,2,2,0.289693593314763,0.270194986072423,0.275766016713092,0,0,0,3.19594763048365,6.31377050001174
29,1,1,0,1,1,16,16,65,95,0,0,0,2,2,0.353249475890985,0.276729559748428,0.19811320754717,0,0,0,4.60138708655841,16.2176469000406
29,1,1,0,1,1,15,17.25,25,55,0,0,0,2,2,0.407051282051282,0.246794871794872,0.256410256410256,0,0,0,2.04009194948516,5.5184375999961
29,1,1,0,1,1,51,1,40,3,0,0,0,2,2,0,0,0,0,0,0,1.92275884954517,0.117568199988455
29,1,1,0,1,1,59,2,80,110,0,0,0,2,2,0.347978910369069,0.195079086115993,0.179261862917399,0,0,0,0.187580996823637,9.8106126000057
29,1,1,0,1,1,43,3,30,0,0,0,0,2,2,0.206812652068127,0.37712895377129,0.209245742092457,0,0,0,0.282129910143116,7.17971250001574
29,1,1,0,1,1,1,5,50,0,0,0,0,2,2,0.176744186046512,0.325581395348837,0.255813953488372,0,0,0,1.53280590856931,3.914406099997
29,1,1,0,1,1,39,17,35,15,0,0,0,2,2,0.22396694214876,0.458677685950413,0.0950413223140496,0,0,0,3.17893996288502,20.4800413000048
29,1,1,0,1,1,22,20,90,165,0,0,0,2,2,0.240112994350282,0.378531073446328,0.378531073446328,0,0,0,5.98757576683535,6.21841989998939
29,1,1,0,1,1,74,7,40,120,0,0,0,2,2,0.680759275237274,0.157031924072476,0.0811044003451251,0,0,0,2.17840323395322,19.6295437999652
29,1,1,0,1,1,48,7,45,70,0,0,0,3,2,0.195945945945946,0.334459459459459,0.214527027027027,0,0,0,1.39655307568839,10.1911409999593
29,1,1,0,1,1,37,14.5,5,175,0,0,0,3,2,0.224358974358974,0.153846153846154,0.397435897435897,0,0,0,0.304813832029232,2.93572680000216
29,1,1,0,1,1,83,17,80,200,0,0,0,3,2,0.365921787709497,0.273743016759777,0.317039106145251,0,0,0,3.10467648565008,12.2634683999931
29,1,1,0,1,1,31,8.5,50,22,0,0,0,3,2,0.353982300884956,0.298672566371681,0.323008849557522,0,0,0,2.20816637092044,7.85565580002731
29,1,1,0,1,1,24,19,70,150,0,0,0,3,2,0.451564828614009,0.168405365126677,0.304023845007452,0,0,0,4.52660189005547,11.5136757
29,1,1,0,1,1,7,16.75,65,75,0,0,0,3,2,0.411949685534591,0.276729559748428,0.251572327044025,0,0,0,5.37713957287094,5.62621719995514
29,1,1,0,1,1,76,4,35,70,0,0,0,3,2,0.285024154589372,0.236714975845411,0.449275362318841,0,0,0,0.646302016441979,3.77320029999828
29,1,1,0,1,1,6,19,20,175,0,0,0,3,2,0.334677419354839,0.00806451612903226,0.532258064516129,0,0,0,2.57762116818313,4.46490920003271
29,1,1,0,1,1,27,5.25,50,120,0,0,0,3,2,0.37527114967462,0.0563991323210412,0.481561822125813,0,0,0,4.03571230310546,8.00378969998565
29,1,1,0,1,1,12,12,35,1,0,0,0,3,2,0.237931034482759,0.355172413793103,0.203448275862069,0,0,0,2.52669267284975,5.15522370004328
29,1,1,0,1,1,72,6.5,90,60,0,0,0,3,2,0.456140350877193,0.136842105263158,0.308771929824561,0,0,0,2.95167235300866,5.07981429999927
29,1,1,0,1,1,21,6,95,55,0,0,0,3,2,0.388235294117647,0.223529411764706,0.311764705882353,0,0,0,2.93448194189043,3.16044200002216
29,1,1,0,1,1,13,19.5,5,7,0,0,0,3,2,0.286253369272237,0.496495956873315,0.152021563342318,0,0,0,1.25665916378002,31.2322748000151
29,1,1,0,1,1,36,14,15,40,0,0,0,3,2,0.318181818181818,0.361111111111111,0.222222222222222,0,0,0,1.34572772321994,6.9221992000239
29,2,1,0,1,0,12,12,35,0,0,0,0,4,4,0.130019120458891,0.145315487571702,0.101338432122371,0,0,0,3.0497947976183,9.04617420001887
29,2,1,0,1,0,55,16.5,25,0,0,0,0,4,4,0.342857142857143,0.207142857142857,0.207142857142857,0,0,0,4.29167945363603,5.0036808999721
29,2,1,0,1,0,30,8,75,0,0,0,0,4,4,0.253086419753086,0.339506172839506,0.240740740740741,0,0,0,2.05228918831178,3.0333449000027
29,2,1,0,1,0,53,14,90,0,0,0,0,4,4,0.44,0.212,0.228,0,0,0,6.06296510996827,4.49293770012446
29,2,1,0,1,0,62,10,95,0,0,0,0,4,4,0.358974358974359,0.251282051282051,0.338461538461538,0,0,0,4.42284123247391,3.57724660006352
29,2,1,0,1,0,10,19.5,10,0,0,0,0,4,4,0.5,0.160377358490566,0.254716981132075,0,0,0,2.65090749107726,3.854609800037
29,2,1,0,1,0,68,2.5,65,0,0,0,0,4,4,0.301282051282051,0.448717948717949,0.237179487179487,0,0,0,0.448156785863354,2.93692930019461
29,2,1,0,1,0,56,12,90,0,0,0,0,4,4,0.359805510534846,0.367909238249595,0.103727714748784,0,0,0,5.14966171942701,10.6062988000922
29,2,1,0,1,0,5,20,85,0,0,0,0,4,4,0.251184834123223,0.398104265402844,0.23696682464455,0,0,0,6.90096204085758,3.83715740009211
29,2,1,0,1,0,74,7,40,0,0,0,0,4,4,0.215456674473068,0.182669789227166,0.206088992974239,0,0,0,3.99031456314436,14.5640711998567
29,2,1,0,1,0,61,15,75,0,0,0,0,4,4,0.31810766721044,0.32300163132137,0.168026101141925,0,0,0,5.10075155162364,10.5482312000822
29,2,1,0,1,0,36,14,15,0,0,0,0,4,4,0.216981132075472,0.216981132075472,0.349056603773585,0,0,0,1.28018528626187,3.86347710015252
29,2,1,0,1,0,81,14,55,0,0,0,0,4,4,0.365066225165563,0.184602649006623,0.105132450331126,0,0,0,5.03546591567495,20.4588485998102
29,2,1,0,1,0,17,3.25,85,0,0,0,0,4,4,0.346303501945525,0.392996108949416,0.159533073929961,0,0,0,0.489759249682887,4.61177699989639
29,2,1,0,1,0,72,6.5,90,0,0,0,0,6,4,0.251682368775236,0.515477792732167,0.0457604306864065,0,0,0,2.60395482449783,12.7045913001057
29,2,1,0,1,0,23,7.75,60,0,0,0,0,6,4,0.454323995127893,0.447015834348356,0.0341047503045067,0,0,0,2.23818385508746,14.0076268000994
29,2,1,0,1,0,22,20,90,0,0,0,0,6,4,0.309963099630996,0.236162361623616,0.214022140221402,0,0,0,8.97827041487845,4.84506339998916
29,2,1,0,1,0,1,5,50,0,0,0,0,6,4,0.223809523809524,0.219047619047619,0.0952380952380952,0,0,0,2.03615519963839,3.83482440002263
29,2,1,0,1,0,47,16,100,0,0,0,0,6,4,0.352941176470588,0.429411764705882,0.0764705882352941,0,0,0,6.99609930235883,3.17213499988429
29,2,1,0,1,0,71,6,25,0,0,0,0,6,4,0.446927374301676,0.346368715083799,0.0726256983240224,0,0,0,1.00173537799323,3.30831050011329
29,2,1,0,1,0,25,9,60,0,0,0,0,6,4,0.305555555555556,0.483333333333333,0,0,0,0,2.75725777008535,3.333135999972
29,2,1,0,1,0,33,11,65,0,0,0,0,6,4,0.50210970464135,0.462025316455696,0.122362869198312,0,0,0,2.93005546589009,8.2271230998449
29,2,1,0,1,0,41,19,65,0,0,0,0,6,4,0.447643979057592,0.413612565445026,0,0,0,0,4.4387011840264,6.69144239998423
29,2,1,0,1,0,48,7,45,0,0,0,0,6,4,0.200902934537246,0.471783295711061,0.218961625282167,0,0,0,1.42149460666617,7.70333659998141
29,2,1,0,1,0,16,16,65,0,0,0,0,6,4,0.2,0.776165803108808,0.00207253886010363,0,0,0,4.03183413776019,16.3961165000219
29,2,1,0,1,0,14,16.75,45,0,0,0,0,6,4,0.458167330677291,0.342629482071713,0.0896414342629482,0,0,0,3.69095970024468,8.69550180016086
29,2,1,0,1,0,9,2,30,0,0,0,0,6,4,0.443478260869565,0.378260869565217,0.0217391304347826,0,0,0,0.411920791684128,4.16551740001887
29,2,1,0,1,0,84,11,50,0,0,0,0,6,4,0.376657824933687,0.43236074270557,0.140583554376658,0,0,0,3.64656488011049,6.60438999999315
29,2,1,0,1,0,66,10,90,0,0,0,0,3,4,0.425,0.3578125,0.184375,0,0,0,4.6615021122041,10.9941063998267
29,2,1,0,1,0,50,2.5,90,0,0,0,0,3,4,0.524691358024691,0.135802469135802,0.234567901234568,0,0,0,0.616807598431038,3.02246670005843
29,2,1,0,1,0,79,10,10,0,0,0,0,3,4,0.456730769230769,0.254807692307692,0.350961538461538,0,0,0,1.04239001786091,3.79514060006477
29,2,1,0,1,0,4,8.5,20,0,0,0,0,3,4,0.390900649953575,0.234911792014856,0.325905292479109,0,0,0,1.03464353008395,18.2705771001056
29,2,1,0,1,0,76,4,35,0,0,0,0,3,4,0.475382003395586,0.33786078098472,0.183361629881155,0,0,0,0.569968035203434,10.1454614999238
29,2,1,0,1,0,19,17.5,25,0,0,0,0,3,4,0.620300751879699,0.0582706766917293,0.223684210526316,0,0,0,4.01384329315046,9.18424410000443
29,2,1,0,1,0,51,1,40,0,0,0,0,3,4,0.170212765957447,0.438297872340426,0.382978723404255,0,0,0,0.124540152812255,4.24146890011616
29,2,1,0,1,0,38,15.5,40,0,0,0,0,3,4,0.402222222222222,0.368888888888889,0.164444444444444,0,0,0,3.10377680483447,7.82690150011331
29,2,1,0,1,0,52,18.5,10,0,0,0,0,3,4,0.411436541143654,0.156206415620642,0.345885634588563,0,0,0,2.03591792055823,12.2827759999782
29,2,1,0,1,0,57,10,50,0,0,0,0,3,4,0.469055374592834,0.257328990228013,0.283387622149837,0,0,0,3.02801608283107,5.44351939996704
29,2,1,0,1,0,28,6,25,0,0,0,0,3,4,0.350553505535055,0.296432964329643,0.200492004920049,0,0,0,0.984058433717919,13.8675804999657
29,2,1,0,1,0,54,9.25,40,0,0,0,0,3,4,0.130668716372022,0.673328209069946,0.0791698693312836,0,0,0,1.49346720412207,21.9932336001657
29,2,1,0,1,0,26,4,45,0,0,0,0,3,4,0.451965065502183,0.467248908296943,0.270742358078603,0,0,0,0.781663990047903,7.96765209990554
29,2,1,0,1,0,31,8.5,50,0,0,0,0,3,4,0.322822822822823,0.483483483483483,0.115615615615616,0,0,0,3.32344396434394,11.4280749000609
29,2,1,0,1,0,15,17.25,25,0,0,0,0,1,4,0.543893129770992,0.261450381679389,0.16030534351145,0,0,0,3.37312393986296,9.05395479989238
29,2,1,0,1,0,80,8,45,0,0,0,0,1,4,0.567198177676538,0.296127562642369,0.0569476082004556,0,0,0,2.77263415251675,7.63894059997983
29,2,1,0,1,0,18,18.75,80,0,0,0,0,1,4,0.416184971098266,0.257225433526012,0.358381502890173,0,0,0,8.38692119180391,6.09284559986554
29,2,1,0,1,0,64,19.5,65,0,0,0,0,1,4,0.341902313624679,0.575835475578406,0.0591259640102828,0,0,0,7.0364945793479,6.80609240010381
29,2,1,0,1,0,44,5,40,0,0,0,0,1,4,0.279166666666667,0.333333333333333,0.304166666666667,0,0,0,1.64964912767031,4.33093660022132
29,2,1,0,1,0,63,5.5,70,0,0,0,0,1,4,0.240837696335079,0.43455497382199,0.387434554973822,0,0,0,2.04832764699134,3.50468669994734
29,2,1,0,1,0,42,20,30,0,0,0,0,1,4,0.333333333333333,0.432506887052342,0.234159779614325,0,0,0,4.99059646514966,6.37439840007573
29,2,1,0,1,0,60,15,35,0,0,0,0,1,4,0.247422680412371,0.587628865979381,0.188512518409426,0,0,0,3.05074914273332,11.634890699992
29,2,1,0,1,0,65,1.75,80,0,0,0,0,1,4,0.480392156862745,0.238562091503268,0.179738562091503,0,0,0,0.286571944475934,5.43690279987641
29,2,1,0,1,0,75,6,85,0,0,0,0,1,4,0.252669039145907,0.590747330960854,0.145907473309609,0,0,0,1.06724490611255,5.00590579980053
29,2,1,0,1,0,70,3.5,40,0,0,0,0,1,4,0.306376360808709,0.387247278382582,0.328149300155521,0,0,0,0.532782485616149,11.0316225998104
29,2,1,0,1,0,82,9.5,20,0,0,0,0,1,4,0.385416666666667,0.470238095238095,0.0535714285714286,0,0,0,2.00142415879108,11.5316075000446
29,2,1,0,1,0,7,16.75,65,0,0,0,0,1,4,0.373611111111111,0.502777777777778,0.0652777777777778,0,0,0,5.01917523635987,12.314375200076
29,2,1,0,1,0,11,18.25,70,0,0,0,0,1,4,0.417820069204152,0.480968858131488,0.069204152249135,0,0,0,6.71325914629354,19.5832688000519
29,2,1,0,1,0,83,17,80,0,0,0,0,2,4,0.492283950617284,0.317901234567901,0.112654320987654,0,0,0,6.99360523212874,11.1158221000805
29,2,1,0,1,0,73,5,70,0,0,0,0,2,4,0.402284263959391,0.4251269035533,0.161167512690355,0,0,0,1.33231499767103,13.450570900226
29,2,1,0,1,0,67,8.5,50,0,0,0,0,2,4,0.381733021077283,0.306791569086651,0.278688524590164,0,0,0,2.04406361700361,7.44251909991726
29,2,1,0,1,0,77,12,75,0,0,0,0,2,4,0.431818181818182,0.451298701298701,0.0681818181818182,0,0,0,4.49253513882424,5.45486690010875
29,2,1,0,1,0,34,12,15,0,0,0,0,2,4,0.170385395537525,0.606490872210953,0.36105476673428,0,0,0,1.96345004022134,8.54156540008262
29,2,1,0,1,0,69,1.5,95,0,0,0,0,2,4,0.28695652173913,0.406521739130435,0.352173913043478,0,0,0,0.595091671428353,7.99066319991834
29,2,1,0,1,0,37,14.5,5,0,0,0,0,2,4,0.51864406779661,0.257627118644068,0.210169491525424,0,0,0,2.00110789598803,5.24541350011714
29,2,1,0,1,0,43,3,30,0,0,0,0,2,4,0.224913494809689,0.460207612456747,0.377162629757785,0,0,0,0.663148021946327,5.15121299983002
29,2,1,0,1,0,35,13,70,0,0,0,0,2,4,0.25531914893617,0.66193853427896,0.0851063829787234,0,0,0,4.00502287457208,7.37998520000838
29,2,1,0,1,0,6,19,20,0,0,0,0,2,4,0.404639175257732,0.507731958762887,0.0824742268041237,0,0,0,2.25389378348646,6.79660239978693
29,2,1,0,1,0,29,7,20,0,0,0,0,2,4,0.3322528363047,0.585089141004862,0.147487844408428,0,0,0,1.2025568029119,10.6122754998505
29,2,1,0,1,0,13,19.5,5,0,0,0,0,2,4,0.347222222222222,0.577777777777778,0.0611111111111111,0,0,0,1.60000236742123,6.33542070002295
29,2,1,0,1,0,24,19,70,0,0,0,0,2,4,0.307065217391304,0.442934782608696,0.244565217391304,0,0,0,4.44950764056102,6.45485340012237
29,2,1,0,1,0,78,8.25,20,0,0,0,0,2,4,0.313019390581717,0.50415512465374,0.204986149584488,0,0,0,1.00280845159634,6.33979290002026
29,2,1,0,1,0,45,13.5,55,0,0,0,0,5,4,0.573529411764706,0.304621848739496,0.123949579831933,0,0,0,3.97221509126368,8.27148280013353
29,2,1,0,1,0,20,15.75,35,0,0,0,0,5,4,0.471976401179941,0.395280235988201,0.126843657817109,0,0,0,2.95780548957335,5.98465769994073
29,2,1,0,1,0,46,2,55,0,0,0,0,5,4,0.229166666666667,0.458333333333333,0.325,0,0,0,0.784608660517659,4.32898260001093
29,2,1,0,1,0,2,7.5,75,0,0,0,0,5,4,0.227920227920228,0.660968660968661,0.118233618233618,0,0,0,3.07834613454049,12.019342500018
29,2,1,0,1,0,59,2,80,0,0,0,0,5,4,0.270758122743682,0.63898916967509,0.0685920577617329,0,0,0,0.48424754974803,4.96046140021645
29,2,1,0,1,0,27,5.25,50,0,0,0,0,5,4,0.116071428571429,0.728571428571429,0.0339285714285714,0,0,0,1.97574503672225,18.9906934001483
29,2,1,0,1,0,58,14,45,0,0,0,0,5,4,0.439739413680782,0.452768729641694,0.195439739413681,0,0,0,4.9717059741919,5.44906260003336
29,2,1,0,1,0,49,16,50,0,0,0,0,5,4,0.547619047619048,0.28968253968254,0.142857142857143,0,0,0,6.9988343955756,4.52867639996111
29,2,1,0,1,0,21,6,95,0,0,0,0,5,4,0.333333333333333,0.560185185185185,0.115740740740741,0,0,0,2.11220039724055,3.9297460000962
29,2,1,0,1,0,8,16,15,0,0,0,0,5,4,0.435424354243542,0.409594095940959,0.136531365313653,0,0,0,1.99237197480245,4.8433852000162
29,2,1,0,1,0,3,15,85,0,0,0,0,5,4,0.46969696969697,0.378787878787879,0.143939393939394,0,0,0,4.78978162018228,4.73156600003131
29,2,1,0,1,0,32,9.5,30,0,0,0,0,5,4,0.343908629441624,0.529187817258883,0.139593908629442,0,0,0,2.005886957577,13.4606699000578
29,2,1,0,1,0,40,18,15,0,0,0,0,5,4,0.365079365079365,0.386243386243386,0.164021164021164,0,0,0,2.61691818587718,3.48219410004094
29,2,1,0,1,0,39,17,35,0,0,0,0,5,4,0.312056737588652,0.425531914893617,0.26241134751773,0,0,0,2.88956507736065,2.68345390004106
29,3,2,0,0,1,67,8.5,100,105,0,0,0,1,6,0.1568,0.08,0.2048,0,0,0,3.79716006621332,10.736334499903
29,3,2,0,0,1,29,7,100,55,0,0,0,1,6,0.317142857142857,0.128571428571429,0.5,0,0,0,3.02470392227123,6.15534120006487
29,3,2,0,0,1,31,8.5,100,22,0,0,0,1,6,0.0569948186528497,0.404145077720207,0.404145077720207,0,0,0,4.28271642000926,3.54444839991629
29,3,2,0,0,1,82,9.5,100,25,0,0,0,1,6,0.341463414634146,0.175609756097561,0.253658536585366,0,0,0,4.29988126085681,3.74110310012475
29,3,2,0,0,1,13,19.5,100,7,0,0,0,1,6,0.162995594713656,0.502202643171806,0.330396475770925,0,0,0,8.98942473925544,4.11382009997033
29,3,2,0,0,1,40,18,100,110,0,0,0,1,6,0.120418848167539,0.476439790575916,0.586387434554974,0,0,0,5.9739867662734,3.51173869986087
29,3,2,0,0,1,47,16,100,5,0,0,0,1,6,0.777414075286416,0.0965630114566285,0.129296235679214,0,0,0,7.02423619066564,10.505303800106
29,3,2,0,0,1,18,18.75,100,250,0,0,0,1,6,0.506986027944112,0.093812375249501,0.2375249500998,0,0,0,4.01590447414469,8.67378039984033
29,3,2,0,0,1,50,2.5,100,10,0,0,0,1,6,0.425531914893617,0.308510638297872,0.170212765957447,0,0,0,0.302239127127656,1.89797919988632
29,3,2,0,0,1,11,18.25,100,55,0,0,0,1,6,0.504464285714286,0.147321428571429,0.294642857142857,0,0,0,3.98996923101974,4.06107229995541
29,3,2,0,0,1,39,17,100,15,0,0,0,1,6,0.335443037974684,0.161392405063291,0.373417721518987,0,0,0,5.68477654101284,5.60010320018046
29,3,2,0,0,1,43,3,100,0,0,0,0,1,6,0.517543859649123,0.192982456140351,0.192982456140351,0,0,0,0.976144301987176,2.2333925999701
29,3,2,0,0,1,19,17.5,100,40,0,0,0,1,6,0.548424737456243,0.106184364060677,0.154025670945158,0,0,0,4.93475574838714,14.6042265000287
29,3,2,0,0,1,10,19.5,100,125,0,0,0,1,6,0.362989323843416,0.270462633451957,0.313167259786477,0,0,0,6.02952442384967,5.00488919997588
29,3,2,0,0,1,51,1,100,3,0,0,0,6,6,0.333333333333333,0.270588235294118,0.274509803921569,0,0,0,0.114693854618412,4.57583749992773
29,3,2,0,0,1,45,13.5,100,65,0,0,0,6,6,0.327293318233296,0.169875424688562,0.507361268403171,0,0,0,5.57375711264081,15.0362974999007
29,3,2,0,0,1,83,17,100,200,0,0,0,6,6,0.428571428571429,0.212938005390836,0.22911051212938,0,0,0,4.40305373616237,6.50861969985999
29,3,2,0,0,1,69,1.5,100,20,0,0,0,6,6,0.428571428571429,0.503401360544218,0.142857142857143,0,0,0,0.0854471869531146,2.78209029999562
29,3,2,0,0,1,37,14.5,100,175,0,0,0,6,6,0.353780313837375,0.145506419400856,0.583452211126961,0,0,0,3.59416038882689,12.005635399837
29,3,2,0,0,1,65,1.75,100,10,0,0,0,6,6,0.603603603603604,0.162162162162162,0.108108108108108,0,0,0,0.0147365424835719,2.18237569998018
29,3,2,0,0,1,58,14,100,20,0,0,0,6,6,0.322404371584699,0.311475409836066,0.360655737704918,0,0,0,6.00272673624697,3.37825319985859
29,3,2,0,0,1,35,13,100,30,0,0,0,6,6,0.268412438625205,0.0998363338788871,0.561374795417349,0,0,0,4.75741785553528,10.5117893000133
29,3,2,0,0,1,54,9.25,100,4,0,0,0,6,6,0.550755939524838,0.107991360691145,0.317494600431965,0,0,0,3.44984180854897,8.04285910003819
29,3,2,0,0,1,53,14,100,60,0,0,0,6,6,0.21830985915493,0.366197183098592,0.408450704225352,0,0,0,5.15750113478257,2.69168230006471
29,3,2,0,0,1,55,16.5,100,155,0,0,0,6,6,0.303571428571429,0.246428571428571,0.432142857142857,0,0,0,6.02601855553132,5.00082260021009
29,3,2,0,0,1,15,17.25,100,55,0,0,0,6,6,0.570621468926554,0.231638418079096,0.209039548022599,0,0,0,6.68145368316522,3.28263749997132
29,3,2,0,0,1,84,11,100,110,0,0,0,6,6,0.419047619047619,0.171428571428571,0.40952380952381,0,0,0,3.09898332187571,5.57158400001936
29,3,2,0,0,1,75,6,100,45,0,0,0,6,6,0.221165279429251,0.0820451843043995,0.674197384066587,0,0,0,1.43756181302072,14.3348638000898
29,3,2,0,0,1,81,14,100,5,0,0,0,4,6,0.302325581395349,0.323255813953488,0.3,0,0,0,6.84016175659134,7.49097980000079
29,3,2,0,0,1,27,5.25,100,120,0,0,0,4,6,0.440909090909091,0.290909090909091,0.263636363636364,0,0,0,0.845770844079436,3.98785330005921
29,3,2,0,0,1,21,6,100,55,0,0,0,4,6,0.244131455399061,0.295774647887324,0.488262910798122,0,0,0,3.07467535808431,3.87949810014106
29,3,2,0,0,1,17,3.25,100,205,0,0,0,4,6,0.208053691275168,0.342281879194631,0.369127516778524,0,0,0,0.544751199145953,2.8109474000521
29,3,2,0,0,1,57,10,100,95,0,0,0,4,6,0.307116104868914,0.217228464419476,0.49063670411985,0,0,0,2.72693720910905,4.77412880002521
29,3,2,0,0,1,56,12,100,210,0,0,0,4,6,0.087202718006795,0.0458663646659117,0.831823329558324,0,0,0,3.04659464104714,29.7572354997974
29,3,2,0,0,1,62,10,100,135,0,0,0,4,6,0.252873563218391,0.218390804597701,0.482758620689655,0,0,0,3.58854777914581,4.67924179998226
29,3,2,0,0,1,34,12,100,85,0,0,0,4,6,0.297752808988764,0.202247191011236,0.269662921348315,0,0,0,4.48241621003604,3.2978826998733
29,3,2,0,0,1,6,19,100,175,0,0,0,4,6,0.409200968523002,0.0895883777239709,0.535108958837772,0,0,0,5.9595628208423,7.21851660008542
29,3,2,0,0,1,24,19,100,150,0,0,0,4,6,0.488888888888889,0.286111111111111,0.194444444444444,0,0,0,6.58053162864586,6.31904270011
29,3,2,0,0,1,72,6.5,100,60,0,0,0,4,6,0.46031746031746,0.234126984126984,0.246031746031746,0,0,0,2.67668368401787,4.53173130005598
29,3,2,0,0,1,23,7.75,100,120,0,0,0,4,6,0.37239165329053,0.0321027287319422,0.573033707865168,0,0,0,2.23779313671465,10.7126980999019
29,3,2,0,0,1,68,2.5,100,25,0,0,0,4,6,0.331550802139037,0.331550802139037,0.336898395721925,0,0,0,0.380670571807034,3.43910040007904
29,3,2,0,0,1,77,12,100,25,0,0,0,4,6,0.365853658536585,0.257839721254355,0.407665505226481,0,0,0,5.68325224017855,5.12093660002574
29,3,2,0,0,1,80,8,100,125,0,0,0,3,6,0.415032679738562,0.184640522875817,0.196078431372549,0,0,0,2.48816390704033,10.5307648999151
29,3,2,0,0,1,1,5,100,0,0,0,0,3,6,0.53169014084507,0.211267605633803,0.257042253521127,0,0,0,2.00531345208567,5.06616170005873
29,3,2,0,0,1,52,18.5,100,85,0,0,0,3,6,0.329538986909505,0.480364257256688,0.189527603870233,0,0,0,6.10759513005265,29.5987450999673
29,3,2,0,0,1,64,19.5,100,45,0,0,0,3,6,0.451263537906137,0.148014440433213,0.40072202166065,0,0,0,8.63780497044387,4.93964420002885
29,3,2,0,0,1,14,16.75,100,145,0,0,0,3,6,0.525679758308157,0.172205438066465,0.308157099697885,0,0,0,5.77990103316833,5.8507677000016
29,3,2,0,0,1,79,10,100,140,0,0,0,3,6,0.481927710843373,0.1285140562249,0.337349397590361,0,0,0,3.03209622835675,4.48448520014063
29,3,2,0,0,1,71,6,100,45,0,0,0,3,6,0.331210191082803,0.261146496815287,0.407643312101911,0,0,0,0.99841464213787,2.9388472000137
29,3,2,0,0,1,41,19,100,245,0,0,0,3,6,0.464088397790055,0.198895027624309,0.325966850828729,0,0,0,2.04409198712154,3.35075879981741
29,3,2,0,0,1,9,2,100,19,0,0,0,3,6,0.333333333333333,0.295833333333333,0.383333333333333,0,0,0,0.156982019802129,4.3349198999349
29,3,2,0,0,1,33,11,100,190,0,0,0,3,6,0.398625429553265,0.144329896907216,0.470790378006873,0,0,0,3.2619726158657,5.17511439998634
29,3,2,0,0,1,73,5,100,14,0,0,0,3,6,0.413265306122449,0.260204081632653,0.331632653061224,0,0,0,2.06544104051048,3.59972020005807
29,3,2,0,0,1,28,6,100,7,0,0,0,3,6,0.440414507772021,0.326424870466321,0.476683937823834,0,0,0,2.98847077394371,3.55024069990031
29,3,2,0,0,1,32,9.5,100,170,0,0,0,3,6,0.334630350194553,0.171206225680934,0.525291828793774,0,0,0,1.41125166268211,4.62135439994745
29,3,2,0,0,1,8,16,100,20,0,0,0,3,6,0.471502590673575,0.16580310880829,0.373056994818653,0,0,0,6.86734709804403,3.55285000009462
29,3,2,0,0,1,25,9,100,160,0,0,0,2,6,0.412607449856734,0.157593123209169,0.32378223495702,0,0,0,1.89143116204463,6.14396089990623
29,3,2,0,0,1,76,4,100,70,0,0,0,2,6,0.252136752136752,0.170940170940171,0.572649572649573,0,0,0,0.682958406627407,4.22755309985951
29,3,2,0,0,1,42,20,100,170,0,0,0,2,6,0.396984924623116,0.276381909547739,0.28643216080402,0,0,0,5.94083975758066,3.64485789998434
29,3,2,0,0,1,59,2,100,110,0,0,0,2,6,0.296511627906977,0.162790697674419,0.517441860465116,0,0,0,0.086609591235387,3.19804310007021
29,3,2,0,0,1,46,2,100,70,0,0,0,2,6,0.161290322580645,0.561290322580645,0.264516129032258,0,0,0,0.435360984896377,2.91396340006031
29,3,2,0,0,1,48,7,100,70,0,0,0,2,6,0.322916666666667,0.100694444444444,0.385416666666667,0,0,0,1.52266779990475,5.13124449993484
29,3,2,0,0,1,22,20,100,165,0,0,0,2,6,0.394052044609665,0.105947955390335,0.475836431226766,0,0,0,6.41262579591922,9.29195260000415
29,3,2,0,0,1,26,4,100,50,0,0,0,2,6,0.347222222222222,0.298611111111111,0.333333333333333,0,0,0,0.25394849741879,2.72414579987526
29,3,2,0,0,1,30,8,100,90,0,0,0,2,6,0.57563025210084,0.0882352941176471,0.336134453781513,0,0,0,2.50478455556199,4.29466159990989
29,3,2,0,0,1,70,3.5,100,3,0,0,0,2,6,0.331797235023041,0.460829493087558,0.202764976958525,0,0,0,0.343784228768566,3.95010629994795
29,3,2,0,0,1,2,7.5,100,25,0,0,0,2,6,0.687690742624618,0.0579857578840285,0.199389623601221,0,0,0,2.32569741090279,16.7070472000632
29,3,2,0,0,1,5,20,100,15,0,0,0,2,6,0.564220183486238,0.13302752293578,0.247706422018349,0,0,0,7.994113042423,3.97474059998058
29,3,2,0,0,1,12,12,100,1,0,0,0,2,6,0.401273885350318,0.267515923566879,0.337579617834395,0,0,0,5.95111019526929,2.94518320006318
29,3,2,0,0,1,44,5,100,65,0,0,0,2,6,0.463815789473684,0.154605263157895,0.361842105263158,0,0,0,0.592097021822894,5.40053839981556
29,3,2,0,0,1,60,15,100,31,0,0,0,5,6,0.348,0.168,0.314,0,0,0,4.09120478356472,8.66123159998097
29,3,2,0,0,1,63,5.5,100,40,0,0,0,5,6,0.407079646017699,0.221238938053097,0.210176991150442,0,0,0,1.24863791931784,7.85942530003376
29,3,2,0,0,1,49,16,100,20,0,0,0,5,6,0.343949044585987,0.318471337579618,0.318471337579618,0,0,0,7.10379166427467,5.55884120007977
29,3,2,0,0,1,74,7,100,120,0,0,0,5,6,0.345679012345679,0.351851851851852,0.308641975308642,0,0,0,1.06062568564242,3.02188210003078
29,3,2,0,0,1,66,10,100,80,0,0,0,5,6,0.370689655172414,0.120689655172414,0.431034482758621,0,0,0,1.63325441070048,2.26492039998993
29,3,2,0,0,1,16,16,100,95,0,0,0,5,6,0.371681415929204,0.123893805309735,0.47787610619469,0,0,0,2.00472423484235,2.2196082000155
29,3,2,0,0,1,7,16.75,100,75,0,0,0,5,6,0.482233502538071,0.101522842639594,0.406091370558376,0,0,0,2.30006502495018,3.60419939993881
29,3,2,0,0,1,3,15,100,14,0,0,0,5,6,0.438888888888889,0.397222222222222,0.158333333333333,0,0,0,5.03929701769405,6.32389580016024
29,3,2,0,0,1,20,15.75,100,30,0,0,0,5,6,0.467391304347826,0.33695652173913,0.201086956521739,0,0,0,5.95499077911336,3.39571229997091
29,3,2,0,0,1,36,14,100,40,0,0,0,5,6,0.447204968944099,0.329192546583851,0.31055900621118,0,0,0,3.05463707645707,3.00780220003799
29,3,2,0,0,1,38,15.5,100,215,0,0,0,5,6,0.387836490528415,0.445663010967099,0.199401794616152,0,0,0,2.04832764699134,17.0327333998866
29,3,2,0,0,1,78,8.25,100,5,0,0,0,5,6,0.471074380165289,0.148760330578512,0.371900826446281,0,0,0,2.66112497313508,2.33992380020209
29,3,2,0,0,1,61,15,100,225,0,0,0,5,6,0.429223744292237,0.0958904109589041,0.479452054794521,0,0,0,3.1271219635122,3.97534160013311
29,3,2,0,0,1,4,8.5,100,90,0,0,0,5,6,0.556420233463035,0.206225680933852,0.182879377431907,0,0,0,1.01275906131502,4.60813999990933
30,1,1,0,1,0,63,5.5,70,0,0,0,0,2,4,0.0784671532846715,0.0392335766423358,0.0684306569343066,0,0,0,0.50503725652765,18.5845669999835
30,1,1,0,1,0,56,12,90,0,0,0,0,2,4,0.196236559139785,0.0860215053763441,0.10752688172043,0,0,0,0.919543647452798,6.53428910003277
30,1,1,0,1,0,10,19.5,10,0,0,0,0,2,4,0.40590405904059,0.0848708487084871,0.0885608856088561,0,0,0,1.60510469767933,4.84403829998337
30,1,1,0,1,0,22,20,90,0,0,0,0,2,4,0.115702479338843,0.165289256198347,0.214876033057851,0,0,0,1.58086229784416,2.33991169999354
30,1,1,0,1,0,53,14,90,0,0,0,0,2,4,0.188118811881188,0.0099009900990099,0.435643564356436,0,0,0,1.19490785982273,2.00733429996762
30,1,1,0,1,0,47,16,100,0,0,0,0,2,4,0.34375,0.46875,0.510416666666667,0,0,0,0.948581783742522,1.9298492000089
30,1,1,0,1,0,59,2,80,0,0,0,0,2,4,0.147058823529412,0,0,0,0,0,0.0440052741727648,1.47182320000138
30,1,1,0,1,0,49,16,50,0,0,0,0,2,4,0.175438596491228,0.298245614035088,0.43859649122807,0,0,0,1.01495224021366,1.28211610001745
30,1,1,0,1,0,72,6.5,90,0,0,0,0,2,4,0.338983050847458,0.0169491525423729,0.423728813559322,0,0,0,0.269233042132921,1.3147384999902
30,1,1,0,1,0,84,11,50,0,0,0,0,2,4,0.19047619047619,0.0317460317460317,0.285714285714286,0,0,0,0.503060976289717,1.39764470001683
30,1,1,0,1,0,8,16,15,0,0,0,0,2,4,0.302325581395349,0.302325581395349,0.372093023255814,0,0,0,0.748445690457704,1.75705960002961
30,1,1,0,1,0,45,13.5,55,0,0,0,0,2,4,0.0909090909090909,0.0151515151515152,0.0681818181818182,0,0,0,0.591155981621117,2.56444869999541
30,1,1,0,1,0,48,7,45,0,0,0,0,2,4,0.0689655172413793,0,0.517241379310345,0,0,0,0.266770273564287,1.29455510003027
30,1,1,0,1,0,65,1.75,80,0,0,0,0,2,4,0.65,0.275,0.275,0,0,0,0,0.996401500015054
30,1,1,0,1,0,17,3.25,85,0,0,0,0,5,4,0.180875576036866,0.0817972350230415,0.124423963133641,0,0,0,0.0720127397250039,14.8871602999861
30,1,1,0,1,0,69,1.5,95,0,0,0,0,5,4,0.3359375,0.0572916666666667,0.0494791666666667,0,0,0,0.0730036544438626,6.72917579999194
30,1,1,0,1,0,36,14,15,0,0,0,0,5,4,0.459016393442623,0.0491803278688525,0.344262295081967,0,0,0,0.0141157146137232,1.34950519999256
30,1,1,0,1,0,50,2.5,90,0,0,0,0,5,4,0.48,0.32,0.66,0,0,0,0.0940087444154578,1.99155500001507
30,1,1,0,1,0,61,15,75,0,0,0,0,5,4,0.357142857142857,0.378571428571429,0.128571428571429,0,0,0,1.10183623565636,2.66215119999833
30,1,1,0,1,0,80,8,45,0,0,0,0,5,4,0.372881355932203,0.169491525423729,0,0,0,0,0.127875164241491,1.31676479999442
30,1,1,0,1,0,52,18.5,10,0,0,0,0,5,4,0.241706161137441,0.0568720379146919,0.004739336492891,0,0,0,0.0141157146137232,3.85034880001331
30,1,1,0,1,0,82,9.5,20,0,0,0,0,5,4,0.127906976744186,0.186046511627907,0.0290697674418605,0,0,0,0.0146013453224398,3.26241590001155
30,1,1,0,1,0,68,2.5,65,0,0,0,0,5,4,0.10958904109589,0.060665362035225,0.0352250489236791,0,0,0,0.0862186251987715,8.90949220000766
30,1,1,0,1,0,25,9,60,0,0,0,0,5,4,0.236363636363636,0.163636363636364,0,0,0,0,0.0440052741727648,1.23863550001988
30,1,1,0,1,0,54,9.25,40,0,0,0,0,5,4,0,0,0,0,0,0,0.0138095178709285,0.611627599981148
30,1,1,0,1,0,3,15,85,0,0,0,0,5,4,0,0.0452674897119342,0,0,0,0,0.571855813547543,4.37562519998755
30,1,1,0,1,0,19,17.5,25,0,0,0,0,5,4,0.366197183098592,0.408450704225352,0,0,0,0,0.0582702053919704,1.50884150003549
30,1,1,0,1,0,81,14,55,0,0,0,0,5,4,0.270988310308183,0.250797024442083,0.130712008501594,0,0,0,0.0860244627697853,16.0664004000137
30,1,1,0,1,0,24,19,70,0,0,0,0,1,4,0.136288998357964,0.247947454844007,0.12807881773399,0,0,0,0.969635943513964,10.47573929996
30,1,1,0,1,0,21,6,95,0,0,0,0,1,4,0.150537634408602,0.419354838709677,0.225806451612903,0,0,0,0.205290029554956,1.88646690000314
30,1,1,0,1,0,35,13,70,0,0,0,0,1,4,0.0638297872340425,0.207446808510638,0.0132978723404255,0,0,0,0.175172228353748,6.58958720002556
30,1,1,0,1,0,32,9.5,30,0,0,0,0,1,4,0.0594059405940594,0.564356435643564,0.0099009900990099,0,0,0,0.0282940258080941,2.01202030002605
30,1,1,0,1,0,46,2,55,0,0,0,0,1,4,0.116666666666667,0.45,0,0,0,0,0.0439041158341666,1.32879339996725
30,1,1,0,1,0,34,12,15,0,0,0,0,1,4,0.147058823529412,0.426470588235294,0,0,0,0,0.0145015642656752,1.468302400026
30,1,1,0,1,0,40,18,15,0,0,0,0,1,4,0.1,0.5,0,0,0,0,0.0432088233078609,1.65920509997522
30,1,1,0,1,0,7,16.75,65,0,0,0,0,1,4,0.189102564102564,0.163461538461538,0.0224358974358974,0,0,0,0.294521075935759,5.52559839998139
30,1,1,0,1,0,6,19,20,0,0,0,0,1,4,0.261904761904762,0.547619047619048,0,0,0,0,0.0582702053919704,1.03075520001585
30,1,1,0,1,0,77,12,75,0,0,0,0,1,4,0.0680272108843537,0.326530612244898,0,0,0,0,1.01523900157096,2.77714570000535
30,1,1,0,1,0,38,15.5,40,0,0,0,0,1,4,0.216666666666667,0.466666666666667,0,0,0,0,0.347692028734251,1.33472919999622
30,1,1,0,1,0,28,6,25,0,0,0,0,1,4,0.0886075949367089,0.438818565400844,0,0,0,0,0.0140844852586284,4.28298190003261
30,1,1,0,1,0,78,8.25,20,0,0,0,0,1,4,0.115591397849462,0.139784946236559,0.10752688172043,0,0,0,0,6.5177343999967
30,1,1,0,1,0,71,6,25,0,0,0,0,1,4,0.102564102564103,0.294871794871795,0,0,0,0,0,1.62963149999268
30,1,1,0,1,0,26,4,45,0,0,0,0,6,4,0.347826086956522,0.570652173913043,0.0380434782608696,0,0,0,0.0141157146137232,3.39049409999279
30,1,1,0,1,0,13,19.5,5,0,0,0,0,6,4,0.401869158878505,0.289719626168224,0.102803738317757,0,0,0,0,2.10460130003048
30,1,1,0,1,0,2,7.5,75,0,0,0,0,6,4,0.32967032967033,0.318681318681319,0.0989010989010989,0,0,0,0.013690726687198,1.8424022999825
30,1,1,0,1,0,62,10,95,0,0,0,0,6,4,0.203791469194313,0.203791469194313,0,0,0,0,0.546735115151552,3.84375229995931
30,1,1,0,1,0,15,17.25,25,0,0,0,0,6,4,0,0,0,0,0,0,0.0430141949056626,0.118397000012919
30,1,1,0,1,0,11,18.25,70,0,0,0,0,6,4,0.437037037037037,0.192592592592593,0.0740740740740741,0,0,0,0.0981494564209946,2.57875460002106
30,1,1,0,1,0,31,8.5,50,0,0,0,0,6,4,0.223719676549865,0.161725067385445,0.0404312668463612,0,0,0,0.0294048612048954,6.50637149997056
30,1,1,0,1,0,27,5.25,50,0,0,0,0,6,4,0.291139240506329,0.221518987341772,0.00316455696202532,0,0,0,0.0435040908434132,5.60005220002495
30,1,1,0,1,0,58,14,45,0,0,0,0,6,4,0.105172413793103,0.0922413793103448,0.0241379310344828,0,0,0,0.186764844760326,19.7356966000516
30,1,1,0,1,0,20,15.75,35,0,0,0,0,6,4,0.472727272727273,0.418181818181818,0,0,0,0,0.301557893011029,1.23878779995721
30,1,1,0,1,0,9,2,30,0,0,0,0,6,4,0.333333333333333,0.565217391304348,0,0,0,0,0.0430141949056626,1.48750029999064
30,1,1,0,1,0,18,18.75,80,0,0,0,0,6,4,0.46078431372549,0.362745098039216,0.0490196078431373,0,0,0,0.330228434914968,2.02094089996535
30,1,1,0,1,0,83,17,80,0,0,0,0,6,4,0.285714285714286,0.333333333333333,0.0952380952380952,0,0,0,0.543925629631168,1.73767150001368
30,1,1,0,1,0,73,5,70,0,0,0,0,6,4,0.138613861386139,0.188118811881188,0.0528052805280528,0,0,0,0.0430141949056626,5.38993090001168
30,1,1,0,1,0,1,5,50,0,0,0,0,4,4,0.230769230769231,0.246153846153846,0.0615384615384615,0,0,0,0.101966986735448,1.41755690000718
30,1,1,0,1,0,33,11,65,0,0,0,0,4,4,0.481481481481481,0.407407407407407,0,0,0,0,0.0147365424835719,1.23439239995787
30,1,1,0,1,0,39,17,35,0,0,0,0,4,4,0.396825396825397,0.0634920634920635,0,0,0,0,0.0143706250803106,1.37777319998713
30,1,1,0,1,0,74,7,40,0,0,0,0,4,4,0.3,0.131034482758621,0.0517241379310345,0,0,0,0.0577417065705745,10.0192940999987
30,1,1,0,1,0,66,10,90,0,0,0,0,4,4,0.173210161662818,0.0438799076212471,0.0184757505773672,0,0,0,0.216945449933288,7.57104790001176
30,1,1,0,1,0,75,6,85,0,0,0,0,4,4,0.214285714285714,0.285714285714286,0.214285714285714,0,0,0,0.251718319597877,0.564850500028115
30,1,1,0,1,0,12,12,35,0,0,0,0,4,4,0.515625,0.375,0,0,0,0,0.0422529042802928,1.38998680002987
30,1,1,0,1,0,67,8.5,50,0,0,0,0,4,4,0.361111111111111,0.527777777777778,0,0,0,0,0.0416085429692004,0.926183999981731
30,1,1,0,1,0,41,19,65,0,0,0,0,4,4,0.410576923076923,0.265384615384615,0.0625,0,0,0,0,17.6584516999428
30,1,1,0,1,0,43,3,30,0,0,0,0,4,4,0.188461538461538,0.230769230769231,0,0,0,0,0.0141157146137232,4.67084069998236
30,1,1,0,1,0,42,20,30,0,0,0,0,4,4,0.0344827586206897,0,0,0,0,0,0.0570944129282402,1.28832479997072
30,1,1,0,1,0,30,8,75,0,0,0,0,4,4,0.441176470588235,0.215686274509804,0,0,0,0,0.0721760199427628,2.03341989999171
30,1,1,0,1,0,44,5,40,0,0,0,0,4,4,0.217391304347826,0.0778032036613272,0.0434782608695652,0,0,0,0.0287411037096383,7.63117089995649
30,1,1,0,1,0,37,14.5,5,0,0,0,0,4,4,0.0945454545454545,0.0690909090909091,0.00363636363636364,0,0,0,0.0288714470679921,4.91742870002054
30,1,1,0,1,0,29,7,20,0,0,0,0,3,4,0.38,0,0.46,0,0,0,0.0712072956577643,1.15539470000658
30,1,1,0,1,0,64,19.5,65,0,0,0,0,3,4,0.486301369863014,0.089041095890411,0.136986301369863,0,0,0,0.1755747192,2.76786929997616
30,1,1,0,1,0,51,1,40,0,0,0,0,3,4,0.382978723404255,0.297872340425532,0.148936170212766,0,0,0,0.0144031376959184,2.68098539998755
30,1,1,0,1,0,14,16.75,45,0,0,0,0,3,4,0.0895522388059701,0.0786974219810041,0.0597014925373134,0,0,0,0.0140844852586284,12.7039815000026
30,1,1,0,1,0,70,3.5,40,0,0,0,0,3,4,0.394957983193277,0.0756302521008403,0.134453781512605,0,0,0,0.0289370630903747,2.30669140000828
30,1,1,0,1,0,16,16,65,0,0,0,0,3,4,0.3125,0.15625,0,0,0,0,0.0439041158341666,0.869458200002555
30,1,1,0,1,0,79,10,10,0,0,0,0,3,4,0.259259259259259,0.37037037037037,0,0,0,0,0.0435040908434132,0.787449199997354
30,1,1,0,1,0,76,4,35,0,0,0,0,3,4,0.611111111111111,0.194444444444444,0.0555555555555556,0,0,0,0.101966986735448,0.925174599979073
30,1,1,0,1,0,55,16.5,25,0,0,0,0,3,4,0.642857142857143,0.25,0.0714285714285714,0,0,0,0.0434052209772879,0.795043799967971
30,1,1,0,1,0,5,20,85,0,0,0,0,3,4,0.688311688311688,0.136363636363636,0.012987012987013,0,0,0,0.9924899610502,2.90072969999164
30,1,1,0,1,0,4,8.5,20,0,0,0,0,3,4,0.32,0.04,0,0,0,0,0.0143706250803106,4.49427759996615
30,1,1,0,1,0,57,10,50,0,0,0,0,3,4,0.386206896551724,0.227586206896552,0.103448275862069,0,0,0,0.131393678148985,2.73978839995107
30,1,1,0,1,0,60,15,35,0,0,0,0,3,4,0.0425531914893617,0.212765957446809,0,0,0,0,0.0435040908434132,1.1138106000144
30,1,1,0,1,0,23,7.75,60,0,0,0,0,3,4,0.304878048780488,0.439024390243902,0.0365853658536585,0,0,0,0.0736795541237321,1.70151549996808
30,2,2,0,0,1,45,13.5,100,65,0,0,0,3,6,0.285343709468223,0.0194552529182879,0.121919584954604,0,0,0,2.99663970208904,26.0043249001028
30,2,2,0,0,1,66,10,100,80,0,0,0,3,6,0.515463917525773,0.0309278350515464,0.22680412371134,0,0,0,1.00076832543155,1.94526779989246
30,2,2,0,0,1,3,15,100,14,0,0,0,3,6,0.728260869565217,0.135869565217391,0.0869565217391304,0,0,0,2.00731477164366,3.39706380001735
30,2,2,0,0,1,44,5,100,65,0,0,0,3,6,0.328571428571429,0.271428571428571,0.3,0,0,0,0.0999096982751126,1.50082219997421
30,2,2,0,0,1,58,14,100,20,0,0,0,3,6,0.246153846153846,0.323076923076923,0.384615384615385,0,0,0,1.02571792690339,1.40936619997956
30,2,2,0,0,1,17,3.25,100,205,0,0,0,3,6,0.760683760683761,0,0.196581196581197,0,0,0,0.0272058075604811,2.28745499998331
30,2,2,0,0,1,14,16.75,100,145,0,0,0,3,6,0.353846153846154,0.246153846153846,0.276923076923077,0,0,0,1.03206305929602,1.41428969998378
30,2,2,0,0,1,21,6,100,55,0,0,0,3,6,0.343283582089552,0.328358208955224,0.26865671641791,0,0,0,0,1.44657370005734
30,2,2,0,0,1,32,9.5,100,170,0,0,0,3,6,0.102040816326531,0,0.326530612244898,0,0,0,1.04916782113034,1.15302800002974
30,2,2,0,0,1,9,2,100,19,0,0,0,3,6,0.525,0,0.2,0,0,0,0.0142102391754371,0.994613499962725
30,2,2,0,0,1,1,5,100,0,0,0,0,3,6,0.131578947368421,0,0.552631578947368,0,0,0,0.0678673406557877,0.958703699987382
30,2,2,0,0,1,84,11,100,110,0,0,0,3,6,0.543478260869565,0,0.326086956521739,0,0,0,0.0699554009344752,1.09843269991688
30,2,2,0,0,1,70,3.5,100,3,0,0,0,3,6,0,0,0,0,0,0,0.203107582700554,0.11466299998574
30,2,2,0,0,1,64,19.5,100,45,0,0,0,3,6,0.195652173913043,0,0.304347826086957,0,0,0,2.00442353115717,1.0963713999372
30,2,2,0,0,1,83,17,100,200,0,0,0,2,6,0.494623655913978,0.193548387096774,0.258064516129032,0,0,0,1.01224259820549,3.41824260004796
30,2,2,0,0,1,37,14.5,100,175,0,0,0,2,6,0.402298850574713,0.126436781609195,0.436781609195402,0,0,0,1.02799846930101,1.78012190002482
30,2,2,0,0,1,57,10,100,95,0,0,0,2,6,0.16030534351145,0.0572519083969466,0.16030534351145,0,0,0,0.279506776756037,9.05849730002228
30,2,2,0,0,1,67,8.5,100,105,0,0,0,2,6,0.474576271186441,0.186440677966102,0.322033898305085,0,0,0,0.0567129560320829,1.31882929999847
30,2,2,0,0,1,79,10,100,140,0,0,0,2,6,0.320512820512821,0.0705128205128205,0.211538461538462,0,0,0,0.30922452820629,2.92220209992956
30,2,2,0,0,1,51,1,100,3,0,0,0,2,6,0.237113402061856,0.11340206185567,0.185567010309278,0,0,0,0.0138395384674723,1.94083590002265
30,2,2,0,0,1,63,5.5,100,40,0,0,0,2,6,0.27247191011236,0.0365168539325843,0.0842696629213483,0,0,0,0.013207860144437,6.26560309994966
30,2,2,0,0,1,61,15,100,225,0,0,0,2,6,0.384615384615385,0.166666666666667,0.141025641025641,0,0,0,0.304995099315349,1.63418950000778
30,2,2,0,0,1,18,18.75,100,250,0,0,0,2,6,0,0,0,0,0,0,0.183715516898648,0.146544399904087
30,2,2,0,0,1,60,15,100,31,0,0,0,2,6,0.5,0,0.0540540540540541,0,0,0,0.336226120336161,1.55522189999465
30,2,2,0,0,1,53,14,100,60,0,0,0,2,6,0.319444444444444,0.236111111111111,0.361111111111111,0,0,0,0.189327620336417,1.5292260000715
30,2,2,0,0,1,39,17,100,15,0,0,0,2,6,0.25,0,0.607142857142857,0,0,0,0.636991813199362,0.802594100008719
30,2,2,0,0,1,69,1.5,100,20,0,0,0,2,6,0.333333333333333,0.0256410256410256,0.564102564102564,0,0,0,0,0.976066900067963
30,2,2,0,0,1,78,8.25,100,5,0,0,0,2,6,0.420512820512821,0.0871794871794872,0.184615384615385,0,0,0,0.410153998494586,3.5814750000136
30,2,2,0,0,1,26,4,100,50,0,0,0,4,6,0.356435643564356,0.148514851485149,0.316831683168317,0,0,0,0.0428213119703393,2.00430139992386
30,2,2,0,0,1,15,17.25,100,55,0,0,0,4,6,0.466666666666667,0.0666666666666667,0.377777777777778,0,0,0,0.287310482491609,2.56945660000201
30,2,2,0,0,1,36,14,100,40,0,0,0,4,6,0.159340659340659,0.115384615384615,0.131868131868132,0,0,0,0.45188204998966,3.3630589999957
30,2,2,0,0,1,76,4,100,70,0,0,0,4,6,0.575757575757576,0.109090909090909,0.260606060606061,0,0,0,0.0141470827652661,3.07597190001979
30,2,2,0,0,1,22,20,100,165,0,0,0,4,6,0,0,0.222222222222222,0,0,0,0.0713669399104582,0.785274699912407
30,2,2,0,0,1,23,7.75,100,120,0,0,0,4,6,0.193548387096774,0,0.193548387096774,0,0,0,0.0282940258080941,0.843229799997061
30,2,2,0,0,1,56,12,100,210,0,0,0,4,6,0.179487179487179,0.307692307692308,0.358974358974359,0,0,0,0.205290029554956,0.981005399953574
30,2,2,0,0,1,24,19,100,150,0,0,0,4,6,0.297872340425532,0.297872340425532,0.25531914893617,0,0,0,0.164252517409874,1.10748400003649
30,2,2,0,0,1,31,8.5,100,22,0,0,0,4,6,0.363636363636364,0.121212121212121,0.106060606060606,0,0,0,0.143358594673384,1.42837920004968
30,2,2,0,0,1,19,17.5,100,40,0,0,0,4,6,0.177777777777778,0.1,0.188888888888889,0,0,0,0.320957949982553,1.83439470001031
30,2,2,0,0,1,59,2,100,110,0,0,0,4,6,0.170731707317073,0.16260162601626,0.227642276422764,0,0,0,0.0146013453224398,2.3724094000645
30,2,2,0,0,1,28,6,100,7,0,0,0,4,6,0.41304347826087,0.369565217391304,0.108695652173913,0,0,0,0.0436034121489826,1.09757920005359
30,2,2,0,0,1,27,5.25,100,120,0,0,0,4,6,0.147959183673469,0,0.0561224489795918,0,0,0,0.0585380993158324,3.59962019999512
30,2,2,0,0,1,25,9,100,160,0,0,0,4,6,0.450704225352113,0.0422535211267606,0.169014084507042,0,0,0,0.331723366254206,1.50359480001498
30,2,2,0,0,1,6,19,100,175,0,0,0,1,6,0.133561643835616,0.10958904109589,0.0753424657534247,0,0,0,0.304301408621097,5.18886550003663
30,2,2,0,0,1,38,15.5,100,215,0,0,0,1,6,0.0881670533642691,0.118329466357309,0.00696055684454756,0,0,0,0.390163812835812,7.50429499999154
30,2,2,0,0,1,42,20,100,170,0,0,0,1,6,0.271428571428571,0.285714285714286,0,0,0,0,0.101850472931698,1.49620030005462
30,2,2,0,0,1,74,7,100,120,0,0,0,1,6,0.529411764705882,0.0980392156862745,0.215686274509804,0,0,0,0.292798286939046,1.17170439998154
30,2,2,0,0,1,16,16,100,95,0,0,0,1,6,0.5,0.217948717948718,0.0897435897435897,0,0,0,0.172405633900151,1.62798510002904
30,2,2,0,0,1,5,20,100,15,0,0,0,1,6,0.0934579439252336,0.345794392523364,0.205607476635514,0,0,0,0.310988723730702,2.10398580005858
30,2,2,0,0,1,52,18.5,100,85,0,0,0,1,6,0.5,0.0161290322580645,0.241935483870968,0,0,0,0.450851452904075,1.36541500000749
30,2,2,0,0,1,54,9.25,100,4,0,0,0,1,6,0.284090909090909,0.0738636363636364,0,0,0,0,0.214029114936967,3.25672990002204
30,2,2,0,0,1,33,11,100,190,0,0,0,1,6,0.0532544378698225,0.106508875739645,0.14792899408284,0,0,0,0.117879076696024,3.14732480002567
30,2,2,0,0,1,11,18.25,100,55,0,0,0,1,6,0.242857142857143,0.2,0,0,0,0,0.459063448517078,1.49196270003449
30,2,2,0,0,1,77,12,100,25,0,0,0,1,6,0.2,0.371428571428571,0.0285714285714286,0,0,0,0.256792383640157,0.918020899989642
30,2,2,0,0,1,4,8.5,100,90,0,0,0,1,6,0.357142857142857,0.321428571428571,0.0357142857142857,0,0,0,0.638887245634518,0.798284599906765
30,2,2,0,0,1,35,13,100,30,0,0,0,1,6,0.459459459459459,0.378378378378378,0,0,0,0,0.298863369238937,0.937912699999288
30,2,2,0,0,1,72,6.5,100,60,0,0,0,1,6,0.275862068965517,0.551724137931034,0.0344827586206897,0,0,0,0.157334644920532,0.816429300000891
30,2,2,0,0,1,71,6,100,45,0,0,0,6,6,0.246753246753247,0.311688311688312,0.454545454545455,0,0,0,0.362148585429097,1.61279109993484
30,2,2,0,0,1,65,1.75,100,10,0,0,0,6,6,0.235412474849095,0.0563380281690141,0.120724346076459,0,0,0,0.114179642937962,8.60600489994977
30,2,2,0,0,1,47,16,100,5,0,0,0,6,6,0.354166666666667,0.208333333333333,0.270833333333333,0,0,0,0.405495237728207,1.1234170999378
30,2,2,0,0,1,81,14,100,5,0,0,0,6,6,0.128205128205128,0.333333333333333,0,0,0,0,0.241458617042781,0.983537500025705
30,2,2,0,0,1,12,12,100,1,0,0,0,6,6,0.1,0.4,0.116666666666667,0,0,0,0.409213713777447,1.32446109992452
30,2,2,0,0,1,8,16,100,20,0,0,0,6,6,0.466666666666667,0,0,0,0,0,0,0.58005729992874
30,2,2,0,0,1,29,7,100,55,0,0,0,6,6,0.510204081632653,0.469387755102041,0.122448979591837,0,0,0,0.186344443714475,1.14623690000735
30,2,2,0,0,1,34,12,100,85,0,0,0,6,6,0.5,0.291666666666667,0,0,0,0,0.740556698276631,0.730698199942708
30,2,2,0,0,1,30,8,100,90,0,0,0,6,6,0.416666666666667,0.388888888888889,0,0,0,0,0.0548796554020825,0.925768199958839
30,2,2,0,0,1,7,16.75,100,75,0,0,0,6,6,0.354838709677419,0.258064516129032,0,0,0,0,0.888169054848866,0.846111500053667
30,2,2,0,0,1,13,19.5,100,7,0,0,0,6,6,0.5,0,0,0,0,0,0.49745690225577,0.557412299909629
30,2,2,0,0,1,50,2.5,100,10,0,0,0,6,6,0.636363636363636,0,0,0,0,0,0.0430141949056626,0.694893900072202
30,2,2,0,0,1,40,18,100,110,0,0,0,6,6,0,0.136363636363636,0,0,0,0,0.543530242275249,0.70099299994763
30,2,2,0,0,1,43,3,100,0,0,0,0,6,6,0.703703703703704,0.185185185185185,0,0,0,0,0.0276189057843972,0.78309319994878
30,2,2,0,0,1,82,9.5,100,25,0,0,0,5,6,0.125,0,0.46875,0,0,0,0.279814478620207,0.866797300055623
30,2,2,0,0,1,46,2,100,70,0,0,0,5,6,0.461538461538462,0,0.0769230769230769,0,0,0,0.0573515810849834,0.548675399972126
30,2,2,0,0,1,68,2.5,100,25,0,0,0,5,6,0.121212121212121,0.303030303030303,0.333333333333333,0,0,0,0.0287411037096383,1.43382849998306
30,2,2,0,0,1,73,5,100,14,0,0,0,5,6,0.333333333333333,0,0.444444444444444,0,0,0,0.156281489367046,0.924293200019747
30,2,2,0,0,1,80,8,100,125,0,0,0,5,6,0.434782608695652,0,0.456521739130435,0,0,0,0.014634911515401,1.10377439996228
30,2,2,0,0,1,20,15.75,100,30,0,0,0,5,6,0.0606060606060606,0,0.181818181818182,0,0,0,0.312374843836277,0.875941900070757
30,2,2,0,0,1,49,16,100,20,0,0,0,5,6,0,0,0.208333333333333,0,0,0,0.361327288929321,0.725883900071494
30,2,2,0,0,1,41,19,100,245,0,0,0,5,6,0.285714285714286,0.285714285714286,0.285714285714286,0,0,0,0.291695593462343,0.446728099952452
30,2,2,0,0,1,62,10,100,135,0,0,0,5,6,0.317073170731707,0,0.292682926829268,0,0,0,0.687788441908609,1.70297069998924
30,2,2,0,0,1,2,7.5,100,25,0,0,0,5,6,0.368421052631579,0,0,0,0,0,0.198878956471784,0.638557399972342
30,2,2,0,0,1,55,16.5,100,155,0,0,0,5,6,0.103448275862069,0,0.241379310344828,0,0,0,0.473795927683639,0.808518900070339
30,2,2,0,0,1,75,6,100,45,0,0,0,5,6,0.0740740740740741,0,0,0,0,0,0.130793876220228,0.771112299989909
30,2,2,0,0,1,10,19.5,100,125,0,0,0,5,6,0.290322580645161,0.0967741935483871,0.362903225806452,0,0,0,0.386657500474413,2.3895447999239
30,2,2,0,0,1,48,7,100,70,0,0,0,5,6,0,0,0,0,0,0,0.173187134023422,0.491495799971744
30,3,2,0,1,1,30,8,75,90,0,0,0,3,2,0.310008857395926,0.228963684676705,0.178033658104517,0,0,0,0.0862186251987715,37.9435799999628
30,3,2,0,1,1,84,11,50,110,0,0,0,3,2,0.26530612244898,0.27891156462585,0.333333333333333,0,0,0,0.144990819102194,2.78577100019902
30,3,2,0,1,1,59,2,80,110,0,0,0,3,2,0.252808988764045,0.320224719101124,0.353932584269663,0,0,0,0.0287411037096383,3.29274889989756
30,3,2,0,1,1,46,2,55,70,0,0,0,3,2,0.175,0.225,0.425,0,0,0,0,1.00159359979443
30,3,2,0,1,1,14,16.75,45,145,0,0,0,3,2,0.475490196078431,0.269607843137255,0.230392156862745,0,0,0,0.0868064068454046,3.73381739994511
30,3,2,0,1,1,19,17.5,25,40,0,0,0,3,2,0.205882352941176,0.397058823529412,0.294117647058824,0,0,0,0.0289370630903747,1.46764850011095
30,3,2,0,1,1,74,7,40,120,0,0,0,3,2,0.441860465116279,0,0,0,0,0,0.0284839160729184,1.04528740001842
30,3,2,0,1,1,70,3.5,40,3,0,0,0,3,2,0.657142857142857,0.257142857142857,0.0571428571428571,0,0,0,0.0431112894459496,0.912969500059262
30,3,2,0,1,1,18,18.75,80,250,0,0,0,3,2,0.549019607843137,0.235294117647059,0,0,0,0,0.296873843696954,1.1796107001137
30,3,2,0,1,1,48,7,45,70,0,0,0,3,2,0.236363636363636,0.545454545454545,0,0,0,0,0,1.25323259993456
30,3,2,0,1,1,25,9,60,160,0,0,0,3,2,0.482142857142857,0.125,0.214285714285714,0,0,0,0.101042272133238,1.26478490000591
30,3,2,0,1,1,52,18.5,10,85,0,0,0,3,2,0.295454545454545,0.545454545454545,0,0,0,0,0,1.05787890008651
30,3,2,0,1,1,40,18,15,110,0,0,0,3,2,0.453125,0.34375,0,0,0,0,0.0565869338863898,1.40285720000975
30,3,2,0,1,1,72,6.5,90,60,0,0,0,3,2,0.555555555555556,0.111111111111111,0.266666666666667,0,0,0,0.0291357129329484,1.0774469000753
30,3,2,0,1,1,35,13,70,30,0,0,0,5,2,0.312236286919831,0.244725738396624,0.206751054852321,0,0,0,0.0144686062786938,4.27607039990835
30,3,2,0,1,1,17,3.25,85,205,0,0,0,5,2,0.259259259259259,0.037037037037037,0.111111111111111,0,0,0,0.0286763723706862,1.23076079995371
30,3,2,0,1,1,37,14.5,5,175,0,0,0,5,2,0.441860465116279,0.162790697674419,0.27906976744186,0,0,0,0,1.75640349998139
30,3,2,0,1,1,71,6,25,45,0,0,0,5,2,0.288135593220339,0.423728813559322,0.186440677966102,0,0,0,0,1.3121404000558
30,3,2,0,1,1,60,15,35,31,0,0,0,5,2,0.25,0.4,0.166666666666667,0,0,0,0.0140844852586284,1.31996190012433
30,3,2,0,1,1,31,8.5,50,22,0,0,0,5,2,0.6,0,0,0,0,0,0.0433067994797796,0.827202599961311
30,3,2,0,1,1,33,11,65,190,0,0,0,5,2,0.657894736842105,0.289473684210526,0.0526315789473684,0,0,0,0.0710483640136665,0.962904500076547
30,3,2,0,1,1,42,20,30,170,0,0,0,5,2,0.310344827586207,0.298850574712644,0.333333333333333,0,0,0,0.0144031376959184,1.78721989993937
30,3,2,0,1,1,57,10,50,95,0,0,0,5,2,0.621621621621622,0.108108108108108,0.243243243243243,0,0,0,0.0880063435735998,0.943355800118297
30,3,2,0,1,1,38,15.5,40,215,0,0,0,5,2,0.322033898305085,0.322033898305085,0.23728813559322,0,0,0,0.100813707967045,1.31569760013372
30,3,2,0,1,1,81,14,55,5,0,0,0,5,2,0.366666666666667,0.466666666666667,0,0,0,0,0.0837609258967511,0.83398859994486
30,3,2,0,1,1,63,5.5,70,40,0,0,0,5,2,0.341176470588235,0.411764705882353,0.0235294117647059,0,0,0,0.014178590640622,1.75106140016578
30,3,2,0,1,1,12,12,35,1,0,0,0,5,2,0.724137931034483,0.0689655172413793,0.0689655172413793,0,0,0,0.101502523558381,0.810747100040317
30,3,2,0,1,1,78,8.25,20,5,0,0,0,5,2,0.476190476190476,0.333333333333333,0,0,0,0,0.0429175367254473,0.67235319991596
30,3,2,0,1,1,53,14,90,60,0,0,0,1,2,0.349112426035503,0.289940828402367,0.207100591715976,0,0,0,0.22095976183045,3.14494789997116
30,3,2,0,1,1,80,8,45,125,0,0,0,1,2,0.195121951219512,0.536585365853659,0,0,0,0,0.0145679327496886,1.01599340001121
30,3,2,0,1,1,67,8.5,50,105,0,0,0,1,2,0.259259259259259,0.388888888888889,0.037037037037037,0,0,0,0.0284839160729184,1.22978179994971
30,3,2,0,1,1,2,7.5,75,25,0,0,0,1,2,0.28,0.16,0,0,0,0,0.201576878781108,0.739599700085819
30,3,2,0,1,1,47,16,100,5,0,0,0,1,2,0.377049180327869,0.39344262295082,0.229508196721311,0,0,0,0,1.33925709989853
30,3,2,0,1,1,62,10,95,135,0,0,0,1,2,0.26241134751773,0.177304964539007,0.106382978723404,0,0,0,0.198878956471784,2.68469989998266
30,3,2,0,1,1,4,8.5,20,90,0,0,0,1,2,0.15,0.4,0,0,0,0,0.113670020963092,1.00538680003956
30,3,2,0,1,1,83,17,80,200,0,0,0,1,2,0,0.407407407407407,0.296296296296296,0,0,0,0.279040363018119,0.781123700086027
30,3,2,0,1,1,64,19.5,65,45,0,0,0,1,2,0.0882352941176471,0.529411764705882,0.441176470588235,0,0,0,0.155242336366264,0.893854700028896
30,3,2,0,1,1,68,2.5,65,25,0,0,0,1,2,0.5,0.4,0.1,0,0,0,0.146323600643697,0.657527399947867
30,3,2,0,1,1,69,1.5,95,20,0,0,0,1,2,0.588235294117647,0.117647058823529,0.117647058823529,0,0,0,0.102671705863635,0.617674699984491
30,3,2,0,1,1,23,7.75,60,120,0,0,0,1,2,0,0,0,0,0,0,0.0288061279445984,0.212461800081655
30,3,2,0,1,1,49,16,50,20,0,0,0,1,2,0.347826086956522,0.391304347826087,0.0434782608695652,0,0,0,0,0.708196799969301
30,3,2,0,1,1,32,9.5,30,170,0,0,0,1,2,0.166666666666667,0,0,0,0,0,0.294261955610128,0.430033100070432
30,3,2,0,1,1,27,5.25,50,120,0,0,0,6,2,0.0769230769230769,0.461538461538462,0.384615384615385,0,0,0,0.230871894841119,0.764624600065872
30,3,2,0,1,1,1,5,50,0,0,0,0,6,2,0.5,0,0,0,0,0,0.160581014930035,0.595878599910066
30,3,2,0,1,1,34,12,15,85,0,0,0,6,2,0,0.357142857142857,0.142857142857143,0,0,0,0.372370118658196,0.792783000040799
30,3,2,0,1,1,73,5,70,14,0,0,0,6,2,0.352941176470588,0.470588235294118,0.176470588235294,0,0,0,0.127024779895269,0.88993369997479
30,3,2,0,1,1,56,12,90,210,0,0,0,6,2,0.0869565217391304,0.347826086956522,0.521739130434783,0,0,0,0.170102876234456,0.720491399988532
30,3,2,0,1,1,66,10,90,80,0,0,0,6,2,0.137931034482759,0.448275862068966,0.310344827586207,0,0,0,0.100359667569176,0.814092299900949
30,3,2,0,1,1,50,2.5,90,10,0,0,0,6,2,0.333333333333333,0.5,0.222222222222222,0,0,0,0.0139609375401868,0.927026899997145
30,3,2,0,1,1,21,6,95,55,0,0,0,6,2,0.379487179487179,0.225641025641026,0.225641025641026,0,0,0,0.014178590640622,3.58079439983703
30,3,2,0,1,1,55,16.5,25,155,0,0,0,6,2,0.461538461538462,0.307692307692308,0.0769230769230769,0,0,0,0.0731714641737327,0.987441800069064
30,3,2,0,1,1,75,6,85,45,0,0,0,6,2,0.4,0.257142857142857,0.257142857142857,0,0,0,0.115212718281118,0.907935800030828
30,3,2,0,1,1,79,10,10,140,0,0,0,6,2,0.521739130434783,0,0.304347826086957,0,0,0,0.0864136660292907,0.711081100162119
30,3,2,0,1,1,28,6,25,7,0,0,0,6,2,0.5625,0.0625,0.40625,0,0,0,0.145988113833102,0.864684299798682
30,3,2,0,1,1,5,20,85,15,0,0,0,6,2,0.59375,0,0.28125,0,0,0,0.172017522108664,0.864861499983817
30,3,2,0,1,1,76,4,35,70,0,0,0,6,2,0.263157894736842,0.342105263157895,0.263157894736842,0,0,0,0.0568395407318931,0.967201799852774
30,3,2,0,1,1,24,19,70,150,0,0,0,4,2,0.345864661654135,0.353383458646617,0.24812030075188,0,0,0,0.230871894841119,2.54385929997079
30,3,2,0,1,1,77,12,75,25,0,0,0,4,2,0.53125,0.0625,0.25,0,0,0,0.175172228353748,0.876394599908963
30,3,2,0,1,1,82,9.5,20,25,0,0,0,4,2,0.511627906976744,0.186046511627907,0.186046511627907,0,0,0,0,1.05191039992496
30,3,2,0,1,1,45,13.5,55,65,0,0,0,4,2,0.620689655172414,0.0689655172413793,0.275862068965517,0,0,0,0.143036549058337,0.807864000089467
30,3,2,0,1,1,10,19.5,10,125,0,0,0,4,2,0.319148936170213,0.212765957446809,0.404255319148936,0,0,0,0.12759044066496,1.1071933999192
30,3,2,0,1,1,54,9.25,40,4,0,0,0,4,2,0.0833333333333333,0.333333333333333,0.541666666666667,0,0,0,0.0712072956577643,0.724233099957928
30,3,2,0,1,1,22,20,90,165,0,0,0,4,2,0,0,0,0,0,0,0.402750370230436,0.412375799845904
30,3,2,0,1,1,61,15,75,225,0,0,0,4,2,0,0,0,0,0,0,0.350979381064498,0.408487599808723
30,3,2,0,1,1,8,16,15,20,0,0,0,4,2,0,0,0,0,0,0,0.474833383926512,0.412142999935895
30,3,2,0,1,1,36,14,15,40,0,0,0,4,2,0.44,0,0.36,0,0,0,0.170102876234456,0.748590300092474
30,3,2,0,1,1,11,18.25,70,55,0,0,0,4,2,0,0,0,0,0,0,0.215477419020441,0.416591700166464
30,3,2,0,1,1,13,19.5,5,7,0,0,0,4,2,0.510204081632653,0.0612244897959184,0.346938775510204,0,0,0,0.0585380993158324,1.14999920013361
30,3,2,0,1,1,44,5,40,65,0,0,0,4,2,0.48,0,0.28,0,0,0,0.0425352092979843,0.750250299926847
30,3,2,0,1,1,15,17.25,25,55,0,0,0,4,2,0,0,0,0,0,0,0.161320703589837,0.528601800091565
30,3,2,0,1,1,16,16,65,95,0,0,0,2,2,0.0512820512820513,0,0.564102564102564,0,0,0,0.18761136164677,0.987196400063112
30,3,2,0,1,1,43,3,30,0,0,0,0,2,2,0.185185185185185,0.148148148148148,0.592592592592593,0,0,0,0,1.23671490000561
30,3,2,0,1,1,41,19,65,245,0,0,0,2,2,0.177215189873418,0.240506329113924,0.265822784810127,0,0,0,0.229313303161884,1.64064319990575
30,3,2,0,1,1,7,16.75,65,75,0,0,0,2,2,0.0888888888888889,0.355555555555556,0.244444444444444,0,0,0,0.161693108703986,1.08395989984274
30,3,2,0,1,1,58,14,45,20,0,0,0,2,2,0.239130434782609,0.260869565217391,0.456521739130435,0,0,0,0.147339375189432,1.10352200013585
30,3,2,0,1,1,9,2,30,19,0,0,0,2,2,0.0289855072463768,0.231884057971014,0.36231884057971,0,0,0,0,1.4720186998602
30,3,2,0,1,1,51,1,40,3,0,0,0,2,2,0.264705882352941,0.117647058823529,0.617647058823529,0,0,0,0.0143706250803106,0.894973099930212
30,3,2,0,1,1,65,1.75,80,10,0,0,0,2,2,0,0,0.787878787878788,0,0,0,0.014178590640622,0.887955700047314
30,3,2,0,1,1,3,15,85,14,0,0,0,2,2,0.318181818181818,0,0.454545454545455,0,0,0,0.0145015642656752,0.694624900119379
30,3,2,0,1,1,39,17,35,15,0,0,0,2,2,0.0697674418604651,0.511627906976744,0.302325581395349,0,0,0,0.0147025090193118,1.04166170000099
30,3,2,0,1,1,26,4,45,50,0,0,0,2,2,0.119047619047619,0.452380952380952,0.333333333333333,0,0,0,0,1.05075499997474
30,3,2,0,1,1,20,15.75,35,30,0,0,0,2,2,0.214285714285714,0,0,0,0,0,0.116530648832672,0.563864500029013
30,3,2,0,1,1,6,19,20,175,0,0,0,2,2,0,0.380952380952381,0,0,0,0,0.0584038451619548,0.673374000005424
30,3,2,0,1,1,29,7,20,55,0,0,0,2,2,0.166666666666667,0,0,0,0,0,0.266271396645163,0.432919800048694
31,1,2,0,1,1,55,16.5,25,155,0,0,0,6,2,0.208053691275168,0.223713646532438,0.0402684563758389,0,0,0,2.67732454629637,7.780991800013
31,1,2,0,1,1,17,3.25,85,205,0,0,0,6,2,0.179190751445087,0.205202312138728,0.135838150289017,0,0,0,0.316608284519692,6.08990830002585
31,1,2,0,1,1,11,18.25,70,55,0,0,0,6,2,0.251028806584362,0.275720164609054,0.065843621399177,0,0,0,2.82042914041682,4.37853029998951
31,1,2,0,1,1,78,8.25,20,5,0,0,0,6,2,0.197215777262181,0.19953596287703,0.0348027842227378,0,0,0,1.50734473957416,7.51401909999549
31,1,2,0,1,1,9,2,30,19,0,0,0,6,2,0.320474777448071,0.43620178041543,0.204747774480712,0,0,0,0.678454871920476,5.94705289998092
31,1,2,0,1,1,27,5.25,50,120,0,0,0,6,2,0.147385103011094,0.250396196513471,0.31378763866878,0,0,0,1.83634982654475,10.833098299976
31,1,2,0,1,1,58,14,45,20,0,0,0,6,2,0.233333333333333,0.380952380952381,0.185714285714286,0,0,0,1.937782503238,3.83595440001227
31,1,2,0,1,1,25,9,60,160,0,0,0,6,2,0.239316239316239,0.264957264957265,0.294871794871795,0,0,0,2.02060852873471,4.22032299998682
31,1,2,0,1,1,6,19,20,175,0,0,0,6,2,0.388888888888889,0.21031746031746,0.111111111111111,0,0,0,1.02734586061814,4.53709870000603
31,1,2,0,1,1,56,12,90,210,0,0,0,6,2,0.311688311688312,0.285714285714286,0.441558441558442,0,0,0,3.04289105162242,2.89811619999819
31,1,2,0,1,1,15,17.25,25,55,0,0,0,6,2,0.443708609271523,0.377483443708609,0.0993377483443709,0,0,0,2.3406606281243,2.83752660005121
31,1,2,0,1,1,71,6,25,45,0,0,0,6,2,0.405263157894737,0.457894736842105,0.110526315789474,0,0,0,0.986287214316132,3.49343289999524
31,1,2,0,1,1,43,3,30,0,0,0,0,6,2,0.259036144578313,0.493975903614458,0.22289156626506,0,0,0,1.09242522713596,3.10229740000796
31,1,2,0,1,1,13,19.5,5,7,0,0,0,6,2,0.471544715447154,0.252032520325203,0.16260162601626,0,0,0,1.05617018740514,2.37178929999936
31,1,2,0,1,1,22,20,90,165,0,0,0,4,2,0.448598130841121,0.158878504672897,0.294392523364486,0,0,0,4.02899492683292,3.89017149998108
31,1,2,0,1,1,59,2,80,110,0,0,0,4,2,0.455555555555556,0.194444444444444,0.261111111111111,0,0,0,0.835160190696609,3.33369689999381
31,1,2,0,1,1,51,1,40,3,0,0,0,4,2,0.398406374501992,0.215139442231076,0.207171314741036,0,0,0,0.555273037506097,4.51446390000638
31,1,2,0,1,1,70,3.5,40,3,0,0,0,4,2,0.52755905511811,0.173228346456693,0.062992125984252,0,0,0,1.01291767143232,2.43834329996025
31,1,2,0,1,1,54,9.25,40,4,0,0,0,4,2,0.39937106918239,0.147798742138365,0.207547169811321,0,0,0,2.02976735636013,5.62104160001036
31,1,2,0,1,1,75,6,85,45,0,0,0,4,2,0.346153846153846,0.125,0.274038461538462,0,0,0,1.9655349456796,3.79038469999796
31,1,2,0,1,1,60,15,35,31,0,0,0,4,2,0.326530612244898,0.173469387755102,0.244897959183673,0,0,0,1.45265765091671,1.96170949999942
31,1,2,0,1,1,49,16,50,20,0,0,0,4,2,0.4875,0.23125,0.25,0,0,0,3.98261985261288,3.0016278999974
31,1,2,0,1,1,68,2.5,65,25,0,0,0,4,2,0.540322580645161,0.161290322580645,0.145161290322581,0,0,0,1.04424811065845,2.40126319997944
31,1,2,0,1,1,50,2.5,90,10,0,0,0,4,2,0.388157894736842,0.171052631578947,0.144736842105263,0,0,0,1.07056605372122,2.86696860002121
31,1,2,0,1,1,31,8.5,50,22,0,0,0,4,2,0.593548387096774,0.180645161290323,0.0645161290322581,0,0,0,1.96996421818094,2.91348149999976
31,1,2,0,1,1,19,17.5,25,40,0,0,0,4,2,0.190938511326861,0.119741100323625,0.349514563106796,0,0,0,2.45788278393615,5.47657379996963
31,1,2,0,1,1,39,17,35,15,0,0,0,4,2,0.3,0.3125,0.26875,0,0,0,2.68329841345968,2.99119149998296
31,1,2,0,1,1,45,13.5,55,65,0,0,0,4,2,0.394736842105263,0.236842105263158,0.243421052631579,0,0,0,3.00396027555258,2.86368270003004
31,1,2,0,1,1,3,15,85,14,0,0,0,2,2,0.134948096885813,0.290657439446367,0.373702422145329,0,0,0,3.59664265971371,5.14383000001544
31,1,2,0,1,1,66,10,90,80,0,0,0,2,2,0.306930693069307,0.191419141914191,0.511551155115512,0,0,0,0.633047863517643,5.37317739997525
31,1,2,0,1,1,47,16,100,5,0,0,0,2,2,0.21160409556314,0.208191126279863,0.187713310580205,0,0,0,0.988554800503593,5.21197830000892
31,1,2,0,1,1,41,19,65,245,0,0,0,2,2,0.245333333333333,0.328,0.274666666666667,0,0,0,1.07056605372122,6.57559710001806
31,1,2,0,1,1,8,16,15,20,0,0,0,2,2,0.281553398058252,0.242718446601942,0.174757281553398,0,0,0,0.500012634268963,2.04390700004296
31,1,2,0,1,1,72,6.5,90,60,0,0,0,2,2,0.146892655367232,0.27683615819209,0.248587570621469,0,0,0,1.0199134531522,3.27661229996011
31,1,2,0,1,1,64,19.5,65,45,0,0,0,2,2,0.285416666666667,0.145833333333333,0.13125,0,0,0,2.74765522354145,8.35479779995512
31,1,2,0,1,1,35,13,70,30,0,0,0,2,2,0.222222222222222,0.215277777777778,0.423611111111111,0,0,0,1.90894413336005,2.73243390000425
31,1,2,0,1,1,1,5,50,0,0,0,0,2,2,0.212574850299401,0.395209580838323,0.206586826347305,0,0,0,1.00076832543155,5.88606589997653
31,1,2,0,1,1,82,9.5,20,25,0,0,0,2,2,0.233463035019455,0.284046692607004,0.428015564202335,0,0,0,0.704465749545545,4.61860319995321
31,1,2,0,1,1,83,17,80,200,0,0,0,2,2,0.367088607594937,0.348101265822785,0.5,0,0,0,3.02954244748226,2.95992829999886
31,1,2,0,1,1,61,15,75,225,0,0,0,2,2,0.133640552995392,0.299539170506912,0.359447004608295,0,0,0,2.92536590057454,3.9466734000016
31,1,2,0,1,1,12,12,35,1,0,0,0,2,2,0.127329192546584,0.273291925465839,0.322981366459627,0,0,0,1.97938235278756,5.68975779996254
31,1,2,0,1,1,38,15.5,40,215,0,0,0,2,2,0.180232558139535,0.273255813953488,0.505813953488372,0,0,0,1.09932451885949,3.20025409996742
31,1,2,0,1,1,63,5.5,70,40,0,0,0,3,2,0.164328657314629,0.182364729458918,0.106212424849699,0,0,0,1.42400024373985,16.9481825000257
31,1,2,0,1,1,29,7,20,55,0,0,0,3,2,0.13126079447323,0.0656303972366149,0.0621761658031088,0,0,0,1.74760399502435,9.97565630002646
31,1,2,0,1,1,48,7,45,70,0,0,0,3,2,0.172262773722628,0.38978102189781,0.17956204379562,0,0,0,1.15552517554981,11.742383600038
31,1,2,0,1,1,4,8.5,20,90,0,0,0,3,2,0.221854304635762,0.241721854304636,0.115894039735099,0,0,0,0.528076740296125,5.35506559995702
31,1,2,0,1,1,28,6,25,7,0,0,0,3,2,0.430894308943089,0.495934959349593,0.317073170731707,0,0,0,2.26558145705696,2.38643849996151
31,1,2,0,1,1,42,20,30,170,0,0,0,3,2,0.204301075268817,0.462365591397849,0.247311827956989,0,0,0,3.12087701868989,1.87364679999882
31,1,2,0,1,1,37,14.5,5,175,0,0,0,3,2,0.365079365079365,0.373015873015873,0.134920634920635,0,0,0,2.73044169299011,2.43033370003104
31,1,2,0,1,1,16,16,65,95,0,0,0,3,2,0.331428571428571,0.342857142857143,0.245714285714286,0,0,0,3.69072882969387,3.25079640001059
31,1,2,0,1,1,81,14,55,5,0,0,0,3,2,0.326271186440678,0.292372881355932,0.38135593220339,0,0,0,0.957294242684899,4.26786690001609
31,1,2,0,1,1,57,10,50,95,0,0,0,3,2,0.318840579710145,0.286231884057971,0.289855072463768,0,0,0,1.98084397979028,4.92966080002952
31,1,2,0,1,1,80,8,45,125,0,0,0,3,2,0.182857142857143,0.365714285714286,0.428571428571429,0,0,0,1.94292147900989,6.16565900004935
31,1,2,0,1,1,18,18.75,80,250,0,0,0,3,2,0.508264462809917,0.206611570247934,0.0950413223140496,0,0,0,1.75556819206436,4.35546039999463
31,1,2,0,1,1,76,4,35,70,0,0,0,3,2,0.385714285714286,0.264285714285714,0.314285714285714,0,0,0,0.77893974151409,2.66545939998468
31,1,2,0,1,1,79,10,10,140,0,0,0,3,2,0.27536231884058,0.231884057971014,0.231884057971014,0,0,0,0.649165474021292,2.62660139997024
31,1,2,0,1,1,36,14,15,40,0,0,0,5,2,0.232876712328767,0.157534246575342,0.465753424657534,0,0,0,0.83899993617166,2.75610970001435
31,1,2,0,1,1,46,2,55,70,0,0,0,5,2,0.225806451612903,0.294930875576037,0.36405529953917,0,0,0,2.04372446794997,3.95095500000753
31,1,2,0,1,1,14,16.75,45,145,0,0,0,5,2,0.159763313609467,0.257396449704142,0.28698224852071,0,0,0,1.53846760131406,5.96237359999213
31,1,2,0,1,1,21,6,95,55,0,0,0,5,2,0.264285714285714,0.0785714285714286,0.371428571428571,0,0,0,0.824446099473469,2.66294700000435
31,1,2,0,1,1,23,7.75,60,120,0,0,0,5,2,0.442477876106195,0.212389380530973,0.309734513274336,0,0,0,1.83434022170806,2.21786350000184
31,1,2,0,1,1,52,18.5,10,85,0,0,0,5,2,0.306451612903226,0.0403225806451613,0.306451612903226,0,0,0,1.4207446054652,2.40287140000146
31,1,2,0,1,1,40,18,15,110,0,0,0,5,2,0.458167330677291,0.306772908366534,0.103585657370518,0,0,0,2.40343187072421,4.50701210001716
31,1,2,0,1,1,32,9.5,30,170,0,0,0,5,2,0.0596590909090909,0.404829545454545,0.171875,0,0,0,3.41303071158696,12.0543096999754
31,1,2,0,1,1,34,12,15,85,0,0,0,5,2,0.195402298850575,0.218390804597701,0.379310344827586,0,0,0,1.28543924675601,1.77309070003685
31,1,2,0,1,1,26,4,45,50,0,0,0,5,2,0.258064516129032,0.193548387096774,0.596774193548387,0,0,0,1.70918030623478,1.36937959998613
31,1,2,0,1,1,69,1.5,95,20,0,0,0,5,2,0,0,0.794117647058823,0,0,0,3.94695775208844,0.900991800008342
31,1,2,0,1,1,24,19,70,150,0,0,0,5,2,0.315789473684211,0.12280701754386,0.280701754385965,0,0,0,4.46386478587669,1.28378379996866
31,1,2,0,1,1,62,10,95,135,0,0,0,5,2,0.2625,0.24375,0.39375,0,0,0,2.80167701275397,3.003990600002
31,1,2,0,1,1,77,12,75,25,0,0,0,5,2,0.171717171717172,0.303030303030303,0.303030303030303,0,0,0,2.33539947612234,1.98482319997856
31,1,2,0,1,1,74,7,40,120,0,0,0,1,2,0.253968253968254,0.317460317460317,0.0634920634920635,0,0,0,1.27377255729917,1.37845510005718
31,1,2,0,1,1,10,19.5,10,125,0,0,0,1,2,0.181818181818182,0.215909090909091,0.329545454545455,0,0,0,0.813224375065602,1.79551550000906
31,1,2,0,1,1,44,5,40,65,0,0,0,1,2,0.0819672131147541,0.409836065573771,0.213114754098361,0,0,0,1.52403748432489,1.34094830002869
31,1,2,0,1,1,20,15.75,35,30,0,0,0,1,2,0.206896551724138,0.436781609195402,0.333333333333333,0,0,0,2.18957299130311,1.78789619996678
31,1,2,0,1,1,33,11,65,190,0,0,0,1,2,0.0555555555555556,0.333333333333333,0.148148148148148,0,0,0,1.0199134531522,1.22340610000538
31,1,2,0,1,1,84,11,50,110,0,0,0,1,2,0.277777777777778,0.263888888888889,0.208333333333333,0,0,0,1.90667685028366,1.53013059997465
31,1,2,0,1,1,53,14,90,60,0,0,0,1,2,0.111111111111111,0.287037037037037,0.314814814814815,0,0,0,2.09955417482447,2.12666380003793
31,1,2,0,1,1,73,5,70,14,0,0,0,1,2,0.1,0.155882352941176,0.05,0,0,0,1.9928098882287,5.99414690001868
31,1,2,0,1,1,30,8,75,90,0,0,0,1,2,0.227722772277228,0.346534653465347,0.118811881188119,0,0,0,1.69501318922864,2.01906749996124
31,1,2,0,1,1,67,8.5,50,105,0,0,0,1,2,0.131147540983607,0.409836065573771,0.180327868852459,0,0,0,2.06215716410116,1.34365469997283
31,1,2,0,1,1,5,20,85,15,0,0,0,1,2,0.0576036866359447,0.555299539170507,0.200460829493088,0,0,0,3.03707545485702,7.55606680002529
31,1,2,0,1,1,2,7.5,75,25,0,0,0,1,2,0.4546875,0.2296875,0.0140625,0,0,0,1.98874654256517,10.9886011999915
31,1,2,0,1,1,65,1.75,80,10,0,0,0,1,2,0.386363636363636,0.431818181818182,0.363636363636364,0,0,0,2.75484238189377,1.06604659999721
31,1,2,0,1,1,7,16.75,65,75,0,0,0,1,2,0.185897435897436,0.397435897435897,0.0833333333333333,0,0,0,2.9321041839276,2.92100590001792
31,2,1,0,1,0,84,11,50,0,0,0,0,2,4,0.387696709585122,0.317596566523605,0.238912732474964,0,0,0,5.16216103944358,11.9645915001165
31,2,1,0,1,0,74,7,40,0,0,0,0,2,4,0.328125,0.484375,0.4453125,0,0,0,1.66561718300563,2.46621569991112
31,2,1,0,1,0,61,15,75,0,0,0,0,2,4,0.392857142857143,0.166666666666667,0.43452380952381,0,0,0,4.92754234181711,3.1267349999398
31,2,1,0,1,0,47,16,100,0,0,0,0,2,4,0.270833333333333,0.333333333333333,0.364583333333333,0,0,0,2.06205774300792,1.93255509994924
31,2,1,0,1,0,20,15.75,35,0,0,0,0,2,4,0.510309278350515,0.118556701030928,0.350515463917526,0,0,0,1.47280775128479,3.56537379999645
31,2,1,0,1,0,51,1,40,0,0,0,0,2,4,0.327433628318584,0.212389380530973,0.451327433628319,0,0,0,0.409213713777447,2.21576080005616
31,2,1,0,1,0,49,16,50,0,0,0,0,2,4,0.299435028248588,0.259887005649718,0.338983050847458,0,0,0,2.02517793912398,3.27929769991897
31,2,1,0,1,0,24,19,70,0,0,0,0,2,4,0.253012048192771,0.228915662650602,0.240963855421687,0,0,0,3.0299413320509,1.71460870001465
31,2,1,0,1,0,71,6,25,0,0,0,0,2,4,0.263157894736842,0.456140350877193,0.245614035087719,0,0,0,0.942782661486124,1.28934930008836
31,2,1,0,1,0,27,5.25,50,0,0,0,0,2,4,0.360655737704918,0.295081967213115,0.295081967213115,0,0,0,1.99321042916964,1.34452289994806
31,2,1,0,1,0,83,17,80,0,0,0,0,2,4,0.288659793814433,0.573883161512027,0.0549828178694158,0,0,0,3.03707545485702,5.1748448999133
31,2,1,0,1,0,30,8,75,0,0,0,0,2,4,0.422818791946309,0.172259507829978,0.436241610738255,0,0,0,3.04336021889254,7.77825960004702
31,2,1,0,1,0,42,20,30,0,0,0,0,2,4,0.102040816326531,0.387755102040816,0.408163265306122,0,0,0,1.03938909995913,1.15454470016994
31,2,1,0,1,0,45,13.5,55,0,0,0,0,2,4,0.120689655172414,0.396551724137931,0.448275862068966,0,0,0,3.63372964174087,1.29337770002894
31,2,1,0,1,0,15,17.25,25,0,0,0,0,5,4,0.597402597402597,0.0649350649350649,0.298701298701299,0,0,0,1.02969910463968,1.61580569995567
31,2,1,0,1,0,33,11,65,0,0,0,0,5,4,0.238434163701068,0.455516014234875,0.120996441281139,0,0,0,2.92536590057454,5.01192019996233
31,2,1,0,1,0,82,9.5,20,0,0,0,0,5,4,0.426966292134831,0.280898876404494,0,0,0,0,1.21665665250541,1.81243980000727
31,2,1,0,1,0,8,16,15,0,0,0,0,5,4,0.339285714285714,0.580357142857143,0.303571428571429,0,0,0,1.11368685032284,2.2021451999899
31,2,1,0,1,0,9,2,30,0,0,0,0,5,4,0.480392156862745,0.333333333333333,0.166666666666667,0,0,0,0.926132820519744,2.03643229999579
31,2,1,0,1,0,40,18,15,0,0,0,0,5,4,0.633802816901408,0,0.352112676056338,0,0,0,1.72726315511594,1.5200253999792
31,2,1,0,1,0,2,7.5,75,0,0,0,0,5,4,0.604026845637584,0.328859060402685,0.0536912751677852,0,0,0,2.97800600932336,5.29896340006962
31,2,1,0,1,0,62,10,95,0,0,0,0,5,4,0.479166666666667,0.25,0.208333333333333,0,0,0,1.95607037074044,1.13394739991054
31,2,1,0,1,0,77,12,75,0,0,0,0,5,4,0.100828729281768,0.784530386740331,0.0732044198895028,0,0,0,2.0112614124296,12.3915112998802
31,2,1,0,1,0,58,14,45,0,0,0,0,5,4,0.216867469879518,0.433734939759036,0.192771084337349,0,0,0,3.0036932398579,1.72018149984069
31,2,1,0,1,0,10,19.5,10,0,0,0,0,5,4,0.375,0.477941176470588,0.235294117647059,0,0,0,0.614171127961793,2.60003930004314
31,2,1,0,1,0,7,16.75,65,0,0,0,0,5,4,0.576271186440678,0.11864406779661,0.288135593220339,0,0,0,2.30802829800509,1.3084662000183
31,2,1,0,1,0,46,2,55,0,0,0,0,5,4,0.522727272727273,0.363636363636364,0,0,0,0,1.09493938892155,1.0636362999212
31,2,1,0,1,0,56,12,90,0,0,0,0,5,4,0.727272727272727,0.159090909090909,0,0,0,0,1.99805720948986,1.07228640001267
31,2,1,0,1,0,43,3,30,0,0,0,0,4,4,0.528735632183908,0.279693486590038,0.176245210727969,0,0,0,1.00830644677874,4.68210939993151
31,2,1,0,1,0,63,5.5,70,0,0,0,0,4,4,0.63265306122449,0.0612244897959184,0.149659863945578,0,0,0,2.02040590619034,2.77437129989266
31,2,1,0,1,0,44,5,40,0,0,0,0,4,4,0.442622950819672,0.19672131147541,0.278688524590164,0,0,0,1.0199134531522,1.33753819996491
31,2,1,0,1,0,38,15.5,40,0,0,0,0,4,4,0.411764705882353,0.205882352941176,0.455882352941176,0,0,0,2.05295088345068,1.46814040001482
31,2,1,0,1,0,22,20,90,0,0,0,0,4,4,0.478260869565217,0.304347826086957,0.206521739130435,0,0,0,4.0084457284854,1.85964360018261
31,2,1,0,1,0,59,2,80,0,0,0,0,4,4,0.474747474747475,0.272727272727273,0.232323232323232,0,0,0,0.649165474021292,1.98346920008771
31,2,1,0,1,0,13,19.5,5,0,0,0,0,4,4,0.452830188679245,0.377358490566038,0.169811320754717,0,0,0,0.921904996648539,2.0910500001628
31,2,1,0,1,0,18,18.75,80,0,0,0,0,4,4,0.6,0.3,0.075,0,0,0,3.9011481191532,1.66260050004348
31,2,1,0,1,0,48,7,45,0,0,0,0,4,4,0.385321100917431,0.253822629969419,0.207951070336391,0,0,0,2.78229458101423,5.77264579990879
31,2,1,0,1,0,52,18.5,10,0,0,0,0,4,4,0.279569892473118,0.268817204301075,0.290322580645161,0,0,0,2.81344159656905,1.87744109984487
31,2,1,0,1,0,26,4,45,0,0,0,0,4,4,0.300970873786408,0.174757281553398,0.504854368932039,0,0,0,0.977319142128717,2.0543924998492
31,2,1,0,1,0,3,15,85,0,0,0,0,4,4,0.563636363636364,0.436363636363636,0,0,0,0,3.17312926924155,2.16074709990062
31,2,1,0,1,0,69,1.5,95,0,0,0,0,4,4,0.515151515151515,0.401515151515151,0.0909090909090909,0,0,0,0.470710533228758,2.53894150000997
31,2,1,0,1,0,23,7.75,60,0,0,0,0,4,4,0.410958904109589,0.356164383561644,0.178082191780822,0,0,0,1.95607037074044,1.55255890008993
31,2,1,0,1,0,17,3.25,85,0,0,0,0,6,4,0.424479166666667,0.40625,0.0677083333333333,0,0,0,3.02327278471964,6.71990579995327
31,2,1,0,1,0,80,8,45,0,0,0,0,6,4,0.360436893203884,0.472087378640777,0.0382281553398058,0,0,0,2.63722441888103,27.7723970999941
31,2,1,0,1,0,34,12,15,0,0,0,0,6,4,0.163636363636364,0.509090909090909,0.254545454545455,0,0,0,1.144982940974,1.24415319995023
31,2,1,0,1,0,54,9.25,40,0,0,0,0,6,4,0.361111111111111,0.569444444444444,0,0,0,0,1.95607037074044,1.53271449985914
31,2,1,0,1,0,65,1.75,80,0,0,0,0,6,4,0.488372093023256,0.418604651162791,0,0,0,0,3.8522575456645,1.05214680009522
31,2,1,0,1,0,25,9,60,0,0,0,0,6,4,0.15,0.65,0,0,0,0,2.50427222675868,1.00565059995279
31,2,1,0,1,0,32,9.5,30,0,0,0,0,6,4,0.490566037735849,0.452830188679245,0,0,0,0,1.541947755912,1.21405790001154
31,2,1,0,1,0,12,12,35,0,0,0,0,6,4,0.666666666666667,0.230769230769231,0,0,0,0,1.43737221306474,0.976323199924082
31,2,1,0,1,0,60,15,35,0,0,0,0,6,4,0.530120481927711,0.156626506024096,0.265060240963855,0,0,0,2.91885719145899,1.70782130002044
31,2,1,0,1,0,67,8.5,50,0,0,0,0,6,4,0.481481481481481,0.425925925925926,0,0,0,0,1.83434022170806,1.22985600004904
31,2,1,0,1,0,21,6,95,0,0,0,0,6,4,0.351063829787234,0.265957446808511,0.170212765957447,0,0,0,1.25378503407747,1.8967095001135
31,2,1,0,1,0,64,19.5,65,0,0,0,0,6,4,0.513513513513513,0.459459459459459,0.027027027027027,0,0,0,3.94692456784643,1.56623529992066
31,2,1,0,1,0,31,8.5,50,0,0,0,0,6,4,0.618181818181818,0.309090909090909,0,0,0,0,3.61351923786594,1.2547915999312
31,2,1,0,1,0,73,5,70,0,0,0,0,6,4,0.341269841269841,0.452380952380952,0,0,0,0,2.32813152134411,2.42237460007891
31,2,1,0,1,0,81,14,55,0,0,0,0,1,4,0.391836734693878,0.130612244897959,0.0448979591836735,0,0,0,2.60273805467659,4.42084019980393
31,2,1,0,1,0,4,8.5,20,0,0,0,0,1,4,0.13953488372093,0.441860465116279,0.325581395348837,0,0,0,1.28543924675601,1.04795089992695
31,2,1,0,1,0,35,13,70,0,0,0,0,1,4,0.496957403651116,0.160243407707911,0.077079107505071,0,0,0,2.05295088345068,8.5481658000499
31,2,1,0,1,0,19,17.5,25,0,0,0,0,1,4,0.369565217391304,0.391304347826087,0.239130434782609,0,0,0,2.31651152951239,1.85900329984725
31,2,1,0,1,0,70,3.5,40,0,0,0,0,1,4,0.17910447761194,0.402985074626866,0.26865671641791,0,0,0,0.5744950866256,1.44082460016944
31,2,1,0,1,0,50,2.5,90,0,0,0,0,1,4,0.373737373737374,0.333333333333333,0.303030303030303,0,0,0,0.911634021285408,3.62762419995852
31,2,1,0,1,0,55,16.5,25,0,0,0,0,1,4,0.476190476190476,0.285714285714286,0.214285714285714,0,0,0,1.32246470654059,1.72844259999692
31,2,1,0,1,0,75,6,85,0,0,0,0,1,4,0.238095238095238,0.380952380952381,0.365079365079365,0,0,0,2.24648701516239,1.38523139990866
31,2,1,0,1,0,14,16.75,45,0,0,0,0,1,4,0.146341463414634,0.536585365853659,0.24390243902439,0,0,0,2.62969130011709,1.01434090011753
31,2,1,0,1,0,28,6,25,0,0,0,0,1,4,0.112359550561798,0.528089887640449,0.415730337078652,0,0,0,0.901262207654032,1.81500320020132
31,2,1,0,1,0,36,14,15,0,0,0,0,1,4,0.522222222222222,0.277777777777778,0.188888888888889,0,0,0,2.02976735636013,1.83158429991454
31,2,1,0,1,0,5,20,85,0,0,0,0,1,4,0.431034482758621,0.517241379310345,0.0172413793103448,0,0,0,2.72930576687986,1.29193879989907
31,2,1,0,1,0,57,10,50,0,0,0,0,1,4,0.3125,0.3125,0.35,0,0,0,2.01582363763051,1.66137170000002
31,2,1,0,1,0,6,19,20,0,0,0,0,1,4,0.410958904109589,0.26027397260274,0.315068493150685,0,0,0,2.52350785816399,1.54003360006027
31,2,1,0,1,0,39,17,35,0,0,0,0,3,4,0.373219373219373,0.595441595441595,0,0,0,0,1.34386189744579,6.18323480011895
31,2,1,0,1,0,41,19,65,0,0,0,0,3,4,0.1236802413273,0.906485671191554,0.108597285067873,0,0,0,2.0112614124296,11.3723249000032
31,2,1,0,1,0,78,8.25,20,0,0,0,0,3,4,0.831858407079646,0.123893805309735,0,0,0,0,2.99072829077237,2.21199970017187
31,2,1,0,1,0,1,5,50,0,0,0,0,3,4,0.525,0,0.375,0,0,0,3.45288544882591,0.998387499945238
31,2,1,0,1,0,79,10,10,0,0,0,0,3,4,0.520833333333333,0.0833333333333333,0.333333333333333,0,0,0,0.730213628257321,1.12725899997167
31,2,1,0,1,0,76,4,35,0,0,0,0,3,4,0.381818181818182,0.454545454545455,0.145454545454545,0,0,0,1.04424811065845,2.16504069999792
31,2,1,0,1,0,72,6.5,90,0,0,0,0,3,4,0.404255319148936,0.127659574468085,0.234042553191489,0,0,0,2.97800600932336,1.89041190012358
31,2,1,0,1,0,68,2.5,65,0,0,0,0,3,4,0.451127819548872,0.406015037593985,0.12781954887218,0,0,0,0.915835594613206,2.5433228998445
31,2,1,0,1,0,53,14,90,0,0,0,0,3,4,0.405660377358491,0.424528301886792,0.150943396226415,0,0,0,3.98065541871919,2.09544509998523
31,2,1,0,1,0,16,16,65,0,0,0,0,3,4,0.333333333333333,0.653846153846154,0,0,0,0,2.64042466881423,4.2234729998745
31,2,1,0,1,0,66,10,90,0,0,0,0,3,4,0.626666666666667,0.333333333333333,0.0133333333333333,0,0,0,4.1054524294109,1.5828060999047
31,2,1,0,1,0,29,7,20,0,0,0,0,3,4,0.640625,0.171875,0.15625,0,0,0,1.55602408487515,1.40273289987817
31,2,1,0,1,0,11,18.25,70,0,0,0,0,3,4,0.663934426229508,0.147540983606557,0.163934426229508,0,0,0,3.65830126853405,2.38275360013358
31,2,1,0,1,0,37,14.5,5,0,0,0,0,3,4,0.607142857142857,0.19047619047619,0.226190476190476,0,0,0,5.6141711279618,1.7281506001018
31,3,1,0,0,1,61,15,100,225,0,0,0,6,6,0.147239263803681,0.306748466257669,0.171779141104294,0,0,0,5.05158880366486,5.7644186001271
31,3,1,0,0,1,56,12,100,210,0,0,0,6,6,0.532608695652174,0.184782608695652,0.0326086956521739,0,0,0,2.02040590619034,1.86065960000269
31,3,1,0,0,1,54,9.25,100,4,0,0,0,6,6,0.291666666666667,0.25,0.104166666666667,0,0,0,0.909448441178384,1.93191970000044
31,3,1,0,0,1,25,9,100,160,0,0,0,6,6,0.277777777777778,0.342592592592593,0.407407407407407,0,0,0,1.95673400023076,2.12933839997277
31,3,1,0,0,1,80,8,100,125,0,0,0,6,6,0.346987951807229,0.269879518072289,0.359036144578313,0,0,0,1.47787808285534,7.24816969991662
31,3,1,0,0,1,57,10,100,95,0,0,0,6,6,0.148571428571429,0.697142857142857,0.165714285714286,0,0,0,2.44424632064758,3.25050439988263
31,3,1,0,0,1,48,7,100,70,0,0,0,6,6,0.384615384615385,0.256410256410256,0.320512820512821,0,0,0,1.91329323181902,1.63279499998316
31,3,1,0,0,1,45,13.5,100,65,0,0,0,6,6,0.124561403508772,0.194736842105263,0.401754385964912,0,0,0,2.05298470374926,9.82961860019714
31,3,1,0,0,1,74,7,100,120,0,0,0,6,6,0.910714285714286,0.910714285714286,0.714285714285714,0,0,0,2.38453351622376,1.27095179981552
31,3,1,0,0,1,64,19.5,100,45,0,0,0,6,6,0.612903225806452,0.827956989247312,0.129032258064516,0,0,0,3.98021344442639,1.87326269992627
31,3,1,0,0,1,78,8.25,100,5,0,0,0,6,6,0.544776119402985,0.58955223880597,0.458955223880597,0,0,0,2.82176798324117,4.7979408998508
31,3,1,0,0,1,46,2,100,70,0,0,0,6,6,0.389830508474576,0.508474576271186,0.101694915254237,0,0,0,1.60468298132042,1.31279490003362
31,3,1,0,0,1,81,14,100,5,0,0,0,6,6,0.296296296296296,0.209876543209877,0.444444444444444,0,0,0,3.95199388591835,1.67845109989867
31,3,1,0,0,1,52,18.5,100,85,0,0,0,6,6,0.234375,0.328125,0.125,0,0,0,4.07617586827266,1.40664820000529
31,3,1,0,0,1,22,20,100,165,0,0,0,2,6,0.308641975308642,0.308641975308642,0.333333333333333,0,0,0,3.0699162966073,1.6721226000227
31,3,1,0,0,1,84,11,100,110,0,0,0,2,6,0.266666666666667,0,0,0,0,0,1.44275227383882,0.581401200033724
31,3,1,0,0,1,5,20,100,15,0,0,0,2,6,0.294117647058824,0.235294117647059,0.441176470588235,0,0,0,1.87656094033143,2.03326310007833
31,3,1,0,0,1,31,8.5,100,22,0,0,0,2,6,0.328571428571429,0.242857142857143,0.4,0,0,0,2.03920702612016,1.4943247998599
31,3,1,0,0,1,49,16,100,20,0,0,0,2,6,0.197278911564626,0.469387755102041,0.217687074829932,0,0,0,1.0730146040872,2.78142670006491
31,3,1,0,0,1,18,18.75,100,250,0,0,0,2,6,0.247058823529412,0.211764705882353,0.458823529411765,0,0,0,1.57384058532888,1.74940979992971
31,3,1,0,0,1,53,14,100,60,0,0,0,2,6,0.417322834645669,0.0748031496062992,0.393700787401575,0,0,0,1.10944002273815,4.56888159993105
31,3,1,0,0,1,72,6.5,100,60,0,0,0,2,6,0.433823529411765,0.176470588235294,0.367647058823529,0,0,0,1.94580623972587,4.86454629991204
31,3,1,0,0,1,24,19,100,150,0,0,0,2,6,0.277591973244147,0.193979933110368,0.62876254180602,0,0,0,2.35433741118078,10.2891480999533
31,3,1,0,0,1,15,17.25,100,55,0,0,0,2,6,0.337748344370861,0.225165562913907,0.304635761589404,0,0,0,1.51368181093454,2.84225129988045
31,3,1,0,0,1,76,4,100,70,0,0,0,2,6,0.395644283121597,0.201451905626134,0.112522686025408,0,0,0,0.897125693612317,9.51179849985056
31,3,1,0,0,1,30,8,100,90,0,0,0,2,6,0.18018018018018,0.342342342342342,0.423423423423423,0,0,0,1.94138186643212,2.18510600016452
31,3,1,0,0,1,55,16.5,100,155,0,0,0,2,6,0.190283400809717,0.352226720647773,0.546558704453441,0,0,0,1.03702549107566,4.44499149988405
31,3,1,0,0,1,63,5.5,100,40,0,0,0,2,6,0.393815635939323,0.182613768961494,0.495915985997666,0,0,0,3.62930726520225,28.8716270001605
31,3,1,0,0,1,6,19,100,175,0,0,0,3,6,0.351724137931034,0.182758620689655,0.286206896551724,0,0,0,2.96478499712986,5.15376400016248
31,3,1,0,0,1,66,10,100,80,0,0,0,3,6,0.509803921568627,0.0784313725490196,0.450980392156863,0,0,0,1.4207446054652,1.17802329990081
31,3,1,0,0,1,21,6,100,55,0,0,0,3,6,0.361111111111111,0.125,0.347222222222222,0,0,0,1.49895398605675,1.52789660007693
31,3,1,0,0,1,13,19.5,100,7,0,0,0,3,6,0.536231884057971,0,0.289855072463768,0,0,0,2.99756587730808,1.47682790015824
31,3,1,0,0,1,69,1.5,100,20,0,0,0,3,6,0.435714285714286,0.135714285714286,0.378571428571429,0,0,0,0.30922452820629,2.6625840999186
31,3,1,0,0,1,71,6,100,45,0,0,0,3,6,0.513157894736842,0.171052631578947,0.342105263157895,0,0,0,1.00537839182461,1.58936530002393
31,3,1,0,0,1,16,16,100,95,0,0,0,3,6,0.271317829457364,0.209302325581395,0.263565891472868,0,0,0,2.43326586305687,2.47066419990733
31,3,1,0,0,1,34,12,100,85,0,0,0,3,6,0.5,0.137931034482759,0.344827586206897,0,0,0,1.97387258896639,1.29651699983515
31,3,1,0,0,1,68,2.5,100,25,0,0,0,3,6,0.406593406593407,0.351648351648352,0.230769230769231,0,0,0,0.321694530412625,1.85319819999859
31,3,1,0,0,1,60,15,100,31,0,0,0,3,6,0.311475409836066,0.366120218579235,0.316939890710383,0,0,0,1.47787808285534,3.37020030012354
31,3,1,0,0,1,32,9.5,100,170,0,0,0,3,6,0.451977401129944,0.11864406779661,0.401129943502825,0,0,0,2.17386822929051,3.28420879994519
31,3,1,0,0,1,65,1.75,100,10,0,0,0,3,6,0.575757575757576,0.0909090909090909,0.318181818181818,0,0,0,0.957294242684899,1.42832809989341
31,3,1,0,0,1,82,9.5,100,25,0,0,0,3,6,0.48,0.204444444444444,0.204444444444444,0,0,0,1.17001028084882,4.07073669997044
31,3,1,0,0,1,2,7.5,100,25,0,0,0,3,6,0.503464203233256,0.28175519630485,0.284064665127021,0,0,0,1.00076832543155,7.53716180007905
31,3,1,0,0,1,35,13,100,30,0,0,0,5,6,0.297297297297297,0.198198198198198,0.441441441441441,0,0,0,2.41422401425706,2.17932819994166
31,3,1,0,0,1,8,16,100,20,0,0,0,5,6,0.333333333333333,0.05,0.333333333333333,0,0,0,3.25397086326241,2.32223880011588
31,3,1,0,0,1,42,20,100,170,0,0,0,5,6,0.173228346456693,0.102362204724409,0.330708661417323,0,0,0,1.93259134965689,2.45472959987819
31,3,1,0,0,1,58,14,100,20,0,0,0,5,6,0.268817204301075,0.279569892473118,0.462365591397849,0,0,0,3.82448618934616,1.88589149992913
31,3,1,0,0,1,79,10,100,140,0,0,0,5,6,0.315068493150685,0.150684931506849,0.547945205479452,0,0,0,1.70257998169188,1.54284649994224
31,3,1,0,0,1,1,5,100,0,0,0,0,5,6,0.411764705882353,0.274509803921569,0.303921568627451,0,0,0,0.364635005735391,2.01990589988418
31,3,1,0,0,1,40,18,100,110,0,0,0,5,6,0.245059288537549,0.150197628458498,0.509881422924901,0,0,0,1.49613423275686,4.54412979981862
31,3,1,0,0,1,4,8.5,100,90,0,0,0,5,6,0.304780876494024,0.151394422310757,0.50597609561753,0,0,0,1.89921997943321,8.68489999999292
31,3,1,0,0,1,73,5,100,14,0,0,0,5,6,0.236220472440945,0.307086614173228,0.433070866141732,0,0,0,1.02969910463968,2.44884420000017
31,3,1,0,0,1,7,16.75,100,75,0,0,0,5,6,0.301204819277108,0.192771084337349,0.325301204819277,0,0,0,1.80198720794199,1.71235699998215
31,3,1,0,0,1,62,10,100,135,0,0,0,5,6,0.354838709677419,0,0.338709677419355,0,0,0,1.42400024373985,1.35475860000588
31,3,1,0,0,1,20,15.75,100,30,0,0,0,5,6,0.491525423728814,0,0.457627118644068,0,0,0,0.972895512886033,1.3107954999432
31,3,1,0,0,1,9,2,100,19,0,0,0,5,6,0.179487179487179,0.153846153846154,0.346153846153846,0,0,0,0.293841855457405,1.62807440012693
31,3,1,0,0,1,36,14,100,40,0,0,0,5,6,0.256880733944954,0.146788990825688,0.522935779816514,0,0,0,1.46361704703632,3.96579309995286
31,3,1,0,0,1,47,16,100,5,0,0,0,1,6,0.358649789029536,0.274261603375527,0.320675105485232,0,0,0,1.15287165778345,4.2790594000835
31,3,1,0,0,1,14,16.75,100,145,0,0,0,1,6,0.166666666666667,0.242424242424242,0.257575757575758,0,0,0,1.29345758471507,1.43197309994139
31,3,1,0,0,1,23,7.75,100,120,0,0,0,1,6,0.280701754385965,0.0263157894736842,0.456140350877193,0,0,0,2.31323911423559,2.22278579999693
31,3,1,0,0,1,17,3.25,100,205,0,0,0,1,6,0.140939597315436,0.187919463087248,0.25503355704698,0,0,0,0.30922452820629,2.81661139987409
31,3,1,0,0,1,51,1,100,3,0,0,0,1,6,0.107142857142857,0.464285714285714,0.410714285714286,0,0,0,0.206239783049874,1.26428809994832
31,3,1,0,0,1,29,7,100,55,0,0,0,1,6,0.127906976744186,0.424418604651163,0.284883720930233,0,0,0,0.418984315269139,3.18675929983146
31,3,1,0,0,1,75,6,100,45,0,0,0,1,6,0.434968017057569,0.0511727078891258,0.115138592750533,0,0,0,0.890991168372366,8.14286060002632
31,3,1,0,0,1,41,19,100,245,0,0,0,1,6,0.0833333333333333,0.35,0.45,0,0,0,1.03467251306039,1.34332240000367
31,3,1,0,0,1,33,11,100,190,0,0,0,1,6,0.0625,0.4375,0.45,0,0,0,1.80785902394942,1.65694489981979
31,3,1,0,0,1,3,15,100,14,0,0,0,1,6,0.191780821917808,0.493150684931507,0.321917808219178,0,0,0,1.18448314383726,2.76433779997751
31,3,1,0,0,1,28,6,100,7,0,0,0,1,6,0.160714285714286,0.398809523809524,0.0714285714285714,0,0,0,1.74977209119977,3.13278650003485
31,3,1,0,0,1,26,4,100,50,0,0,0,1,6,0.241758241758242,0.3003663003663,0.340659340659341,0,0,0,1.43505018769481,4.88355000014417
31,3,1,0,0,1,43,3,100,0,0,0,0,1,6,0.333333333333333,0.148148148148148,0.271604938271605,0,0,0,0.293165758379018,1.67284330003895
31,3,1,0,0,1,59,2,100,110,0,0,0,1,6,0.0551181102362205,0.409448818897638,0.283464566929134,0,0,0,0.926132820519744,2.44231339986436
31,3,1,0,0,1,19,17.5,100,40,0,0,0,4,6,0.336206896551724,0.140804597701149,0.324712643678161,0,0,0,1.08495087554315,6.13108249986544
31,3,1,0,0,1,44,5,100,65,0,0,0,4,6,0.539325842696629,0.252808988764045,0.140449438202247,0,0,0,1.46696399386558,3.30154479993507
31,3,1,0,0,1,67,8.5,100,105,0,0,0,4,6,0.352941176470588,0.111954459203036,0.628083491461101,0,0,0,1.98430195505509,9.11820310004987
31,3,1,0,0,1,39,17,100,15,0,0,0,4,6,0.218988218988219,0.0110880110880111,0.171864171864172,0,0,0,1.85965253392464,24.3552905998658
31,3,1,0,0,1,83,17,100,200,0,0,0,4,6,0.333333333333333,0.385964912280702,0.184210526315789,0,0,0,0.640292542955383,2.23640269995667
31,3,1,0,0,1,12,12,100,1,0,0,0,4,6,0.456730769230769,0.254807692307692,0.221153846153846,0,0,0,0.971795806950578,3.7966507000383
31,3,1,0,0,1,37,14.5,100,175,0,0,0,4,6,0.384615384615385,0.0961538461538462,0.0769230769230769,0,0,0,2.37097418755759,2.93225429998711
31,3,1,0,0,1,10,19.5,100,125,0,0,0,4,6,0.22093023255814,0.133720930232558,0.47093023255814,0,0,0,0.915835594613206,3.20697619998828
31,3,1,0,0,1,50,2.5,100,10,0,0,0,4,6,0.415384615384615,0.384615384615385,0.169230769230769,0,0,0,0.350882755159915,1.40632830001414
31,3,1,0,0,1,27,5.25,100,120,0,0,0,4,6,0.480392156862745,0.352941176470588,0.107843137254902,0,0,0,1.06570201295072,3.73614330007695
31,3,1,0,0,1,70,3.5,100,3,0,0,0,4,6,0.360655737704918,0.377049180327869,0.213114754098361,0,0,0,0.5534535483676,1.34571120003238
31,3,1,0,0,1,11,18.25,100,55,0,0,0,4,6,0.486111111111111,0.319444444444444,0.189814814814815,0,0,0,1.91861231418443,3.93407130008563
31,3,1,0,0,1,77,12,100,25,0,0,0,4,6,0.257575757575758,0.318181818181818,0.257575757575758,0,0,0,2.61965427584461,1.43607180006802
31,3,1,0,0,1,38,15.5,100,215,0,0,0,4,6,0.304761904761905,0.19047619047619,0.4,0,0,0,1.95539705527773,2.07536339992657
32,1,1,0,1,0,37,14.5,5,0,0,0,0,4,4,0.403007518796992,0.100375939849624,0.0815789473684211,0,0,0,0.497717828038919,44.6438627999742
32,1,1,0,1,0,78,8.25,20,0,0,0,0,4,4,0.445833333333333,0.151041666666667,0.0333333333333333,0,0,0,2.01199590477287,16.3288204000564
32,1,1,0,1,0,24,19,70,0,0,0,0,4,4,0.394160583941606,0.208673250322027,0.0090167453842851,0,0,0,5.00873277603654,39.1150669000344
32,1,1,0,1,0,11,18.25,70,0,0,0,0,4,4,0.473541383989145,0.234735413839891,0.0203527815468114,0,0,0,5.00923975798774,12.6028412999585
32,1,1,0,1,0,3,15,85,0,0,0,0,4,4,0.423616845582164,0.222956234516928,0.0553261767134599,0,0,0,3.07123803512578,20.5077264000429
32,1,1,0,1,0,50,2.5,90,0,0,0,0,4,4,0.58692628650904,0.134909596662031,0.0403337969401947,0,0,0,0.499807796709451,12.2985374000855
32,1,1,0,1,0,60,15,35,0,0,0,0,4,4,0.32061628760088,0.267057960381511,0.000733675715333822,0,0,0,1.04462051725792,23.0444531999528
32,1,1,0,1,0,6,19,20,0,0,0,0,4,4,0.377729257641921,0.184029943855271,0.0152838427947598,0,0,0,2.02365258558095,53.73411640001
32,1,1,0,1,0,56,12,90,0,0,0,0,4,4,0.452466907340554,0.252707581227437,0.0108303249097473,0,0,0,5,14.1695574000478
32,1,1,0,1,0,54,9.25,40,0,0,0,0,4,4,0.421686746987952,0.287435456110155,0.0223752151462995,0,0,0,1.04250565547781,10.004576300038
32,1,1,0,1,0,71,6,25,0,0,0,0,4,4,0.505664263645726,0.229145211122554,0.00102986611740474,0,0,0,1.04479248602363,32.6832733000629
32,1,1,0,1,0,67,8.5,50,0,0,0,0,4,4,0.451388888888889,0.135732323232323,0.0189393939393939,0,0,0,2.53441234487527,26.8096736000152
32,1,1,0,1,0,65,1.75,80,0,0,0,0,4,4,0.446666666666667,0.15,0.0595238095238095,0,0,0,0.754966492057438,35.3136522999266
32,1,1,0,1,0,13,19.5,5,0,0,0,0,4,4,0.461462450592885,0.264822134387352,0.000988142292490119,0,0,0,1.94238129482608,17.1794534000801
32,1,1,0,1,0,9,2,30,0,0,0,0,2,4,0.338916256157635,0.175369458128079,0.0866995073891626,0,0,0,0.197995621147403,17.2313725999556
32,1,1,0,1,0,81,14,55,0,0,0,0,2,4,0.319778188539741,0.0831792975970425,0.0646950092421442,0,0,0,3.03598792237184,9.34957079996821
32,1,1,0,1,0,64,19.5,65,0,0,0,0,2,4,0.157223796033994,0.242209631728045,0.0240793201133144,0,0,0,5.0594954428405,12.0831168000586
32,1,1,0,1,0,74,7,40,0,0,0,0,2,4,0.155253837072019,0.408500590318772,0.038961038961039,0,0,0,0.696935355939544,28.5497004999779
32,1,1,0,1,0,83,17,80,0,0,0,0,2,4,0.125244618395303,0.272994129158513,0.0117416829745597,0,0,0,5,17.3466515999753
32,1,1,0,1,0,76,4,35,0,0,0,0,2,4,0.197727272727273,0.315909090909091,0.0590909090909091,0,0,0,0.0430141949056626,7.65087879996281
32,1,1,0,1,0,48,7,45,0,0,0,0,2,4,0.293348493462194,0.140989198408186,0.00568504832291074,0,0,0,1.01669519755721,29.6227538000094
32,1,1,0,1,0,7,16.75,65,0,0,0,0,2,4,0.258358662613982,0.282674772036474,0.0379939209726444,0,0,0,4.00114367905514,11.2957895
32,1,1,0,1,0,22,20,90,0,0,0,0,2,4,0.508426966292135,0.502808988764045,0.289325842696629,0,0,0,14.9611822022775,6.26132519997191
32,1,1,0,1,0,32,9.5,30,0,0,0,0,2,4,0.231643356643357,0.164335664335664,0.0454545454545455,0,0,0,0.939810317675658,19.3776945000282
32,1,1,0,1,0,17,3.25,85,0,0,0,0,2,4,0.242618741976893,0.401797175866495,0.0115532734274711,0,0,0,1.04751667011216,26.2746200000402
32,1,1,0,1,0,15,17.25,25,0,0,0,0,2,4,0.418006430868167,0.0610932475884244,0.0257234726688103,0,0,0,1.98336870024632,10.691555700032
32,1,1,0,1,0,53,14,90,0,0,0,0,2,4,0.349094567404427,0.105633802816901,0.0301810865191147,0,0,0,3.17222152966898,16.8831217000261
32,1,1,0,1,0,59,2,80,0,0,0,0,2,4,0.15016501650165,0.295379537953795,0.0247524752475248,0,0,0,0.531614409796113,10.4219967999961
32,1,1,0,1,0,80,8,45,0,0,0,0,1,4,0.212548015364917,0.440460947503201,0.028169014084507,0,0,0,1.03963422083651,13.3514318999369
32,1,1,0,1,0,8,16,15,0,0,0,0,1,4,0.138155515370705,0.640144665461121,0.0477396021699819,0,0,0,0.98876696971211,46.3796917999862
32,1,1,0,1,0,70,3.5,40,0,0,0,0,1,4,0.156164383561644,0.463013698630137,0.134246575342466,0,0,0,0.324380949108455,6.41163809993304
32,1,1,0,1,0,36,14,15,0,0,0,0,1,4,0.396378269617706,0.219986586183769,0.0160965794768612,0,0,0,1.02539295371302,25.1636608999688
32,1,1,0,1,0,19,17.5,25,0,0,0,0,1,4,0.301169590643275,0.087719298245614,0.0248538011695906,0,0,0,3.07177504041541,11.7186036999337
32,1,1,0,1,0,12,12,35,0,0,0,0,1,4,0.134852801519468,0.158594491927825,0.0227920227920228,0,0,0,2.10480700680572,17.8627832999919
32,1,1,0,1,0,20,15.75,35,0,0,0,0,1,4,0.250890947968639,0.327868852459016,0.140413399857448,0,0,0,3.0614235085242,23.70302060002
32,1,1,0,1,0,2,7.5,75,0,0,0,0,1,4,0.64339908952959,0.204855842185129,0.0773899848254932,0,0,0,3.77441415979503,11.3105693999678
32,1,1,0,1,0,66,10,90,0,0,0,0,1,4,0.402550091074681,0.378870673952641,0.0382513661202186,0,0,0,5.02641560658811,9.46536179992836
32,1,1,0,1,0,73,5,70,0,0,0,0,1,4,0.541533546325879,0.12779552715655,0.00479233226837061,0,0,0,0.513596693520473,10.7580199999502
32,1,1,0,1,0,44,5,40,0,0,0,0,1,4,0.3984,0.2928,0.0416,0,0,0,1.05533932249969,21.1522096999688
32,1,1,0,1,0,5,20,85,0,0,0,0,1,4,0.178294573643411,0.654810761513908,0.0519835841313269,0,0,0,10.1738235355988,36.8509074000176
32,1,1,0,1,0,47,16,100,0,0,0,0,1,4,0.156182212581345,0.490238611713666,0.0780911062906725,0,0,0,15.4729871564683,31.0419313000748
32,1,1,0,1,0,33,11,65,0,0,0,0,1,4,0.301804604853765,0.325451151213441,0.0709396390790292,0,0,0,1.97459120254542,27.0902565000579
32,1,1,0,1,0,68,2.5,65,0,0,0,0,3,4,0.49058524173028,0.129262086513995,0.0524173027989822,0,0,0,1.01469540866596,33.0521306000883
32,1,1,0,1,0,23,7.75,60,0,0,0,0,3,4,0.663865546218487,0.142857142857143,0.0168067226890756,0,0,0,1.427098094098,14.2120186999673
32,1,1,0,1,0,79,10,10,0,0,0,0,3,4,0.50137741046832,0.316804407713499,0.0385674931129477,0,0,0,0.502652019575308,6.36961689998861
32,1,1,0,1,0,46,2,55,0,0,0,0,3,4,0.556930693069307,0.0915841584158416,0,0,0,0,0.485462930580066,7.0654499999946
32,1,1,0,1,0,38,15.5,40,0,0,0,0,3,4,0.614973262032086,0.228609625668449,0.0106951871657754,0,0,0,3.0873538885578,12.791346999933
32,1,1,0,1,0,10,19.5,10,0,0,0,0,3,4,0.560192616372392,0.128410914927769,0,0,0,0,1.50257340560178,10.7155068999855
32,1,1,0,1,0,4,8.5,20,0,0,0,0,3,4,0.575436408977556,0.0542394014962594,0.036783042394015,0,0,0,1.00178321644558,27.0510166999884
32,1,1,0,1,0,62,10,95,0,0,0,0,3,4,0.665898617511521,0.19815668202765,0.1036866359447,0,0,0,6.05962619538438,7.56361760001164
32,1,1,0,1,0,34,12,15,0,0,0,0,3,4,0.535273368606702,0.163139329805996,0.108465608465608,0,0,0,0.971795806950578,19.2127189999446
32,1,1,0,1,0,77,12,75,0,0,0,0,3,4,0.655745062836625,0.0848294434470377,0.00807899461400359,0,0,0,2.10134408337006,37.4416184000438
32,1,1,0,1,0,35,13,70,0,0,0,0,3,4,0.64147465437788,0.0377880184331797,0.000921658986175115,0,0,0,2.08043934299194,18.3993056999752
32,1,1,0,1,0,31,8.5,50,0,0,0,0,3,4,0.737278106508876,0.0343195266272189,0.0112426035502959,0,0,0,1.06251442697657,28.4847093999851
32,1,1,0,1,0,30,8,75,0,0,0,0,3,4,0.699532952776336,0.0134924753502854,0.00155682407887909,0,0,0,2.07964940027949,32.4602516999003
32,1,1,0,1,0,14,16.75,45,0,0,0,0,3,4,0.300395256916996,0.292490118577075,0.00790513833992095,0,0,0,2.07293911351709,8.74818979995325
32,1,1,0,1,0,43,3,30,0,0,0,0,5,4,0.414448669201521,0.0608365019011407,0.0190114068441065,0,0,0,0.302239127127656,9.08357980009168
32,1,1,0,1,0,18,18.75,80,0,0,0,0,5,4,0.280808080808081,0.319191919191919,0.0909090909090909,0,0,0,8.00615461102645,8.57243029994424
32,1,1,0,1,0,41,19,65,0,0,0,0,5,4,0.493421052631579,0.0562200956937799,0.0125598086124402,0,0,0,4.0240204930666,28.1767801000969
32,1,1,0,1,0,21,6,95,0,0,0,0,5,4,0.534711964549483,0.069423929098966,0.03397341211226,0,0,0,3.06195156075621,11.6046821998898
32,1,1,0,1,0,69,1.5,95,0,0,0,0,5,4,0.253623188405797,0.166666666666667,0.0227743271221532,0,0,0,0.762632434958558,16.4232489999849
32,1,1,0,1,0,57,10,50,0,0,0,0,5,4,0.208532695374801,0.0586124401913876,0.00917065390749601,0,0,0,2.07247240248862,42.1713779000565
32,1,1,0,1,0,39,17,35,0,0,0,0,5,4,0.454081632653061,0.0714285714285714,0.00255102040816327,0,0,0,2.076197002457,13.3884323999519
32,1,1,0,1,0,49,16,50,0,0,0,0,5,4,0.362001563721658,0.257232212666145,0.0156372165754496,0,0,0,2.8031977092676,21.6301283999346
32,1,1,0,1,0,72,6.5,90,0,0,0,0,5,4,0.789189189189189,0.0135135135135135,0,0,0,0,3.56394394253553,6.48714610002935
32,1,1,0,1,0,25,9,60,0,0,0,0,5,4,0.212177121771218,0.205166051660517,0.003690036900369,0,0,0,1.52093618661048,45.4732199999271
32,1,1,0,1,0,16,16,65,0,0,0,0,5,4,0.430875576036866,0.0721966205837174,0,0,0,0,2.95703110403569,22.0075052999891
32,1,1,0,1,0,55,16.5,25,0,0,0,0,5,4,0.739352640545145,0.0119250425894378,0,0,0,0,1.51834722488251,10.1141139999963
32,1,1,0,1,0,27,5.25,50,0,0,0,0,5,4,0.342178770949721,0.0698324022346369,0.00279329608938547,0,0,0,0.760308156958995,36.1282235000981
32,1,1,0,1,0,84,11,50,0,0,0,0,5,4,0.393171806167401,0.265418502202643,0.0231277533039648,0,0,0,2.06893015669622,15.4461403000169
32,1,1,0,1,0,51,1,40,0,0,0,0,6,4,0.676190476190476,0.552380952380952,0.0111111111111111,0,0,0,0.224907136227142,10.8270892000291
32,1,1,0,1,0,42,20,30,0,0,0,0,6,4,0.223021582733813,0.524380495603517,0.00159872102318145,0,0,0,2.57762116818313,21.156681500026
32,1,1,0,1,0,52,18.5,10,0,0,0,0,6,4,0.505691056910569,0.278048780487805,0.0032520325203252,0,0,0,0.49525000760616,10.5829138000263
32,1,1,0,1,0,45,13.5,55,0,0,0,0,6,4,0.259927797833935,0.274368231046931,0.0072202166064982,0,0,0,2.00409072478017,4.94312690000515
32,1,1,0,1,0,26,4,45,0,0,0,0,6,4,0.291033806957374,0.572268495835375,0.0289073983341499,0,0,0,0.736946068348718,34.3284288999857
32,1,1,0,1,0,61,15,75,0,0,0,0,6,4,0.33606041535557,0.163624921334172,0.0012586532410321,0,0,0,3.02401239525638,26.798507599975
32,1,1,0,1,0,28,6,25,0,0,0,0,6,4,0.41747572815534,0.270457697642164,0.00277392510402219,0,0,0,0.742332289195726,12.3406663000351
32,1,1,0,1,0,29,7,20,0,0,0,0,6,4,0.402439024390244,0.339024390243902,0.0609756097560976,0,0,0,0.196685228879883,7.16671609994955
32,1,1,0,1,0,1,5,50,0,0,0,0,6,4,0.250871080139373,0.625087108013937,0.000696864111498258,0,0,0,1.02920279718881,24.2218759000534
32,1,1,0,1,0,58,14,45,0,0,0,0,6,4,0.65080971659919,0.522267206477733,0.0222672064777328,0,0,0,2.59085648741723,16.7812186999945
32,1,1,0,1,0,82,9.5,20,0,0,0,0,6,4,0.272105520273571,0.621397166585247,0.00195407914020518,0,0,0,1.84819870079996,34.4154017999535
32,1,1,0,1,0,63,5.5,70,0,0,0,0,6,4,0.302380952380952,0.501190476190476,0.0238095238095238,0,0,0,1.02831165546135,14.3222739000339
32,1,1,0,1,0,75,6,85,0,0,0,0,6,4,0.299346405228758,0.568627450980392,0,0,0,0,3.02290862175008,13.0680695999181
32,1,1,0,1,0,40,18,15,0,0,0,0,6,4,0.409638554216867,0.423192771084337,0.0158132530120482,0,0,0,1.79624672462526,22.4407277000137
32,2,1,0,0,1,84,11,100,110,0,0,0,2,6,0.435106743476788,0.0982717722805829,0.321924771263978,0,0,0,6.03292534886851,49.4731190999737
32,2,1,0,0,1,83,17,100,200,0,0,0,2,6,0.61353711790393,0.137554585152838,0.150655021834061,0,0,0,14.9497151237948,7.95941929996479
32,2,1,0,0,1,45,13.5,100,65,0,0,0,2,6,0.626307922272048,0.130044843049327,0.146487294469357,0,0,0,10.2249071362271,11.4798089000396
32,2,1,0,0,1,52,18.5,100,85,0,0,0,2,6,0.578512396694215,0.132231404958678,0.202479338842975,0,0,0,14.9356971593769,4.3697797000641
32,2,1,0,0,1,47,16,100,5,0,0,0,2,6,0.38953488372093,0.273255813953488,0.267441860465116,0,0,0,15.0092937127025,3.18933510000352
32,2,1,0,0,1,21,6,100,55,0,0,0,2,6,0.672727272727273,0.0467532467532468,0.2,0,0,0,5.02951847959963,6.73883020004723
32,2,1,0,0,1,32,9.5,100,170,0,0,0,2,6,0.503225806451613,0.161290322580645,0.264516129032258,0,0,0,5.09674327760382,5.503009499982
32,2,1,0,0,1,56,12,100,210,0,0,0,2,6,0.536936936936937,0.138738738738739,0.261261261261261,0,0,0,7.04832764699133,9.58092909993138
32,2,1,0,0,1,67,8.5,100,105,0,0,0,2,6,0.387387387387387,0.156156156156156,0.282282282282282,0,0,0,5.35475358012316,5.88311890000477
32,2,1,0,0,1,68,2.5,100,25,0,0,0,2,6,0.519823788546256,0.176211453744493,0.127753303964758,0,0,0,1.03504035253093,4.11762300005648
32,2,1,0,0,1,16,16,100,95,0,0,0,2,6,0.654205607476635,0.102803738317757,0.130841121495327,0,0,0,12.1310008917567,3.90287009999156
32,2,1,0,0,1,35,13,100,30,0,0,0,2,6,0.359913793103448,0.107758620689655,0.400862068965517,0,0,0,10.0760863896677,8.05975090002175
32,2,1,0,0,1,26,4,100,50,0,0,0,2,6,0.576354679802956,0.0935960591133005,0.172413793103448,0,0,0,3.02981816379345,3.70918310002889
32,2,1,0,0,1,50,2.5,100,10,0,0,0,2,6,0.382352941176471,0.112745098039216,0.303921568627451,0,0,0,1.98652184398237,3.72254089999478
32,2,1,0,0,1,28,6,100,7,0,0,0,6,6,0.45360824742268,0.177835051546392,0.265463917525773,0,0,0,5.07275337802974,6.79201850004029
32,2,1,0,0,1,71,6,100,45,0,0,0,6,6,0.447236180904523,0.110552763819095,0.386934673366834,0,0,0,3.96351208627175,3.64876690006349
32,2,1,0,0,1,30,8,100,90,0,0,0,6,6,0.531958762886598,0.162886597938144,0.235051546391753,0,0,0,5.09022353298009,8.41123840003274
32,2,1,0,0,1,7,16.75,100,75,0,0,0,6,6,0.544520547945205,0.0993150684931507,0.205479452054795,0,0,0,12.1794019971617,5.20121989992913
32,2,1,0,0,1,3,15,100,14,0,0,0,6,6,0.560606060606061,0.111111111111111,0.191919191919192,0,0,0,12.1135360985199,3.6293911000248
32,2,1,0,0,1,77,12,100,25,0,0,0,6,6,0.486238532110092,0.165137614678899,0.261467889908257,0,0,0,9.96094406223629,3.9565018999856
32,2,1,0,0,1,2,7.5,100,25,0,0,0,6,6,0.55984555984556,0.16988416988417,0.239382239382239,0,0,0,5.08874985848136,4.63622899993788
32,2,1,0,0,1,6,19,100,175,0,0,0,6,6,0.563667232597623,0.0764006791171477,0.213921901528014,0,0,0,14.1453687035656,10.139116599923
32,2,1,0,0,1,40,18,100,110,0,0,0,6,6,0.564705882352941,0.125490196078431,0.290196078431373,0,0,0,12.0896660122361,4.58293079992291
32,2,1,0,0,1,69,1.5,100,20,0,0,0,6,6,0.608562691131499,0.0642201834862385,0.149847094801223,0,0,0,0.56924061523646,5.77984099998139
32,2,1,0,0,1,59,2,100,110,0,0,0,6,6,0.547619047619048,0.301587301587302,0.202380952380952,0,0,0,0.507635778430647,4.52956970001105
32,2,1,0,0,1,78,8.25,100,5,0,0,0,6,6,0.535816618911175,0.0773638968481375,0.206303724928367,0,0,0,5.07017571508595,6.14113090001047
32,2,1,0,0,1,82,9.5,100,25,0,0,0,6,6,0.492227979274611,0.0932642487046632,0.27979274611399,0,0,0,5.02008257604545,3.56575310009066
32,2,1,0,0,1,66,10,100,80,0,0,0,6,6,0.537931034482759,0.0586206896551724,0.296551724137931,0,0,0,5.03966427008136,5.16496209998149
32,2,1,0,0,1,13,19.5,100,7,0,0,0,3,6,0.402555910543131,0.204472843450479,0.252396166134185,0,0,0,14.8973282941364,5.54129680001643
32,2,1,0,0,1,79,10,100,140,0,0,0,3,6,0.419182948490231,0.149200710479574,0.293072824156306,0,0,0,4.94432039012452,9.70899319997989
32,2,1,0,0,1,31,8.5,100,22,0,0,0,3,6,0.478991596638655,0.0140056022408964,0.319327731092437,0,0,0,5.20761791965092,6.26915149996057
32,2,1,0,0,1,65,1.75,100,10,0,0,0,3,6,0.751592356687898,0.0318471337579618,0.165605095541401,0,0,0,0.246840792548451,2.95103779993951
32,2,1,0,0,1,81,14,100,5,0,0,0,3,6,0.652014652014652,0.117216117216117,0.161172161172161,0,0,0,10.0940087444155,4.87918269995134
32,2,1,0,0,1,33,11,100,190,0,0,0,3,6,0.449367088607595,0.104430379746835,0.218354430379747,0,0,0,5,5.58741379994899
32,2,1,0,0,1,39,17,100,15,0,0,0,3,6,0.582352941176471,0.111764705882353,0.170588235294118,0,0,0,15.1281611612339,3.15768249996472
32,2,1,0,0,1,80,8,100,125,0,0,0,3,6,0.44529262086514,0.0610687022900763,0.409669211195929,0,0,0,3.97308085683706,6.87358410004526
32,2,1,0,0,1,34,12,100,85,0,0,0,3,6,0.548235294117647,0.148235294117647,0.223529411764706,0,0,0,7.85604104409565,7.40440969995689
32,2,1,0,0,1,12,12,100,1,0,0,0,3,6,0.612466124661247,0.0840108401084011,0.119241192411924,0,0,0,10.9969585127663,6.47566800005734
32,2,1,0,0,1,55,16.5,100,155,0,0,0,3,6,0.53960396039604,0.0445544554455446,0.292079207920792,0,0,0,9.89774055923899,3.69658170000184
32,2,1,0,0,1,22,20,100,165,0,0,0,3,6,0.269992663242847,0.0425531914893617,0.291269258987528,0,0,0,10.1578072829332,23.0294192000292
32,2,1,0,0,1,20,15.75,100,30,0,0,0,3,6,0.675480769230769,0.0504807692307692,0.09375,0,0,0,12.0234921511735,7.25663240009453
32,2,1,0,0,1,70,3.5,100,3,0,0,0,3,6,0.58955223880597,0.149253731343284,0.164179104477612,0,0,0,1.13026627046686,2.55563950003125
32,2,1,0,0,1,57,10,100,95,0,0,0,1,6,0.490384615384615,0.153846153846154,0.336538461538462,0,0,0,5.05931068509253,5.52822300000116
32,2,1,0,0,1,8,16,100,20,0,0,0,1,6,0.686274509803922,0,0.180392156862745,0,0,0,12.0734242228602,4.58104809990618
32,2,1,0,0,1,15,17.25,100,55,0,0,0,1,6,0.712041884816754,0,0.198952879581152,0,0,0,11.961689993896,3.50814429996535
32,2,1,0,0,1,23,7.75,100,120,0,0,0,1,6,0.736263736263736,0,0.181318681318681,0,0,0,3.78194677730757,6.38705499994103
32,2,1,0,0,1,10,19.5,100,125,0,0,0,1,6,0.704787234042553,0,0.180851063829787,0,0,0,12.177551631187,6.59431459999178
32,2,1,0,0,1,19,17.5,100,40,0,0,0,1,6,0.677083333333333,0.00446428571428571,0.242559523809524,0,0,0,12.0151274383358,11.5277387000388
32,2,1,0,0,1,27,5.25,100,120,0,0,0,1,6,0.713414634146341,0,0.195121951219512,0,0,0,2.57950410149814,5.79297549999319
32,2,1,0,0,1,61,15,100,225,0,0,0,1,6,0.542929292929293,0.0631313131313131,0.275252525252525,0,0,0,4.97075274302511,6.9208559000399
32,2,1,0,0,1,4,8.5,100,90,0,0,0,1,6,0.67479674796748,0.00542005420054201,0.146341463414634,0,0,0,4.94496219784044,6.46595770004205
32,2,1,0,0,1,37,14.5,100,175,0,0,0,1,6,0.482510288065844,0.0473251028806584,0.361111111111111,0,0,0,6.97201324799771,16.528456900036
32,2,1,0,0,1,62,10,100,135,0,0,0,1,6,0.524945770065076,0.17353579175705,0.27114967462039,0,0,0,4.04215595183035,8.00860200007446
32,2,1,0,0,1,75,6,100,45,0,0,0,1,6,0.487903225806452,0.104838709677419,0.298387096774194,0,0,0,3.01817342406916,4.46479979995638
32,2,1,0,0,1,51,1,100,3,0,0,0,1,6,0.614545454545455,0.0909090909090909,0.218181818181818,0,0,0,0.505974219906516,4.91644050006289
32,2,1,0,0,1,1,5,100,0,0,0,0,1,6,0.703252032520325,0.0365853658536585,0.164634146341463,0,0,0,3.97849086126521,8.52190019993577
32,2,1,0,0,1,18,18.75,100,250,0,0,0,5,6,0.379432624113475,0.0106382978723404,0.50354609929078,0,0,0,9.02713639739964,5.0245539000025
32,2,1,0,0,1,48,7,100,70,0,0,0,5,6,0.515981735159817,0.0045662100456621,0.397260273972603,0,0,0,3.47888337583716,7.61888389999513
32,2,1,0,0,1,38,15.5,100,215,0,0,0,5,6,0.382492863939106,0.0399619410085633,0.499524262607041,0,0,0,7.74724188477757,17.8293463999871
32,2,1,0,0,1,49,16,100,20,0,0,0,5,6,0.58356940509915,0.104815864022663,0.257790368271955,0,0,0,12.2576665615571,6.22017290000804
32,2,1,0,0,1,60,15,100,31,0,0,0,5,6,0.218884120171674,0,0.536480686695279,0,0,0,10.0900210380464,4.21345140004996
32,2,1,0,0,1,44,5,100,65,0,0,0,5,6,0.235294117647059,0.0115089514066496,0.517902813299233,0,0,0,2.58811489119066,13.3563997999299
32,2,1,0,0,1,43,3,100,0,0,0,0,5,6,0.280645161290323,0.129032258064516,0.370967741935484,0,0,0,2.08043934299194,5.50001700001303
32,2,1,0,0,1,42,20,100,170,0,0,0,5,6,0.449249779346867,0.0105913503971756,0.300970873786408,0,0,0,10.0526120065261,19.2058351000305
32,2,1,0,0,1,25,9,100,160,0,0,0,5,6,0.554347826086957,0.036231884057971,0.315217391304348,0,0,0,4.68348396317235,4.93074989994057
32,2,1,0,0,1,17,3.25,100,205,0,0,0,5,6,0.663967611336032,0.0323886639676113,0.149797570850202,0,0,0,0.293165758379018,4.43711399997119
32,2,1,0,0,1,9,2,100,19,0,0,0,5,6,0.357664233576642,0.0291970802919708,0.284671532846715,0,0,0,0.520891681411854,2.60988720005844
32,2,1,0,0,1,11,18.25,100,55,0,0,0,5,6,0.521216973578863,0.00320256204963971,0.148919135308247,0,0,0,9.02926966546184,21.1397908000508
32,2,1,0,0,1,29,7,100,55,0,0,0,5,6,0.533783783783784,0.0675675675675676,0.277027027027027,0,0,0,3.60471597596901,2.79072230006568
32,2,1,0,0,1,58,14,100,20,0,0,0,5,6,0.335365853658537,0.24390243902439,0.304878048780488,0,0,0,8.04002765255732,3.06165889999829
32,2,1,0,0,1,53,14,100,60,0,0,0,4,6,0.42,0.133333333333333,0.306666666666667,0,0,0,10.0528303036053,2.83260650001466
32,2,1,0,0,1,24,19,100,150,0,0,0,4,6,0.577092511013216,0.20704845814978,0.3215859030837,0,0,0,10,4.11537400004454
32,2,1,0,0,1,36,14,100,40,0,0,0,4,6,0.723032069970845,0.032069970845481,0.145772594752187,0,0,0,10.0934175795899,11.7502699999604
32,2,1,0,0,1,46,2,100,70,0,0,0,4,6,0.542307692307692,0.107692307692308,0.219230769230769,0,0,0,0.274111107690299,4.66345460002776
32,2,1,0,0,1,72,6.5,100,60,0,0,0,4,6,0.626450116009281,0.0649651972157773,0.174013921113689,0,0,0,1.4766509034597,7.50141180003993
32,2,1,0,0,1,14,16.75,100,145,0,0,0,4,6,0.59698275862069,0.0862068965517241,0.1875,0,0,0,8.87823007455868,8.05248039995786
32,2,1,0,0,1,76,4,100,70,0,0,0,4,6,0.379310344827586,0.14367816091954,0.21264367816092,0,0,0,1.0058661132828,3.23014550004154
32,2,1,0,0,1,54,9.25,100,4,0,0,0,4,6,0.862337662337662,0,0.00779220779220779,0,0,0,7.09565909995168,6.74177089997102
32,2,1,0,0,1,64,19.5,100,45,0,0,0,4,6,0.453860640301318,0,0.440677966101695,0,0,0,12.1819814501188,9.19008279999252
32,2,1,0,0,1,73,5,100,14,0,0,0,4,6,0.596059113300493,0.083743842364532,0.182266009852217,0,0,0,2.50519357594266,7.10083150002174
32,2,1,0,0,1,74,7,100,120,0,0,0,4,6,0.565789473684211,0,0.315789473684211,0,0,0,3.48838568170755,5.38697730004787
32,2,1,0,0,1,41,19,100,245,0,0,0,4,6,0.395939086294416,0.0710659898477157,0.482233502538071,0,0,0,9.86875678740815,3.60398289992008
32,2,1,0,0,1,63,5.5,100,40,0,0,0,4,6,0.443148688046647,0.075801749271137,0.335276967930029,0,0,0,2.24039054854759,6.04284060001373
32,2,1,0,0,1,5,20,100,15,0,0,0,4,6,0.667415730337079,0.0539325842696629,0.110112359550562,0,0,0,14.9905123800142,7.74210170004517
32,3,1,0,1,1,11,18.25,70,55,0,0,0,4,2,0.385294117647059,0.143382352941176,0.114705882352941,0,0,0,10.0400384514875,23.0019601001404
32,3,1,0,1,1,58,14,45,20,0,0,0,4,2,0.541666666666667,0.248456790123457,0.118827160493827,0,0,0,3.9713834412503,11.1289349000435
32,3,1,0,1,1,42,20,30,170,0,0,0,4,2,0.16039603960396,0.562376237623762,0.0534653465346535,0,0,0,1.98378032559966,8.75010169995949
32,3,1,0,1,1,14,16.75,45,145,0,0,0,4,2,0.416445623342175,0.356763925729443,0.0583554376657825,0,0,0,5.94966222303824,12.8834450999275
32,3,1,0,1,1,84,11,50,110,0,0,0,4,2,0.546511627906977,0.118863049095607,0.0801033591731266,0,0,0,5.00945942502002,13.223905300023
32,3,1,0,1,1,70,3.5,40,3,0,0,0,4,2,0.502049180327869,0.23155737704918,0.0922131147540984,0,0,0,1.07687088236475,8.46430550003424
32,3,1,0,1,1,55,16.5,25,155,0,0,0,4,2,0.508720930232558,0.15406976744186,0.114825581395349,0,0,0,3.99460074681842,11.7943130000494
32,3,1,0,1,1,22,20,90,165,0,0,0,4,2,0.329801324503311,0.482119205298013,0.0384105960264901,0,0,0,14.9903396163319,12.9105553999543
32,3,1,0,1,1,5,20,85,15,0,0,0,4,2,0.450346420323326,0.351039260969977,0.0577367205542725,0,0,0,15.0456677799452,14.7642802000046
32,3,1,0,1,1,20,15.75,35,30,0,0,0,4,2,0.527938342967245,0.329479768786127,0.0289017341040462,0,0,0,4.47221612965106,8.96825739997439
32,3,1,0,1,1,80,8,45,125,0,0,0,4,2,0.530405405405405,0.287162162162162,0.0945945945945946,0,0,0,2.0854599410704,5.26768669998273
32,3,1,0,1,1,13,19.5,5,7,0,0,0,4,2,0.631346578366446,0.225165562913907,0,0,0,0,0.4795586133184,15.424238299951
32,3,1,0,1,1,33,11,65,190,0,0,0,4,2,0.478723404255319,0.25531914893617,0.196808510638298,0,0,0,5.0487448186303,3.4623499000445
32,3,1,0,1,1,28,6,25,7,0,0,0,4,2,0.696261682242991,0.191588785046729,0.0116822429906542,0,0,0,0.996958512766266,7.45391909987666
32,3,1,0,1,1,29,7,20,55,0,0,0,1,2,0.569206842923795,0.153965785381026,0.130637636080871,0,0,0,0.685184038519562,11.0427854000591
32,3,1,0,1,1,8,16,15,20,0,0,0,1,2,0.513907284768212,0.227814569536424,0.0741721854304636,0,0,0,1.48535490413062,12.9064908998553
32,3,1,0,1,1,63,5.5,70,40,0,0,0,1,2,0.489841986455982,0.237020316027088,0.115124153498871,0,0,0,2.55351392238505,7.71040010009892
32,3,1,0,1,1,9,2,30,19,0,0,0,1,2,0.695327102803738,0.0953271028037383,0.0504672897196262,0,0,0,0.453957419997209,9.24636610015295
32,3,1,0,1,1,69,1.5,95,20,0,0,0,1,2,0.578082191780822,0.168036529680365,0.124200913242009,0,0,0,0.474424148146351,18.5697013000026
32,3,1,0,1,1,34,12,15,85,0,0,0,1,2,0.636070853462158,0.19645732689211,0.0805152979066023,0,0,0,1.9667141987408,10.6787427000236
32,3,1,0,1,1,56,12,90,210,0,0,0,1,2,0.552462526766595,0.186295503211991,0.15203426124197,0,0,0,10.0266366551201,8.11248259991407
32,3,1,0,1,1,16,16,65,95,0,0,0,1,2,0.52073732718894,0.244239631336406,0.130568356374808,0,0,0,9.97347432965568,11.1740794999059
32,3,1,0,1,1,10,19.5,10,125,0,0,0,1,2,0.485576923076923,0.278846153846154,0.113782051282051,0,0,0,1.90461416968971,10.731269699987
32,3,1,0,1,1,68,2.5,65,25,0,0,0,1,2,0.522151898734177,0.348101265822785,0.0791139240506329,0,0,0,1.24224950589917,5.58698090002872
32,3,1,0,1,1,81,14,55,5,0,0,0,1,2,0.521739130434783,0.198757763975155,0.180124223602484,0,0,0,7.13183503715602,3.01676999987103
32,3,1,0,1,1,65,1.75,80,10,0,0,0,1,2,0.5676500508647,0.262461851475076,0.18616480162767,0,0,0,1.01589086564817,16.7051448998973
32,3,1,0,1,1,83,17,80,200,0,0,0,1,2,0.589371980676328,0.0531400966183575,0.152979066022544,0,0,0,10.027147800146,10.6720555999782
32,3,1,0,1,1,60,15,35,31,0,0,0,1,2,0.515088449531738,0.270551508844953,0.0988553590010406,0,0,0,3.53766079271442,16.3291306998581
32,3,1,0,1,1,24,19,70,150,0,0,0,6,2,0.384499623777276,0.27012791572611,0.161775771256584,0,0,0,11.9599723474427,22.4707054998726
32,3,1,0,1,1,51,1,40,3,0,0,0,6,2,0.41,0.4075,0.095,0,0,0,0.391940894486012,13.6614843001589
32,3,1,0,1,1,38,15.5,40,215,0,0,0,6,2,0.669902912621359,0.103559870550162,0.098705501618123,0,0,0,7.48668167243995,10.6378305999096
32,3,1,0,1,1,27,5.25,50,120,0,0,0,6,2,0.702970297029703,0.099009900990099,0.118811881188119,0,0,0,2.24929868282378,5.38368490012363
32,3,1,0,1,1,23,7.75,60,120,0,0,0,6,2,0.415129151291513,0.288745387453875,0.0507380073800738,0,0,0,3.75044993178385,18.388102900004
32,3,1,0,1,1,19,17.5,25,40,0,0,0,6,2,0.479302832244009,0.128540305010893,0.0588235294117647,0,0,0,4.00962785557042,7.96938730007969
32,3,1,0,1,1,2,7.5,75,25,0,0,0,6,2,0.542296072507553,0.329305135951662,0.0151057401812689,0,0,0,5,11.3610495000612
32,3,1,0,1,1,40,18,15,110,0,0,0,6,2,0.527659574468085,0.170212765957447,0,0,0,0,1.83058916879019,8.1658960999921
32,3,1,0,1,1,30,8,75,90,0,0,0,6,2,0.346642468239564,0.272232304900181,0.297640653357532,0,0,0,5.03017132729828,9.52455829991959
32,3,1,0,1,1,12,12,35,1,0,0,0,6,2,0.657657657657658,0.135135135135135,0.0900900900900901,0,0,0,2.93892722944824,4.02077550021932
32,3,1,0,1,1,39,17,35,15,0,0,0,6,2,0.402730375426621,0.290102389078498,0.126279863481229,0,0,0,7.08742355912178,5.21150090009905
32,3,1,0,1,1,72,6.5,90,60,0,0,0,6,2,0.636792452830189,0.160377358490566,0.113207547169811,0,0,0,5.01005717603103,7.39924079994671
32,3,1,0,1,1,74,7,40,120,0,0,0,6,2,0.15819209039548,0.444915254237288,0.0988700564971751,0,0,0,1.39823027668808,12.125174799934
32,3,1,0,1,1,67,8.5,50,105,0,0,0,6,2,0.494756911344137,0.0657769304099142,0.264061010486177,0,0,0,3.47045730394634,17.803741700016
32,3,1,0,1,1,61,15,75,225,0,0,0,3,2,0.466091245376079,0.278668310727497,0.196054254007398,0,0,0,10.0285477805004,13.8450756000821
32,3,1,0,1,1,64,19.5,65,45,0,0,0,3,2,0.473233404710921,0.17558886509636,0.218415417558887,0,0,0,9.47554034099516,8.10754909995012
32,3,1,0,1,1,49,16,50,20,0,0,0,3,2,0.39067055393586,0.309037900874636,0.180758017492711,0,0,0,7.95585239030926,6.05042670015246
32,3,1,0,1,1,57,10,50,95,0,0,0,3,2,0.612137203166227,0.168865435356201,0.0554089709762533,0,0,0,3.03620320754046,6.64190649986267
32,3,1,0,1,1,62,10,95,135,0,0,0,3,2,0.466049382716049,0.0987654320987654,0.361111111111111,0,0,0,2.0563657711588,5.72852250002325
32,3,1,0,1,1,43,3,30,0,0,0,0,3,2,0.615138592750533,0.194029850746269,0.0884861407249467,0,0,0,0.996199999994484,15.9611813998781
32,3,1,0,1,1,48,7,45,70,0,0,0,3,2,0.49281045751634,0.205228758169935,0.115032679738562,0,0,0,3.02299931478695,13.0777130001225
32,3,1,0,1,1,78,8.25,20,5,0,0,0,3,2,0.492537313432836,0.202985074626866,0.211940298507463,0,0,0,0.995485878574701,5.91261709993705
32,3,1,0,1,1,18,18.75,80,250,0,0,0,3,2,0.221577726218097,0.192575406032483,0.439675174013921,0,0,0,10,14.691530500073
32,3,1,0,1,1,50,2.5,90,10,0,0,0,3,2,0.43859649122807,0.245614035087719,0.143859649122807,0,0,0,1.50597378863685,5.08490140014328
32,3,1,0,1,1,21,6,95,55,0,0,0,3,2,0.401273885350318,0.254777070063694,0.203821656050955,0,0,0,4.05062845764845,5.56112269987352
32,3,1,0,1,1,82,9.5,20,25,0,0,0,3,2,0.712482468443198,0.0855539971949509,0.0546984572230014,0,0,0,1.01542767996585,12.1951413000934
32,3,1,0,1,1,52,18.5,10,85,0,0,0,3,2,0.631578947368421,0.278947368421053,0,0,0,0,1.99891442672372,3.50231730006635
32,3,1,0,1,1,76,4,35,70,0,0,0,3,2,0.505703422053232,0.133079847908745,0.212927756653992,0,0,0,1.06512890614936,4.708991299849
32,3,1,0,1,1,15,17.25,25,55,0,0,0,5,2,0.361904761904762,0.0938775510204082,0.312925170068027,0,0,0,4.00590098594411,12.5756111999508
32,3,1,0,1,1,25,9,60,160,0,0,0,5,2,0.402569593147752,0.282655246252677,0.156316916488223,0,0,0,4.52295214118919,8.11734250001609
32,3,1,0,1,1,26,4,45,50,0,0,0,5,2,0.530612244897959,0.175510204081633,0.195918367346939,0,0,0,2.12942132077179,4.41250080009922
32,3,1,0,1,1,4,8.5,20,90,0,0,0,5,2,0.459459459459459,0.221621621621622,0.158558558558559,0,0,0,1.51494441223725,9.57551910006441
32,3,1,0,1,1,1,5,50,0,0,0,0,5,2,0.503496503496504,0.244755244755245,0.216783216783217,0,0,0,2.64936057312525,2.71702360012569
32,3,1,0,1,1,32,9.5,30,170,0,0,0,5,2,0.33743842364532,0.125615763546798,0.396551724137931,0,0,0,3.08765385829407,7.09303259989247
32,3,1,0,1,1,45,13.5,55,65,0,0,0,5,2,0.5,0.26530612244898,0.13265306122449,0,0,0,5.38304298354058,5.22407250013202
32,3,1,0,1,1,3,15,85,14,0,0,0,5,2,0.302228412256267,0.352367688022284,0.14066852367688,0,0,0,9.88138892402887,12.2909719001036
32,3,1,0,1,1,37,14.5,5,175,0,0,0,5,2,0.22397476340694,0.476340694006309,0.201892744479495,0,0,0,1.04686049636436,5.61748729995452
32,3,1,0,1,1,53,14,90,60,0,0,0,5,2,0.392927308447937,0.166994106090373,0.178781925343811,0,0,0,9.97325142747535,8.80091530014761
32,3,1,0,1,1,44,5,40,65,0,0,0,5,2,0.507803121248499,0.264105642256903,0.0900360144057623,0,0,0,1.49275757208625,14.2140903000254
32,3,1,0,1,1,41,19,65,245,0,0,0,5,2,0.613275613275613,0.0836940836940837,0.204906204906205,0,0,0,8.00076802022514,11.8682864999864
32,3,1,0,1,1,17,3.25,85,205,0,0,0,5,2,0.269922879177378,0.380462724935733,0.22107969151671,0,0,0,0.99841464213787,6.80825550016016
32,3,1,0,1,1,31,8.5,50,22,0,0,0,5,2,0.337078651685393,0.196629213483146,0.157303370786517,0,0,0,4.02751588104825,3.29131350014359
32,3,1,0,1,1,71,6,25,45,0,0,0,2,2,0.512670565302144,0.177387914230019,0.231968810916179,0,0,0,2.00016061361182,8.87874830001965
32,3,1,0,1,1,46,2,55,70,0,0,0,2,2,0.572769953051643,0.126760563380282,0.190140845070423,0,0,0,0.870079442616703,7.42131330003031
32,3,1,0,1,1,77,12,75,25,0,0,0,2,2,0.772111039380245,0.0671400903808909,0.0768237572627502,0,0,0,10,26.1280745000113
32,3,1,0,1,1,36,14,15,40,0,0,0,2,2,0.649588289112534,0.12900274473925,0.0741079597438243,0,0,0,1.25381837962066,18.5426679998636
32,3,1,0,1,1,7,16.75,65,75,0,0,0,2,2,0.390862944162437,0.319796954314721,0.228426395939086,0,0,0,7.99301071825347,3.61705260002054
32,3,1,0,1,1,79,10,10,140,0,0,0,2,2,0.506024096385542,0.216867469879518,0.198795180722892,0,0,0,1.04239001786091,3.09919820004143
32,3,1,0,1,1,75,6,85,45,0,0,0,2,2,0.473451327433628,0.287610619469027,0.128318584070796,0,0,0,3.98960463576651,4.10137149994262
32,3,1,0,1,1,47,16,100,5,0,0,0,2,2,0.457671957671958,0.301587301587302,0.231481481481481,0,0,0,14.9480745795451,12.9216096000746
32,3,1,0,1,1,54,9.25,40,4,0,0,0,2,2,0.356643356643357,0.342657342657343,0.34032634032634,0,0,0,3.49860770713489,7.47689990000799
32,3,1,0,1,1,35,13,70,30,0,0,0,2,2,0.772646536412078,0.0595026642984014,0.0772646536412078,0,0,0,8.01100936178112,19.0911650999915
32,3,1,0,1,1,6,19,20,175,0,0,0,2,2,0.588156123822342,0.146702557200538,0.166890982503365,0,0,0,3.97179180308864,12.7000590998214
32,3,1,0,1,1,66,10,90,80,0,0,0,2,2,0.686666666666667,0.145,0.123333333333333,0,0,0,8.02012345394191,10.3286060998216
32,3,1,0,1,1,59,2,80,110,0,0,0,2,2,0.337954939341421,0.339688041594454,0.254766031195841,0,0,0,1.00947154571011,9.93968559987843
32,3,1,0,1,1,73,5,70,14,0,0,0,2,2,0.282407407407407,0.263888888888889,0.362654320987654,0,0,0,3.07349858456345,11.1282957999501
34,1,2,0,1,1,25,9,60,160,0,0,0,4,2,0.247774480712166,0.22106824925816,0.136498516320475,0,0,0,2.03437690732758,11.5594409999903
34,1,2,0,1,1,3,15,85,14,0,0,0,4,2,0.397959183673469,0.280612244897959,0.076530612244898,0,0,0,8.0161612962312,3.5902783999918
34,1,2,0,1,1,35,13,70,30,0,0,0,4,2,0.333333333333333,0.333333333333333,0.206896551724138,0,0,0,5.98288121466838,1.786690500041
34,1,2,0,1,1,40,18,15,110,0,0,0,4,2,0.415094339622642,0.30188679245283,0.169811320754717,0,0,0,2.04375751301425,2.10016909998376
34,1,2,0,1,1,28,6,25,7,0,0,0,4,2,0.318681318681319,0.274725274725275,0.241758241758242,0,0,0,0.962955406142925,3.3661781999981
34,1,2,0,1,1,54,9.25,40,4,0,0,0,4,2,0.356643356643357,0.468531468531469,0.286713286713287,0,0,0,1.99732496911206,2.71959290001541
34,1,2,0,1,1,12,12,35,1,0,0,0,4,2,0.478991596638655,0.277310924369748,0.168067226890756,0,0,0,2.04832764699134,2.30493839998962
34,1,2,0,1,1,5,20,85,15,0,0,0,4,2,0.271604938271605,0.481481481481481,0.185185185185185,0,0,0,9.95589310026695,1.68783820001408
34,1,2,0,1,1,2,7.5,75,25,0,0,0,4,2,0.398148148148148,0.231481481481481,0.101851851851852,0,0,0,4.07015416144016,3.93159519997425
34,1,2,0,1,1,22,20,90,165,0,0,0,4,2,0.3875,0.3625,0.225,0,0,0,11.0007683254315,2.9993800999946
34,1,2,0,1,1,50,2.5,90,10,0,0,0,4,2,0.320610687022901,0.541984732824427,0.374045801526718,0,0,0,0.99167285580673,2.51890319999075
34,1,2,0,1,1,56,12,90,210,0,0,0,4,2,0.531034482758621,0.455172413793103,0.137931034482759,0,0,0,6.0120826601371,2.75075830001151
34,1,2,0,1,1,41,19,65,245,0,0,0,4,2,0.501706484641638,0.228668941979522,0.139931740614334,0,0,0,8.03003578181906,5.21458259999054
34,1,2,0,1,1,84,11,50,110,0,0,0,4,2,0.464944649446494,0.365313653136531,0.143911439114391,0,0,0,4.04956453771331,4.83933449996402
34,1,2,0,1,1,80,8,45,125,0,0,0,6,2,0.402298850574713,0.241379310344828,0.218390804597701,0,0,0,3.07609864352147,1.78503540001111
34,1,2,0,1,1,29,7,20,55,0,0,0,6,2,0.457142857142857,0.271428571428571,0.114285714285714,0,0,0,0.984029924482826,1.50180460000411
34,1,2,0,1,1,32,9.5,30,170,0,0,0,6,2,0.410526315789474,0.336842105263158,0.242105263157895,0,0,0,1.03206305929602,1.92170570004964
34,1,2,0,1,1,39,17,35,15,0,0,0,6,2,0.198224852071006,0.366863905325444,0.0621301775147929,0,0,0,2.05298470374926,5.95245530002285
34,1,2,0,1,1,70,3.5,40,3,0,0,0,6,2,0.196581196581197,0.401709401709402,0.264957264957265,0,0,0,1.00537839182461,2.28503329999512
34,1,2,0,1,1,47,16,100,5,0,0,0,6,2,0.553191489361702,0.127659574468085,0.148936170212766,0,0,0,15.9238241317273,1.10963349998929
34,1,2,0,1,1,37,14.5,5,175,0,0,0,6,2,0.378640776699029,0.242718446601942,0.174757281553398,0,0,0,0.529293521191796,2.03987390000839
34,1,2,0,1,1,61,15,75,225,0,0,0,6,2,0.254545454545455,0.409090909090909,0.127272727272727,0,0,0,2.98448751455834,2.16910149995238
34,1,2,0,1,1,27,5.25,50,120,0,0,0,6,2,0.365384615384615,0.365384615384615,0,0,0,0,2.01605899932928,1.19694340002025
34,1,2,0,1,1,13,19.5,5,7,0,0,0,6,2,0.232323232323232,0.444444444444444,0,0,0,0,1.00306810563501,1.97329990001163
34,1,2,0,1,1,36,14,15,40,0,0,0,6,2,0.257575757575758,0.378787878787879,0.181818181818182,0,0,0,1.02500325524284,1.43588050000835
34,1,2,0,1,1,63,5.5,70,40,0,0,0,6,2,0.338709677419355,0.354838709677419,0.161290322580645,0,0,0,2.0112614124296,1.36857519997284
34,1,2,0,1,1,43,3,30,0,0,0,0,6,2,0.320754716981132,0.566037735849057,0,0,0,0,0.469627386029739,1.21789850003552
34,1,2,0,1,1,30,8,75,90,0,0,0,6,2,0.421875,0.296875,0,0,0,0,1.93342680867095,1.39849719998892
34,1,2,0,1,1,21,6,95,55,0,0,0,2,2,0.354330708661417,0.299212598425197,0.236220472440945,0,0,0,3.16839409005159,2.4510675999918
34,1,2,0,1,1,77,12,75,25,0,0,0,2,2,0.290697674418605,0.302325581395349,0.383720930232558,0,0,0,4.08195278496335,1.76849639997818
34,1,2,0,1,1,1,5,50,0,0,0,0,2,2,0.234567901234568,0.119341563786008,0.390946502057613,0,0,0,2.05291755082738,4.37610959995072
34,1,2,0,1,1,53,14,90,60,0,0,0,2,2,0.208791208791209,0.285714285714286,0.318681318681319,0,0,0,5.03105437672719,1.84123469999759
34,1,2,0,1,1,7,16.75,65,75,0,0,0,2,2,0.344086021505376,0.32258064516129,0.301075268817204,0,0,0,4.02348382980894,1.88357760000508
34,1,2,0,1,1,81,14,55,5,0,0,0,2,2,0.34375,0.3125,0.296875,0,0,0,4.02118179370215,1.39298659999622
34,1,2,0,1,1,46,2,55,70,0,0,0,2,2,0.253333333333333,0.213333333333333,0.386666666666667,0,0,0,0.352500157725732,1.57818410004256
34,1,2,0,1,1,26,4,45,50,0,0,0,2,2,0.0819672131147541,0.409836065573771,0.360655737704918,0,0,0,1.03443779722067,1.35031630005687
34,1,2,0,1,1,49,16,50,20,0,0,0,2,2,0.320512820512821,0.243589743589744,0.301282051282051,0,0,0,2.02990165582899,2.92714789998718
34,1,2,0,1,1,10,19.5,10,125,0,0,0,2,2,0.53968253968254,0.126984126984127,0.253968253968254,0,0,0,1.04176341126402,1.3794519000221
34,1,2,0,1,1,78,8.25,20,5,0,0,0,2,2,0.508474576271186,0.347457627118644,0.11864406779661,0,0,0,2.03457778127951,2.30282320000697
34,1,2,0,1,1,65,1.75,80,10,0,0,0,2,2,0.440677966101695,0.423728813559322,0.305084745762712,0,0,0,0.97954595687246,1.31998059997568
34,1,2,0,1,1,76,4,35,70,0,0,0,2,2,0.392592592592593,0.259259259259259,0.222222222222222,0,0,0,1.06101488097066,2.57006820000242
34,1,2,0,1,1,20,15.75,35,30,0,0,0,2,2,0.405063291139241,0.240506329113924,0.30379746835443,0,0,0,1.02500325524284,1.65161830000579
34,1,2,0,1,1,19,17.5,25,40,0,0,0,3,2,0.36875,0.2625,0.28125,0,0,0,1.58808246292395,3.0022403000039
34,1,2,0,1,1,16,16,65,95,0,0,0,3,2,0.317647058823529,0.247058823529412,0.282352941176471,0,0,0,4.05010257550903,1.74916579999262
34,1,2,0,1,1,45,13.5,55,65,0,0,0,3,2,0.436619718309859,0.154929577464789,0.436619718309859,0,0,0,4.06479560775036,1.51823329995386
34,1,2,0,1,1,6,19,20,175,0,0,0,3,2,0.441860465116279,0.290697674418605,0.244186046511628,0,0,0,1.91861231418443,1.77179159998195
34,1,2,0,1,1,57,10,50,95,0,0,0,3,2,0.443181818181818,0.284090909090909,0.215909090909091,0,0,0,2.55267086770887,1.79006889997981
34,1,2,0,1,1,33,11,65,190,0,0,0,3,2,0.382716049382716,0.197530864197531,0.234567901234568,0,0,0,3.08905097554824,1.68568149994826
34,1,2,0,1,1,48,7,45,70,0,0,0,3,2,0.397058823529412,0.25,0.235294117647059,0,0,0,2.13221119549191,1.46389429998817
34,1,2,0,1,1,34,12,15,85,0,0,0,3,2,0.345679012345679,0.246913580246914,0.259259259259259,0,0,0,1.09682411402733,1.68033930001548
34,1,2,0,1,1,23,7.75,60,120,0,0,0,3,2,0.388888888888889,0.277777777777778,0.240740740740741,0,0,0,3.04910654650096,1.23267170001054
34,1,2,0,1,1,72,6.5,90,60,0,0,0,3,2,0.333333333333333,0.315789473684211,0.263157894736842,0,0,0,3.98915783697319,1.27605739998398
34,1,2,0,1,1,75,6,85,45,0,0,0,3,2,0.445086705202312,0.433526011560694,0.109826589595376,0,0,0,2.96485286776519,3.21745799999917
34,1,2,0,1,1,82,9.5,20,25,0,0,0,3,2,0.452229299363057,0.369426751592357,0.101910828025478,0,0,0,1.02267121716315,2.94664899999043
34,1,2,0,1,1,15,17.25,25,55,0,0,0,3,2,0.696682464454976,0.260663507109005,0.00947867298578199,0,0,0,1.48125526826403,3.848650800006
34,1,2,0,1,1,42,20,30,170,0,0,0,3,2,0.513513513513513,0.108108108108108,0.216216216216216,0,0,0,1.06312354797933,0.940998100035358
34,1,2,0,1,1,83,17,80,200,0,0,0,1,2,0.379310344827586,0.310344827586207,0.25,0,0,0,3.93680721684237,2.28096399997594
34,1,2,0,1,1,55,16.5,25,155,0,0,0,1,2,0.32258064516129,0.258064516129032,0.161290322580645,0,0,0,2.04832764699134,1.37062449997757
34,1,2,0,1,1,74,7,40,120,0,0,0,1,2,0.341463414634146,0.414634146341463,0.109756097560976,0,0,0,1.96493244739531,1.7002966
34,1,2,0,1,1,31,8.5,50,22,0,0,0,1,2,0.448275862068966,0.310344827586207,0.206896551724138,0,0,0,2.63722441888103,1.29297740000766
34,1,2,0,1,1,73,5,70,14,0,0,0,1,2,0.173913043478261,0.391304347826087,0.282608695652174,0,0,0,2.06680712403991,1.09831690002466
34,1,2,0,1,1,24,19,70,150,0,0,0,1,2,0.468085106382979,0.425531914893617,0,0,0,0,3.9879173398629,1.10559160000412
34,1,2,0,1,1,51,1,40,3,0,0,0,1,2,0.275862068965517,0.293103448275862,0.224137931034483,0,0,0,0.147339375189432,1.29364390001865
34,1,2,0,1,1,68,2.5,65,25,0,0,0,1,2,0.24,0.42,0.14,0,0,0,0.766145490481403,1.16559630003758
34,1,2,0,1,1,62,10,95,135,0,0,0,1,2,0.215686274509804,0.352941176470588,0.254901960784314,0,0,0,4.00304148723374,1.17074080003658
34,1,2,0,1,1,69,1.5,95,20,0,0,0,1,2,0.162790697674419,0.534883720930233,0.209302325581395,0,0,0,1.01291767143232,1.04791209998075
34,1,2,0,1,1,4,8.5,20,90,0,0,0,1,2,0.346938775510204,0.489795918367347,0,0,0,0,1.12292323283226,1.15691299998434
34,1,2,0,1,1,67,8.5,50,105,0,0,0,1,2,0.380952380952381,0.5,0,0,0,0,3.03707545485702,1.03679809998721
34,1,2,0,1,1,64,19.5,65,45,0,0,0,1,2,0.333333333333333,0.555555555555556,0.0277777777777778,0,0,0,4.05010257550903,0.93254499998875
34,1,2,0,1,1,14,16.75,45,145,0,0,0,1,2,0.297872340425532,0.425531914893617,0,0,0,0,3.00396027555258,1.11742789996788
34,1,2,0,1,1,60,15,35,31,0,0,0,5,2,0.463576158940397,0.33112582781457,0.152317880794702,0,0,0,1.83434022170806,2.85350309999194
34,1,2,0,1,1,38,15.5,40,215,0,0,0,5,2,0.14367816091954,0.21264367816092,0.103448275862069,0,0,0,1.83174846442292,3.22964400000637
34,1,2,0,1,1,44,5,40,65,0,0,0,5,2,0.26605504587156,0.321100917431193,0.321100917431193,0,0,0,1.09620077145382,2.15344909997657
34,1,2,0,1,1,18,18.75,80,250,0,0,0,5,2,0.34,0.32,0.26,0,0,0,3.97218434396365,1.16410620004172
34,1,2,0,1,1,9,2,30,19,0,0,0,5,2,0.361702127659574,0.191489361702128,0.361702127659574,0,0,0,0.971795806950578,1.11031789996196
34,1,2,0,1,1,52,18.5,10,85,0,0,0,5,2,0.322033898305085,0.305084745762712,0.271186440677966,0,0,0,1.02034967565935,1.31936200003838
34,1,2,0,1,1,11,18.25,70,55,0,0,0,5,2,0.4125,0.3,0.0125,0,0,0,2.96478499712986,1.6700902999728
34,1,2,0,1,1,66,10,90,80,0,0,0,5,2,0.403846153846154,0.173076923076923,0.326923076923077,0,0,0,4.00625727971506,1.19219670002349
34,1,2,0,1,1,8,16,15,20,0,0,0,5,2,0.583333333333333,0.333333333333333,0.0555555555555556,0,0,0,1.08448915058861,1.53558139997767
34,1,2,0,1,1,71,6,25,45,0,0,0,5,2,0.423076923076923,0.307692307692308,0.25,0,0,0,1.02999816656766,1.19753380003385
34,1,2,0,1,1,58,14,45,20,0,0,0,5,2,0.552631578947368,0.184210526315789,0.0526315789473684,0,0,0,2.65654488590232,0.95600220002234
34,1,2,0,1,1,59,2,80,110,0,0,0,5,2,0.475,0.125,0,0,0,0,0.987186343040655,1.00534000003245
34,1,2,0,1,1,79,10,10,140,0,0,0,5,2,0.344827586206897,0.327586206896552,0.206896551724138,0,0,0,0.204818424420349,1.29077569994843
34,1,2,0,1,1,17,3.25,85,205,0,0,0,5,2,0.285714285714286,0.314285714285714,0.214285714285714,0,0,0,2.03457778127951,1.49257190001663
34,2,2,0,0,1,75,6,100,45,0,0,0,4,6,0.323353293413174,0.239520958083832,0.135728542914172,0,0,0,5.8006730001537,8.67937769996934
34,2,2,0,0,1,69,1.5,100,20,0,0,0,4,6,0.112068965517241,0.0775862068965517,0.0905172413793103,0,0,0,1.10183623565636,4.19121570000425
34,2,2,0,0,1,15,17.25,100,55,0,0,0,4,6,0.350649350649351,0.220779220779221,0.285714285714286,0,0,0,17.0549110962719,1.60676509991754
34,2,2,0,0,1,77,12,100,25,0,0,0,4,6,0.281553398058252,0.135922330097087,0.16504854368932,0,0,0,11.118784744321,2.04374530003406
34,2,2,0,0,1,22,20,100,165,0,0,0,4,6,0.215686274509804,0.372549019607843,0.215686274509804,0,0,0,18.9870823285677,1.18444640003145
34,2,2,0,0,1,42,20,100,170,0,0,0,4,6,0.380952380952381,0.222222222222222,0.206349206349206,0,0,0,19.0259688709068,1.38330650003627
34,2,2,0,0,1,57,10,100,95,0,0,0,4,6,0.398058252427184,0.194174757281553,0.174757281553398,0,0,0,9.05784994952804,2.05508219997864
34,2,2,0,0,1,35,13,100,30,0,0,0,4,6,0.378787878787879,0.272727272727273,0.287878787878788,0,0,0,11.9186123141844,1.43571830005385
34,2,2,0,0,1,40,18,100,110,0,0,0,4,6,0.289473684210526,0.289473684210526,0.197368421052632,0,0,0,16.9561657630674,1.58908279996831
34,2,2,0,0,1,82,9.5,100,25,0,0,0,4,6,0.6,0.3,0.0833333333333333,0,0,0,8.51126808676868,1.32684570003767
34,2,2,0,0,1,62,10,100,135,0,0,0,4,6,0.476190476190476,0.214285714285714,0.142857142857143,0,0,0,8.97965032434066,1.73577749996912
34,2,2,0,0,1,34,12,100,85,0,0,0,4,6,0.391891891891892,0.202702702702703,0.324324324324324,0,0,0,10.8930267284656,1.56080239999574
34,2,2,0,0,1,65,1.75,100,10,0,0,0,4,6,0.366666666666667,0.333333333333333,0.133333333333333,0,0,0,0.764384945722519,1.82806770002935
34,2,2,0,0,1,74,7,100,120,0,0,0,4,6,0.34,0.24,0.22,0,0,0,6.02400252053495,1.9914816999808
34,2,2,0,0,1,8,16,100,20,0,0,0,5,6,0.29608938547486,0.173184357541899,0.494413407821229,0,0,0,14.9688443055511,6.29945269995369
34,2,2,0,0,1,59,2,100,110,0,0,0,5,6,0.355932203389831,0.220338983050847,0.355932203389831,0,0,0,1.04895128484505,1.30604279995896
34,2,2,0,0,1,3,15,100,14,0,0,0,5,6,0.322033898305085,0,0.474576271186441,0,0,0,13.9214830656289,1.30792809999548
34,2,2,0,0,1,55,16.5,100,155,0,0,0,5,6,0.303030303030303,0.242424242424242,0.287878787878788,0,0,0,15.4128099006032,1.43117100000381
34,2,2,0,0,1,9,2,100,19,0,0,0,5,6,0.218181818181818,0.363636363636364,0.327272727272727,0,0,0,1.01757090488666,1.25144979998004
34,2,2,0,0,1,48,7,100,70,0,0,0,5,6,0.337662337662338,0.376623376623377,0.233766233766234,0,0,0,6.06158774137797,1.61149140005
34,2,2,0,0,1,11,18.25,100,55,0,0,0,5,6,0.478260869565217,0.239130434782609,0.184782608695652,0,0,0,17.054877230816,1.86885789991356
34,2,2,0,0,1,70,3.5,100,3,0,0,0,5,6,0.352112676056338,0.295774647887324,0.295774647887324,0,0,0,2.43874434261411,1.52149930002633
34,2,2,0,0,1,46,2,100,70,0,0,0,5,6,0.339285714285714,0.303571428571429,0.303571428571429,0,0,0,0.998478980309287,1.25990810000803
34,2,2,0,0,1,10,19.5,100,125,0,0,0,5,6,0.282485875706215,0.282485875706215,0.322033898305085,0,0,0,18.4261594146711,3.27988010004628
34,2,2,0,0,1,81,14,100,5,0,0,0,5,6,0.408163265306122,0.122448979591837,0.183673469387755,0,0,0,12.9773423659971,1.15609919989947
34,2,2,0,0,1,63,5.5,100,40,0,0,0,5,6,0.388059701492537,0.238805970149254,0.298507462686567,0,0,0,4.48272139688738,1.44029850000516
34,2,2,0,0,1,14,16.75,100,145,0,0,0,5,6,0.207207207207207,0.36036036036036,0.0720720720720721,0,0,0,15.5883569929575,2.18396699998993
34,2,2,0,0,1,30,8,100,90,0,0,0,5,6,0.366666666666667,0.366666666666667,0.133333333333333,0,0,0,7.02881944128022,1.32404149998911
34,2,2,0,0,1,54,9.25,100,4,0,0,0,6,6,0.3,0.2375,0.3375,0,0,0,8.18803570613868,1.65828159998637
34,2,2,0,0,1,80,8,100,125,0,0,0,6,6,0.465346534653465,0.257425742574257,0.267326732673267,0,0,0,7.00290193062794,2.01452530000824
34,2,2,0,0,1,6,19,100,175,0,0,0,6,6,0.324137931034483,0.310344827586207,0.337931034482759,0,0,0,17.9887385875704,2.74928210000508
34,2,2,0,0,1,33,11,100,190,0,0,0,6,6,0.037037037037037,0.358024691358025,0.259259259259259,0,0,0,10,1.67591599992011
34,2,2,0,0,1,39,17,100,15,0,0,0,6,6,0.309090909090909,0.163636363636364,0.436363636363636,0,0,0,16.0088035895846,1.24706209998112
34,2,2,0,0,1,17,3.25,100,205,0,0,0,6,6,0.256756756756757,0.283783783783784,0.324324324324324,0,0,0,1.98787616201406,1.55564059992321
34,2,2,0,0,1,20,15.75,100,30,0,0,0,6,6,0.477611940298507,0.149253731343284,0.223880597014925,0,0,0,14.7834058919448,2.56806980003603
34,2,2,0,0,1,72,6.5,100,60,0,0,0,6,6,0.46969696969697,0.393939393939394,0.303030303030303,0,0,0,5.49667305243608,1.42475650005508
34,2,2,0,0,1,52,18.5,100,85,0,0,0,6,6,0.437037037037037,0.2,0.177777777777778,0,0,0,17.35686942422,2.57667169999331
34,2,2,0,0,1,5,20,100,15,0,0,0,6,6,0.413793103448276,0.327586206896552,0.224137931034483,0,0,0,19.0259688709068,1.30123380001169
34,2,2,0,0,1,60,15,100,31,0,0,0,6,6,0.333333333333333,0.344961240310078,0.13953488372093,0,0,0,13.9554688843307,4.62555799994152
34,2,2,0,0,1,53,14,100,60,0,0,0,6,6,0.290322580645161,0.354838709677419,0.290322580645161,0,0,0,12.9253659005745,1.36396829993464
34,2,2,0,0,1,18,18.75,100,250,0,0,0,6,6,0.388888888888889,0.263888888888889,0.277777777777778,0,0,0,16.9826990675861,1.53759959992021
34,2,2,0,0,1,32,9.5,100,170,0,0,0,6,6,0.319444444444444,0.291666666666667,0.208333333333333,0,0,0,8.05199094687701,1.53688160004094
34,2,2,0,0,1,41,19,100,245,0,0,0,2,6,0.363636363636364,0.0545454545454545,0.363636363636364,0,0,0,17.8448825545139,2.1618081999477
34,2,2,0,0,1,26,4,100,50,0,0,0,2,6,0.317460317460317,0.238095238095238,0.301587301587302,0,0,0,3.08976035388988,1.37971200002357
34,2,2,0,0,1,66,10,100,80,0,0,0,2,6,0.380952380952381,0.202380952380952,0.321428571428571,0,0,0,8.99923167456845,1.73589430004358
34,2,2,0,0,1,67,8.5,100,105,0,0,0,2,6,0.26,0.08,0.42,0,0,0,7.46292731356472,1.17130690009799
34,2,2,0,0,1,45,13.5,100,65,0,0,0,2,6,0.629955947136564,0.0220264317180617,0.136563876651982,0,0,0,12.5042722267587,4.10833380010445
34,2,2,0,0,1,19,17.5,100,40,0,0,0,2,6,0.33457249070632,0.141263940520446,0.434944237918216,0,0,0,16.3830692800511,4.80982929992024
34,2,2,0,0,1,47,16,100,5,0,0,0,2,6,0.125,0.0208333333333333,0.354166666666667,0,0,0,14.9896820224483,1.13011009991169
34,2,2,0,0,1,25,9,100,160,0,0,0,2,6,0.211538461538462,0.403846153846154,0.519230769230769,0,0,0,8.02612741103361,1.19509890000336
34,2,2,0,0,1,1,5,100,0,0,0,0,2,6,0.5,0.0555555555555556,0.233333333333333,0,0,0,4.05114259146444,1.84394029993564
34,2,2,0,0,1,78,8.25,100,5,0,0,0,2,6,0.22680412371134,0.22680412371134,0.329896907216495,0,0,0,6.97672721528036,1.9475690999534
34,2,2,0,0,1,49,16,100,20,0,0,0,2,6,0.238805970149254,0.253731343283582,0.447761194029851,0,0,0,15,1.45435589994304
34,2,2,0,0,1,44,5,100,65,0,0,0,2,6,0.307692307692308,0.211538461538462,0.0576923076923077,0,0,0,3.99445447814545,1.1920919000404
34,2,2,0,0,1,50,2.5,100,10,0,0,0,2,6,0.323076923076923,0.276923076923077,0.307692307692308,0,0,0,1.2883889304755,1.4163807000732
34,2,2,0,0,1,31,8.5,100,22,0,0,0,2,6,0.387878787878788,0.16969696969697,0.193939393939394,0,0,0,7.46079838786423,5.83073349995539
34,2,2,0,0,1,24,19,100,150,0,0,0,1,6,0.175,0.325,0.2,0,0,0,17.9961904925411,1.00015620002523
34,2,2,0,0,1,64,19.5,100,45,0,0,0,1,6,0.315789473684211,0.333333333333333,0.175438596491228,0,0,0,18.4040961190428,1.28445349994581
34,2,2,0,0,1,84,11,100,110,0,0,0,1,6,0.208333333333333,0.354166666666667,0.3125,0,0,0,9.9717059741919,1.13531579996925
34,2,2,0,0,1,28,6,100,7,0,0,0,1,6,0.2,0.422222222222222,0.377777777777778,0,0,0,5.04965732146311,1.08460770000238
34,2,2,0,0,1,76,4,100,70,0,0,0,1,6,0.276595744680851,0.340425531914894,0.340425531914894,0,0,0,3.07467535808431,1.11334090004675
34,2,2,0,0,1,73,5,100,14,0,0,0,1,6,0.153846153846154,0.307692307692308,0.461538461538462,0,0,0,4.01918003919744,0.984234999981709
34,2,2,0,0,1,83,17,100,200,0,0,0,1,6,0.232558139534884,0.325581395348837,0.372093023255814,0,0,0,15.9884285521848,1.05938870005775
34,2,2,0,0,1,56,12,100,210,0,0,0,1,6,0.47887323943662,0.267605633802817,0.112676056338028,0,0,0,11.0557430241062,1.51818669994827
34,2,2,0,0,1,43,3,100,0,0,0,0,1,6,0.274509803921569,0.352941176470588,0.382352941176471,0,0,0,2.01843961435839,2.02302480000071
34,2,2,0,0,1,29,7,100,55,0,0,0,1,6,0.357664233576642,0.321167883211679,0.109489051094891,0,0,0,5.99608439527571,2.61592069990002
34,2,2,0,0,1,13,19.5,100,7,0,0,0,1,6,0.323076923076923,0.292307692307692,0.353846153846154,0,0,0,18.4989909244541,1.41361950000282
34,2,2,0,0,1,71,6,100,45,0,0,0,1,6,0.255813953488372,0.325581395348837,0.302325581395349,0,0,0,5.07467338130625,1.06278859998565
34,2,2,0,0,1,58,14,100,20,0,0,0,1,6,0.287037037037037,0.398148148148148,0.268518518518519,0,0,0,13.0290872183221,2.13481479999609
34,2,2,0,0,1,12,12,100,1,0,0,0,1,6,0.232876712328767,0.424657534246575,0.136986301369863,0,0,0,10.9890795592102,1.55568870005663
34,2,2,0,0,1,61,15,100,225,0,0,0,3,6,0.727272727272727,0,0,0,0,0,13.952950836424,0.884951299987733
34,2,2,0,0,1,21,6,100,55,0,0,0,3,6,0.342105263157895,0,0.342105263157895,0,0,0,5.02656256236476,0.95937210007105
34,2,2,0,0,1,37,14.5,100,175,0,0,0,3,6,0.271428571428571,0.242857142857143,0.0285714285714286,0,0,0,13.4934485988378,1.49923479999416
34,2,2,0,0,1,27,5.25,100,120,0,0,0,3,6,0.455555555555556,0.211111111111111,0.266666666666667,0,0,0,4.19911516749275,1.82642779999878
34,2,2,0,0,1,68,2.5,100,25,0,0,0,3,6,0.386363636363636,0.0454545454545455,0.409090909090909,0,0,0,0.987155752351526,1.05951859999914
34,2,2,0,0,1,36,14,100,40,0,0,0,3,6,0.366666666666667,0.344444444444444,0.155555555555556,0,0,0,12.9634506887345,1.82030360004865
34,2,2,0,0,1,79,10,100,140,0,0,0,3,6,0.473684210526316,0.298245614035088,0.140350877192982,0,0,0,8.98284514254065,1.28171999996994
34,2,2,0,0,1,23,7.75,100,120,0,0,0,3,6,0.581818181818182,0.345454545454545,0.109090909090909,0,0,0,6.70000759018388,1.24924310005736
34,2,2,0,0,1,38,15.5,100,215,0,0,0,3,6,0.411764705882353,0.220588235294118,0.0441176470588235,0,0,0,14.4666848762328,1.46747500007041
34,2,2,0,0,1,4,8.5,100,90,0,0,0,3,6,0.350877192982456,0.315789473684211,0.0175438596491228,0,0,0,7.19635207519907,1.27384609996807
34,2,2,0,0,1,2,7.5,100,25,0,0,0,3,6,0.274509803921569,0.392156862745098,0.0392156862745098,0,0,0,6.49952592008842,1.18624810001347
34,2,2,0,0,1,51,1,100,3,0,0,0,3,6,0.291666666666667,0.308333333333333,0.308333333333333,0,0,0,0.308511502655811,2.33479210000951
34,2,2,0,0,1,16,16,100,95,0,0,0,3,6,0.45045045045045,0.198198198198198,0.171171171171171,0,0,0,15.0467406999486,2.17999489989597
34,2,2,0,0,1,7,16.75,100,75,0,0,0,3,6,0.542857142857143,0.0571428571428571,0.0857142857142857,0,0,0,15.7649708985986,1.50441440008581
34,3,2,0,1,0,52,18.5,10,0,0,0,0,5,4,0.135761589403974,0.152317880794702,0.149006622516556,0,0,0,1.04045316803069,5.36224819999188
34,3,2,0,1,0,49,16,50,0,0,0,0,5,4,0.403225806451613,0.241935483870968,0.290322580645161,0,0,0,2.0035687466344,1.36586060002446
34,3,2,0,1,0,39,17,35,0,0,0,0,5,4,0.479452054794521,0.287671232876712,0.164383561643836,0,0,0,2.0035687466344,1.54808600014076
34,3,2,0,1,0,78,8.25,20,0,0,0,0,5,4,0.3125,0.296875,0.15625,0,0,0,1.93553860388253,2.46971340011805
34,3,2,0,1,0,26,4,45,0,0,0,0,5,4,0.338461538461538,0.338461538461538,0.215384615384615,0,0,0,2.15711277202895,1.40629020007327
34,3,2,0,1,0,7,16.75,65,0,0,0,0,5,4,0.485294117647059,0.25,0.235294117647059,0,0,0,3.05965081167515,1.46664709993638
34,3,2,0,1,0,48,7,45,0,0,0,0,5,4,0.213483146067416,0.269662921348315,0.123595505617978,0,0,0,2.32127601111385,1.81726070004515
34,3,2,0,1,0,28,6,25,0,0,0,0,5,4,0.411111111111111,0.3,0.233333333333333,0,0,0,1.23302239965739,1.83300929982215
34,3,2,0,1,0,54,9.25,40,0,0,0,0,5,4,0.403846153846154,0.288461538461538,0.269230769230769,0,0,0,2.01093983606998,1.19673540000804
34,3,2,0,1,0,58,14,45,0,0,0,0,5,4,0.314814814814815,0.351851851851852,0.277777777777778,0,0,0,2.17073943756982,1.23471719981171
34,3,2,0,1,0,22,20,90,0,0,0,0,5,4,0.51219512195122,0.146341463414634,0.268292682926829,0,0,0,5.18850645625854,1.01993499998935
34,3,2,0,1,0,36,14,15,0,0,0,0,5,4,0.382022471910112,0.359550561797753,0.179775280898876,0,0,0,0.826191993608496,1.81113889999688
34,3,2,0,1,0,5,20,85,0,0,0,0,5,4,0.46551724137931,0.137931034482759,0.293103448275862,0,0,0,5.19836272247002,1.29987760004587
34,3,2,0,1,0,51,1,40,0,0,0,0,5,4,0.350877192982456,0.280701754385965,0.245614035087719,0,0,0,0.418085447055663,1.28695039986633
34,3,2,0,1,0,46,2,55,0,0,0,0,3,4,0.362068965517241,0.362068965517241,0.206896551724138,0,0,0,0.949238230316741,1.2944104000926
34,3,2,0,1,0,25,9,60,0,0,0,0,3,4,0.5,0.0714285714285714,0.238095238095238,0,0,0,2.17326796398782,1.02887040004134
34,3,2,0,1,0,50,2.5,90,0,0,0,0,3,4,0.434782608695652,0.239130434782609,0.282608695652174,0,0,0,1.50867040342435,1.09145530010574
34,3,2,0,1,0,66,10,90,0,0,0,0,3,4,0.375,0.291666666666667,0.25,0,0,0,2.99780341313587,1.1378190999385
34,3,2,0,1,0,83,17,80,0,0,0,0,3,4,0.525423728813559,0.23728813559322,0.186440677966102,0,0,0,4.02529804985511,1.30693419999443
34,3,2,0,1,0,30,8,75,0,0,0,0,3,4,0.460869565217391,0.308695652173913,0.0652173913043478,0,0,0,3.04903559311753,4.15516059985384
34,3,2,0,1,0,57,10,50,0,0,0,0,3,4,0.696969696969697,0.0606060606060606,0.0909090909090909,0,0,0,3.10132760631701,0.874439799925312
34,3,2,0,1,0,21,6,95,0,0,0,0,3,4,0.435897435897436,0.179487179487179,0.307692307692308,0,0,0,3.02012345394191,0.980980899883434
34,3,2,0,1,0,17,3.25,85,0,0,0,0,3,4,0.48780487804878,0.390243902439024,0,0,0,0,3.02643969386098,1.01895269984379
34,3,2,0,1,0,3,15,85,0,0,0,0,3,4,0.67741935483871,0,0.225806451612903,0,0,0,3.63385928633354,0.842173499986529
34,3,2,0,1,0,47,16,100,0,0,0,0,3,4,0.455882352941176,0.205882352941176,0.147058823529412,0,0,0,15.015680258251,1.46289870003238
34,3,2,0,1,0,6,19,20,0,0,0,0,3,4,0.686567164179104,0.238805970149254,0,0,0,0,1.94575931870107,1.45182379987091
34,3,2,0,1,0,64,19.5,65,0,0,0,0,3,4,0.477272727272727,0.257575757575758,0.0833333333333333,0,0,0,2.9872941907249,2.52814609999768
34,3,2,0,1,0,32,9.5,30,0,0,0,0,3,4,0.414285714285714,0.157142857142857,0.157142857142857,0,0,0,1.97798578349899,1.48941670008935
34,3,2,0,1,0,60,15,35,0,0,0,0,6,4,0.269767441860465,0.530232558139535,0.158139534883721,0,0,0,1.99571564046523,3.92479850002564
34,3,2,0,1,0,42,20,30,0,0,0,0,6,4,0.305882352941176,0.411764705882353,0.211764705882353,0,0,0,2.0241216886472,1.7552990000695
34,3,2,0,1,0,8,16,15,0,0,0,0,6,4,0.408163265306122,0.469387755102041,0.0204081632653061,0,0,0,1.50175173354834,1.1531945001334
34,3,2,0,1,0,31,8.5,50,0,0,0,0,6,4,0.207547169811321,0.19811320754717,0.254716981132075,0,0,0,2.01334889061476,2.09157540020533
34,3,2,0,1,0,67,8.5,50,0,0,0,0,6,4,0.4,0.4,0.0625,0,0,0,2.007919548593,1.65585800004192
34,3,2,0,1,0,12,12,35,0,0,0,0,6,4,0.482142857142857,0.392857142857143,0.0178571428571429,0,0,0,2.0515477770777,1.26125860004686
34,3,2,0,1,0,70,3.5,40,0,0,0,0,6,4,0.416666666666667,0.429487179487179,0.147435897435897,0,0,0,1.95114133908897,2.93117690016516
34,3,2,0,1,0,68,2.5,65,0,0,0,0,6,4,0.377358490566038,0.433962264150943,0.150943396226415,0,0,0,2.51502393976938,1.2060132001061
34,3,2,0,1,0,56,12,90,0,0,0,0,6,4,0.571428571428571,0.285714285714286,0,0,0,0,4.04529638048279,0.905181099893525
34,3,2,0,1,0,79,10,10,0,0,0,0,6,4,0.259259259259259,0.444444444444444,0,0,0,0,0.240623916989207,1.23865800001658
34,3,2,0,1,0,53,14,90,0,0,0,0,6,4,0.416666666666667,0.388888888888889,0,0,0,0,4.57621390730107,0.933128899894655
34,3,2,0,1,0,4,8.5,20,0,0,0,0,6,4,0.375,0.475,0.075,0,0,0,1.95331682518392,1.00268619996496
34,3,2,0,1,0,19,17.5,25,0,0,0,0,6,4,0.3125,0.5,0.0625,0,0,0,2.06576924095109,1.12841000012122
34,3,2,0,1,0,27,5.25,50,0,0,0,0,6,4,0.408163265306122,0.387755102040816,0.102040816326531,0,0,0,2.50702495521869,1.14902680017985
34,3,2,0,1,0,65,1.75,80,0,0,0,0,4,4,0.549019607843137,0.313725490196078,0.0196078431372549,0,0,0,1.00414820395056,1.18264160002582
34,3,2,0,1,0,23,7.75,60,0,0,0,0,4,4,0.46,0.326666666666667,0.0133333333333333,0,0,0,2.0145649820894,2.83558519999497
34,3,2,0,1,0,74,7,40,0,0,0,0,4,4,0.25531914893617,0.319148936170213,0.276595744680851,0,0,0,2.1375494390916,1.12098399992101
34,3,2,0,1,0,61,15,75,0,0,0,0,4,4,0.509090909090909,0.381818181818182,0.0545454545454545,0,0,0,3.48882860926014,1.2433241000399
34,3,2,0,1,0,37,14.5,5,0,0,0,0,4,4,0.37037037037037,0.246913580246914,0.197530864197531,0,0,0,0.503808478291244,1.68035409995355
34,3,2,0,1,0,84,11,50,0,0,0,0,4,4,0.410714285714286,0.321428571428571,0,0,0,0,3.02771546670903,2.20295569999143
34,3,2,0,1,0,44,5,40,0,0,0,0,4,4,0.444444444444444,0.422222222222222,0.111111111111111,0,0,0,2.00696486520652,1.07253140001558
34,3,2,0,1,0,14,16.75,45,0,0,0,0,4,4,0.535714285714286,0.410714285714286,0,0,0,0,2.58721913292611,1.26566119980998
34,3,2,0,1,0,20,15.75,35,0,0,0,0,4,4,0.4375,0.354166666666667,0.0625,0,0,0,2.50254794834131,1.13424300006591
34,3,2,0,1,0,40,18,15,0,0,0,0,4,4,0.7,0.175,0,0,0,0,1.9984628882659,0.996150899911299
34,3,2,0,1,0,1,5,50,0,0,0,0,4,4,0.488372093023256,0.348837209302326,0,0,0,0,2.00905266856835,1.04784800019115
34,3,2,0,1,0,15,17.25,25,0,0,0,0,4,4,0.473684210526316,0.421052631578947,0,0,0,0,2.01087985700713,0.965619700029492
34,3,2,0,1,0,69,1.5,95,0,0,0,0,4,4,0.575757575757576,0.242424242424242,0,0,0,0,0.988222312787329,0.875814500031993
34,3,2,0,1,0,10,19.5,10,0,0,0,0,4,4,0.3125,0.395833333333333,0.208333333333333,0,0,0,0.974529253636906,1.12388110021129
34,3,2,0,1,0,81,14,55,0,0,0,0,1,4,0.393939393939394,0.318181818181818,0.121212121212121,0,0,0,1.91571771099333,2.53068280010484
34,3,2,0,1,0,16,16,65,0,0,0,0,1,4,0.333333333333333,0.454545454545455,0.181818181818182,0,0,0,2.98568555237751,1.42381890001707
34,3,2,0,1,0,2,7.5,75,0,0,0,0,1,4,0.25,0.386363636363636,0.272727272727273,0,0,0,3.0143073399304,1.05971920001321
34,3,2,0,1,0,62,10,95,0,0,0,0,1,4,0.166666666666667,0.476190476190476,0.238095238095238,0,0,0,6.00539925318158,1.02554619987495
34,3,2,0,1,0,11,18.25,70,0,0,0,0,1,4,0.48780487804878,0.282926829268293,0.165853658536585,0,0,0,3.95702584691811,3.75345729989931
34,3,2,0,1,0,41,19,65,0,0,0,0,1,4,0.0833333333333333,0.555555555555556,0.222222222222222,0,0,0,3.04316208786055,0.934354800032452
34,3,2,0,1,0,76,4,35,0,0,0,0,1,4,0.307692307692308,0.512820512820513,0,0,0,0,1.96575188331866,0.976546999998391
34,3,2,0,1,0,63,5.5,70,0,0,0,0,1,4,0.211009174311927,0.296636085626911,0.0642201834862385,0,0,0,2.10950460002086,5.77388899982907
34,3,2,0,1,0,82,9.5,20,0,0,0,0,1,4,0.25531914893617,0.446808510638298,0.234042553191489,0,0,0,1.99502340936607,1.11143459985033
34,3,2,0,1,0,55,16.5,25,0,0,0,0,1,4,0.403361344537815,0.277310924369748,0.00840336134453781,0,0,0,2.01374996679144,2.3169274001848
34,3,2,0,1,0,43,3,30,0,0,0,0,1,4,0.285714285714286,0.410714285714286,0.267857142857143,0,0,0,1.22498679960404,1.26796850003302
34,3,2,0,1,0,73,5,70,0,0,0,0,1,4,0.425531914893617,0.468085106382979,0,0,0,0,2.5027607954082,1.11822830000892
34,3,2,0,1,0,9,2,30,0,0,0,0,1,4,0.108695652173913,0.521739130434783,0.239130434782609,0,0,0,0.771649059503734,1.10176599980332
34,3,2,0,1,0,80,8,45,0,0,0,0,1,4,0.102564102564103,0.512820512820513,0.307692307692308,0,0,0,2.02743210586847,0.989650000119582
34,3,2,0,1,0,59,2,80,0,0,0,0,2,4,0.152173913043478,0.391304347826087,0.369565217391304,0,0,0,1.02980881796046,1.08822220005095
34,3,2,0,1,0,77,12,75,0,0,0,0,2,4,0.0869565217391304,0.0434782608695652,0.391304347826087,0,0,0,3.01086606125051,1.0921595999971
34,3,2,0,1,0,45,13.5,55,0,0,0,0,2,4,0.40625,0.265625,0.171875,0,0,0,2.95167235300866,1.40160910016857
34,3,2,0,1,0,29,7,20,0,0,0,0,2,4,0.183673469387755,0.387755102040816,0.306122448979592,0,0,0,2.03318808522569,1.15353470016271
34,3,2,0,1,0,34,12,15,0,0,0,0,2,4,0.25,0.272727272727273,0.431818181818182,0,0,0,1.50378681077384,1.0659717998933
34,3,2,0,1,0,35,13,70,0,0,0,0,2,4,0.26530612244898,0.285714285714286,0.26530612244898,0,0,0,3.04885866091103,1.14772469992749
34,3,2,0,1,0,18,18.75,80,0,0,0,0,2,4,0.175,0.45,0.35,0,0,0,4.12740963311353,0.999014800181612
34,3,2,0,1,0,13,19.5,5,0,0,0,0,2,4,0.222222222222222,0.488888888888889,0.222222222222222,0,0,0,0.516554194015551,1.07178200013004
34,3,2,0,1,0,24,19,70,0,0,0,0,2,4,0.38,0.52,0,0,0,0,3.52646889514273,1.16681870003231
34,3,2,0,1,0,38,15.5,40,0,0,0,0,2,4,0.5,0.239393939393939,0.0545454545454545,0,0,0,2.25605263444005,5.82424880005419
34,3,2,0,1,0,72,6.5,90,0,0,0,0,2,4,0.368421052631579,0.552631578947368,0.0263157894736842,0,0,0,3.49155934070458,0.960215699858963
34,3,2,0,1,0,33,11,65,0,0,0,0,2,4,0.232558139534884,0.372093023255814,0.232558139534884,0,0,0,3.22711671629776,1.05197750008665
34,3,2,0,1,0,75,6,85,0,0,0,0,2,4,0.142857142857143,0.485714285714286,0.257142857142857,0,0,0,4.25131344396197,0.918515099911019
34,3,2,0,1,0,71,6,25,0,0,0,0,2,4,0.3,0.575,0.05,0,0,0,1.985711328012,1.00155629985966
35,1,1,0,1,1,61,15,75,225,0,0,0,4,2,0.223711340206186,0.185567010309278,0.24020618556701,0,0,0,8.02350228326039,16.5039660999901
35,1,1,0,1,1,81,14,55,5,0,0,0,4,2,0.537777777777778,0.328888888888889,0.12,0,0,0,7.02212945033838,7.82190680003259
35,1,1,0,1,1,14,16.75,45,145,0,0,0,4,2,0.671848013816926,0.189982728842832,0.0811744386873921,0,0,0,5,9.97727490001125
35,1,1,0,1,1,54,9.25,40,4,0,0,0,4,2,0.538834951456311,0.242718446601942,0.116504854368932,0,0,0,2.96485286776519,3.75439930002904
35,1,1,0,1,1,31,8.5,50,22,0,0,0,4,2,0.387234042553191,0.242553191489362,0.285106382978723,0,0,0,4.24542567886392,4.24131599999964
35,1,1,0,1,1,65,1.75,80,10,0,0,0,4,2,0.523595505617978,0.447191011235955,0.285393258426966,0,0,0,0.498862597500583,7.73440680000931
35,1,1,0,1,1,3,15,85,14,0,0,0,4,2,0.491395793499044,0.196940726577438,0.325047801147228,0,0,0,8.98939315666391,9.04099469998619
35,1,1,0,1,1,23,7.75,60,120,0,0,0,4,2,0.653061224489796,0.209183673469388,0.122448979591837,0,0,0,3.49078183001814,3.59065450000344
35,1,1,0,1,1,39,17,35,15,0,0,0,4,2,0.702097902097902,0.304895104895105,0.135664335664336,0,0,0,4.97926327293716,12.238307600026
35,1,1,0,1,1,60,15,35,31,0,0,0,4,2,0.436170212765957,0.285460992907801,0.25,0,0,0,3.99881005035359,9.7278776000021
35,1,1,0,1,1,62,10,95,135,0,0,0,4,2,0.420074349442379,0.423791821561338,0.312267657992565,0,0,0,6.98907829308647,4.80532049998874
35,1,1,0,1,1,79,10,10,140,0,0,0,4,2,0.404651162790698,0.469767441860465,0.353488372093023,0,0,0,1.00306810563501,3.91422609996516
35,1,1,0,1,1,41,19,65,245,0,0,0,4,2,0.652645861601086,0.245590230664858,0.0257801899592944,0,0,0,8.00230626357663,12.6087161999894
35,1,1,0,1,1,8,16,15,20,0,0,0,4,2,0.574074074074074,0.444444444444444,0.189814814814815,0,0,0,2.00252845350219,3.92013670003507
35,1,1,0,1,1,11,18.25,70,55,0,0,0,6,2,0.712788259958071,0.169811320754717,0.0670859538784067,0,0,0,8.00230626357663,8.28646039997693
35,1,1,0,1,1,76,4,35,70,0,0,0,6,2,0.52191235059761,0.529880478087649,0.0796812749003984,0,0,0,0.498862597500583,4.51611289998982
35,1,1,0,1,1,20,15.75,35,30,0,0,0,6,2,0.634955752212389,0.271017699115044,0.0707964601769911,0,0,0,5,15.3869794000057
35,1,1,0,1,1,25,9,60,160,0,0,0,6,2,0.472826086956522,0.28804347826087,0.184782608695652,0,0,0,2.99733077512318,6.46318530000281
35,1,1,0,1,1,44,5,40,65,0,0,0,6,2,0.429213483146067,0.301123595505618,0.262921348314607,0,0,0,1.24523998728483,7.744589000009
35,1,1,0,1,1,16,16,65,95,0,0,0,6,2,0.520792079207921,0.42970297029703,0.0198019801980198,0,0,0,6.00760431843443,8.73987290001241
35,1,1,0,1,1,10,19.5,10,125,0,0,0,6,2,0.621875,0.275,0.078125,0,0,0,1.01060684333609,5.66060280002421
35,1,1,0,1,1,50,2.5,90,10,0,0,0,6,2,0.77710843373494,0.192771084337349,0.174698795180723,0,0,0,0.545181484061033,3.08984390000114
35,1,1,0,1,1,27,5.25,50,120,0,0,0,6,2,0.473118279569892,0.369175627240143,0.0681003584229391,0,0,0,2.52006217855832,4.97162530000787
35,1,1,0,1,1,21,6,95,55,0,0,0,6,2,0.542416452442159,0.336760925449871,0.0411311053984576,0,0,0,3.00342891776033,6.81430179998279
35,1,1,0,1,1,36,14,15,40,0,0,0,6,2,0.603864734299517,0.231884057971014,0.0821256038647343,0,0,0,2.02100507773903,3.78206739999587
35,1,1,0,1,1,12,12,35,1,0,0,0,6,2,0.570791527313266,0.245261984392419,0.139353400222965,0,0,0,3.99561302184943,15.2728321999894
35,1,1,0,1,1,75,6,85,45,0,0,0,6,2,0.537223340040241,0.348088531187123,0.0784708249496982,0,0,0,3.01696439925755,8.60668209998403
35,1,1,0,1,1,35,13,70,30,0,0,0,6,2,0.353005464480874,0.301639344262295,0.156284153005464,0,0,0,5.99589535350366,15.5632348000072
35,1,1,0,1,1,4,8.5,20,90,0,0,0,5,2,0.425403225806452,0.294354838709677,0.221774193548387,0,0,0,2.00252845350219,8.59806079999544
35,1,1,0,1,1,5,20,85,15,0,0,0,5,2,0.493573264781491,0.347043701799486,0.159383033419023,0,0,0,10,6.80657920002704
35,1,1,0,1,1,22,20,90,165,0,0,0,5,2,0.453658536585366,0.368292682926829,0.136585365853659,0,0,0,11.9980572094899,7.16106850001961
35,1,1,0,1,1,32,9.5,30,170,0,0,0,5,2,0.5,0.1,0.35,0,0,0,1.49553135409547,4.32790769997519
35,1,1,0,1,1,6,19,20,175,0,0,0,5,2,0.428265524625268,0.211991434689507,0.276231263383298,0,0,0,4.01262752307277,8.10092899994925
35,1,1,0,1,1,56,12,90,210,0,0,0,5,2,0.719594594594595,0.108108108108108,0.121621621621622,0,0,0,6.00760431843443,5.25426620000508
35,1,1,0,1,1,70,3.5,40,3,0,0,0,5,2,0.49738219895288,0.225130890052356,0.18848167539267,0,0,0,0.514655805526182,3.50840410002274
35,1,1,0,1,1,42,20,30,170,0,0,0,5,2,0.455465587044534,0.174089068825911,0.265182186234818,0,0,0,3.00396027555258,8.56086610001512
35,1,1,0,1,1,45,13.5,55,65,0,0,0,5,2,0.599056603773585,0.212264150943396,0.174528301886792,0,0,0,6.99709174942781,3.86664009996457
35,1,1,0,1,1,69,1.5,95,20,0,0,0,5,2,0.631372549019608,0.219607843137255,0.12156862745098,0,0,0,1.0466111398018,4.58276969997678
35,1,1,0,1,1,72,6.5,90,60,0,0,0,5,2,0.650793650793651,0.136507936507936,0.155555555555556,0,0,0,3.01001672711843,5.58364379999693
35,1,1,0,1,1,58,14,45,20,0,0,0,5,2,0.771043771043771,0.178451178451178,0,0,0,0,6.98269906758615,5.28377530002035
35,1,1,0,1,1,52,18.5,10,85,0,0,0,5,2,0.850393700787402,0.0341207349081365,0.073490813648294,0,0,0,1.49613423275686,6.679610399995
35,1,1,0,1,1,80,8,45,125,0,0,0,5,2,0.535031847133758,0.235668789808917,0.171974522292994,0,0,0,2.04832764699134,2.93902240000898
35,1,1,0,1,1,53,14,90,60,0,0,0,1,2,0.505263157894737,0.150375939849624,0.308270676691729,0,0,0,9.00380000000551,11.4042412000126
35,1,1,0,1,1,49,16,50,20,0,0,0,1,2,0.345454545454545,0.181818181818182,0.46969696969697,0,0,0,5,5.82822010002565
35,1,1,0,1,1,15,17.25,25,55,0,0,0,1,2,0.537313432835821,0.313432835820896,0.0696517412935323,0,0,0,3.0036932398579,3.68257369997445
35,1,1,0,1,1,73,5,70,14,0,0,0,1,2,0.396551724137931,0.396551724137931,0.185344827586207,0,0,0,0.998478980309287,4.1884590999689
35,1,1,0,1,1,28,6,25,7,0,0,0,1,2,0.531914893617021,0.196808510638298,0.207446808510638,0,0,0,0.495443947238414,3.46730950003257
35,1,1,0,1,1,26,4,45,50,0,0,0,1,2,0.631386861313869,0.313868613138686,0.0547445255474453,0,0,0,0.500012634268963,4.90092839999124
35,1,1,0,1,1,34,12,15,85,0,0,0,1,2,0.589981447124304,0.204081632653061,0.128014842300557,0,0,0,0.98942455448023,9.30222309997771
35,1,1,0,1,1,59,2,80,110,0,0,0,1,2,0.512820512820513,0.262820512820513,0.147435897435897,0,0,0,0.990832753075264,2.93519630003721
35,1,1,0,1,1,84,11,50,110,0,0,0,1,2,0.419354838709677,0.21505376344086,0.247311827956989,0,0,0,5.01025151726407,3.43882430001395
35,1,1,0,1,1,38,15.5,40,215,0,0,0,1,2,0.621700879765396,0.167155425219941,0.175953079178886,0,0,0,2.99756587730808,6.01215229998343
35,1,1,0,1,1,48,7,45,70,0,0,0,1,2,0.672794117647059,0.294117647058824,0.00735294117647059,0,0,0,2.50326644477076,4.86037440004293
35,1,1,0,1,1,68,2.5,65,25,0,0,0,1,2,0.256024096385542,0.325301204819277,0.210843373493976,0,0,0,0.50116797470616,5.85575560003053
35,1,1,0,1,1,17,3.25,85,205,0,0,0,1,2,0.548913043478261,0.28804347826087,0.130434782608696,0,0,0,1.50685440090405,3.40267580002546
35,1,1,0,1,1,19,17.5,25,40,0,0,0,1,2,0.547101449275362,0.36231884057971,0.0833333333333333,0,0,0,3.01001672711843,4.92491150001297
35,1,1,0,1,1,71,6,25,45,0,0,0,2,2,0.21123595505618,0.312359550561798,0.453932584269663,0,0,0,1.50346330994384,7.73789530002978
35,1,1,0,1,1,37,14.5,5,175,0,0,0,2,2,0.570833333333333,0.316666666666667,0.0916666666666667,0,0,0,0.496578289852842,4.33698979998007
35,1,1,0,1,1,40,18,15,110,0,0,0,2,2,0.302880658436214,0.419753086419753,0.0847736625514403,0,0,0,1.49952592008842,20.5671788000036
35,1,1,0,1,1,7,16.75,65,75,0,0,0,2,2,0.688473520249221,0.277258566978193,0.00311526479750779,0,0,0,6.50921816998185,5.67638440005248
35,1,1,0,1,1,24,19,70,150,0,0,0,2,2,0.543795620437956,0.29014598540146,0.0675182481751825,0,0,0,8.0071901117713,9.45114750001812
35,1,1,0,1,1,1,5,50,0,0,0,0,2,2,0.659420289855073,0.231884057971014,0,0,0,0,2.49864969516958,2.63310880004428
35,1,1,0,1,1,83,17,80,200,0,0,0,2,2,0.378947368421053,0.406015037593985,0.156390977443609,0,0,0,5.99909159954309,22.4877986999927
35,1,1,0,1,1,33,11,65,190,0,0,0,2,2,0.203389830508475,0.480225988700565,0.225988700564972,0,0,0,3.9879173398629,3.2725735999993
35,1,1,0,1,1,46,2,55,70,0,0,0,2,2,0.4,0.219047619047619,0.238095238095238,0,0,0,0.250392473068274,2.08150530001149
35,1,1,0,1,1,55,16.5,25,155,0,0,0,2,2,0.342857142857143,0.262857142857143,0.337142857142857,0,0,0,2.00219658686413,3.23712569999043
35,1,1,0,1,1,29,7,20,55,0,0,0,2,2,0.384105960264901,0.380794701986755,0.188741721854305,0,0,0,0.996199999994484,5.35283089999575
35,1,1,0,1,1,2,7.5,75,25,0,0,0,2,2,0.48502994011976,0.29940119760479,0.143712574850299,0,0,0,2.51666602105884,3.11345790000632
35,1,1,0,1,1,64,19.5,65,45,0,0,0,2,2,0.316187594553706,0.329803328290469,0.220877458396369,0,0,0,7.98820680256584,11.3580381000065
35,1,1,0,1,1,57,10,50,95,0,0,0,2,2,0.346938775510204,0.251700680272109,0.346938775510204,0,0,0,4.00097252477044,2.77497930004029
35,1,1,0,1,1,51,1,40,3,0,0,0,3,2,0.182795698924731,0.290322580645161,0.451612903225806,0,0,0,0.249814793594549,3.42103010002756
35,1,1,0,1,1,63,5.5,70,40,0,0,0,3,2,0.534020618556701,0.239175257731959,0.189690721649485,0,0,0,1.50063801680585,8.4022205999936
35,1,1,0,1,1,18,18.75,80,250,0,0,0,3,2,0.610619469026549,0.123893805309735,0.238938053097345,0,0,0,6.00019501361792,7.8698427999625
35,1,1,0,1,1,43,3,30,0,0,0,0,3,2,0.194444444444444,0.607142857142857,0.170634920634921,0,0,0,1.49398961595866,4.52902439999161
35,1,1,0,1,1,30,8,75,90,0,0,0,3,2,0.446327683615819,0.192090395480226,0.333333333333333,0,0,0,2.50096987276623,3.28679689997807
35,1,1,0,1,1,67,8.5,50,105,0,0,0,3,2,0.519053876478318,0.203679369250986,0.243101182654402,0,0,0,2.99733077512318,13.0036253000144
35,1,1,0,1,1,77,12,75,25,0,0,0,3,2,0.355140186915888,0.378504672897196,0.228971962616822,0,0,0,5.9905474396831,3.90086269995663
35,1,1,0,1,1,9,2,30,19,0,0,0,3,2,0.13953488372093,0.372093023255814,0.37984496124031,0,0,0,0.0585380993158324,2.47486610000487
35,1,1,0,1,1,66,10,90,80,0,0,0,3,2,0.48955223880597,0.0328358208955224,0.444776119402985,0,0,0,5,5.91034549998585
35,1,1,0,1,1,82,9.5,20,25,0,0,0,3,2,0.519097222222222,0.145833333333333,0.328125,0,0,0,1.50346330994384,9.91732479998609
35,1,1,0,1,1,78,8.25,20,5,0,0,0,3,2,0.52280701754386,0.210526315789474,0.263157894736842,0,0,0,1.00146715062697,5.07398009998724
35,1,1,0,1,1,13,19.5,5,7,0,0,0,3,2,0.497560975609756,0.24390243902439,0.185365853658537,0,0,0,0.504861961274127,3.73784329998307
35,1,1,0,1,1,47,16,100,5,0,0,0,3,2,0.640883977900553,0.257826887661142,0.0534069981583794,0,0,0,11.0007683254315,9.38443129998632
35,1,1,0,1,1,74,7,40,120,0,0,0,3,2,0.443280977312391,0.204188481675393,0.12216404886562,0,0,0,2.48902419572084,9.87770459998865
35,2,1,0,1,0,21,6,95,0,0,0,0,4,4,0.303303303303303,0.273273273273273,0.0795795795795796,0,0,0,4.00304148723374,11.4366772999056
35,2,1,0,1,0,4,8.5,20,0,0,0,0,4,4,0.463251670378619,0.351893095768374,0.10022271714922,0,0,0,2.24793143526275,7.81650050007738
35,2,1,0,1,0,43,3,30,0,0,0,0,4,4,0.516746411483254,0.23444976076555,0.177033492822967,0,0,0,0.302923443767362,3.8065796000883
35,2,1,0,1,0,20,15.75,35,0,0,0,0,4,4,0.486187845303867,0.331491712707182,0.0469613259668508,0,0,0,2.96485286776519,6.36164479982108
35,2,1,0,1,0,54,9.25,40,0,0,0,0,4,4,0.482412060301508,0.281407035175879,0.0904522613065327,0,0,0,5,3.64271739986725
35,2,1,0,1,0,81,14,55,0,0,0,0,4,4,0.347560975609756,0.26219512195122,0.341463414634146,0,0,0,7.02239623145223,3.05795839987695
35,2,1,0,1,0,10,19.5,10,0,0,0,0,4,4,0.514970059880239,0.275449101796407,0.11377245508982,0,0,0,2.01152922605629,3.11956420005299
35,2,1,0,1,0,2,7.5,75,0,0,0,0,4,4,0.504273504273504,0.348290598290598,0,0,0,0,3.49968206726032,8.12234609993175
35,2,1,0,1,0,9,2,30,0,0,0,0,4,4,0.262172284644195,0.265917602996255,0,0,0,0,0.507635778430647,4.78320029983297
35,2,1,0,1,0,64,19.5,65,0,0,0,0,4,4,0.48780487804878,0.386392811296534,0.0462130937098845,0,0,0,5,13.3033631001599
35,2,1,0,1,0,65,1.75,80,0,0,0,0,4,4,0.618473895582329,0.301204819277108,0.208835341365462,0,0,0,0.743869787831169,4.47441219980828
35,2,1,0,1,0,56,12,90,0,0,0,0,4,4,0.329568788501027,0.417864476386037,0.0195071868583162,0,0,0,5.9905474396831,16.5475109999534
35,2,1,0,1,0,7,16.75,65,0,0,0,0,4,4,0.598615916955017,0.221453287197232,0.0865051903114187,0,0,0,6.99027882066258,5.14379690005444
35,2,1,0,1,0,83,17,80,0,0,0,0,4,4,0.51707779886148,0.266603415559772,0,0,0,0,8.50047407991158,17.8759361000266
35,2,1,0,1,0,19,17.5,25,0,0,0,0,3,4,0.506976744186047,0.26046511627907,0.144186046511628,0,0,0,2.00731477164366,3.90906159998849
35,2,1,0,1,0,82,9.5,20,0,0,0,0,3,4,0.603864734299517,0.241545893719807,0.0531400966183575,0,0,0,1.25381837962066,3.77982329996303
35,2,1,0,1,0,6,19,20,0,0,0,0,3,4,0.563106796116505,0.106796116504854,0.131067961165049,0,0,0,1.49613423275686,3.76514909998514
35,2,1,0,1,0,46,2,55,0,0,0,0,3,4,0.617834394904459,0.273885350318471,0,0,0,0,1.00146715062697,2.95069939992391
35,2,1,0,1,0,72,6.5,90,0,0,0,0,3,4,0.755208333333333,0.140625,0.00520833333333333,0,0,0,2.99733077512318,3.52205000002868
35,2,1,0,1,0,57,10,50,0,0,0,0,3,4,0.731543624161074,0.0469798657718121,0,0,0,0,3.49564327442143,2.81540969992056
35,2,1,0,1,0,69,1.5,95,0,0,0,0,3,4,0.50561797752809,0.275280898876405,0.0168539325842697,0,0,0,0.752283060531639,3.29917580005713
35,2,1,0,1,0,50,2.5,90,0,0,0,0,3,4,0.554455445544555,0.316831683168317,0.202970297029703,0,0,0,1.25092385206709,3.68805730016902
35,2,1,0,1,0,27,5.25,50,0,0,0,0,3,4,0.525835866261398,0.142857142857143,0.206686930091185,0,0,0,1.49553135409547,5.81588899996132
35,2,1,0,1,0,23,7.75,60,0,0,0,0,3,4,0.430348258706468,0.261194029850746,0.129353233830846,0,0,0,2.00185987571388,7.03003200003877
35,2,1,0,1,0,45,13.5,55,0,0,0,0,3,4,0.533492822966507,0.220095693779904,0.069377990430622,0,0,0,3.99239568156557,7.29099549981765
35,2,1,0,1,0,78,8.25,20,0,0,0,0,3,4,0.651851851851852,0.22962962962963,0,0,0,0,1.00373666938081,2.57369489991106
35,2,1,0,1,0,48,7,45,0,0,0,0,3,4,0.633587786259542,0.287531806615776,0.00508905852417303,0,0,0,3.02290862175008,6.87036180007271
35,2,1,0,1,0,75,6,85,0,0,0,0,3,4,0.451612903225806,0.470967741935484,0.0129032258064516,0,0,0,3.54999682737035,2.90790099999867
35,2,1,0,1,0,35,13,70,0,0,0,0,1,4,0.39083820662768,0.224171539961014,0.0565302144249513,0,0,0,4.98968202244829,17.5129347001202
35,2,1,0,1,0,26,4,45,0,0,0,0,1,4,0.331460674157303,0.438202247191011,0.0730337078651685,0,0,0,1.45037797453223,3.29913769988343
35,2,1,0,1,0,55,16.5,25,0,0,0,0,1,4,0.603960396039604,0.178217821782178,0,0,0,0,1.98874654256517,2.0181410999503
35,2,1,0,1,0,84,11,50,0,0,0,0,1,4,0.519607843137255,0.235294117647059,0,0,0,0,4.00090840045691,2.03737989999354
35,2,1,0,1,0,73,5,70,0,0,0,0,1,4,0.467236467236467,0.257834757834758,0.0185185185185185,0,0,0,1.49672586849045,12.0243433001451
35,2,1,0,1,0,58,14,45,0,0,0,0,1,4,0.46,0.39,0,0,0,0,4.98964846810879,1.99904150003567
35,2,1,0,1,0,32,9.5,30,0,0,0,0,1,4,0.548780487804878,0.402439024390244,0,0,0,0,1.9788809721005,1.68850019993261
35,2,1,0,1,0,77,12,75,0,0,0,0,1,4,0.729508196721312,0.163934426229508,0,0,0,0,5.50128616623739,2.36644849996082
35,2,1,0,1,0,31,8.5,50,0,0,0,0,1,4,0.670157068062827,0.267015706806283,0,0,0,0,4.24615006829063,3.50992910005152
35,2,1,0,1,0,63,5.5,70,0,0,0,0,1,4,0.680351906158358,0.105571847507331,0.0733137829912024,0,0,0,3.00396027555258,6.0124968001619
35,2,1,0,1,0,36,14,15,0,0,0,0,1,4,0.598930481283422,0.283422459893048,0.0053475935828877,0,0,0,1.49787664610365,3.44364960002713
35,2,1,0,1,0,8,16,15,0,0,0,0,1,4,0.45993031358885,0.184668989547038,0.0400696864111498,0,0,0,1.51751583397913,9.89614610001445
35,2,1,0,1,0,24,19,70,0,0,0,0,1,4,0.546762589928058,0.287769784172662,0.0611510791366906,0,0,0,8.25255207366046,4.96059500006959
35,2,1,0,1,0,30,8,75,0,0,0,0,1,4,0.338645418326693,0.322709163346614,0.0956175298804781,0,0,0,4.97946394954205,4.5175520000048
35,2,1,0,1,0,33,11,65,0,0,0,0,6,4,0.464788732394366,0.345070422535211,0.115023474178404,0,0,0,5.4994599569688,7.43738380004652
35,2,1,0,1,0,74,7,40,0,0,0,0,6,4,0.518930957683742,0.300668151447661,0.0111358574610245,0,0,0,2.49363926281048,7.80920729995705
35,2,1,0,1,0,59,2,80,0,0,0,0,6,4,0.53030303030303,0.363636363636364,0,0,0,0,0.98942455448023,2.52677000011317
35,2,1,0,1,0,29,7,20,0,0,0,0,6,4,0.661417322834646,0.21259842519685,0,0,0,0,1.02969910463968,2.4408160999883
35,2,1,0,1,0,71,6,25,0,0,0,0,6,4,0.396551724137931,0.46551724137931,0,0,0,0,1.24537159099183,2.25862410012633
35,2,1,0,1,0,66,10,90,0,0,0,0,6,4,0.674556213017751,0.242603550295858,0,0,0,0,7.98873858757039,3.14191559981555
35,2,1,0,1,0,67,8.5,50,0,0,0,0,6,4,0.523809523809524,0.170068027210884,0.0884353741496599,0,0,0,3.99239568156557,2.78268380020745
35,2,1,0,1,0,12,12,35,0,0,0,0,6,4,0.486666666666667,0.348888888888889,0.0333333333333333,0,0,0,2.99756587730808,7.82450069999322
35,2,1,0,1,0,28,6,25,0,0,0,0,6,4,0.536912751677852,0.281879194630872,0,0,0,0,1.00373666938081,2.8043605000712
35,2,1,0,1,0,47,16,100,0,0,0,0,6,4,0.60056258790436,0.30379746835443,0.0281293952180028,0,0,0,0.0144357977602674,12.1721512000076
35,2,1,0,1,0,70,3.5,40,0,0,0,0,6,4,0.606145251396648,0.122905027932961,0,0,0,0,0.98942455448023,6.28993940004148
35,2,1,0,1,0,68,2.5,65,0,0,0,0,6,4,0.583969465648855,0.393129770992366,0.0687022900763359,0,0,0,0.984029924482826,4.69349680002779
35,2,1,0,1,0,3,15,85,0,0,0,0,6,4,0.516129032258065,0.266129032258065,0,0,0,0,5.03105437672719,2.38990870001726
35,2,1,0,1,0,44,5,40,0,0,0,0,6,4,0.573913043478261,0.295652173913043,0,0,0,0,1.98874654256517,2.24025209993124
35,2,1,0,1,0,5,20,85,0,0,0,0,2,4,0.407462686567164,0.353731343283582,0.0895522388059701,0,0,0,9.98543206725031,11.4856046000496
35,2,1,0,1,0,40,18,15,0,0,0,0,2,4,0.427710843373494,0.367469879518072,0.102409638554217,0,0,0,1.99081665391145,3.09203909989446
35,2,1,0,1,0,1,5,50,0,0,0,0,2,4,0.32258064516129,0.268817204301075,0.182795698924731,0,0,0,2.4945063952987,1.88523039990105
35,2,1,0,1,0,34,12,15,0,0,0,0,2,4,0.450980392156863,0.274509803921569,0.147058823529412,0,0,0,1.50782604279572,2.03111069998704
35,2,1,0,1,0,42,20,30,0,0,0,0,2,4,0.631868131868132,0.269230769230769,0.0164835164835165,0,0,0,4.00304148723374,3.36454849992879
35,2,1,0,1,0,53,14,90,0,0,0,0,2,4,0.591463414634146,0.23780487804878,0.0914634146341463,0,0,0,7.50228506698854,3.06357609992847
35,2,1,0,1,0,52,18.5,10,0,0,0,0,2,4,0.51685393258427,0.303370786516854,0.0112359550561798,0,0,0,1.50008716470688,1.82203879998997
35,2,1,0,1,0,18,18.75,80,0,0,0,0,2,4,0.664772727272727,0.147727272727273,0,0,0,0,9.01504184573213,3.25318460003473
35,2,1,0,1,0,39,17,35,0,0,0,0,2,4,0.52317880794702,0.357615894039735,0.00662251655629139,0,0,0,3.99769174250672,2.84708920004778
35,2,1,0,1,0,17,3.25,85,0,0,0,0,2,4,0.470238095238095,0.388888888888889,0.0218253968253968,0,0,0,1.50293273267278,8.73123140004463
35,2,1,0,1,0,25,9,60,0,0,0,0,2,4,0.452773613193403,0.419790104947526,0.00149925037481259,0,0,0,4.00304148723374,11.444712099852
35,2,1,0,1,0,13,19.5,5,0,0,0,0,2,4,0.654411764705882,0.198529411764706,0,0,0,0,0.999207787572097,2.59453010000288
35,2,1,0,1,0,79,10,10,0,0,0,0,2,4,0.514851485148515,0.297029702970297,0,0,0,0,1.00373666938081,2.02097160019912
35,2,1,0,1,0,76,4,35,0,0,0,0,2,4,0.446428571428571,0.392857142857143,0.00892857142857143,0,0,0,2.00317806551255,2.20197970001027
35,2,1,0,1,0,14,16.75,45,0,0,0,0,5,4,0.54178674351585,0.288184438040346,0.0634005763688761,0,0,0,5,6.11506840004586
35,2,1,0,1,0,61,15,75,0,0,0,0,5,4,0.735099337748344,0.172185430463576,0,0,0,0,5.99909159954309,2.84260329999961
35,2,1,0,1,0,80,8,45,0,0,0,0,5,4,0.52760736196319,0.245398773006135,0,0,0,0,3.50246413852874,3.05293029989116
35,2,1,0,1,0,41,19,65,0,0,0,0,5,4,0.56763590391909,0.300884955752212,0.0240202275600506,0,0,0,6.00643201429085,13.5111580998637
35,2,1,0,1,0,49,16,50,0,0,0,0,5,4,0.843373493975904,0.0602409638554217,0,0,0,0,7.9935852657292,1.712632099865
35,2,1,0,1,0,60,15,35,0,0,0,0,5,4,0.642857142857143,0.26984126984127,0,0,0,0,2.99686772360027,2.43102940008976
35,2,1,0,1,0,62,10,95,0,0,0,0,5,4,0.4375,0.477272727272727,0,0,0,0,7.49771493301145,3.26081249979325
35,2,1,0,1,0,15,17.25,25,0,0,0,0,5,4,0.592356687898089,0.280254777070064,0.00636942675159236,0,0,0,2.49907629824632,5.56525019998662
35,2,1,0,1,0,51,1,40,0,0,0,0,5,4,0.343065693430657,0.562043795620438,0,0,0,0,0.396487763193058,2.61995560000651
35,2,1,0,1,0,11,18.25,70,0,0,0,0,5,4,0.348880597014925,0.220149253731343,0.0373134328358209,0,0,0,6.54727841389306,9.25054090004414
35,2,1,0,1,0,22,20,90,0,0,0,0,5,4,0.388888888888889,0.355555555555556,0,0,0,0,10,1.83588830009103
35,2,1,0,1,0,16,16,65,0,0,0,0,5,4,0.314465408805031,0.547169811320755,0,0,0,0,7.49644410805106,2.9758637000341
35,2,1,0,1,0,38,15.5,40,0,0,0,0,5,4,0.620689655172414,0.160919540229885,0.0114942528735632,0,0,0,3.51010873222601,3.22634890000336
35,2,1,0,1,0,37,14.5,5,0,0,0,0,5,4,0.536231884057971,0.297101449275362,0,0,0,0,1.00306810563501,2.63513519987464
35,3,1,0,0,1,63,5.5,100,40,0,0,0,3,6,0.457429048414023,0.176961602671119,0.210350584307179,0,0,0,2.25071801939146,10.3083355999552
35,3,1,0,0,1,82,9.5,100,25,0,0,0,3,6,0.560919540229885,0.202298850574713,0.193103448275862,0,0,0,4.24615006829063,7.58323500002734
35,3,1,0,0,1,39,17,100,15,0,0,0,3,6,0.635388739946381,0.107238605898123,0.201072386058981,0,0,0,8.50724242791375,6.54047360015102
35,3,1,0,0,1,25,9,100,160,0,0,0,3,6,0.480836236933798,0.121951219512195,0.327526132404181,0,0,0,4.50332694756392,5.11661100015044
35,3,1,0,0,1,42,20,100,170,0,0,0,3,6,0.120481927710843,0.313253012048193,0.493975903614458,0,0,0,9.9855313937213,1.71263669990003
35,3,1,0,0,1,10,19.5,100,125,0,0,0,3,6,0.835214446952596,0.0519187358916479,0.0428893905191874,0,0,0,9.75133260955775,7.70339999999851
35,3,1,0,0,1,68,2.5,100,25,0,0,0,3,6,0.516949152542373,0.135593220338983,0.23728813559322,0,0,0,1.25381837962066,2.29582090000622
35,3,1,0,0,1,6,19,100,175,0,0,0,3,6,0.719879518072289,0.0903614457831325,0.120481927710843,0,0,0,9.50792825938332,5.85363209992647
35,3,1,0,0,1,11,18.25,100,55,0,0,0,3,6,0.882105263157895,0.0231578947368421,0.0378947368421053,0,0,0,8.97499674475716,8.24280430004001
35,3,1,0,0,1,64,19.5,100,45,0,0,0,3,6,0.503105590062112,0.118012422360248,0.366459627329193,0,0,0,9.14372050774,3.01774149993435
35,3,1,0,0,1,45,13.5,100,65,0,0,0,3,6,0.804147465437788,0.115207373271889,0.0391705069124424,0,0,0,6.74758025587938,7.56397550017573
35,3,1,0,0,1,38,15.5,100,215,0,0,0,3,6,0.592814371257485,0.155688622754491,0.131736526946108,0,0,0,7.76585075733208,3.11723500001244
35,3,1,0,0,1,62,10,100,135,0,0,0,3,6,0.0863309352517986,0.294964028776978,0.151079136690647,0,0,0,5,2.64890719996765
35,3,1,0,0,1,58,14,100,20,0,0,0,3,6,0.1875,0.4375,0.275,0,0,0,6.99027882066258,1.66189950006083
35,3,1,0,0,1,66,10,100,80,0,0,0,6,6,0.651162790697674,0.0930232558139535,0.224806201550388,0,0,0,5,2.47431429987773
35,3,1,0,0,1,59,2,100,110,0,0,0,6,6,0.465116279069767,0.290697674418605,0.22093023255814,0,0,0,0.994719259350461,1.76721330010332
35,3,1,0,0,1,52,18.5,100,85,0,0,0,6,6,0.921052631578947,0,0,0,0,0,9.24257743695257,1.5968362998683
35,3,1,0,0,1,84,11,100,110,0,0,0,6,6,0.841880341880342,0,0.0256410256410256,0,0,0,5.49828955661607,4.22239450016059
35,3,1,0,0,1,46,2,100,70,0,0,0,6,6,0.137931034482759,0.362068965517241,0.362068965517241,0,0,0,0.99393131483766,1.29840149986558
35,3,1,0,0,1,75,6,100,45,0,0,0,6,6,0.302752293577982,0.192660550458716,0.403669724770642,0,0,0,3.00396027555258,2.15125670004636
35,3,1,0,0,1,71,6,100,45,0,0,0,6,6,0.3625,0.3125,0.2,0,0,0,2.99733077512318,1.66373040014878
35,3,1,0,0,1,31,8.5,100,22,0,0,0,6,6,0.637254901960784,0,0.225490196078431,0,0,0,4.2544625769159,2.01937540015206
35,3,1,0,0,1,48,7,100,70,0,0,0,6,6,0.305084745762712,0.203389830508475,0.296610169491525,0,0,0,3.50442186417776,2.28877429990098
35,3,1,0,0,1,41,19,100,245,0,0,0,6,6,0.504504504504504,0,0.405405405405405,0,0,0,8.00267503088794,2.17827629996464
35,3,1,0,0,1,37,14.5,100,175,0,0,0,6,6,0.521367521367521,0.094017094017094,0.256410256410256,0,0,0,7.24515761810623,2.27287459978834
35,3,1,0,0,1,36,14,100,40,0,0,0,6,6,0.301075268817204,0.258064516129032,0.290322580645161,0,0,0,7.00266922487682,1.89270720002241
35,3,1,0,0,1,4,8.5,100,90,0,0,0,6,6,0.392156862745098,0.147058823529412,0.323529411764706,0,0,0,4.2544625769159,2.03587940009311
35,3,1,0,0,1,40,18,100,110,0,0,0,6,6,0.607142857142857,0,0.357142857142857,0,0,0,8.98708232856768,2.19055569986813
35,3,1,0,0,1,79,10,100,140,0,0,0,4,6,0.526315789473684,0.105263157894737,0.328947368421053,0,0,0,5,1.59952199994586
35,3,1,0,0,1,65,1.75,100,10,0,0,0,4,6,0.913946587537092,0,0,0,0,0,0.746390457746514,5.94103340012953
35,3,1,0,0,1,29,7,100,55,0,0,0,4,6,0.571428571428571,0.19047619047619,0,0,0,0,3.50246413852874,1.38391200010665
35,3,1,0,0,1,22,20,100,165,0,0,0,4,6,0.451127819548872,0.233082706766917,0.255639097744361,0,0,0,10,2.54752680007368
35,3,1,0,0,1,55,16.5,100,155,0,0,0,4,6,0.55952380952381,0.136904761904762,0.255952380952381,0,0,0,8.24627855219579,3.12237740005367
35,3,1,0,0,1,83,17,100,200,0,0,0,4,6,0.55421686746988,0.00602409638554217,0.307228915662651,0,0,0,8.50386576724314,3.09599629999138
35,3,1,0,0,1,78,8.25,100,5,0,0,0,4,6,0.887700534759358,0,0.0855614973262032,0,0,0,4.01485459360784,3.4459838999901
35,3,1,0,0,1,12,12,100,1,0,0,0,4,6,0.494845360824742,0.309278350515464,0.164948453608247,0,0,0,5.99909159954309,1.95255829999223
35,3,1,0,0,1,72,6.5,100,60,0,0,0,4,6,0.372881355932203,0.0423728813559322,0.5,0,0,0,3.24637113325585,2.28909879992716
35,3,1,0,0,1,70,3.5,100,3,0,0,0,4,6,0.803108808290155,0,0.113989637305699,0,0,0,1.74584003520273,3.54837239999324
35,3,1,0,0,1,49,16,100,20,0,0,0,4,6,0.38961038961039,0.025974025974026,0.324675324675325,0,0,0,7.99814012428612,1.62232240010053
35,3,1,0,0,1,56,12,100,210,0,0,0,4,6,0.257575757575758,0.181818181818182,0.363636363636364,0,0,0,6.00554552185455,1.43477949989028
35,3,1,0,0,1,54,9.25,100,4,0,0,0,4,6,0.760806916426513,0.0461095100864553,0.031700288184438,0,0,0,4.58984600150541,6.10121149988845
35,3,1,0,0,1,18,18.75,100,250,0,0,0,4,6,0.8984375,0,0,0,0,0,9.49466195454162,4.59469850012101
35,3,1,0,0,1,13,19.5,100,7,0,0,0,1,6,0.732283464566929,0.062992125984252,0.0997375328083989,0,0,0,9.75246952610695,6.68272499996237
35,3,1,0,0,1,74,7,100,120,0,0,0,1,6,0.464912280701754,0,0.429824561403509,0,0,0,3.49564327442143,2.22881939983927
35,3,1,0,0,1,57,10,100,95,0,0,0,1,6,0.216494845360825,0.22680412371134,0.463917525773196,0,0,0,5,1.95131789986044
35,3,1,0,0,1,30,8,100,90,0,0,0,1,6,0.454545454545455,0,0.345454545454545,0,0,0,3.99980498638207,1.24354989989661
35,3,1,0,0,1,27,5.25,100,120,0,0,0,1,6,0.802955665024631,0,0.0886699507389163,0,0,0,2.50427222675868,3.70595229999162
35,3,1,0,0,1,73,5,100,14,0,0,0,1,6,0.292134831460674,0.258426966292135,0.348314606741573,0,0,0,2.49864969516958,1.81792179984041
35,3,1,0,0,1,21,6,100,55,0,0,0,1,6,0.355932203389831,0.220338983050847,0.355932203389831,0,0,0,3.00423006684671,1.305218399968
35,3,1,0,0,1,33,11,100,190,0,0,0,1,6,0.652892561983471,0.0909090909090909,0.239669421487603,0,0,0,5.49667305243608,2.34392079990357
35,3,1,0,0,1,20,15.75,100,30,0,0,0,1,6,0.815181518151815,0.0297029702970297,0.0627062706270627,0,0,0,7.49771493301145,5.38629529997706
35,3,1,0,0,1,81,14,100,5,0,0,0,1,6,0.283018867924528,0,0.433962264150943,0,0,0,6.9963067601421,1.21677609998733
35,3,1,0,0,1,61,15,100,225,0,0,0,1,6,0.373333333333333,0.16,0.306666666666667,0,0,0,7.50135030483042,1.58187270001508
35,3,1,0,0,1,9,2,100,19,0,0,0,1,6,0.586206896551724,0,0.293103448275862,0,0,0,0.99393131483766,1.31447699991986
35,3,1,0,0,1,69,1.5,100,20,0,0,0,1,6,0.457446808510638,0.117021276595745,0.265957446808511,0,0,0,0.750585285954063,1.90075240004808
35,3,1,0,0,1,50,2.5,100,10,0,0,0,1,6,0.685483870967742,0,0.225806451612903,0,0,0,1.25099024477645,2.39711969997734
35,3,1,0,0,1,47,16,100,5,0,0,0,2,6,0.397727272727273,0.215909090909091,0.306818181818182,0,0,0,8.00230626357663,1.79017459996976
35,3,1,0,0,1,8,16,100,20,0,0,0,2,6,0.197183098591549,0.422535211267606,0.323943661971831,0,0,0,7.99780341313587,1.52037490019575
35,3,1,0,0,1,14,16.75,100,145,0,0,0,2,6,0.746031746031746,0.111111111111111,0.037037037037037,0,0,0,8.49706726732722,3.48236629995517
35,3,1,0,0,1,43,3,100,0,0,0,0,2,6,0.469387755102041,0.428571428571429,0,0,0,0,1.49895398605675,1.15095270005986
35,3,1,0,0,1,80,8,100,125,0,0,0,2,6,0.9,0,0,0,0,0,3.98915783697319,1.16859999997541
35,3,1,0,0,1,53,14,100,60,0,0,0,2,6,0.8,0,0,0,0,0,7.00219658686412,0.750770600046962
35,3,1,0,0,1,5,20,100,15,0,0,0,2,6,0.69047619047619,0,0,0,0,0,10,1.02645020000637
35,3,1,0,0,1,67,8.5,100,105,0,0,0,2,6,0.610932475884244,0.0996784565916399,0.192926045016077,0,0,0,4.2544625769159,5.50574620021507
35,3,1,0,0,1,28,6,100,7,0,0,0,2,6,0.552631578947368,0,0,0,0,0,2.99756587730808,0.956730099860579
35,3,1,0,0,1,35,13,100,30,0,0,0,2,6,0.434210526315789,0.0394736842105263,0.480263157894737,0,0,0,6.49952592008842,2.85691229999065
35,3,1,0,0,1,16,16,100,95,0,0,0,2,6,0.51219512195122,0.207317073170732,0.25609756097561,0,0,0,8.50446864590453,1.69969390006736
35,3,1,0,0,1,77,12,100,25,0,0,0,2,6,0.503937007874016,0.283464566929134,0.15748031496063,0,0,0,6.00019501361792,2.44391130004078
35,3,1,0,0,1,17,3.25,100,205,0,0,0,2,6,0.844444444444444,0,0,0,0,0,1.74760399502435,1.83494279999286
35,3,1,0,0,1,26,4,100,50,0,0,0,2,6,0.583333333333333,0,0,0,0,0,1.99732496911206,0.730402099899948
35,3,1,0,0,1,15,17.25,100,55,0,0,0,5,6,0.837837837837838,0.0168918918918919,0.00675675675675676,0,0,0,8.49706726732722,5.25945020001382
35,3,1,0,0,1,2,7.5,100,25,0,0,0,5,6,0.884057971014493,0,0,0,0,0,3.74740869363675,2.62436419981532
35,3,1,0,0,1,1,5,100,0,0,0,0,5,6,0.153846153846154,0.58974358974359,0,0,0,0,2.50427222675868,0.975511299911886
35,3,1,0,0,1,19,17.5,100,40,0,0,0,5,6,0.752079866888519,0.0382695507487521,0.0732113144758735,0,0,0,8.75476001271517,10.3362284000032
35,3,1,0,0,1,24,19,100,150,0,0,0,5,6,0.403846153846154,0.269230769230769,0,0,0,0,9.50228217196108,1.19334720005281
35,3,1,0,0,1,23,7.75,100,120,0,0,0,5,6,0.924276169265033,0,0.0200445434298441,0,0,0,3.74737518151242,7.80487750004977
35,3,1,0,0,1,34,12,100,85,0,0,0,5,6,0.369047619047619,0.297619047619048,0.297619047619048,0,0,0,5.99695851276626,1.73001340008341
35,3,1,0,0,1,7,16.75,100,75,0,0,0,5,6,0.663594470046083,0.170506912442396,0.119815668202765,0,0,0,8.50047407991158,3.94975250004791
35,3,1,0,0,1,76,4,100,70,0,0,0,5,6,0.472222222222222,0,0.347222222222222,0,0,0,1.98831450784873,1.534921299899
35,3,1,0,0,1,60,15,100,31,0,0,0,5,6,0.776119402985075,0.149253731343284,0,0,0,0,7.49903012723377,1.4409417998977
35,3,1,0,0,1,44,5,100,65,0,0,0,5,6,0.652631578947368,0.221052631578947,0.0842105263157895,0,0,0,2.50096987276623,1.91748770000413
35,3,1,0,0,1,32,9.5,100,170,0,0,0,5,6,0.924812030075188,0.0112781954887218,0.0037593984962406,0,0,0,4.75368951769553,4.75428150012158
35,3,1,0,0,1,3,15,100,14,0,0,0,5,6,0.741379310344828,0,0,0,0,0,7.49572777324132,1.29068530001678
35,3,1,0,0,1,51,1,100,3,0,0,0,5,6,0.645833333333333,0.333333333333333,0.375,0,0,0,0.50419694532296,1.13815610017627
36,1,1,0,1,0,56,12,90,0,0,0,0,2,4,0.14604462474645,0.281947261663286,0.247464503042596,0,0,0,15.0206694005008,8.56001639994793
36,1,1,0,1,0,24,19,70,0,0,0,0,2,4,0.285714285714286,0.23249299719888,0.159663865546218,0,0,0,8.54112897592093,6.27028810000047
36,1,1,0,1,0,5,20,85,0,0,0,0,2,4,0.492753623188406,0.384057971014493,0.217391304347826,0,0,0,3.288810736179,2.63278149999678
36,1,1,0,1,0,45,13.5,55,0,0,0,0,2,4,0.442857142857143,0.328571428571429,0.128571428571429,0,0,0,2.02060852873471,2.65844239998842
36,1,1,0,1,0,52,18.5,10,0,0,0,0,2,4,0.494252873563218,0.218390804597701,0.206896551724138,0,0,0,0.99393131483766,1.78413879999425
36,1,1,0,1,0,21,6,95,0,0,0,0,2,4,0.268292682926829,0.430894308943089,0.268292682926829,0,0,0,1.04895128484505,2.37255289999302
36,1,1,0,1,0,26,4,45,0,0,0,0,2,4,0.457446808510638,0.319148936170213,0.180851063829787,0,0,0,1.05617018740514,1.89851099997759
36,1,1,0,1,0,53,14,90,0,0,0,0,2,4,0.405594405594406,0.41958041958042,0.0699300699300699,0,0,0,0.984958154267865,2.71439269999973
36,1,1,0,1,0,47,16,100,0,0,0,0,2,4,0.264705882352941,0.411764705882353,0.191176470588235,0,0,0,2.00671910402213,1.4688490999979
36,1,1,0,1,0,6,19,20,0,0,0,0,2,4,0.216666666666667,0.4,0.266666666666667,0,0,0,0.990832753075264,1.32842360000359
36,1,1,0,1,0,41,19,65,0,0,0,0,2,4,0.383838383838384,0.292929292929293,0.303030303030303,0,0,0,2.99663970208904,1.98211089998949
36,1,1,0,1,0,1,5,50,0,0,0,0,2,4,0.242424242424242,0.333333333333333,0.363636363636364,0,0,0,0.693088844611744,1.99115579994395
36,1,1,0,1,0,51,1,40,0,0,0,0,2,4,0.346666666666667,0.426666666666667,0.173333333333333,0,0,0,0.0728366126211455,1.57411449996289
36,1,1,0,1,0,60,15,35,0,0,0,0,2,4,0.257575757575758,0.5,0.181818181818182,0,0,0,1.60597224072226,1.42487099999562
36,1,1,0,1,0,32,9.5,30,0,0,0,0,3,4,0.243697478991597,0.15406162464986,0.218487394957983,0,0,0,1.02734586061814,6.28242369997315
36,1,1,0,1,0,2,7.5,75,0,0,0,0,3,4,0.5,0,0.36046511627907,0,0,0,2.9911317509229,1.76692870003171
36,1,1,0,1,0,69,1.5,95,0,0,0,0,3,4,0.522222222222222,0.111111111111111,0.244444444444444,0,0,0,0.545181484061033,1.83282239997061
36,1,1,0,1,0,50,2.5,90,0,0,0,0,3,4,0.0933333333333333,0.52,0.213333333333333,0,0,0,0.984958154267865,1.58091690001311
36,1,1,0,1,0,23,7.75,60,0,0,0,0,3,4,0.376623376623377,0.298701298701299,0.285714285714286,0,0,0,1.98430195505509,1.6075559000019
36,1,1,0,1,0,18,18.75,80,0,0,0,0,3,4,0.511627906976744,0.267441860465116,0.197674418604651,0,0,0,2.9909289842474,1.75869560003048
36,1,1,0,1,0,12,12,35,0,0,0,0,3,4,0.333333333333333,0.419047619047619,0.171428571428571,0,0,0,2.03437690732758,2.08526760002133
36,1,1,0,1,0,11,18.25,70,0,0,0,0,3,4,0.462809917355372,0.338842975206612,0.140495867768595,0,0,0,3.89632562095105,2.34399229998235
36,1,1,0,1,0,58,14,45,0,0,0,0,3,4,0.622222222222222,0.0444444444444444,0.288888888888889,0,0,0,1.96996421818094,1.07994039996993
36,1,1,0,1,0,4,8.5,20,0,0,0,0,3,4,0.454545454545455,0.295454545454545,0.238636363636364,0,0,0,1.01291767143232,1.79066960001364
36,1,1,0,1,0,37,14.5,5,0,0,0,0,3,4,0.553191489361702,0.287234042553192,0.148936170212766,0,0,0,0.367155766212878,1.89137220004341
36,1,1,0,1,0,63,5.5,70,0,0,0,0,3,4,0.472222222222222,0.277777777777778,0.236111111111111,0,0,0,1.02767665810933,1.53118099999847
36,1,1,0,1,0,83,17,80,0,0,0,0,3,4,0.473684210526316,0.302631578947368,0.184210526315789,0,0,0,4.05571568005626,1.599594099971
36,1,1,0,1,0,54,9.25,40,0,0,0,0,3,4,0.48,0.293333333333333,0.173333333333333,0,0,0,1.97163018056188,1.57589360000566
36,1,1,0,1,0,14,16.75,45,0,0,0,0,1,4,0.389830508474576,0.355932203389831,0.186440677966102,0,0,0,2.46041797284971,1.31767070002388
36,1,1,0,1,0,31,8.5,50,0,0,0,0,1,4,0.323529411764706,0.308823529411765,0.235294117647059,0,0,0,2.1130037731236,1.45447299996158
36,1,1,0,1,0,30,8,75,0,0,0,0,1,4,0.382352941176471,0.485294117647059,0.0147058823529412,0,0,0,2.71477749661043,1.46115450002253
36,1,1,0,1,0,42,20,30,0,0,0,0,1,4,0.245614035087719,0.43859649122807,0.245614035087719,0,0,0,2.00219658686413,1.28457469999557
36,1,1,0,1,0,61,15,75,0,0,0,0,1,4,0.211538461538462,0.442307692307692,0.211538461538462,0,0,0,4.01485459360784,1.20399339997675
36,1,1,0,1,0,73,5,70,0,0,0,0,1,4,0.226415094339623,0.358490566037736,0.320754716981132,0,0,0,1.08743104679034,1.21861480001826
36,1,1,0,1,0,77,12,75,0,0,0,0,1,4,0.225352112676056,0.492957746478873,0.211267605633803,0,0,0,2.96458551526561,1.51437320001423
36,1,1,0,1,0,48,7,45,0,0,0,0,1,4,0.508196721311475,0.426229508196721,0,0,0,0,0.557268608155763,1.34937260003062
36,1,1,0,1,0,75,6,85,0,0,0,0,1,4,0.244444444444444,0.444444444444444,0.222222222222222,0,0,0,1.96049171283793,1.08577120001428
36,1,1,0,1,0,34,12,15,0,0,0,0,1,4,0.340909090909091,0.568181818181818,0,0,0,0,1.01171213113599,1.07017179997638
36,1,1,0,1,0,46,2,55,0,0,0,0,1,4,0.230769230769231,0.673076923076923,0,0,0,0,0.293841855457405,1.20173789997352
36,1,1,0,1,0,25,9,60,0,0,0,0,1,4,0.386666666666667,0.373333333333333,0.133333333333333,0,0,0,2.49864969516958,1.57404139998835
36,1,1,0,1,0,82,9.5,20,0,0,0,0,1,4,0.195121951219512,0.682926829268293,0,0,0,0,1.42852192988503,1.01534610003
36,1,1,0,1,0,17,3.25,85,0,0,0,0,1,4,0.489795918367347,0.408163265306122,0,0,0,0,0.261477429567588,1.13960730005056
36,1,1,0,1,0,81,14,55,0,0,0,0,4,4,0.462962962962963,0.314814814814815,0.12962962962963,0,0,0,1.937782503238,1.23098220000975
36,1,1,0,1,0,57,10,50,0,0,0,0,4,4,0.428571428571429,0.43452380952381,0.178571428571429,0,0,0,3.00972117933742,3.12513310002396
36,1,1,0,1,0,59,2,80,0,0,0,0,4,4,0.30188679245283,0.471698113207547,0.150943396226415,0,0,0,0.160581014930035,1.21574069996132
36,1,1,0,1,0,19,17.5,25,0,0,0,0,4,4,0.542857142857143,0.371428571428571,0.0428571428571429,0,0,0,1.97387258896639,1.48964290000731
36,1,1,0,1,0,55,16.5,25,0,0,0,0,4,4,0.301587301587302,0.396825396825397,0.253968253968254,0,0,0,1.99732496911206,1.38654640002642
36,1,1,0,1,0,9,2,30,0,0,0,0,4,4,0.455696202531646,0.367088607594937,0.177215189873418,0,0,0,0.103146954843652,1.65285020001465
36,1,1,0,1,0,20,15.75,35,0,0,0,0,4,4,0.585365853658537,0.292682926829268,0.024390243902439,0,0,0,1.02500325524284,1.69046400004299
36,1,1,0,1,0,49,16,50,0,0,0,0,4,4,0.391304347826087,0.550724637681159,0,0,0,0,3.03620320754046,1.47446910000872
36,1,1,0,1,0,3,15,85,0,0,0,0,4,4,0.185185185185185,0.148148148148148,0.0987654320987654,0,0,0,1.95984925003762,4.37817059998633
36,1,1,0,1,0,39,17,35,0,0,0,0,4,4,0.322033898305085,0.372881355932203,0.23728813559322,0,0,0,2.95814864550875,1.31013400002848
36,1,1,0,1,0,67,8.5,50,0,0,0,0,4,4,0.481481481481481,0.444444444444444,0,0,0,0,1.01803856063574,1.22501330001978
36,1,1,0,1,0,84,11,50,0,0,0,0,4,4,0.423076923076923,0.480769230769231,0,0,0,0,3.922008134515,1.19233699998586
36,1,1,0,1,0,13,19.5,5,0,0,0,0,4,4,0.509433962264151,0.39622641509434,0,0,0,0,0.279814478620207,1.21881949994713
36,1,1,0,1,0,40,18,15,0,0,0,0,4,4,0.516129032258065,0.387096774193548,0,0,0,0,1.50346330994384,1.36505600000964
36,1,1,0,1,0,27,5.25,50,0,0,0,0,6,4,0.627118644067797,0.288135593220339,0,0,0,0,0.509954457159594,1.31848200003151
36,1,1,0,1,0,66,10,90,0,0,0,0,6,4,0.544303797468354,0.430379746835443,0,0,0,0,0.971795806950578,1.65279020002345
36,1,1,0,1,0,38,15.5,40,0,0,0,0,6,4,0.434782608695652,0.347826086956522,0,0,0,0,2.19656746233989,1.10156049998477
36,1,1,0,1,0,78,8.25,20,0,0,0,0,6,4,0.481481481481481,0.444444444444444,0.037037037037037,0,0,0,0.321694530412625,1.22914690000471
36,1,1,0,1,0,79,10,10,0,0,0,0,6,4,0.48936170212766,0.404255319148936,0,0,0,0,0.509954457159594,1.12070039997343
36,1,1,0,1,0,28,6,25,0,0,0,0,6,4,0.521739130434783,0.391304347826087,0,0,0,0,0.542675533769426,1.09608400001889
36,1,1,0,1,0,74,7,40,0,0,0,0,6,4,0.375,0.53125,0,0,0,0,1.10046480144154,2.46432470000582
36,1,1,0,1,0,68,2.5,65,0,0,0,0,6,4,0.408163265306122,0.459183673469388,0,0,0,0,0.422816965331826,1.95598650001921
36,1,1,0,1,0,8,16,15,0,0,0,0,6,4,0.485714285714286,0.457142857142857,0,0,0,0,0.988554800503593,1.48760870000115
36,1,1,0,1,0,15,17.25,25,0,0,0,0,6,4,0.596153846153846,0.25,0,0,0,0,1.52782246111148,2.0555157000199
36,1,1,0,1,0,71,6,25,0,0,0,0,6,4,0.402985074626866,0.417910447761194,0,0,0,0,1.03490081025478,1.44865700002993
36,1,1,0,1,0,33,11,65,0,0,0,0,6,4,0.581395348837209,0.302325581395349,0,0,0,0,2.51219096831494,1.04578429996036
36,1,1,0,1,0,43,3,30,0,0,0,0,6,4,0.409836065573771,0.5,0,0,0,0,0.596900892757599,2.3708181999973
36,1,1,0,1,0,35,13,70,0,0,0,0,6,4,0.4,0.46,0,0,0,0,3.08905097554824,1.16353419999359
36,1,1,0,1,0,7,16.75,65,0,0,0,0,5,4,0.297872340425532,0.393617021276596,0.265957446808511,0,0,0,4.0094525603169,1.89440409996314
36,1,1,0,1,0,16,16,65,0,0,0,0,5,4,0.27710843373494,0.337349397590361,0.373493975903614,0,0,0,3.01031529969813,1.71008829999482
36,1,1,0,1,0,76,4,35,0,0,0,0,5,4,0.426966292134831,0.404494382022472,0.134831460674157,0,0,0,1.0585870423836,1.81313229998341
36,1,1,0,1,0,64,19.5,65,0,0,0,0,5,4,0.21875,0.453125,0.28125,0,0,0,5.97023239889663,1.40286149998428
36,1,1,0,1,0,70,3.5,40,0,0,0,0,5,4,0.333333333333333,0.133333333333333,0.377777777777778,0,0,0,0.336290411726104,1.07917320000706
36,1,1,0,1,0,44,5,40,0,0,0,0,5,4,0.358208955223881,0.343283582089552,0.26865671641791,0,0,0,0.59826502330294,1.44893970002886
36,1,1,0,1,0,72,6.5,90,0,0,0,0,5,4,0.564705882352941,0.2,0.164705882352941,0,0,0,1.54530864553941,1.74628249998204
36,1,1,0,1,0,62,10,95,0,0,0,0,5,4,0.427083333333333,0.3125,0.208333333333333,0,0,0,0.500012634268963,1.93223770003533
36,1,1,0,1,0,29,7,20,0,0,0,0,5,4,0.454545454545455,0.306818181818182,0.227272727272727,0,0,0,0.959497231635545,1.79009779996704
36,1,1,0,1,0,10,19.5,10,0,0,0,0,5,4,0.508196721311475,0.172131147540984,0.213114754098361,0,0,0,1.98787616201406,2.361797199992
36,1,1,0,1,0,80,8,45,0,0,0,0,5,4,0.344262295081967,0.377049180327869,0.262295081967213,0,0,0,0.98942455448023,1.34971600002609
36,1,1,0,1,0,36,14,15,0,0,0,0,5,4,0.448275862068966,0.32183908045977,0.195402298850575,0,0,0,2.01152922605629,1.78452740004286
36,1,1,0,1,0,65,1.75,80,0,0,0,0,5,4,0.244897959183673,0.312925170068027,0.163265306122449,0,0,0,0.552193414234477,2.7736318000243
36,1,1,0,1,0,22,20,90,0,0,0,0,5,4,0.252873563218391,0.459770114942529,0.229885057471264,0,0,0,9.94119153219985,1.77760210004635
36,2,2,0,1,1,38,15.5,40,215,0,0,0,1,2,0.125,0.163135593220339,0.254237288135593,0,0,0,2.03457778127951,8.19537400011905
36,2,2,0,1,1,78,8.25,20,5,0,0,0,1,2,0.0778443113772455,0.215568862275449,0.281437125748503,0,0,0,1.9003032187836,3.10506860003807
36,2,2,0,1,1,46,2,55,70,0,0,0,1,2,0.140350877192982,0.280701754385965,0.37280701754386,0,0,0,1.05839067298488,4.1227174999658
36,2,2,0,1,1,75,6,85,45,0,0,0,1,2,0.0434782608695652,0.217391304347826,0.467391304347826,0,0,0,0.335520532569419,1.85810120007955
36,2,2,0,1,1,72,6.5,90,60,0,0,0,1,2,0.0714285714285714,0.285714285714286,0.314285714285714,0,0,0,1.41750357343074,1.49991389992647
36,2,2,0,1,1,83,17,80,200,0,0,0,1,2,0.075,0.2,0.3375,0,0,0,3.92993180741081,1.65718229999766
36,2,2,0,1,1,50,2.5,90,10,0,0,0,1,2,0.0882352941176471,0.338235294117647,0.176470588235294,0,0,0,0.479831922798493,1.46755760000087
36,2,2,0,1,1,55,16.5,25,155,0,0,0,1,2,0.0208333333333333,0.192708333333333,0.28125,0,0,0,1.97441285270029,3.53608640003949
36,2,2,0,1,1,43,3,30,0,0,0,0,1,2,0.09375,0.265625,0.296875,0,0,0,0.566649164652897,1.40572790009901
36,2,2,0,1,1,51,1,40,3,0,0,0,1,2,0.25,0.506578947368421,0.105263157894737,0,0,0,0.145321733518195,2.86965820007026
36,2,2,0,1,1,63,5.5,70,40,0,0,0,1,2,0.226415094339623,0.358490566037736,0.226415094339623,0,0,0,1.96996421818094,1.21284240018576
36,2,2,0,1,1,21,6,95,55,0,0,0,1,2,0.103448275862069,0.293103448275862,0.224137931034483,0,0,0,2.03437690732758,1.29478400014341
36,2,2,0,1,1,18,18.75,80,250,0,0,0,1,2,0.0980392156862745,0.411764705882353,0.274509803921569,0,0,0,4.65123526290182,1.18673099996522
36,2,2,0,1,1,26,4,45,50,0,0,0,1,2,0.0625,0.3125,0.354166666666667,0,0,0,0.378320934503009,1.12449910002761
36,2,2,0,1,1,73,5,70,14,0,0,0,3,2,0.455357142857143,0.0535714285714286,0.25,0,0,0,1.02969910463968,2.18891600007191
36,2,2,0,1,1,59,2,80,110,0,0,0,3,2,0.44,0.03,0.31,0,0,0,0.176385273868952,1.99067059997469
36,2,2,0,1,1,71,6,25,45,0,0,0,3,2,0.419354838709677,0.233870967741935,0.241935483870968,0,0,0,1.00214693682019,2.39581320015714
36,2,2,0,1,1,52,18.5,10,85,0,0,0,3,2,0.391891891891892,0.027027027027027,0.175675675675676,0,0,0,2.03467606450616,1.55519629991613
36,2,2,0,1,1,66,10,90,80,0,0,0,3,2,0.5625,0.104166666666667,0.229166666666667,0,0,0,2.96458551526561,1.1284513999708
36,2,2,0,1,1,70,3.5,40,3,0,0,0,3,2,0.595505617977528,0.0449438202247191,0,0,0,0,0.98942455448023,1.8112914999947
36,2,2,0,1,1,33,11,65,190,0,0,0,3,2,0.310043668122271,0.074235807860262,0.218340611353712,0,0,0,1.02306462540363,4.14988839998841
36,2,2,0,1,1,84,11,50,110,0,0,0,3,2,0.743589743589744,0,0.128205128205128,0,0,0,3.07483189109936,0.978534300113097
36,2,2,0,1,1,80,8,45,125,0,0,0,3,2,0.854166666666667,0.0416666666666667,0,0,0,0,1.02999816656766,1.13215289986692
36,2,2,0,1,1,58,14,45,20,0,0,0,3,2,0.619047619047619,0.0476190476190476,0,0,0,0,3.0614235085242,1.38640940003097
36,2,2,0,1,1,15,17.25,25,55,0,0,0,3,2,0.519736842105263,0.0855263157894737,0,0,0,0,2.97747240516943,2.86706469999626
36,2,2,0,1,1,37,14.5,5,175,0,0,0,3,2,0.816326530612245,0.0816326530612245,0,0,0,0,0.538959405164814,1.14834879990667
36,2,2,0,1,1,39,17,35,15,0,0,0,3,2,0.659090909090909,0.0681818181818182,0,0,0,0,3.05528391942636,1.05857630004175
36,2,2,0,1,1,40,18,15,110,0,0,0,3,2,0.864864864864865,0,0,0,0,0,1.02500325524284,0.949931399896741
36,2,2,0,1,1,34,12,15,85,0,0,0,5,2,0.286995515695067,0.170403587443946,0.188340807174888,0,0,0,2.02567223471724,4.08154110005125
36,2,2,0,1,1,47,16,100,5,0,0,0,5,2,0.376811594202899,0.0579710144927536,0.420289855072464,0,0,0,1.9928098882287,1.48243890004233
36,2,2,0,1,1,42,20,30,170,0,0,0,5,2,0.372340425531915,0.0319148936170213,0.382978723404255,0,0,0,0.9817828615978,1.89198160008527
36,2,2,0,1,1,10,19.5,10,125,0,0,0,5,2,0.458333333333333,0,0.458333333333333,0,0,0,1.04414849718111,1.13560870010406
36,2,2,0,1,1,74,7,40,120,0,0,0,5,2,0.30625,0.06875,0.15,0,0,0,2.04375751301425,3.00668180012144
36,2,2,0,1,1,31,8.5,50,22,0,0,0,5,2,0.616666666666667,0,0.3,0,0,0,4.05919055201767,1.33672440005466
36,2,2,0,1,1,54,9.25,40,4,0,0,0,5,2,0.356435643564356,0.237623762376238,0.188118811881188,0,0,0,2.50991879189688,2.01290949992836
36,2,2,0,1,1,19,17.5,25,40,0,0,0,5,2,0.428571428571429,0.119047619047619,0.357142857142857,0,0,0,4.0821206212377,1.03579530003481
36,2,2,0,1,1,20,15.75,35,30,0,0,0,5,2,0.275510204081633,0.0816326530612245,0.26530612244898,0,0,0,2.95805130650876,1.95638960017823
36,2,2,0,1,1,24,19,70,150,0,0,0,5,2,0.255474452554745,0.0656934306569343,0.474452554744526,0,0,0,6.01803856063575,2.61571000004187
36,2,2,0,1,1,45,13.5,55,65,0,0,0,5,2,0.27906976744186,0.0232558139534884,0.372093023255814,0,0,0,4.02592267443117,1.75734529993497
36,2,2,0,1,1,23,7.75,60,120,0,0,0,5,2,0.540540540540541,0.018018018018018,0.153153153153153,0,0,0,2.05739629858332,2.18518679984845
36,2,2,0,1,1,28,6,25,7,0,0,0,5,2,0.547945205479452,0.0547945205479452,0.191780821917808,0,0,0,0.921904996648539,1.5473729998339
36,2,2,0,1,1,41,19,65,245,0,0,0,5,2,0.329411764705882,0.0117647058823529,0.411764705882353,0,0,0,4.01043666878389,1.74531539995223
36,2,2,0,1,1,2,7.5,75,25,0,0,0,6,2,0.456310679611651,0.29126213592233,0.145631067961165,0,0,0,0.56924061523646,2.04843640001491
36,2,2,0,1,1,65,1.75,80,10,0,0,0,6,2,0.415841584158416,0.544554455445545,0,0,0,0,0.575857152798022,2.007073600078
36,2,2,0,1,1,81,14,55,5,0,0,0,6,2,0.509090909090909,0.418181818181818,0.0272727272727273,0,0,0,4.05919055201767,2.15856979996897
36,2,2,0,1,1,5,20,85,15,0,0,0,6,2,0.326315789473684,0.436842105263158,0.0210526315789474,0,0,0,6.00230825749328,3.4975792998448
36,2,2,0,1,1,53,14,90,60,0,0,0,6,2,0.517241379310345,0.275862068965517,0,0,0,0,3.97872296282822,1.30471489997581
36,2,2,0,1,1,67,8.5,50,105,0,0,0,6,2,0.673469387755102,0.224489795918367,0,0,0,0,0.981490516802111,1.14892679988407
36,2,2,0,1,1,11,18.25,70,55,0,0,0,6,2,0.322033898305085,0.254237288135593,0.0338983050847458,0,0,0,5.07198947426461,1.32031899993308
36,2,2,0,1,1,44,5,40,65,0,0,0,6,2,0.450980392156863,0.450980392156863,0,0,0,0,0.5744950866256,1.18249920010567
36,2,2,0,1,1,82,9.5,20,25,0,0,0,6,2,0.581395348837209,0.302325581395349,0,0,0,0,0.567941941687419,1.05321919987909
36,2,2,0,1,1,79,10,10,140,0,0,0,6,2,0.454545454545455,0.431818181818182,0,0,0,0,0.583755861251362,1.06429010001011
36,2,2,0,1,1,29,7,20,55,0,0,0,6,2,0.431372549019608,0.490196078431373,0,0,0,0,1.06767476416211,1.18023739987984
36,2,2,0,1,1,35,13,70,30,0,0,0,6,2,0.529411764705882,0.323529411764706,0,0,0,0,3.53296463113706,1.46937349997461
36,2,2,0,1,1,76,4,35,70,0,0,0,6,2,0.418367346938776,0.5,0,0,0,0,2.00671910402213,1.95609370013699
36,2,2,0,1,1,77,12,75,25,0,0,0,6,2,0.481481481481481,0.351851851851852,0,0,0,0,3.93496218527868,1.23206719988957
36,2,2,0,1,1,22,20,90,165,0,0,0,4,2,0.431034482758621,0.482758620689655,0,0,0,0,5.92655772155002,1.29460150003433
36,2,2,0,1,1,7,16.75,65,75,0,0,0,4,2,0.510204081632653,0.408163265306122,0,0,0,0,4.52701284353165,1.14712630002759
36,2,2,0,1,1,61,15,75,225,0,0,0,4,2,0.538793103448276,0.375,0,0,0,0,5.07152730157504,4.18551789992489
36,2,2,0,1,1,30,8,75,90,0,0,0,4,2,0.404761904761905,0.523809523809524,0,0,0,0,2.98366302707057,1.03624220006168
36,2,2,0,1,1,27,5.25,50,120,0,0,0,4,2,0.490909090909091,0.418181818181818,0,0,0,0,0.946428209467332,1.24532400001772
36,2,2,0,1,1,25,9,60,160,0,0,0,4,2,0.428571428571429,0.469387755102041,0,0,0,0,2.03029314077614,1.16006779996678
36,2,2,0,1,1,3,15,85,14,0,0,0,4,2,0.5,0.410714285714286,0,0,0,0,4.0192921161969,1.26809339993633
36,2,2,0,1,1,62,10,95,135,0,0,0,4,2,0.48,0.253333333333333,0.0666666666666667,0,0,0,2.02080823170083,1.58039129991084
36,2,2,0,1,1,13,19.5,5,7,0,0,0,4,2,0.540983606557377,0.360655737704918,0,0,0,0,0.582424438553282,1.34439680003561
36,2,2,0,1,1,57,10,50,95,0,0,0,4,2,0.476923076923077,0.323076923076923,0.0461538461538462,0,0,0,2.05269703389871,1.4163609999232
36,2,2,0,1,1,16,16,65,95,0,0,0,4,2,0.5,0.410714285714286,0,0,0,0,4.97952998140277,1.27176779997535
36,2,2,0,1,1,48,7,45,70,0,0,0,4,2,0.402777777777778,0.319444444444444,0,0,0,0,1.03258984437746,1.5342969999183
36,2,2,0,1,1,60,15,35,31,0,0,0,4,2,0.549019607843137,0.392156862745098,0,0,0,0,2.98366302707057,1.1758550000377
36,2,2,0,1,1,64,19.5,65,45,0,0,0,4,2,0.379807692307692,0.413461538461538,0.0192307692307692,0,0,0,5.05175656475167,3.79507450014353
36,2,2,0,1,1,14,16.75,45,145,0,0,0,2,2,0,0.279411764705882,0.0882352941176471,0,0,0,1.9641587473142,2.60293780011125
36,2,2,0,1,1,1,5,50,0,0,0,0,2,2,0.0526315789473684,0.315789473684211,0.147368421052632,0,0,0,1.67856310252371,1.91675679991022
36,2,2,0,1,1,32,9.5,30,170,0,0,0,2,2,0.0319148936170213,0.265957446808511,0.287234042553192,0,0,0,1.97987654605808,1.90112129994668
36,2,2,0,1,1,36,14,15,40,0,0,0,2,2,0.0247933884297521,0.462809917355372,0.239669421487603,0,0,0,2.01179319743416,2.35066769993864
36,2,2,0,1,1,69,1.5,95,20,0,0,0,2,2,0.036697247706422,0.385321100917431,0.321100917431193,0,0,0,0.186344443714475,2.1415250999853
36,2,2,0,1,1,17,3.25,85,205,0,0,0,2,2,0.0707070707070707,0.323232323232323,0.222222222222222,0,0,0,0.44240925077715,1.97461199993268
36,2,2,0,1,1,12,12,35,1,0,0,0,2,2,0.0757575757575758,0.409090909090909,0.303030303030303,0,0,0,0.961090927644165,1.42523130006157
36,2,2,0,1,1,4,8.5,20,90,0,0,0,2,2,0.0674157303370786,0.235955056179775,0.382022471910112,0,0,0,0.938743157924129,1.81401830003597
36,2,2,0,1,1,56,12,90,210,0,0,0,2,2,0.0632911392405063,0.291139240506329,0.227848101265823,0,0,0,2.97050720256167,1.65104779996909
36,2,2,0,1,1,68,2.5,65,25,0,0,0,2,2,0.0958904109589041,0.26027397260274,0.287671232876712,0,0,0,0.591505839111001,1.54280409985222
36,2,2,0,1,1,6,19,20,175,0,0,0,2,2,0.101449275362319,0.289855072463768,0.289855072463768,0,0,0,2.0028555794319,1.47969050006941
36,2,2,0,1,1,49,16,50,20,0,0,0,2,2,0.0512820512820513,0.294871794871795,0.371794871794872,0,0,0,3.9619562209322,1.63524869992398
36,2,2,0,1,1,9,2,30,19,0,0,0,2,2,0,0.466666666666667,0.466666666666667,0,0,0,0.436354120472807,1.07797420001589
36,2,2,0,1,1,8,16,15,20,0,0,0,2,2,0.0338983050847458,0.406779661016949,0.254237288135593,0,0,0,0.985861142733484,1.31563559989445
36,3,1,0,0,1,68,2.5,100,25,0,0,0,3,6,0.146981627296588,0.125984251968504,0.202099737532808,0,0,0,0.583755861251362,6.69073019991629
36,3,1,0,0,1,52,18.5,100,85,0,0,0,3,6,0.392405063291139,0.253164556962025,0.30379746835443,0,0,0,6.95757333895278,1.64968100003898
36,3,1,0,0,1,60,15,100,31,0,0,0,3,6,0.5625,0.25,0.125,0,0,0,3.04242666104722,1.12688000011258
36,3,1,0,0,1,7,16.75,100,75,0,0,0,3,6,0.622641509433962,0.0754716981132075,0.226415094339623,0,0,0,5.94937154235155,1.21496989997104
36,3,1,0,0,1,50,2.5,100,10,0,0,0,3,6,0.588235294117647,0.0294117647058824,0.279411764705882,0,0,0,0.397370486110816,1.45733539992943
36,3,1,0,0,1,83,17,100,200,0,0,0,3,6,0.493333333333333,0.0533333333333333,0.4,0,0,0,4.10821442376513,1.57974790013395
36,3,1,0,0,1,66,10,100,80,0,0,0,3,6,0.366666666666667,0.2,0.4,0,0,0,2.97050720256167,1.82614860008471
36,3,1,0,0,1,34,12,100,85,0,0,0,3,6,0.416666666666667,0.260416666666667,0.28125,0,0,0,3.67054124025013,1.92246769997291
36,3,1,0,0,1,41,19,100,245,0,0,0,3,6,0.333333333333333,0.304347826086957,0.333333333333333,0,0,0,6.93129123317643,1.47931959992275
36,3,1,0,0,1,22,20,100,165,0,0,0,3,6,0.555555555555556,0.0666666666666667,0.288888888888889,0,0,0,8.05199094687701,1.08006409998052
36,3,1,0,0,1,84,11,100,110,0,0,0,3,6,0.257142857142857,0.428571428571429,0.242857142857143,0,0,0,3.04196697459242,1.49363370006904
36,3,1,0,0,1,20,15.75,100,30,0,0,0,3,6,0.577777777777778,0.0222222222222222,0,0,0,0,3.93367506465037,1.08327880012803
36,3,1,0,0,1,77,12,100,25,0,0,0,3,6,0.425287356321839,0.252873563218391,0.275862068965517,0,0,0,2.07098305926542,1.78038160013966
36,3,1,0,0,1,73,5,100,14,0,0,0,3,6,0.353846153846154,0.123076923076923,0.384615384615385,0,0,0,1.03057219204863,1.41698880004697
36,3,1,0,0,1,76,4,100,70,0,0,0,2,6,0.25,0.260869565217391,0.380434782608696,0,0,0,0.975102349792277,1.86627880018204
36,3,1,0,0,1,8,16,100,20,0,0,0,2,6,0.195876288659794,0.288659793814433,0.443298969072165,0,0,0,5.92655772155002,1.94668769999407
36,3,1,0,0,1,58,14,100,20,0,0,0,2,6,0.173076923076923,0.346153846153846,0.384615384615385,0,0,0,3.03534859612048,1.20460469997488
36,3,1,0,0,1,16,16,100,95,0,0,0,2,6,0.296703296703297,0.241758241758242,0.252747252747253,0,0,0,4.46212670270398,1.84814479993656
36,3,1,0,0,1,38,15.5,100,215,0,0,0,2,6,0.253731343283582,0.26865671641791,0.328358208955224,0,0,0,3.64165303602936,1.44300829991698
36,3,1,0,0,1,74,7,100,120,0,0,0,2,6,0.168224299065421,0.373831775700935,0.411214953271028,0,0,0,1.01291767143232,2.10650100000203
36,3,1,0,0,1,19,17.5,100,40,0,0,0,2,6,0.397260273972603,0.287671232876712,0.287671232876712,0,0,0,3.9619562209322,1.54228139994666
36,3,1,0,0,1,80,8,100,125,0,0,0,2,6,0,0.310344827586207,0.431034482758621,0,0,0,1.03702549107566,1.29914640006609
36,3,1,0,0,1,6,19,100,175,0,0,0,2,6,0.383333333333333,0.316666666666667,0.216666666666667,0,0,0,6.92579186292351,1.33354700007476
36,3,1,0,0,1,75,6,100,45,0,0,0,2,6,0.0769230769230769,0.365384615384615,0.230769230769231,0,0,0,1.11623003651998,1.18798830010928
36,3,1,0,0,1,4,8.5,100,90,0,0,0,2,6,0.256410256410256,0.461538461538462,0.205128205128205,0,0,0,1.89506355105835,0.983272799989209
36,3,1,0,0,1,25,9,100,160,0,0,0,2,6,0.366197183098592,0.267605633802817,0.323943661971831,0,0,0,2.51443992686551,1.51316819991916
36,3,1,0,0,1,39,17,100,15,0,0,0,2,6,0.228070175438596,0.368421052631579,0.245614035087719,0,0,0,4.11388447444524,1.28124760021456
36,3,1,0,0,1,71,6,100,45,0,0,0,2,6,0.0784313725490196,0.333333333333333,0.294117647058824,0,0,0,1.01523900157096,1.17862809984945
36,3,1,0,0,1,26,4,100,50,0,0,0,6,6,0.627118644067797,0.423728813559322,0.0508474576271186,0,0,0,0.393734217636531,1.30650230008177
36,3,1,0,0,1,17,3.25,100,205,0,0,0,6,6,0.448979591836735,0.469387755102041,0,0,0,0,0.480928277179302,1.14665649994276
36,3,1,0,0,1,2,7.5,100,25,0,0,0,6,6,0.402597402597403,0.454545454545455,0.0649350649350649,0,0,0,1.02306462540363,1.61495520011522
36,3,1,0,0,1,33,11,100,190,0,0,0,6,6,0.456140350877193,0.333333333333333,0.12280701754386,0,0,0,1.95803302540758,1.27414270001464
36,3,1,0,0,1,40,18,100,110,0,0,0,6,6,0.291666666666667,0.208333333333333,0.322916666666667,0,0,0,3.01439148359833,1.93258389993571
36,3,1,0,0,1,30,8,100,90,0,0,0,6,6,0.678571428571429,0.25,0,0,0,0,1.03467251306039,1.25967700011097
36,3,1,0,0,1,79,10,100,140,0,0,0,6,6,0.534883720930233,0.348837209302326,0,0,0,0,2.0144652125001,1.05131720006466
36,3,1,0,0,1,72,6.5,100,60,0,0,0,6,6,0.566037735849057,0.283018867924528,0.0188679245283019,0,0,0,1.05366823045003,1.20822699996643
36,3,1,0,0,1,59,2,100,110,0,0,0,6,6,0.361702127659574,0.404255319148936,0.127659574468085,0,0,0,0.640162908922459,1.11113630002365
36,3,1,0,0,1,78,8.25,100,5,0,0,0,6,6,0.654545454545455,0.363636363636364,0,0,0,0,1.06312354797933,1.24112939997576
36,3,1,0,0,1,55,16.5,100,155,0,0,0,6,6,0.452054794520548,0.178082191780822,0.328767123287671,0,0,0,2.9392383888902,1.54181839991361
36,3,1,0,0,1,24,19,100,150,0,0,0,6,6,0.404761904761905,0.357142857142857,0.142857142857143,0,0,0,4.0225099211121,1.03001519991085
36,3,1,0,0,1,47,16,100,5,0,0,0,6,6,0.433333333333333,0.316666666666667,0.225,0,0,0,0.972752554422136,2.33602089993656
36,3,1,0,0,1,15,17.25,100,55,0,0,0,6,6,0.375,0.28125,0.109375,0,0,0,3.92584804684789,1.3886275999248
36,3,1,0,0,1,67,8.5,100,105,0,0,0,4,6,0.296296296296296,0.203703703703704,0.407407407407407,0,0,0,2.04397617964189,1.23259410005994
36,3,1,0,0,1,27,5.25,100,120,0,0,0,4,6,0.673913043478261,0.217391304347826,0,0,0,0,0.945201948014599,1.09954540012404
36,3,1,0,0,1,82,9.5,100,25,0,0,0,4,6,0.403508771929825,0.280701754385965,0.245614035087719,0,0,0,1.89720330129267,1.28440370014869
36,3,1,0,0,1,35,13,100,30,0,0,0,4,6,0.462962962962963,0.462962962962963,0,0,0,0,3.08362793627759,1.23436619993299
36,3,1,0,0,1,49,16,100,20,0,0,0,4,6,0.426470588235294,0.25,0.264705882352941,0,0,0,3.99037035241822,1.4632147999946
36,3,1,0,0,1,51,1,100,3,0,0,0,4,6,0.228070175438596,0.684210526315789,0,0,0,0,0.0573515810849834,1.28170000016689
36,3,1,0,0,1,64,19.5,100,45,0,0,0,4,6,0.49,0.32,0.16,0,0,0,3.97546399548468,2.00315300002694
36,3,1,0,0,1,5,20,100,15,0,0,0,4,6,0.680555555555556,0.291666666666667,0,0,0,0,5.920450435716,1.53763130004518
36,3,1,0,0,1,61,15,100,225,0,0,0,4,6,0.344,0.416,0.208,0,0,0,2.07557226407481,2.41469840006903
36,3,1,0,0,1,43,3,100,0,0,0,0,4,6,0.5,0.378787878787879,0.0606060606060606,0,0,0,0.581099058578744,1.43184239999391
36,3,1,0,0,1,56,12,100,210,0,0,0,4,6,0.305084745762712,0.423728813559322,0.135593220338983,0,0,0,2.88926064939016,1.3165615000762
36,3,1,0,0,1,18,18.75,100,250,0,0,0,4,6,0.580645161290323,0.338709677419355,0,0,0,0,5.03954109229132,1.37369000003673
36,3,1,0,0,1,44,5,100,65,0,0,0,4,6,0.448979591836735,0.275510204081633,0.275510204081633,0,0,0,1.03938909995913,1.96672499994747
36,3,1,0,0,1,9,2,100,19,0,0,0,4,6,0.275862068965517,0.379310344827586,0.275862068965517,0,0,0,0.617393120605918,1.29249719996005
36,3,1,0,0,1,42,20,100,170,0,0,0,5,6,0.271739130434783,0.206521739130435,0.391304347826087,0,0,0,4.95945151825215,1.86864609993063
36,3,1,0,0,1,63,5.5,100,40,0,0,0,5,6,0.545454545454545,0.127272727272727,0.236363636363636,0,0,0,5.08965882834471,1.24537240015343
36,3,1,0,0,1,1,5,100,0,0,0,0,5,6,0.48780487804878,0.231707317073171,0.24390243902439,0,0,0,1.03057219204863,1.6916924000252
36,3,1,0,0,1,10,19.5,100,125,0,0,0,5,6,0.422680412371134,0.0412371134020619,0.371134020618557,0,0,0,5.91937370544051,1.95156259997748
36,3,1,0,0,1,57,10,100,95,0,0,0,5,6,0.375,0,0.5,0,0,0,0.93781836394518,0.868649899959564
36,3,1,0,0,1,70,3.5,100,3,0,0,0,5,6,0.32,0.1,0.4,0,0,0,0.620386092850733,1.1629610999953
36,3,1,0,0,1,29,7,100,55,0,0,0,5,6,0.4,0.133333333333333,0.266666666666667,0,0,0,1.3654940873541,1.07377850008197
36,3,1,0,0,1,54,9.25,100,4,0,0,0,5,6,0.321428571428571,0.357142857142857,0.25,0,0,0,2.57124221468304,1.26472890004516
36,3,1,0,0,1,14,16.75,100,145,0,0,0,5,6,0.6,0.0380952380952381,0.333333333333333,0,0,0,5.03307085952483,2.08020670013502
36,3,1,0,0,1,31,8.5,100,22,0,0,0,5,6,0.506849315068493,0.205479452054795,0.191780821917808,0,0,0,2.04832764699134,1.54151919996366
36,3,1,0,0,1,36,14,100,40,0,0,0,5,6,0.522388059701492,0.134328358208955,0.358208955223881,0,0,0,3.60373706751034,1.44064799998887
36,3,1,0,0,1,81,14,100,5,0,0,0,5,6,0.390625,0.328125,0.21875,0,0,0,1.99558151783463,1.39734430005774
36,3,1,0,0,1,53,14,100,60,0,0,0,5,6,0.478260869565217,0.121739130434783,0.4,0,0,0,3.92949553140042,2.2430297001265
36,3,1,0,0,1,12,12,100,1,0,0,0,5,6,0.289719626168224,0.383177570093458,0.299065420560748,0,0,0,3.08077506446551,2.11855960008688
36,3,1,0,0,1,23,7.75,100,120,0,0,0,1,6,0.341666666666667,0.266666666666667,0.383333333333333,0,0,0,4.03782910668047,2.32621440012008
36,3,1,0,0,1,21,6,100,55,0,0,0,1,6,0.236842105263158,0.447368421052632,0.236842105263158,0,0,0,0.975399144742472,0.967076799832284
36,3,1,0,0,1,69,1.5,100,20,0,0,0,1,6,0.0892857142857143,0.482142857142857,0.339285714285714,0,0,0,0.563363061431737,1.26961040007882
36,3,1,0,0,1,46,2,100,70,0,0,0,1,6,0.152173913043478,0.369565217391304,0.391304347826087,0,0,0,0.834423684291778,1.10707380017266
36,3,1,0,0,1,48,7,100,70,0,0,0,1,6,0.0363636363636364,0.454545454545455,0.4,0,0,0,1.95296103254339,1.23868920002133
36,3,1,0,0,1,28,6,100,7,0,0,0,1,6,0.0645161290322581,0.419354838709677,0.32258064516129,0,0,0,0.973686569509681,0.853807500097901
36,3,1,0,0,1,65,1.75,100,10,0,0,0,1,6,0.0645161290322581,0.548387096774194,0.0967741935483871,0,0,0,0.45659279906166,0.850237699924037
36,3,1,0,0,1,32,9.5,100,170,0,0,0,1,6,0.321428571428571,0.267857142857143,0.321428571428571,0,0,0,2.68571602331035,1.26232059998438
36,3,1,0,0,1,45,13.5,100,65,0,0,0,1,6,0.176470588235294,0.441176470588235,0.264705882352941,0,0,0,3.04998419310139,0.916234799893573
36,3,1,0,0,1,11,18.25,100,55,0,0,0,1,6,0.08,0.52,0.12,0,0,0,3.90803066542632,0.749229199951515
36,3,1,0,0,1,37,14.5,100,175,0,0,0,1,6,0.037037037037037,0.37037037037037,0,0,0,0,3.42529581109645,0.788522699847817
36,3,1,0,0,1,13,19.5,100,7,0,0,0,1,6,0.0909090909090909,0,0.545454545454545,0,0,0,5.45339118343162,0.700264199869707
36,3,1,0,0,1,3,15,100,14,0,0,0,1,6,0.15,0.333333333333333,0.433333333333333,0,0,0,5.83797530495845,1.33483049995266
36,3,1,0,0,1,62,10,100,135,0,0,0,1,6,0.0476190476190476,0.380952380952381,0.476190476190476,0,0,0,2.82827202241892,1.03153879987076
37,1,2,0,0,1,3,15,100,14,0,0,0,6,6,0.0714285714285714,0.070362473347548,0.123667377398721,0,0,0,19.9173267552346,15.9585998999537
37,1,2,0,0,1,60,15,100,31,0,0,0,6,6,0.256578947368421,0.0704887218045113,0.0451127819548872,0,0,0,4.97919550633695,18.0543250999763
37,1,2,0,0,1,81,14,100,5,0,0,0,6,6,0.149625935162095,0.0798004987531172,0.0523690773067332,0,0,0,6.00554552185455,7.00967450003373
37,1,2,0,0,1,51,1,100,3,0,0,0,6,6,0.158273381294964,0.0179856115107914,0.122302158273381,0,0,0,0.497717828038919,4.95532269997057
37,1,2,0,0,1,31,8.5,100,22,0,0,0,6,6,0.295454545454545,0.136363636363636,0.227272727272727,0,0,0,2.00671910402213,2.52819630003069
37,1,2,0,0,1,23,7.75,100,120,0,0,0,6,6,0.296296296296296,0.00925925925925926,0.37037037037037,0,0,0,1.06789854220906,2.12800530000823
37,1,2,0,0,1,32,9.5,100,170,0,0,0,6,6,0.14,0.4,0.18,0,0,0,2.58922418885347,1.16392840002663
37,1,2,0,0,1,79,10,100,140,0,0,0,6,6,0.115107913669065,0.136690647482014,0.330935251798561,0,0,0,0.388402753313404,4.95645130000776
37,1,2,0,0,1,14,16.75,100,145,0,0,0,6,6,0.413533834586466,0.285714285714286,0.075187969924812,0,0,0,1.98787616201406,2.55152579996502
37,1,2,0,0,1,64,19.5,100,45,0,0,0,6,6,0.580357142857143,0,0.294642857142857,0,0,0,2.04832764699134,4.06454389996361
37,1,2,0,0,1,55,16.5,100,155,0,0,0,6,6,0.390334572490706,0.0446096654275093,0.204460966542751,0,0,0,1.08992247198656,4.82303699996555
37,1,2,0,0,1,56,12,100,210,0,0,0,6,6,0.225,0.215,0.345,0,0,0,0.0291357129329484,3.65429800003767
37,1,2,0,0,1,12,12,100,1,0,0,0,6,6,0.342857142857143,0.180952380952381,0.171428571428571,0,0,0,4.04703440007355,2.0698886999744
37,1,2,0,0,1,58,14,100,20,0,0,0,6,6,0.37,0.08,0.28,0,0,0,2.97773647646231,1.98713909997605
37,1,2,0,0,1,50,2.5,100,10,0,0,0,2,6,0.544378698224852,0.124260355029586,0.27810650887574,0,0,0,0.102671705863635,3.14655130001483
37,1,2,0,0,1,36,14,100,40,0,0,0,2,6,0.435897435897436,0.224358974358974,0.217948717948718,0,0,0,1.01523900157096,2.9378396999673
37,1,2,0,0,1,66,10,100,80,0,0,0,2,6,0.180851063829787,0.186170212765957,0.457446808510638,0,0,0,0.176385273868952,3.46136730001308
37,1,2,0,0,1,34,12,100,85,0,0,0,2,6,0.13671875,0.1875,0.3671875,0,0,0,0.368003773960872,4.59898210002575
37,1,2,0,0,1,47,16,100,5,0,0,0,2,6,0.56875,0.1625,0.15,0,0,0,2.0064147342708,3.00524909998057
37,1,2,0,0,1,48,7,100,70,0,0,0,2,6,0.215384615384615,0.307692307692308,0.369230769230769,0,0,0,0.0872027336657659,1.41605629998958
37,1,2,0,0,1,46,2,100,70,0,0,0,2,6,0.435897435897436,0.0897435897435897,0.423076923076923,0,0,0,0.132609935998001,1.63541770004667
37,1,2,0,0,1,39,17,100,15,0,0,0,2,6,0.352941176470588,0.205882352941176,0.352941176470588,0,0,0,1.30578454424744,1.46556129999226
37,1,2,0,0,1,53,14,100,60,0,0,0,2,6,0.362068965517241,0.0862068965517241,0.327586206896552,0,0,0,0.662284628592818,1.29828869999619
37,1,2,0,0,1,15,17.25,100,55,0,0,0,2,6,0.241935483870968,0.274193548387097,0.370967741935484,0,0,0,1.00830644677874,1.36567520000972
37,1,2,0,0,1,43,3,100,0,0,0,0,2,6,0.390909090909091,0.263636363636364,0.309090909090909,0,0,0,3.00423006684671,2.15604090003762
37,1,2,0,0,1,73,5,100,14,0,0,0,2,6,0.218390804597701,0.126436781609195,0.344827586206897,0,0,0,0.777154520956998,1.78367540001636
37,1,2,0,0,1,13,19.5,100,7,0,0,0,2,6,0.494949494949495,0.191919191919192,0.232323232323232,0,0,0,1.08495087554315,1.97264300001552
37,1,2,0,0,1,8,16,100,20,0,0,0,2,6,0.196428571428571,0.357142857142857,0.232142857142857,0,0,0,1.98831450784873,1.26437779999105
37,1,2,0,0,1,74,7,100,120,0,0,0,5,6,0.234042553191489,0.24468085106383,0.446808510638298,0,0,0,0.275986237572926,1.89533179998398
37,1,2,0,0,1,70,3.5,100,3,0,0,0,5,6,0.229508196721311,0.0901639344262295,0.5,0,0,0,0.579779680397234,2.37001000001328
37,1,2,0,0,1,2,7.5,100,25,0,0,0,5,6,0.233009708737864,0.262135922330097,0.446601941747573,0,0,0,0.905402965798078,2.05018060002476
37,1,2,0,0,1,82,9.5,100,25,0,0,0,5,6,0.301075268817204,0.150537634408602,0.43010752688172,0,0,0,0.955101270768992,1.88390719995368
37,1,2,0,0,1,27,5.25,100,120,0,0,0,5,6,0.371794871794872,0.102564102564103,0.448717948717949,0,0,0,0.130793876220228,1.62855899997521
37,1,2,0,0,1,61,15,100,225,0,0,0,5,6,0.253968253968254,0.158730158730159,0.238095238095238,0,0,0,0.176385273868952,2.43212060001679
37,1,2,0,0,1,57,10,100,95,0,0,0,5,6,0.317796610169492,0.122881355932203,0.483050847457627,0,0,0,0.442355406269069,4.26416100002825
37,1,2,0,0,1,72,6.5,100,60,0,0,0,5,6,0.25,0.403846153846154,0.25,0,0,0,0.585093367975457,1.19697230000747
37,1,2,0,0,1,37,14.5,100,175,0,0,0,5,6,0.228813559322034,0.322033898305085,0.423728813559322,0,0,0,0.542675533769426,2.30481459997827
37,1,2,0,0,1,9,2,100,19,0,0,0,5,6,0.182572614107884,0.116182572614108,0.597510373443983,0,0,0,0.840933002398828,4.34845379996113
37,1,2,0,0,1,33,11,100,190,0,0,0,5,6,0.305343511450382,0.305343511450382,0.33587786259542,0,0,0,0.303610863883865,2.51046550000319
37,1,2,0,0,1,77,12,100,25,0,0,0,5,6,0.193675889328063,0.177865612648221,0.438735177865613,0,0,0,1.04654443054575,4.54414409998572
37,1,2,0,0,1,76,4,100,70,0,0,0,5,6,0.175,0.125,0.375,0,0,0,0.234053485496549,0.995698200014886
37,1,2,0,0,1,5,20,100,15,0,0,0,5,6,0.0941176470588235,0.282352941176471,0.482352941176471,0,0,0,1.97387258896639,1.75026160001289
37,1,2,0,0,1,49,16,100,20,0,0,0,3,6,0.385542168674699,0.0963855421686747,0.325301204819277,0,0,0,2.13100089175675,1.70519549999153
37,1,2,0,0,1,20,15.75,100,30,0,0,0,3,6,0.379746835443038,0.329113924050633,0.139240506329114,0,0,0,1.00373666938081,1.64033189998008
37,1,2,0,0,1,7,16.75,100,75,0,0,0,3,6,0.470588235294118,0.382352941176471,0,0,0,0,0.48536415939871,0.891291500010993
37,1,2,0,0,1,71,6,100,45,0,0,0,3,6,0.456521739130435,0.260869565217391,0.173913043478261,0,0,0,0.2024925208481,1.09088000003248
37,1,2,0,0,1,30,8,100,90,0,0,0,3,6,0.333333333333333,0,0.111111111111111,0,0,0,0.232983260883916,0.480442799977027
37,1,2,0,0,1,18,18.75,100,250,0,0,0,3,6,0.621621621621622,0,0.243243243243243,0,0,0,0.447787629271449,0.937286000000313
37,1,2,0,0,1,16,16,100,95,0,0,0,3,6,0.294117647058824,0,0.5,0,0,0,0.235677377406827,0.891779900004622
37,1,2,0,0,1,45,13.5,100,65,0,0,0,3,6,0.219512195121951,0,0.658536585365854,0,0,0,0.375747480475152,1.00453039997956
37,1,2,0,0,1,80,8,100,125,0,0,0,3,6,0.25,0,0.611111111111111,0,0,0,0.206239783049874,0.932296100014355
37,1,2,0,0,1,78,8.25,100,5,0,0,0,3,6,0,0,0,0,0,0,0.396455144963468,0.296470200002659
37,1,2,0,0,1,75,6,100,45,0,0,0,3,6,0.666666666666667,0,0,0,0,0,0.277887182402512,0.571580500050914
37,1,2,0,0,1,65,1.75,100,10,0,0,0,3,6,0,0,0,0,0,0,0.265104892265423,0.114330300013535
37,1,2,0,0,1,35,13,100,30,0,0,0,3,6,0.375,0,0.535714285714286,0,0,0,0.663813698497844,1.25983360002283
37,1,2,0,0,1,83,17,100,200,0,0,0,3,6,0,0,0,0,0,0,0.913563313170236,0.197798699955456
37,1,2,0,0,1,41,19,100,245,0,0,0,4,6,0.619047619047619,0.142857142857143,0,0,0,0,1.08992247198656,0.682749599975068
37,1,2,0,0,1,44,5,100,65,0,0,0,4,6,0.426395939086294,0.16243654822335,0.0964467005076142,0,0,0,0.377459213259971,3.65146480000112
37,1,2,0,0,1,42,20,100,170,0,0,0,4,6,0.509803921568627,0.215686274509804,0.176470588235294,0,0,0,0.160581014930035,1.18826110003283
37,1,2,0,0,1,29,7,100,55,0,0,0,4,6,0.426470588235294,0.382352941176471,0.161764705882353,0,0,0,0.262675509546607,1.45949049998308
37,1,2,0,0,1,63,5.5,100,40,0,0,0,4,6,0.457831325301205,0.265060240963855,0.240963855421687,0,0,0,0.335520532569419,1.72514399996726
37,1,2,0,0,1,68,2.5,100,25,0,0,0,4,6,0.282608695652174,0.217391304347826,0.304347826086957,0,0,0,0.643223205019147,1.10386790003395
37,1,2,0,0,1,24,19,100,150,0,0,0,4,6,0.12,0.14,0.46,0,0,0,0.249239772150485,1.16921060002642
37,1,2,0,0,1,22,20,100,165,0,0,0,4,6,0.204081632653061,0.26530612244898,0.36734693877551,0,0,0,0.249239772150485,1.13793570001144
37,1,2,0,0,1,62,10,100,135,0,0,0,4,6,0.0666666666666667,0.133333333333333,0.377777777777778,0,0,0,0.292492763220721,1.0758666000329
37,1,2,0,0,1,54,9.25,100,4,0,0,0,4,6,0.225,0.35,0.275,0,0,0,1.9928098882287,0.993663300003391
37,1,2,0,0,1,26,4,100,50,0,0,0,4,6,0.151515151515152,0.136363636363636,0.515151515151515,0,0,0,0.497717828038919,1.42731940001249
37,1,2,0,0,1,59,2,100,110,0,0,0,4,6,0.230769230769231,0.230769230769231,0.435897435897436,0,0,0,0.102435719737645,0.973007699998561
37,1,2,0,0,1,6,19,100,175,0,0,0,4,6,0.451388888888889,0.25,0.222222222222222,0,0,0,0.59826502330294,2.73365289997309
37,1,2,0,0,1,10,19.5,100,125,0,0,0,4,6,0.338775510204082,0.175510204081633,0.293877551020408,0,0,0,0.471237492727901,4.41149009997025
37,1,2,0,0,1,25,9,100,160,0,0,0,1,6,0.324324324324324,0.148648648648649,0.364864864864865,0,0,0,0.362148585429097,1.56964440003503
37,1,2,0,0,1,17,3.25,100,205,0,0,0,1,6,0.329113924050633,0.240506329113924,0.367088607594937,0,0,0,0.0146686323904603,1.64937920001103
37,1,2,0,0,1,11,18.25,100,55,0,0,0,1,6,0.0564516129032258,0.145161290322581,0,0,0,0,0.821449598192753,2.39767979999306
37,1,2,0,0,1,69,1.5,100,20,0,0,0,1,6,0.407894736842105,0.105263157894737,0.447368421052632,0,0,0,0.272875104387385,1.59141819999786
37,1,2,0,0,1,28,6,100,7,0,0,0,1,6,0.229166666666667,0.270833333333333,0.354166666666667,0,0,0,2.98448751455834,1.14836910000304
37,1,2,0,0,1,84,11,100,110,0,0,0,1,6,0.215686274509804,0.274509803921569,0.411764705882353,0,0,0,0.250392473068274,1.1814951999695
37,1,2,0,0,1,40,18,100,110,0,0,0,1,6,0.584905660377358,0.20125786163522,0.207547169811321,0,0,0,0.554719432442823,2.97694480000064
37,1,2,0,0,1,21,6,100,55,0,0,0,1,6,0.164383561643836,0.486301369863014,0.253424657534247,0,0,0,0.418984315269139,2.76534090004861
37,1,2,0,0,1,38,15.5,100,215,0,0,0,1,6,0.41304347826087,0.326086956521739,0.173913043478261,0,0,0,0.279169084892128,1.10306409996701
37,1,2,0,0,1,1,5,100,0,0,0,0,1,6,0.426470588235294,0.308823529411765,0.205882352941176,0,0,0,3.98261985261288,1.45972269994672
37,1,2,0,0,1,52,18.5,100,85,0,0,0,1,6,0.0892857142857143,0.214285714285714,0.5,0,0,0,0.293165758379018,1.25766539998585
37,1,2,0,0,1,4,8.5,100,90,0,0,0,1,6,0.131578947368421,0.368421052631579,0.526315789473684,0,0,0,0.274733315170536,0.964857499988284
37,1,2,0,0,1,19,17.5,100,40,0,0,0,1,6,0.21875,0.125,0.5,0,0,0,0.373239894180802,0.860195000015665
37,1,2,0,0,1,67,8.5,100,105,0,0,0,1,6,0.415094339622642,0.150943396226415,0.424528301886792,0,0,0,0.347692028734251,2.09916519996477
37,2,1,0,1,1,26,4,45,50,0,0,0,6,2,0.128408091468777,0.16622691292876,0.144239226033421,0,0,0,0.763160651491496,19.2665671999566
37,2,1,0,1,1,13,19.5,5,7,0,0,0,6,2,0.302040816326531,0.379591836734694,0.322448979591837,0,0,0,0.132303765761925,4.41728920000605
37,2,1,0,1,1,31,8.5,50,22,0,0,0,6,2,0.364864864864865,0.0945945945945946,0.418918918918919,0,0,0,0.818797002482761,1.57207399979234
37,2,1,0,1,1,73,5,70,14,0,0,0,6,2,0.491228070175439,0.157894736842105,0.315789473684211,0,0,0,1.82106003711498,2.22080460004508
37,2,1,0,1,1,58,14,45,20,0,0,0,6,2,0.376470588235294,0.329411764705882,0.258823529411765,0,0,0,0.217439247102995,1.75165609992109
37,2,1,0,1,1,65,1.75,80,10,0,0,0,6,2,0.375,0.275,0.291666666666667,0,0,0,0.460098444835538,2.33209999999963
37,2,1,0,1,1,28,6,25,7,0,0,0,6,2,0.440860215053763,0.387096774193548,0.10752688172043,0,0,0,0.408277724536628,1.87050750013441
37,2,1,0,1,1,72,6.5,90,60,0,0,0,6,2,0.36986301369863,0.424657534246575,0.0958904109589041,0,0,0,1.78137103932622,1.54085989994928
37,2,1,0,1,1,9,2,30,19,0,0,0,6,2,0.246575342465753,0.561643835616438,0.0684931506849315,0,0,0,0.470184748812738,1.54522829991765
37,2,1,0,1,1,3,15,85,14,0,0,0,6,2,0.476744186046512,0.27906976744186,0.238372093023256,0,0,0,1.99769373642336,3.20321070007049
37,2,1,0,1,1,70,3.5,40,3,0,0,0,6,2,0.376068376068376,0.358974358974359,0.222222222222222,0,0,0,0.675932185876867,2.28503299993463
37,2,1,0,1,1,42,20,30,170,0,0,0,6,2,0.245283018867925,0.452830188679245,0.245283018867925,0,0,0,0.160581014930035,1.21676270011812
37,2,1,0,1,1,67,8.5,50,105,0,0,0,6,2,0.479452054794521,0.219178082191781,0.232876712328767,0,0,0,0.851588141265662,1.54937100014649
37,2,1,0,1,1,5,20,85,15,0,0,0,6,2,0.328358208955224,0.26865671641791,0.328358208955224,0,0,0,2.11347651893577,1.44389059999958
37,2,1,0,1,1,48,7,45,70,0,0,0,4,2,0.433070866141732,0.196850393700787,0.354330708661417,0,0,0,0.339209168310273,2.44903540005907
37,2,1,0,1,1,34,12,15,85,0,0,0,4,2,0.540229885057471,0.252873563218391,0.149425287356322,0,0,0,0.748895121994106,1.77999800001271
37,2,1,0,1,1,82,9.5,20,25,0,0,0,4,2,0.4,0.377777777777778,0.1,0,0,0,0.845590326369759,1.82839489984326
37,2,1,0,1,1,18,18.75,80,250,0,0,0,4,2,0.35,0.2,0.416666666666667,0,0,0,1.05610412608059,2.3354088999331
37,2,1,0,1,1,35,13,70,30,0,0,0,4,2,0.415254237288136,0.279661016949153,0.288135593220339,0,0,0,1.63372798041795,2.30074900016189
37,2,1,0,1,1,12,12,35,1,0,0,0,4,2,0.554347826086957,0.326086956521739,0.0543478260869565,0,0,0,0.710860722506251,1.8668223998975
37,2,1,0,1,1,11,18.25,70,55,0,0,0,4,2,0.38,0.29,0.3,0,0,0,1.26525825498032,1.99680129997432
37,2,1,0,1,1,74,7,40,120,0,0,0,4,2,0.383838383838384,0.464646464646465,0.111111111111111,0,0,0,1.04898479061982,1.98797590006143
37,2,1,0,1,1,37,14.5,5,175,0,0,0,4,2,0.494623655913978,0.145161290322581,0.301075268817204,0,0,0,0.116530648832672,3.43310929997824
37,2,1,0,1,1,21,6,95,55,0,0,0,4,2,0.404761904761905,0.285714285714286,0.226190476190476,0,0,0,0.685575010558846,1.72295899991877
37,2,1,0,1,1,51,1,40,3,0,0,0,4,2,0.315068493150685,0.479452054794521,0.150684931506849,0,0,0,0.04380342150262,1.54790419992059
37,2,1,0,1,1,83,17,80,200,0,0,0,4,2,0.330645161290323,0.217741935483871,0.419354838709677,0,0,0,0.988554800503593,2.40353240002878
37,2,1,0,1,1,56,12,90,210,0,0,0,4,2,0.46875,0.375,0.09375,0,0,0,0.891187755058709,1.39778400002979
37,2,1,0,1,1,41,19,65,245,0,0,0,4,2,0.481012658227848,0.367088607594937,0.10126582278481,0,0,0,0.358885575738682,1.64168979995884
37,2,1,0,1,1,49,16,50,20,0,0,0,3,2,0.430769230769231,0.041025641025641,0.41025641025641,0,0,0,1.36833538658604,3.57163129979745
37,2,1,0,1,1,50,2.5,90,10,0,0,0,3,2,0.475247524752475,0.0792079207920792,0.425742574257426,0,0,0,0.405495237728207,2.02120700012892
37,2,1,0,1,1,14,16.75,45,145,0,0,0,3,2,0.267605633802817,0.309859154929577,0.366197183098592,0,0,0,0.823847810108301,1.5161562000867
37,2,1,0,1,1,38,15.5,40,215,0,0,0,3,2,0.433333333333333,0.211111111111111,0.322222222222222,0,0,0,0.434977756042777,1.84805490006693
37,2,1,0,1,1,25,9,60,160,0,0,0,3,2,0.387755102040816,0.115646258503401,0.394557823129252,0,0,0,0.764384945722519,2.78112920001149
37,2,1,0,1,1,63,5.5,70,40,0,0,0,3,2,0.402116402116402,0.153439153439153,0.44973544973545,0,0,0,0.250392473068274,3.48372239992023
37,2,1,0,1,1,33,11,65,190,0,0,0,3,2,0.419847328244275,0.297709923664122,0.244274809160305,0,0,0,0.513899099857166,2.51479919999838
37,2,1,0,1,1,2,7.5,75,25,0,0,0,3,2,0.480392156862745,0.245098039215686,0.264705882352941,0,0,0,0.96851144040258,2.04015280003659
37,2,1,0,1,1,43,3,30,0,0,0,0,3,2,0.388571428571429,0.354285714285714,0.182857142857143,0,0,0,0.187187146432919,3.2494757999666
37,2,1,0,1,1,29,7,20,55,0,0,0,3,2,0.741379310344828,0,0.189655172413793,0,0,0,0.371535232753775,1.30379709997214
37,2,1,0,1,1,80,8,45,125,0,0,0,3,2,0.237951807228916,0.370481927710843,0.243975903614458,0,0,0,0.171631153369457,5.86317249992862
37,2,1,0,1,1,6,19,20,175,0,0,0,3,2,0.428571428571429,0.226190476190476,0.279761904761905,0,0,0,0.204818424420349,3.13444990012795
37,2,1,0,1,1,75,6,85,45,0,0,0,3,2,0.308139534883721,0.0523255813953488,0.546511627906977,0,0,0,0.382362143189859,3.19881070009433
37,2,1,0,1,1,57,10,50,95,0,0,0,3,2,0.333333333333333,0.178571428571429,0.428571428571429,0,0,0,0.464285440987716,1.73013189993799
37,2,1,0,1,1,1,5,50,0,0,0,0,2,2,0.355555555555556,0.4,0.211111111111111,0,0,0,1.07514123330803,1.82460890011862
37,2,1,0,1,1,54,9.25,40,4,0,0,0,2,2,0.338308457711443,0.228855721393035,0.328358208955224,0,0,0,0.350882755159915,3.68343529989943
37,2,1,0,1,1,79,10,10,140,0,0,0,2,2,0.155172413793103,0.448275862068966,0.327586206896552,0,0,0,0.131999005840704,1.29870200017467
37,2,1,0,1,1,64,19.5,65,45,0,0,0,2,2,0.102941176470588,0.323529411764706,0.411764705882353,0,0,0,0.454938797779423,1.46039530006237
37,2,1,0,1,1,27,5.25,50,120,0,0,0,2,2,0.481751824817518,0.167883211678832,0.313868613138686,0,0,0,0.299684967231329,2.6063366997987
37,2,1,0,1,1,8,16,15,20,0,0,0,2,2,0.357142857142857,0.228571428571429,0.271428571428571,0,0,0,0.222795570375212,1.4945611001458
37,2,1,0,1,1,47,16,100,5,0,0,0,2,2,0.39662447257384,0.341772151898734,0.244725738396624,0,0,0,6.07997728458342,4.27254940010607
37,2,1,0,1,1,71,6,25,45,0,0,0,2,2,0.0153846153846154,0.476923076923077,0.430769230769231,0,0,0,0.262075101077993,1.41041400004178
37,2,1,0,1,1,69,1.5,95,20,0,0,0,2,2,0.255102040816327,0.183673469387755,0.530612244897959,0,0,0,0.578466263446025,1.96183290006593
37,2,1,0,1,1,17,3.25,85,205,0,0,0,2,2,0.0833333333333333,0.416666666666667,0.375,0,0,0,0.162067236801349,1.12908319989219
37,2,1,0,1,1,52,18.5,10,85,0,0,0,2,2,0.0925925925925926,0.174074074074074,0.281481481481481,0,0,0,0.187187146432919,4.83386849984527
37,2,1,0,1,1,7,16.75,65,75,0,0,0,2,2,0.180952380952381,0.428571428571429,0.380952380952381,0,0,0,0.331723366254206,2.08696010010317
37,2,1,0,1,1,46,2,55,70,0,0,0,2,2,0.0980392156862745,0.372549019607843,0.431372549019608,0,0,0,0.229830491269176,1.18595619988628
37,2,1,0,1,1,22,20,90,165,0,0,0,2,2,0.188888888888889,0.277777777777778,0.422222222222222,0,0,0,1.06812854795901,1.82906390004791
37,2,1,0,1,1,16,16,65,95,0,0,0,1,2,0.074468085106383,0.404255319148936,0.446808510638298,0,0,0,0.334754167131482,1.89575770008378
37,2,1,0,1,1,15,17.25,25,55,0,0,0,1,2,0.180722891566265,0.289156626506024,0.518072289156627,0,0,0,0.486552067528045,1.71466689999215
37,2,1,0,1,1,44,5,40,65,0,0,0,1,2,0.282258064516129,0.266129032258065,0.379032258064516,0,0,0,0.291695593462343,2.3974384998437
37,2,1,0,1,1,45,13.5,55,65,0,0,0,1,2,0.571428571428571,0.175115207373272,0.211981566820276,0,0,0,0.380056220649394,3.93640549993142
37,2,1,0,1,1,68,2.5,65,25,0,0,0,1,2,0.0612244897959184,0.408163265306122,0.469387755102041,0,0,0,0.302239127127656,1.15459070005454
37,2,1,0,1,1,19,17.5,25,40,0,0,0,1,2,0,0.431818181818182,0.272727272727273,0,0,0,0.189761601124559,1.05698730004951
37,2,1,0,1,1,60,15,35,31,0,0,0,1,2,0.317460317460317,0.206349206349206,0.412698412698413,0,0,0,0.12563232791533,1.37940520001575
37,2,1,0,1,1,39,17,35,15,0,0,0,1,2,0.0869565217391304,0.376811594202899,0.391304347826087,0,0,0,0.276616991333238,1.48830910003744
37,2,1,0,1,1,4,8.5,20,90,0,0,0,1,2,0.234375,0.3125,0.328125,0,0,0,0.477654113863881,1.40283629996702
37,2,1,0,1,1,62,10,95,135,0,0,0,1,2,0.317647058823529,0.235294117647059,0.305882352941176,0,0,0,1.96939269792888,1.74212600011379
37,2,1,0,1,1,76,4,35,70,0,0,0,1,2,0.0303030303030303,0.212121212121212,0.272727272727273,0,0,0,0.406993699196299,0.878409199882299
37,2,1,0,1,1,78,8.25,20,5,0,0,0,1,2,0.3,0.5,0,0,0,0,0.437351790298887,0.827825199812651
37,2,1,0,1,1,32,9.5,30,170,0,0,0,1,2,0,0.666666666666667,0,0,0,0,0.233517147519031,0.628803200088441
37,2,1,0,1,1,23,7.75,60,120,0,0,0,1,2,0.421052631578947,0.447368421052632,0,0,0,0,0.915634647745318,0.971632200060412
37,2,1,0,1,1,10,19.5,10,125,0,0,0,5,2,0.232323232323232,0.444444444444444,0.262626262626263,0,0,0,0.174771578179715,1.97346069989726
37,2,1,0,1,1,81,14,55,5,0,0,0,5,2,0,0.857142857142857,0,0,0,0,0.583755861251362,0.908591700019315
37,2,1,0,1,1,30,8,75,90,0,0,0,5,2,0.184615384615385,0.4,0.369230769230769,0,0,0,0.921904996648539,1.41880270000547
37,2,1,0,1,1,84,11,50,110,0,0,0,5,2,0.448275862068966,0.137931034482759,0.310344827586207,0,0,0,0.528076740296125,1.28819200000726
37,2,1,0,1,1,55,16.5,25,155,0,0,0,5,2,0.12,0.37,0.39,0,0,0,0.366311653380752,2.00440329988487
37,2,1,0,1,1,66,10,90,80,0,0,0,5,2,0.324324324324324,0.189189189189189,0.351351351351351,0,0,0,1.04901738046294,0.954332299996167
37,2,1,0,1,1,59,2,80,110,0,0,0,5,2,0.411111111111111,0.0666666666666667,0.511111111111111,0,0,0,0.647669672889815,1.83554330002517
37,2,1,0,1,1,61,15,75,225,0,0,0,5,2,0.350746268656716,0.23134328358209,0.402985074626866,0,0,0,0.633081027188371,2.56535889999941
37,2,1,0,1,1,24,19,70,150,0,0,0,5,2,0.263157894736842,0.0789473684210526,0.5,0,0,0,0.764384945722519,0.964156799949706
37,2,1,0,1,1,36,14,15,40,0,0,0,5,2,0.276422764227642,0.186991869918699,0.186991869918699,0,0,0,0.231922774752949,2.37341100000776
37,2,1,0,1,1,53,14,90,60,0,0,0,5,2,0.176470588235294,0.0882352941176471,0.558823529411765,0,0,0,1.04673917306051,0.906874800100923
37,2,1,0,1,1,20,15.75,35,30,0,0,0,5,2,0,0.461538461538462,0,0,0,0,0.304995099315349,0.540767899947241
37,2,1,0,1,1,40,18,15,110,0,0,0,5,2,0.426573426573427,0.251748251748252,0.265734265734266,0,0,0,0.115473914376022,2.70808979985304
37,2,1,0,1,1,77,12,75,25,0,0,0,5,2,0.333333333333333,0.261904761904762,0.333333333333333,0,0,0,0.662284628592818,1.0257578000892
37,3,1,0,1,0,79,10,10,0,0,0,0,3,4,0.0873015873015873,0.131519274376417,0.160997732426304,0,0,0,0.965150509026294,15.0368552000728
37,3,1,0,1,0,34,12,15,0,0,0,0,3,4,0.317647058823529,0.376470588235294,0.176470588235294,0,0,0,1.43177874325004,1.75190230016597
37,3,1,0,1,0,52,18.5,10,0,0,0,0,3,4,0.367088607594937,0.354430379746835,0.20253164556962,0,0,0,1.17906149971465,1.65158249996603
37,3,1,0,1,0,8,16,15,0,0,0,0,3,4,0.246376811594203,0.434782608695652,0.246376811594203,0,0,0,1.25378503407747,1.47240080009215
37,3,1,0,1,0,45,13.5,55,0,0,0,0,3,4,0.425,0.3,0.225,0,0,0,2.08480975607697,1.66568510001525
37,3,1,0,1,0,76,4,35,0,0,0,0,3,4,0.340909090909091,0.329545454545455,0.272727272727273,0,0,0,0.500012634268963,1.79694010014646
37,3,1,0,1,0,49,16,50,0,0,0,0,3,4,0.216216216216216,0.342342342342342,0.324324324324324,0,0,0,1.81367180322844,2.18292779987678
37,3,1,0,1,0,72,6.5,90,0,0,0,0,3,4,0.358208955223881,0.298507462686567,0.298507462686567,0,0,0,2.02990165582899,1.44984499993734
37,3,1,0,1,0,24,19,70,0,0,0,0,3,4,0.344827586206897,0.413793103448276,0.172413793103448,0,0,0,2.21412453621203,1.30333820008673
37,3,1,0,1,0,51,1,40,0,0,0,0,3,4,0.28099173553719,0.363636363636364,0.231404958677686,0,0,0,0.432408477120084,2.34693120000884
37,3,1,0,1,0,67,8.5,50,0,0,0,0,3,4,0.440860215053763,0.247311827956989,0.290322580645161,0,0,0,1.04898479061982,1.87899950006977
37,3,1,0,1,0,11,18.25,70,0,0,0,0,3,4,0.492753623188406,0.0579710144927536,0.231884057971014,0,0,0,1.9788809721005,1.48590940004215
37,3,1,0,1,0,6,19,20,0,0,0,0,3,4,0.736842105263158,0,0.157894736842105,0,0,0,0.582424438553282,1.27302399999462
37,3,1,0,1,0,62,10,95,0,0,0,0,3,4,0.609929078014184,0.0567375886524823,0.226950354609929,0,0,0,3.02290862175008,2.68371440004557
37,3,1,0,1,0,48,7,45,0,0,0,0,1,4,0.373417721518987,0.449367088607595,0.120253164556962,0,0,0,1.14886397954442,2.95845289994031
37,3,1,0,1,0,36,14,15,0,0,0,0,1,4,0.1375,0.4625,0.25,0,0,0,0.784479104309739,1.65666750003584
37,3,1,0,1,0,44,5,40,0,0,0,0,1,4,0.131578947368421,0.552631578947368,0.210526315789474,0,0,0,0.743869787831169,0.960655000060797
37,3,1,0,1,0,35,13,70,0,0,0,0,1,4,0.490384615384615,0.326923076923077,0.125,0,0,0,1.11533696218822,3.800200200174
37,3,1,0,1,0,74,7,40,0,0,0,0,1,4,0.0465116279069767,0.534883720930233,0.348837209302326,0,0,0,0.449825538231988,1.04301040014252
37,3,1,0,1,0,59,2,80,0,0,0,0,1,4,0.174757281553398,0.553398058252427,0.145631067961165,0,0,0,0.549690240187253,2.04793899995275
37,3,1,0,1,0,43,3,30,0,0,0,0,1,4,0.15,0.45,0.325,0,0,0,0.734017884392436,1.00108760013245
37,3,1,0,1,0,15,17.25,25,0,0,0,0,1,4,0.335714285714286,0.514285714285714,0.114285714285714,0,0,0,0.676892581503978,2.6777115999721
37,3,1,0,1,0,39,17,35,0,0,0,0,1,4,0.2890625,0.6875,0.015625,0,0,0,0.654743372003473,2.45607129996642
37,3,1,0,1,0,1,5,50,0,0,0,0,1,4,0.4,0.424242424242424,0.145454545454545,0,0,0,0.748102369651065,5.82223910000175
37,3,1,0,1,0,78,8.25,20,0,0,0,0,1,4,0.273684210526316,0.410526315789474,0.221052631578947,0,0,0,0.836500120440061,1.92131870007142
37,3,1,0,1,0,57,10,50,0,0,0,0,1,4,0.185567010309278,0.494845360824742,0.268041237113402,0,0,0,1.09932451885949,1.95332510001026
37,3,1,0,1,0,71,6,25,0,0,0,0,1,4,0.275,0.575,0,0,0,0,0.660762561552612,1.00665970006958
37,3,1,0,1,0,17,3.25,85,0,0,0,0,1,4,0.550561797752809,0.269662921348315,0.0786516853932584,0,0,0,1.02306462540363,1.81831920007244
37,3,1,0,1,0,12,12,35,0,0,0,0,4,4,0.454545454545455,0,0.318181818181818,0,0,0,0.851588141265662,0.694236899958923
37,3,1,0,1,0,18,18.75,80,0,0,0,0,4,4,0.486111111111111,0.319444444444444,0.138888888888889,0,0,0,2.0900574058465,1.5384359001182
37,3,1,0,1,0,5,20,85,0,0,0,0,4,4,0.276470588235294,0.5,0.135294117647059,0,0,0,1.9788809721005,3.162876999937
37,3,1,0,1,0,69,1.5,95,0,0,0,0,4,4,0,0,0.705882352941177,0,0,0,1.01669519755721,0.626662199851125
37,3,1,0,1,0,80,8,45,0,0,0,0,4,4,0.444444444444444,0.345679012345679,0.160493827160494,0,0,0,0.567941941687419,1.68367639998905
37,3,1,0,1,0,77,12,75,0,0,0,0,4,4,0.234042553191489,0.617021276595745,0.0425531914893617,0,0,0,1.58046672418082,1.10951209999621
37,3,1,0,1,0,82,9.5,20,0,0,0,0,4,4,0.372340425531915,0.51063829787234,0.0957446808510638,0,0,0,0.755320277809592,1.90023209992796
37,3,1,0,1,0,4,8.5,20,0,0,0,0,4,4,0.442622950819672,0.475409836065574,0,0,0,0,0.570708721380857,1.34150899993256
37,3,1,0,1,0,73,5,70,0,0,0,0,4,4,0.476190476190476,0.380952380952381,0.0793650793650794,0,0,0,0.858224214789203,1.3786571000237
37,3,1,0,1,0,2,7.5,75,0,0,0,0,4,4,0.447761194029851,0.417910447761194,0.0895522388059701,0,0,0,1.14369501913771,1.4425298999995
37,3,1,0,1,0,60,15,35,0,0,0,0,4,4,0.340740740740741,0.414814814814815,0.148148148148148,0,0,0,0.720672938878906,2.59485869994387
37,3,1,0,1,0,37,14.5,5,0,0,0,0,4,4,0.578125,0.3515625,0.015625,0,0,0,0.173459306190832,2.45852160011418
37,3,1,0,1,0,14,16.75,45,0,0,0,0,4,4,0.490196078431373,0.156862745098039,0.196078431372549,0,0,0,0.895331874850701,1.18092519999482
37,3,1,0,1,0,29,7,20,0,0,0,0,4,4,0.225,0.4,0.25,0,0,0,0.638647824885339,3.00444769999012
37,3,1,0,1,0,28,6,25,0,0,0,0,6,4,0.240740740740741,0.62962962962963,0.0555555555555556,0,0,0,0.611054589706967,1.22262519993819
37,3,1,0,1,0,46,2,55,0,0,0,0,6,4,0.333333333333333,0.529411764705882,0,0,0,0,1.00830644677874,1.17809480009601
37,3,1,0,1,0,55,16.5,25,0,0,0,0,6,4,0.426086956521739,0.495652173913044,0.0347826086956522,0,0,0,0.473357160549337,2.24239489994943
37,3,1,0,1,0,25,9,60,0,0,0,0,6,4,0.30952380952381,0.523809523809524,0.0238095238095238,0,0,0,1.03084779430305,1.03898430010304
37,3,1,0,1,0,58,14,45,0,0,0,0,6,4,0.552941176470588,0.388235294117647,0.0352941176470588,0,0,0,0.602394970983404,1.74156449991278
37,3,1,0,1,0,64,19.5,65,0,0,0,0,6,4,0.358024691358025,0.506172839506173,0,0,0,0,1.05369936754841,1.68584139994346
37,3,1,0,1,0,81,14,55,0,0,0,0,6,4,0.415584415584416,0.376623376623377,0.155844155844156,0,0,0,0.996958512766266,1.60810650000349
37,3,1,0,1,0,31,8.5,50,0,0,0,0,6,4,0.434782608695652,0.521739130434783,0,0,0,0,0.735251398281822,1.47979380004108
37,3,1,0,1,0,20,15.75,35,0,0,0,0,6,4,0.345238095238095,0.321428571428571,0.273809523809524,0,0,0,0.526865528279895,1.73252339987084
37,3,1,0,1,0,16,16,65,0,0,0,0,6,4,0.356828193832599,0.497797356828194,0.0881057268722467,0,0,0,1.42515279803031,4.11499070003629
37,3,1,0,1,0,53,14,90,0,0,0,0,6,4,0.30952380952381,0.452380952380952,0.0952380952380952,0,0,0,2.11995554106915,3.8227863998618
37,3,1,0,1,0,21,6,95,0,0,0,0,6,4,0.582089552238806,0.283582089552239,0.0597014925373134,0,0,0,2.11777432188217,1.44792599999346
37,3,1,0,1,0,22,20,90,0,0,0,0,6,4,0.425531914893617,0.170212765957447,0.212765957446809,0,0,0,3.96741015562254,1.11809599981643
37,3,1,0,1,0,47,16,100,0,0,0,0,6,4,0.595238095238095,0.0476190476190476,0.261904761904762,0,0,0,8.01168549215127,1.02963260002434
37,3,1,0,1,0,40,18,15,0,0,0,0,5,4,0.362637362637363,0.230769230769231,0.32967032967033,0,0,0,0.758041396248775,1.85079270019196
37,3,1,0,1,0,56,12,90,0,0,0,0,5,4,0.529411764705882,0.323529411764706,0.102941176470588,0,0,0,3.00972117933742,1.47886679996736
37,3,1,0,1,0,68,2.5,65,0,0,0,0,5,4,0.481481481481481,0.148148148148148,0.296296296296296,0,0,0,0.672248424766529,1.2277951000724
37,3,1,0,1,0,19,17.5,25,0,0,0,0,5,4,0.48,0.04,0.36,0,0,0,0.745537423084102,1.1685289000161
37,3,1,0,1,0,75,6,85,0,0,0,0,5,4,0.418367346938776,0.285714285714286,0.255102040816327,0,0,0,0.95269408747421,1.95603920007125
37,3,1,0,1,0,61,15,75,0,0,0,0,5,4,0.5,0.208333333333333,0.1875,0,0,0,1.04443931360544,1.92701709992252
37,3,1,0,1,0,9,2,30,0,0,0,0,5,4,0.41025641025641,0.256410256410256,0.230769230769231,0,0,0,0.360721316228229,0.981860299827531
37,3,1,0,1,0,26,4,45,0,0,0,0,5,4,0.27906976744186,0.302325581395349,0.325581395348837,0,0,0,0.558551979562779,1.05230239988305
37,3,1,0,1,0,13,19.5,5,0,0,0,0,5,4,0.333333333333333,0.373333333333333,0.226666666666667,0,0,0,0.571855813547543,1.57708109985106
37,3,1,0,1,0,83,17,80,0,0,0,0,5,4,0.24822695035461,0.680851063829787,0.0709219858156028,0,0,0,2.0928457865238,5.03534330008551
37,3,1,0,1,0,3,15,85,0,0,0,0,5,4,0.5,0.380952380952381,0.0238095238095238,0,0,0,1.5145313343375,1.03360399999656
37,3,1,0,1,0,70,3.5,40,0,0,0,0,5,4,0.554054054054054,0.108108108108108,0.283783783783784,0,0,0,0.962955406142925,1.56733730016276
37,3,1,0,1,0,38,15.5,40,0,0,0,0,5,4,0.372881355932203,0.169491525423729,0.423728813559322,0,0,0,0.769173178520401,1.31274099997245
37,3,1,0,1,0,23,7.75,60,0,0,0,0,5,4,0.510204081632653,0.299319727891156,0.129251700680272,0,0,0,0.932772220875925,2.7725277999416
37,3,1,0,1,0,42,20,30,0,0,0,0,2,4,0.147058823529412,0.617647058823529,0.0882352941176471,0,0,0,0.556514501912375,0.891806300031021
37,3,1,0,1,0,33,11,65,0,0,0,0,2,4,0.39906103286385,0.384976525821596,0.173708920187793,0,0,0,0.414289981419,3.87751949997619
37,3,1,0,1,0,10,19.5,10,0,0,0,0,2,4,0.469135802469136,0.37037037037037,0.444444444444444,0,0,0,0.318768292301019,1.69023160007782
37,3,1,0,1,0,7,16.75,65,0,0,0,0,2,4,0.36,0.36,0.128,0,0,0,0.901295720660443,2.42347929999232
37,3,1,0,1,0,66,10,90,0,0,0,0,2,4,0.15,0.475,0.275,0,0,0,2.066673987337,0.998325899941847
37,3,1,0,1,0,84,11,50,0,0,0,0,2,4,0.408450704225352,0.422535211267606,0.112676056338028,0,0,0,0.897225325277539,1.50928190001287
37,3,1,0,1,0,27,5.25,50,0,0,0,0,2,4,0.108695652173913,0.652173913043478,0.130434782608696,0,0,0,0.802498409351134,1.10098230000585
37,3,1,0,1,0,50,2.5,90,0,0,0,0,2,4,0.207547169811321,0.30188679245283,0.320754716981132,0,0,0,1.0585870423836,1.22964329994284
37,3,1,0,1,0,32,9.5,30,0,0,0,0,2,4,0.1,0.44,0.38,0,0,0,0.488745039443948,1.16476390021853
37,3,1,0,1,0,63,5.5,70,0,0,0,0,2,4,0,0.5625,0.15625,0,0,0,0.772550829797098,0.866585700074211
37,3,1,0,1,0,41,19,65,0,0,0,0,2,4,0.401515151515151,0.303030303030303,0.136363636363636,0,0,0,0.788185880865232,2.52982110017911
37,3,1,0,1,0,30,8,75,0,0,0,0,2,4,0.234042553191489,0.404255319148936,0.234042553191489,0,0,0,0.975102349792277,1.10812059999444
37,3,1,0,1,0,54,9.25,40,0,0,0,0,2,4,0.0833333333333333,0.395833333333333,0.25,0,0,0,0.245844449266464,1.12611400010064
37,3,1,0,1,0,65,1.75,80,0,0,0,0,2,4,0.241935483870968,0.491935483870968,0.137096774193548,0,0,0,0.575857152798022,2.39945389982313
38,1,1,0,1,1,76,4,35,70,0,0,0,3,2,0.306741573033708,0.155056179775281,0.107865168539326,0,0,0,0.501930103899152,15.1617088000057
38,1,1,0,1,1,1,5,50,0,0,0,0,3,2,0.232843137254902,0.139705882352941,0.0980392156862745,0,0,0,0.798855832936255,7.13093679997837
38,1,1,0,1,1,7,16.75,65,75,0,0,0,3,2,0.445893089960887,0.130378096479791,0.0417209908735332,0,0,0,4.00304148723374,13.1106215999462
38,1,1,0,1,1,28,6,25,7,0,0,0,3,2,0.332352941176471,0.185294117647059,0.185294117647059,0,0,0,0.599635384684145,5.99661349999951
38,1,1,0,1,1,17,3.25,85,205,0,0,0,3,2,0.297213622291022,0.303405572755418,0.148606811145511,0,0,0,0.102435719737645,5.71842859999742
38,1,1,0,1,1,62,10,95,135,0,0,0,3,2,0.225490196078431,0.183006535947712,0.258169934640523,0,0,0,2.99641396983677,5.42927839996992
38,1,1,0,1,1,39,17,35,15,0,0,0,3,2,0.282051282051282,0.092948717948718,0.112179487179487,0,0,0,1.49952592008842,5.5315464999876
38,1,1,0,1,1,5,20,85,15,0,0,0,3,2,0.25,0.22,0.22,0,0,0,4.75128501146188,1.99706510000397
38,1,1,0,1,1,31,8.5,50,22,0,0,0,3,2,0.41358024691358,0.160493827160494,0.123456790123457,0,0,0,0.848587426728617,3.0350943999947
38,1,1,0,1,1,44,5,40,65,0,0,0,3,2,0.396039603960396,0.277227722772277,0.0792079207920792,0,0,0,0.849640223729683,2.01152659999207
38,1,1,0,1,1,71,6,25,45,0,0,0,3,2,0.311111111111111,0.405555555555556,0.177777777777778,0,0,0,0.200218832498798,3.32891959999688
38,1,1,0,1,1,32,9.5,30,170,0,0,0,3,2,0.231578947368421,0.312781954887218,0.15187969924812,0,0,0,0.802498409351134,11.4005849999958
38,1,1,0,1,1,69,1.5,95,20,0,0,0,3,2,0.276018099547511,0.239819004524887,0.316742081447964,0,0,0,0.014178590640622,4.00957400002517
38,1,1,0,1,1,50,2.5,90,10,0,0,0,3,2,0.2,0.225,0.2,0,0,0,0.0436034121489826,1.66035389999161
38,1,1,0,1,1,66,10,90,80,0,0,0,4,2,0.245098039215686,0.264705882352941,0.137254901960784,0,0,0,1.75401589594037,2.03192179999314
38,1,1,0,1,1,20,15.75,35,30,0,0,0,4,2,0.182058047493404,0.158311345646438,0.131926121372032,0,0,0,1.49952592008842,6.63913820002927
38,1,1,0,1,1,25,9,60,160,0,0,0,4,2,0.235294117647059,0.25668449197861,0.352941176470588,0,0,0,0.749822116018834,3.44850399997085
38,1,1,0,1,1,33,11,65,190,0,0,0,4,2,0.00740740740740741,0.451851851851852,0.207407407407407,0,0,0,0.698054676462377,2.57346909999615
38,1,1,0,1,1,58,14,45,20,0,0,0,4,2,0.415929203539823,0.371681415929204,0.106194690265487,0,0,0,0.748102369651065,2.2202514000237
38,1,1,0,1,1,79,10,10,140,0,0,0,4,2,0.172413793103448,0.32183908045977,0,0,0,0,0.101271874965168,1.77497149998089
38,1,1,0,1,1,81,14,55,5,0,0,0,4,2,0.402777777777778,0.270833333333333,0.138888888888889,0,0,0,0.796950172588826,2.72972509998363
38,1,1,0,1,1,23,7.75,60,120,0,0,0,4,2,0.333333333333333,0.225806451612903,0.182795698924731,0,0,0,0.304301408621097,1.88412249996327
38,1,1,0,1,1,61,15,75,225,0,0,0,4,2,0.1875,0.308035714285714,0.401785714285714,0,0,0,2.00219658686413,4.05980749998707
38,1,1,0,1,1,80,8,45,125,0,0,0,4,2,0.447916666666667,0.270833333333333,0.125,0,0,0,0.503060976289717,3.5273276999942
38,1,1,0,1,1,22,20,90,165,0,0,0,4,2,0.418918918918919,0.364864864864865,0.130630630630631,0,0,0,5,4.02616459998535
38,1,1,0,1,1,3,15,85,14,0,0,0,4,2,0.310679611650485,0.203883495145631,0.223300970873786,0,0,0,3.00396027555258,2.05110470001819
38,1,1,0,1,1,51,1,40,3,0,0,0,4,2,0.383928571428571,0.223214285714286,0.169642857142857,0,0,0,0.014634911515401,2.20233739999821
38,1,1,0,1,1,11,18.25,70,55,0,0,0,4,2,0.320261437908497,0.333333333333333,0.323529411764706,0,0,0,2.75076949015977,5.46318439999595
38,1,1,0,1,1,65,1.75,80,10,0,0,0,2,2,0.201438848920863,0.258992805755396,0.251798561151079,0,0,0,0.0522879225439112,2.6545907999971
38,1,1,0,1,1,30,8,75,90,0,0,0,2,2,0.289772727272727,0.394886363636364,0.0454545454545455,0,0,0,0.74715034367885,6.18802509998204
38,1,1,0,1,1,77,12,75,25,0,0,0,2,2,0.26865671641791,0.373134328358209,0.283582089552239,0,0,0,1.24845882775249,1.44385789998341
38,1,1,0,1,1,34,12,15,85,0,0,0,2,2,0.180124223602484,0.447204968944099,0.192546583850932,0,0,0,0.0294048612048954,3.01781569997547
38,1,1,0,1,1,55,16.5,25,155,0,0,0,2,2,0.203592814371257,0.37125748502994,0.173652694610778,0,0,0,0.895071549240335,3.11163090000628
38,1,1,0,1,1,57,10,50,95,0,0,0,2,2,0.138461538461538,0.415384615384615,0.230769230769231,0,0,0,0.797147137386922,1.41177940001944
38,1,1,0,1,1,14,16.75,45,145,0,0,0,2,2,0.343283582089552,0.313432835820896,0.238805970149254,0,0,0,0.853544957361272,1.43883909995202
38,1,1,0,1,1,64,19.5,65,45,0,0,0,2,2,0.307317073170732,0.326829268292683,0.248780487804878,0,0,0,1.24863791931784,3.737247400044
38,1,1,0,1,1,43,3,30,0,0,0,0,2,2,0.206349206349206,0.365079365079365,0.285714285714286,0,0,0,0.0137498657118265,1.3814084000187
38,1,1,0,1,1,56,12,90,210,0,0,0,2,2,0.141975308641975,0.259259259259259,0.179012345679012,0,0,0,0.751549750501365,3.0221497999737
38,1,1,0,1,1,38,15.5,40,215,0,0,0,2,2,0.276470588235294,0.317647058823529,0,0,0,0,0.864111418491795,3.17000799998641
38,1,1,0,1,1,70,3.5,40,3,0,0,0,2,2,0.23469387755102,0.408163265306122,0.214285714285714,0,0,0,0,1.96513440000126
38,1,1,0,1,1,68,2.5,65,25,0,0,0,2,2,0.188405797101449,0.304347826086957,0.202898550724638,0,0,0,0.101502523558381,1.4824643000029
38,1,1,0,1,1,9,2,30,19,0,0,0,2,2,0.0338983050847458,0.389830508474576,0.220338983050847,0,0,0,0,1.30642290000105
38,1,1,0,1,1,59,2,80,110,0,0,0,5,2,0.298076923076923,0.0961538461538462,0.173076923076923,0,0,0,0.0144686062786938,2.09164329996565
38,1,1,0,1,1,27,5.25,50,120,0,0,0,5,2,0.527397260273973,0.13013698630137,0.0205479452054795,0,0,0,0.197120095424211,2.76104799995665
38,1,1,0,1,1,49,16,50,20,0,0,0,5,2,0.477272727272727,0.147727272727273,0.204545454545455,0,0,0,1.49895398605675,1.79906349995872
38,1,1,0,1,1,75,6,85,45,0,0,0,5,2,0.316239316239316,0.162393162393162,0,0,0,0,0.745537423084102,2.27455950004514
38,1,1,0,1,1,60,15,35,31,0,0,0,5,2,0.246575342465753,0.0410958904109589,0,0,0,0,0.745537423084102,1.54252819996327
38,1,1,0,1,1,24,19,70,150,0,0,0,5,2,0.294117647058824,0.0588235294117647,0.282352941176471,0,0,0,2.75178656470538,1.77303849998862
38,1,1,0,1,1,4,8.5,20,90,0,0,0,5,2,0.4,0,0,0,0,0,0.496578289852842,2.08544840000104
38,1,1,0,1,1,10,19.5,10,125,0,0,0,5,2,0.438775510204082,0,0.102040816326531,0,0,0,0.750585285954063,3.58888510003453
38,1,1,0,1,1,13,19.5,5,7,0,0,0,5,2,0.197044334975369,0.0246305418719212,0.0689655172413793,0,0,0,0.495443947238414,3.72077919996809
38,1,1,0,1,1,37,14.5,5,175,0,0,0,5,2,0.368932038834951,0.0679611650485437,0.12621359223301,0,0,0,0.448804274187541,2.04551750002429
38,1,1,0,1,1,53,14,90,60,0,0,0,5,2,0.0875912408759124,0,0.116788321167883,0,0,0,2.80468788614767,2.61211849999381
38,1,1,0,1,1,35,13,70,30,0,0,0,5,2,0.230769230769231,0,0.141025641025641,0,0,0,1.10183623565636,1.64896879997104
38,1,1,0,1,1,21,6,95,55,0,0,0,5,2,0.303921568627451,0.0196078431372549,0.127450980392157,0,0,0,0.449825538231988,2.05310710001504
38,1,1,0,1,1,47,16,100,5,0,0,0,5,2,0.246329526916803,0.262642740619902,0.0831973898858075,0,0,0,5.99695851276626,10.5435431000078
38,1,1,0,1,1,78,8.25,20,5,0,0,0,1,2,0.38255033557047,0.228187919463087,0.308724832214765,0,0,0,0.250392473068274,2.80362110002898
38,1,1,0,1,1,40,18,15,110,0,0,0,1,2,0.309859154929577,0.309859154929577,0.211267605633803,0,0,0,0.996199999994484,1.51510630000848
38,1,1,0,1,1,12,12,35,1,0,0,0,1,2,0.459677419354839,0.330645161290323,0.112903225806452,0,0,0,0.751549750501365,2.40399660001276
38,1,1,0,1,1,83,17,80,200,0,0,0,1,2,0.425,0.275,0.275,0,0,0,3.00290825057218,1.65479539998341
38,1,1,0,1,1,72,6.5,90,60,0,0,0,1,2,0.147058823529412,0.220588235294118,0.176470588235294,0,0,0,1.50499704088283,1.46839819999877
38,1,1,0,1,1,2,7.5,75,25,0,0,0,1,2,0.351851851851852,0.166666666666667,0.259259259259259,0,0,0,0.800673000153697,1.22625059995335
38,1,1,0,1,1,8,16,15,20,0,0,0,1,2,0.131147540983607,0.475409836065574,0.327868852459016,0,0,0,0.752990044486253,1.34783980000066
38,1,1,0,1,1,67,8.5,50,105,0,0,0,1,2,0.434673366834171,0.218592964824121,0.256281407035176,0,0,0,0.402750370230436,6.95174550003139
38,1,1,0,1,1,45,13.5,55,65,0,0,0,1,2,0.528,0.384,0.008,0,0,0,0.601768564928658,2.41070110001601
38,1,1,0,1,1,54,9.25,40,4,0,0,0,1,2,0.162790697674419,0.744186046511628,0.0232558139534884,0,0,0,0.497717828038919,1.04310840001563
38,1,1,0,1,1,63,5.5,70,40,0,0,0,1,2,0.660377358490566,0.169811320754717,0.0188679245283019,0,0,0,0.497717828038919,1.2091184000019
38,1,1,0,1,1,15,17.25,25,55,0,0,0,1,2,0.610778443113772,0.305389221556886,0.00598802395209581,0,0,0,0.502652019575308,3.11435280001024
38,1,1,0,1,1,18,18.75,80,250,0,0,0,1,2,0.346666666666667,0.333333333333333,0.24,0,0,0,3.74737518151242,1.57841299998108
38,1,1,0,1,1,84,11,50,110,0,0,0,1,2,0.214634146341463,0.136585365853659,0.102439024390244,0,0,0,0.800673000153697,3.75322220003
38,1,1,0,1,1,74,7,40,120,0,0,0,6,2,0,0.478260869565217,0.260869565217391,0,0,0,0.748895121994106,1.08773619995918
38,1,1,0,1,1,41,19,65,245,0,0,0,6,2,0.3625,0.2875,0.275,0,0,0,0.999916782871033,1.66698410001118
38,1,1,0,1,1,46,2,55,70,0,0,0,6,2,0.362745098039216,0.441176470588235,0.196078431372549,0,0,0,0,2.03405539999949
38,1,1,0,1,1,73,5,70,14,0,0,0,6,2,0.221789883268482,0.307392996108949,0.0817120622568093,0,0,0,0.764161453856847,4.61708509997698
38,1,1,0,1,1,36,14,15,40,0,0,0,6,2,0.222222222222222,0.603174603174603,0,0,0,0,0.304301408621097,1.38223240000661
38,1,1,0,1,1,19,17.5,25,40,0,0,0,6,2,0.486111111111111,0.194444444444444,0.25,0,0,0,0.745537423084102,1.53676599997561
38,1,1,0,1,1,42,20,30,170,0,0,0,6,2,0.291666666666667,0.25,0,0,0,0,0.848587426728617,1.53457499999786
38,1,1,0,1,1,48,7,45,70,0,0,0,6,2,0.382352941176471,0.25,0.139705882352941,0,0,0,0.495443947238414,2.59191499999724
38,1,1,0,1,1,6,19,20,175,0,0,0,6,2,0.0735294117647059,0.338235294117647,0,0,0,0,0.800673000153697,1.46370069996919
38,1,1,0,1,1,29,7,20,55,0,0,0,6,2,0.3,0.383333333333333,0,0,0,0,0.503060976289717,1.32954079995397
38,1,1,0,1,1,16,16,65,95,0,0,0,6,2,0.451612903225806,0.451612903225806,0.0161290322580645,0,0,0,0.901295720660443,1.35767299996223
38,1,1,0,1,1,52,18.5,10,85,0,0,0,6,2,0.357142857142857,0.514285714285714,0,0,0,0,0.404694499179367,1.49758750002366
38,1,1,0,1,1,82,9.5,20,25,0,0,0,6,2,0.328767123287671,0.342465753424658,0.0684931506849315,0,0,0,0.249814793594549,1.5469265000429
38,1,1,0,1,1,26,4,45,50,0,0,0,6,2,0.295081967213115,0.409836065573771,0.229508196721311,0,0,0,0.204348980378708,1.34081040002638
38,2,2,0,1,0,8,16,15,0,0,0,0,4,4,0.178916827852998,0.189555125725339,0.0909090909090909,0,0,0,1.74666976501043,17.5828050000127
38,2,2,0,1,0,22,20,90,0,0,0,0,4,4,0.397849462365591,0.220430107526882,0.163978494623656,0,0,0,4.00304148723374,6.53213980002329
38,2,2,0,1,0,5,20,85,0,0,0,0,4,4,0.257861635220126,0.283018867924528,0.144654088050314,0,0,0,3.74734221704043,2.98570469999686
38,2,2,0,1,0,7,16.75,65,0,0,0,0,4,4,0.342723004694836,0.136150234741784,0.117370892018779,0,0,0,2.60362066427888,3.87246369989589
38,2,2,0,1,0,13,19.5,5,0,0,0,0,4,4,0.317073170731707,0.48780487804878,0.016260162601626,0,0,0,0.749822116018834,2.38004749990068
38,2,2,0,1,0,84,11,50,0,0,0,0,4,4,0.495726495726496,0.239316239316239,0.170940170940171,0,0,0,0.950745108046092,2.27798099978827
38,2,2,0,1,0,28,6,25,0,0,0,0,4,4,0.378048780487805,0.390243902439024,0.0365853658536585,0,0,0,0.45188204998966,1.69914069981314
38,2,2,0,1,0,10,19.5,10,0,0,0,0,4,4,0.490566037735849,0.39622641509434,0,0,0,0,0.800673000153697,2.09501950000413
38,2,2,0,1,0,26,4,45,0,0,0,0,4,4,0.434210526315789,0.381578947368421,0.0263157894736842,0,0,0,0.145321733518195,1.59623540006578
38,2,2,0,1,0,66,10,90,0,0,0,0,4,4,0.473684210526316,0.421052631578947,0,0,0,0,1.75223030726786,1.91801459994167
38,2,2,0,1,0,62,10,95,0,0,0,0,4,4,0.247933884297521,0.121212121212121,0.0110192837465565,0,0,0,0.998478980309287,6.37576050008647
38,2,2,0,1,0,17,3.25,85,0,0,0,0,4,4,0.436363636363636,0.472727272727273,0.0181818181818182,0,0,0,0.396455144963468,1.2462239000015
38,2,2,0,1,0,47,16,100,0,0,0,0,4,4,0.6,0.145161290322581,0.0387096774193548,0,0,0,5.99801304277545,5.49060290004127
38,2,2,0,1,0,51,1,40,0,0,0,0,4,4,0.320754716981132,0.226415094339623,0.283018867924528,0,0,0,0.0290691939660874,1.2128415000625
38,2,2,0,1,0,77,12,75,0,0,0,0,5,4,0.418367346938776,0.255102040816327,0.193877551020408,0,0,0,0.804332116427542,1.96134809986688
38,2,2,0,1,0,16,16,65,0,0,0,0,5,4,0.174603174603175,0.0793650793650794,0.253968253968254,0,0,0,1.2538509602905,1.38655969989486
38,2,2,0,1,0,49,16,50,0,0,0,0,5,4,0.54320987654321,0.197530864197531,0.197530864197531,0,0,0,0.854343510371571,1.67039959994145
38,2,2,0,1,0,18,18.75,80,0,0,0,0,5,4,0.488372093023256,0.116279069767442,0.0232558139534884,0,0,0,2.25275811522242,1.76783539983444
38,2,2,0,1,0,56,12,90,0,0,0,0,5,4,0.232558139534884,0.127906976744186,0.174418604651163,0,0,0,2.75379013955733,1.75577330007218
38,2,2,0,1,0,80,8,45,0,0,0,0,5,4,0.39622641509434,0.0754716981132075,0.264150943396226,0,0,0,0.395544005677881,1.21110889990814
38,2,2,0,1,0,64,19.5,65,0,0,0,0,5,4,0.367647058823529,0.279411764705882,0.220588235294118,0,0,0,0.998478980309287,1.47683759988286
38,2,2,0,1,0,81,14,55,0,0,0,0,5,4,0.425287356321839,0.28735632183908,0.0919540229885057,0,0,0,0.849640223729683,1.77487349999137
38,2,2,0,1,0,82,9.5,20,0,0,0,0,5,4,0.613636363636364,0.0909090909090909,0,0,0,0,0.199323585450227,1.07060770015232
38,2,2,0,1,0,43,3,30,0,0,0,0,5,4,0.59375,0.109375,0.078125,0,0,0,0,1.40440460015088
38,2,2,0,1,0,31,8.5,50,0,0,0,0,5,4,0.492957746478873,0.0140845070422535,0.0422535211267606,0,0,0,0.503060976289717,1.51759060006589
38,2,2,0,1,0,48,7,45,0,0,0,0,5,4,0.565217391304348,0.326086956521739,0,0,0,0,0.246965903293823,1.10110599990003
38,2,2,0,1,0,39,17,35,0,0,0,0,5,4,0.735294117647059,0.117647058823529,0,0,0,0,0.897125693612317,0.891721399966627
38,2,2,0,1,0,74,7,40,0,0,0,0,5,4,0.327586206896552,0.189655172413793,0.258620689655172,0,0,0,0.248667390442254,1.29843960003927
38,2,2,0,1,0,61,15,75,0,0,0,0,6,4,0.362068965517241,0.448275862068966,0.137931034482759,0,0,0,1.24510527860028,1.29211669997312
38,2,2,0,1,0,46,2,55,0,0,0,0,6,4,0.283018867924528,0.320754716981132,0.320754716981132,0,0,0,0,1.23135320004076
38,2,2,0,1,0,3,15,85,0,0,0,0,6,4,0.45,0.233333333333333,0.233333333333333,0,0,0,1.74666976501043,1.33366450015455
38,2,2,0,1,0,71,6,25,0,0,0,0,6,4,0.564102564102564,0.217948717948718,0.166666666666667,0,0,0,0.495443947238414,1.63619010010734
38,2,2,0,1,0,75,6,85,0,0,0,0,6,4,0.355421686746988,0.246987951807229,0.13855421686747,0,0,0,0.146660632657976,3.08770009991713
38,2,2,0,1,0,83,17,80,0,0,0,0,6,4,0.352941176470588,0.333333333333333,0.235294117647059,0,0,0,1.850011722067,1.17424910003319
38,2,2,0,1,0,6,19,20,0,0,0,0,6,4,0.396825396825397,0.507936507936508,0.0476190476190476,0,0,0,0.746358232481782,1.3707997999154
38,2,2,0,1,0,11,18.25,70,0,0,0,0,6,4,0.152454780361757,0.121447028423773,0.0142118863049096,0,0,0,1.79746053713884,13.3372732999269
38,2,2,0,1,0,54,9.25,40,0,0,0,0,6,4,0.425925925925926,0.425925925925926,0.0185185185185185,0,0,0,0.554719432442823,1.23626999999397
38,2,2,0,1,0,25,9,60,0,0,0,0,6,4,0.365079365079365,0.285714285714286,0.222222222222222,0,0,0,0.745537423084102,1.38274349994026
38,2,2,0,1,0,9,2,30,0,0,0,0,6,4,0.28169014084507,0.633802816901408,0,0,0,0,0,1.52008670009673
38,2,2,0,1,0,50,2.5,90,0,0,0,0,6,4,0.341463414634146,0.560975609756098,0,0,0,0,0.248097630343416,1.00866380007938
38,2,2,0,1,0,65,1.75,80,0,0,0,0,6,4,0.529411764705882,0.397058823529412,0,0,0,0,0.246965903293823,1.46836049994454
38,2,2,0,1,0,1,5,50,0,0,0,0,6,4,0.415094339622642,0.490566037735849,0,0,0,0,0.598551326124078,1.20507609983906
38,2,2,0,1,0,44,5,40,0,0,0,0,2,4,0.0588235294117647,0.308823529411765,0.294117647058824,0,0,0,0.302239127127656,1.45963179995306
38,2,2,0,1,0,23,7.75,60,0,0,0,0,2,4,0.0846560846560847,0.380952380952381,0.0846560846560847,0,0,0,0.874007596988541,3.47876329999417
38,2,2,0,1,0,2,7.5,75,0,0,0,0,2,4,0.0957446808510638,0.351063829787234,0.138297872340426,0,0,0,0.903344706017332,1.90030879992992
38,2,2,0,1,0,36,14,15,0,0,0,0,2,4,0.238095238095238,0.319047619047619,0.0333333333333333,0,0,0,0.903344706017332,3.82058870000765
38,2,2,0,1,0,27,5.25,50,0,0,0,0,2,4,0.105263157894737,0.736842105263158,0,0,0,0,0.295562133586568,0.977578999940306
38,2,2,0,1,0,40,18,15,0,0,0,0,2,4,0.130434782608696,0.630434782608696,0,0,0,0,0.852416210683948,1.09349499992095
38,2,2,0,1,0,68,2.5,65,0,0,0,0,2,4,0,0.649122807017544,0.105263157894737,0,0,0,0.245844449266464,1.28236519987695
38,2,2,0,1,0,38,15.5,40,0,0,0,0,2,4,0.26797385620915,0.392156862745098,0.104575163398693,0,0,0,0.846685828141499,2.87855600006878
38,2,2,0,1,0,15,17.25,25,0,0,0,0,2,4,0.0975609756097561,0.585365853658537,0.268292682926829,0,0,0,0.903344706017332,1.00358540005982
38,2,2,0,1,0,73,5,70,0,0,0,0,2,4,0.288888888888889,0.511111111111111,0.0444444444444444,0,0,0,0.402750370230436,1.08371469983831
38,2,2,0,1,0,42,20,30,0,0,0,0,2,4,0.121621621621622,0.310810810810811,0.121621621621622,0,0,0,1.50346330994384,1.55880609992892
38,2,2,0,1,0,41,19,65,0,0,0,0,2,4,0.526881720430108,0.279569892473118,0.118279569892473,0,0,0,1.74760399502435,1.88250010018237
38,2,2,0,1,0,19,17.5,25,0,0,0,0,2,4,0.25,0.403846153846154,0.211538461538462,0,0,0,1.14627373530418,1.19292770000175
38,2,2,0,1,0,29,7,20,0,0,0,0,2,4,0.0454545454545455,0.75,0,0,0,0,0.448804274187541,1.06885430007242
38,2,2,0,1,0,79,10,10,0,0,0,0,3,4,0.296703296703297,0.483516483516484,0.21978021978022,0,0,0,0.745537423084102,1.84371930011548
38,2,2,0,1,0,63,5.5,70,0,0,0,0,3,4,0.171428571428571,0.0428571428571429,0.185714285714286,0,0,0,0.701245619459179,1.49485910008661
38,2,2,0,1,0,60,15,35,0,0,0,0,3,4,0.428571428571429,0.0476190476190476,0.380952380952381,0,0,0,0.954273201350713,1.02928590006195
38,2,2,0,1,0,21,6,95,0,0,0,0,3,4,0.625,0.267857142857143,0,0,0,0,0.897321814982032,1.26782869989984
38,2,2,0,1,0,67,8.5,50,0,0,0,0,3,4,0.3125,0.425,0.1875,0,0,0,0.498567726576727,1.66508509987034
38,2,2,0,1,0,57,10,50,0,0,0,0,3,4,0.5,0.275862068965517,0.189655172413793,0,0,0,0.653255610497272,1.29923090012744
38,2,2,0,1,0,14,16.75,45,0,0,0,0,3,4,0.555555555555556,0.111111111111111,0.222222222222222,0,0,0,0.853218200818745,1.07566169998609
38,2,2,0,1,0,32,9.5,30,0,0,0,0,3,4,0.574468085106383,0.276595744680851,0,0,0,0,0.203881682614501,1.1072474999819
38,2,2,0,1,0,34,12,15,0,0,0,0,3,4,0.7,0.175,0,0,0,0,0.296873843696954,1.00005879998207
38,2,2,0,1,0,78,8.25,20,0,0,0,0,3,4,0.213333333333333,0.373333333333333,0,0,0,0,0.204348980378708,1.5936328000389
38,2,2,0,1,0,24,19,70,0,0,0,0,3,4,0.451612903225806,0.467741935483871,0,0,0,0,1.25092385206709,1.35859169997275
38,2,2,0,1,0,37,14.5,5,0,0,0,0,3,4,0.75,0.111111111111111,0,0,0,0,0.146999220574159,0.923994299955666
38,2,2,0,1,0,20,15.75,35,0,0,0,0,3,4,0.491803278688525,0.409836065573771,0,0,0,0,0.350882755159915,1.35084689990617
38,2,2,0,1,0,45,13.5,55,0,0,0,0,3,4,0.507042253521127,0.197183098591549,0.0140845070422535,0,0,0,0.599079961280598,1.51663130009547
38,2,2,0,1,0,76,4,35,0,0,0,0,1,4,0.136363636363636,0.431818181818182,0,0,0,0,0.100134177463744,1.0799304000102
38,2,2,0,1,0,52,18.5,10,0,0,0,0,1,4,0.387755102040816,0.510204081632653,0,0,0,0,0.50116797470616,1.14776409999467
38,2,2,0,1,0,70,3.5,40,0,0,0,0,1,4,0.324324324324324,0.513513513513513,0.0810810810810811,0,0,0,0.247530473893047,0.945978299947456
38,2,2,0,1,0,58,14,45,0,0,0,0,1,4,0.219512195121951,0.682926829268293,0,0,0,0,0.749822116018834,1.01416669995524
38,2,2,0,1,0,53,14,90,0,0,0,0,1,4,0.315789473684211,0.338345864661654,0,0,0,0,2.0028555794319,2.53931510006078
38,2,2,0,1,0,30,8,75,0,0,0,0,1,4,0.291338582677165,0.362204724409449,0.110236220472441,0,0,0,0.797046852298106,2.43673809990287
38,2,2,0,1,0,12,12,35,0,0,0,0,1,4,0.146341463414634,0.439024390243902,0.317073170731707,0,0,0,0.699646524331598,1.0083693000488
38,2,2,0,1,0,4,8.5,20,0,0,0,0,1,4,0.225,0.65,0,0,0,0,0.352532657726872,1.00094589986838
38,2,2,0,1,0,72,6.5,90,0,0,0,0,1,4,0.151515151515152,0.606060606060606,0.0909090909090909,0,0,0,0.996958512766266,0.879480200121179
38,2,2,0,1,0,35,13,70,0,0,0,0,1,4,0.155172413793103,0.362068965517241,0,0,0,0,0.599859059396906,1.2929238001816
38,2,2,0,1,0,69,1.5,95,0,0,0,0,1,4,0.314814814814815,0.574074074074074,0,0,0,0,0.0530504197010657,1.22280670003965
38,2,2,0,1,0,55,16.5,25,0,0,0,0,1,4,0.203703703703704,0.314814814814815,0.222222222222222,0,0,0,0.853218200818745,1.22889670007862
38,2,2,0,1,0,33,11,65,0,0,0,0,1,4,0.129032258064516,0.709677419354839,0,0,0,0,0.895331874850701,0.845942599931732
38,2,2,0,1,0,59,2,80,0,0,0,0,1,4,0.09375,0.78125,0.03125,0,0,0,0.0147365424835719,0.868812900036573
38,3,2,0,0,1,28,6,100,7,0,0,0,2,6,0.363067292644757,0.112676056338028,0.100156494522692,0,0,0,1.00438697815057,10.9719504000022
38,3,2,0,0,1,51,1,100,3,0,0,0,2,6,0.522935779816514,0.256880733944954,0.18348623853211,0,0,0,0,2.14418250000017
38,3,2,0,0,1,61,15,100,225,0,0,0,2,6,0.430962343096234,0.334728033472803,0.230125523012552,0,0,0,2.0028555794319,4.31450490000134
38,3,2,0,0,1,65,1.75,100,10,0,0,0,2,6,0.280487804878049,0.414634146341463,0.24390243902439,0,0,0,0.246965903293823,1.68617529999756
38,3,2,0,0,1,52,18.5,100,85,0,0,0,2,6,0.2890625,0.143229166666667,0.205729166666667,0,0,0,3.49767926139776,6.72388830000273
38,3,2,0,0,1,74,7,100,120,0,0,0,2,6,0.36,0.24,0.36,0,0,0,0.51347237800157,1.58386020000034
38,3,2,0,0,1,83,17,100,200,0,0,0,2,6,0.278688524590164,0.327868852459016,0.377049180327869,0,0,0,1.99769373642336,1.33601270000509
38,3,2,0,0,1,10,19.5,100,125,0,0,0,2,6,0.554878048780488,0.23780487804878,0.176829268292683,0,0,0,2.74781980557714,3.05795589999616
38,3,2,0,0,1,63,5.5,100,40,0,0,0,2,6,0.402777777777778,0.277777777777778,0.263888888888889,0,0,0,0.50375457177606,1.52110689999972
38,3,2,0,0,1,37,14.5,100,175,0,0,0,2,6,0.215456674473068,0.0960187353629977,0.297423887587822,0,0,0,1.50008716470688,7.44827459999942
38,3,2,0,0,1,35,13,100,30,0,0,0,2,6,0.241935483870968,0.306451612903226,0.387096774193548,0,0,0,1.9984155015077,1.37097340000037
38,3,2,0,0,1,8,16,100,20,0,0,0,2,6,0.466666666666667,0.377777777777778,0.1,0,0,0,3.99980498638207,1.82716440000513
38,3,2,0,0,1,32,9.5,100,170,0,0,0,2,6,0.384615384615385,0.150501672240803,0.204013377926421,0,0,0,1.24562590320852,5.31641229999514
38,3,2,0,0,1,55,16.5,100,155,0,0,0,2,6,0.504504504504504,0.153153153153153,0.225225225225225,0,0,0,2.25007038992027,2.1848777999985
38,3,2,0,0,1,50,2.5,100,10,0,0,0,5,6,0.48936170212766,0.14468085106383,0.34468085106383,0,0,0,0.0141157146137232,4.25145939999493
38,3,2,0,0,1,69,1.5,100,20,0,0,0,5,6,0.476744186046512,0.267441860465116,0.174418604651163,0,0,0,0,1.76925949999713
38,3,2,0,0,1,22,20,100,165,0,0,0,5,6,0.303092783505155,0.191752577319588,0.457731958762887,0,0,0,2.99709806937205,8.40811560000293
38,3,2,0,0,1,12,12,100,1,0,0,0,5,6,0.234741784037559,0.258215962441315,0.39906103286385,0,0,0,3.99561302184943,3.87753679999878
38,3,2,0,0,1,30,8,100,90,0,0,0,5,6,0.159340659340659,0.412087912087912,0.39010989010989,0,0,0,0.811029268134718,3.36166789999697
38,3,2,0,0,1,44,5,100,65,0,0,0,5,6,0.294117647058824,0.362745098039216,0.372549019607843,0,0,0,0.0992422586875534,2.02480629999627
38,3,2,0,0,1,39,17,100,15,0,0,0,5,6,0.474226804123711,0.164948453608247,0.257731958762887,0,0,0,5,1.94693310000002
38,3,2,0,0,1,31,8.5,100,22,0,0,0,5,6,0.387755102040816,0,0.224489795918367,0,0,0,1.50398404101491,1.97282239999913
38,3,2,0,0,1,43,3,100,0,0,0,0,5,6,0.269230769230769,0.363247863247863,0.333333333333333,0,0,0,0.102671705863635,4.22211449999304
38,3,2,0,0,1,9,2,100,19,0,0,0,5,6,0.280898876404494,0.438202247191011,0.247191011235955,0,0,0,0,1.8156960999986
38,3,2,0,0,1,56,12,100,210,0,0,0,5,6,0.196374622356495,0.0725075528700906,0.450151057401813,0,0,0,0.750585285954063,5.84216780000133
38,3,2,0,0,1,66,10,100,80,0,0,0,5,6,0.32,0.154285714285714,0.337142857142857,0,0,0,1.75223030726786,3.24594539999816
38,3,2,0,0,1,5,20,100,15,0,0,0,5,6,0.389705882352941,0.227941176470588,0.338235294117647,0,0,0,6.99657108223967,2.59797629999957
38,3,2,0,0,1,19,17.5,100,40,0,0,0,5,6,0.563291139240506,0.164556962025316,0.246835443037975,0,0,0,4.49710088814842,2.95500660000107
38,3,2,0,0,1,47,16,100,5,0,0,0,3,6,0.43298969072165,0.195876288659794,0.309278350515464,0,0,0,5.49790063867876,1.94007669999701
38,3,2,0,0,1,72,6.5,100,60,0,0,0,3,6,0.272988505747126,0.281609195402299,0.189655172413793,0,0,0,0.503060976289717,6.12059720000252
38,3,2,0,0,1,14,16.75,100,145,0,0,0,3,6,0.358778625954198,0.0877862595419847,0.484732824427481,0,0,0,2.75477694460283,4.68927249999979
38,3,2,0,0,1,3,15,100,14,0,0,0,3,6,0.324232081911263,0.0921501706484642,0.177474402730375,0,0,0,3.49968206726032,5.21322950000467
38,3,2,0,0,1,77,12,100,25,0,0,0,3,6,0.277456647398844,0.346820809248555,0.289017341040462,0,0,0,1.99732496911206,3.21299130000261
38,3,2,0,0,1,34,12,100,85,0,0,0,3,6,0.206451612903226,0.132258064516129,0.480645161290323,0,0,0,1.00280845159634,5.49151030000212
38,3,2,0,0,1,75,6,100,45,0,0,0,3,6,0.418439716312057,0.163120567375887,0.368794326241135,0,0,0,0.49525000760616,2.67464979999932
38,3,2,0,0,1,40,18,100,110,0,0,0,3,6,0.387755102040816,0.118367346938776,0.477551020408163,0,0,0,2.49591249882302,4.41132579999976
38,3,2,0,0,1,67,8.5,100,105,0,0,0,3,6,0.182410423452769,0.0684039087947883,0.618892508143323,0,0,0,0.748102369651065,5.44847769998887
38,3,2,0,0,1,7,16.75,100,75,0,0,0,3,6,0.304568527918782,0.16243654822335,0.50761421319797,0,0,0,2.70250252447131,3.60628539999016
38,3,2,0,0,1,80,8,100,125,0,0,0,3,6,0.369230769230769,0.146153846153846,0.476923076923077,0,0,0,0.500804293999014,2.4944533000089
38,3,2,0,0,1,20,15.75,100,30,0,0,0,3,6,0.747416762342135,0.0332950631458094,0.0665901262916188,0,0,0,2.74765522354145,14.848937200004
38,3,2,0,0,1,53,14,100,60,0,0,0,3,6,0.424778761061947,0.20353982300885,0.371681415929204,0,0,0,1.75430086025243,2.20941880000464
38,3,2,0,0,1,58,14,100,20,0,0,0,3,6,0.446096654275093,0.148698884758364,0.171003717472119,0,0,0,1.99732496911206,4.80643450000207
38,3,2,0,0,1,64,19.5,100,45,0,0,0,6,6,0.563941299790356,0.10482180293501,0.318658280922432,0,0,0,2.50132721589135,8.26962920000369
38,3,2,0,0,1,25,9,100,160,0,0,0,6,6,0.27710843373494,0.19578313253012,0.147590361445783,0,0,0,0.750585285954063,5.85639430000447
38,3,2,0,0,1,41,19,100,245,0,0,0,6,6,0.464509394572025,0.11482254697286,0.27348643006263,0,0,0,1.50346330994384,16.2877261000103
38,3,2,0,0,1,49,16,100,20,0,0,0,6,6,0.357142857142857,0.192307692307692,0.247252747252747,0,0,0,2.49539489021195,3.36881129999529
38,3,2,0,0,1,33,11,100,190,0,0,0,6,6,0.237037037037037,0.0592592592592593,0.607407407407407,0,0,0,0.751549750501365,4.82868260001123
38,3,2,0,0,1,18,18.75,100,250,0,0,0,6,6,0.415384615384615,0.04,0.289230769230769,0,0,0,1.75157727014444,5.75085890000628
38,3,2,0,0,1,13,19.5,100,7,0,0,0,6,6,0.750936329588015,0.0823970037453183,0.161048689138577,0,0,0,3.49767926139776,9.23049499999615
38,3,2,0,0,1,38,15.5,100,215,0,0,0,6,6,0.198934280639432,0.0941385435168739,0.605683836589698,0,0,0,0.998478980309287,9.70978739998827
38,3,2,0,0,1,45,13.5,100,65,0,0,0,6,6,0.461538461538462,0.0904977375565611,0.411764705882353,0,0,0,1.50293273267278,4.00707770000736
38,3,2,0,0,1,17,3.25,100,205,0,0,0,6,6,0.447368421052632,0.087719298245614,0.412280701754386,0,0,0,0.245287531045168,2.23351730000286
38,3,2,0,0,1,81,14,100,5,0,0,0,6,6,0.523702031602709,0.0511662904439428,0.216704288939052,0,0,0,3.99769174250672,22.4730292000022
38,3,2,0,0,1,84,11,100,110,0,0,0,6,6,0.317307692307692,0.120192307692308,0.100961538461538,0,0,0,0.495443947238414,3.80135300000256
38,3,2,0,0,1,21,6,100,55,0,0,0,6,6,0.444444444444444,0,0.339181286549708,0,0,0,0.396455144963468,3.18002700000943
38,3,2,0,0,1,6,19,100,175,0,0,0,6,6,0.361290322580645,0.0967741935483871,0.509677419354839,0,0,0,1.00146715062697,2.91006190000917
38,3,2,0,0,1,23,7.75,100,120,0,0,0,1,6,0.314465408805031,0.276729559748428,0.415094339622642,0,0,0,0.498862597500583,2.98159419999865
38,3,2,0,0,1,78,8.25,100,5,0,0,0,1,6,0.524271844660194,0.184466019417476,0.213592233009709,0,0,0,1.25099024477645,2.05353269999614
38,3,2,0,0,1,57,10,100,95,0,0,0,1,6,0.37037037037037,0.0707070707070707,0.242424242424242,0,0,0,0.745537423084102,5.27836570001091
38,3,2,0,0,1,70,3.5,100,3,0,0,0,1,6,0.384615384615385,0.184615384615385,0.307692307692308,0,0,0,0.0996862232208429,1.42038169999432
38,3,2,0,0,1,68,2.5,100,25,0,0,0,1,6,0.382352941176471,0.279411764705882,0.279411764705882,0,0,0,0,1.46579679999559
38,3,2,0,0,1,26,4,100,50,0,0,0,1,6,0.436781609195402,0.114942528735632,0.206896551724138,0,0,0,0.102671705863635,1.77493640000466
38,3,2,0,0,1,27,5.25,100,120,0,0,0,1,6,0.290322580645161,0,0.655913978494624,0,0,0,0.102908781710681,1.87815319999936
38,3,2,0,0,1,24,19,100,150,0,0,0,1,6,0.392592592592593,0.0962962962962963,0.259259259259259,0,0,0,1.45366563053457,2.57845479999378
38,3,2,0,0,1,29,7,100,55,0,0,0,1,6,0.14365671641791,0.0634328358208955,0.479477611940299,0,0,0,0.749659539656225,9.2619832999917
38,3,2,0,0,1,73,5,100,14,0,0,0,1,6,0.261904761904762,0.0136054421768707,0.571428571428571,0,0,0,0.102908781710681,5.22048830000858
38,3,2,0,0,1,54,9.25,100,4,0,0,0,1,6,0.15007215007215,0.0230880230880231,0.568542568542569,0,0,0,2.24648701516239,11.8790494999994
38,3,2,0,0,1,79,10,100,140,0,0,0,1,6,0.1875,0.0553571428571429,0.421428571428571,0,0,0,0.746390457746514,9.66271710000001
38,3,2,0,0,1,82,9.5,100,25,0,0,0,1,6,0.345679012345679,0.0123456790123457,0.592592592592593,0,0,0,0.745537423084102,1.6901649999927
38,3,2,0,0,1,59,2,100,110,0,0,0,1,6,0.244897959183673,0,0.653061224489796,0,0,0,0,1.14588740000909
38,3,2,0,0,1,60,15,100,31,0,0,0,4,6,0.469798657718121,0.275167785234899,0.114093959731544,0,0,0,0.998478980309287,2.80944019999879
38,3,2,0,0,1,16,16,100,95,0,0,0,4,6,0.385135135135135,0.256756756756757,0.304054054054054,0,0,0,0.746390457746514,2.7975521000044
38,3,2,0,0,1,76,4,100,70,0,0,0,4,6,0.210526315789474,0.201754385964912,0.105263157894737,0,0,0,0.0441068997330483,2.22806609999679
38,3,2,0,0,1,11,18.25,100,55,0,0,0,4,6,0.344,0.208,0.424,0,0,0,1.24562590320852,2.41205949999858
38,3,2,0,0,1,71,6,100,45,0,0,0,4,6,0.275167785234899,0.0134228187919463,0.48993288590604,0,0,0,0.350079601474192,2.82509159999609
38,3,2,0,0,1,46,2,100,70,0,0,0,4,6,0.425287356321839,0,0.448275862068966,0,0,0,0,1.78791990000173
38,3,2,0,0,1,15,17.25,100,55,0,0,0,4,6,0.408,0.152,0.416,0,0,0,1.24537159099183,2.4166516999976
38,3,2,0,0,1,48,7,100,70,0,0,0,4,6,0.324137931034483,0.220689655172414,0.406896551724138,0,0,0,0.749659539656225,2.75059119999059
38,3,2,0,0,1,36,14,100,40,0,0,0,4,6,0.380952380952381,0.276190476190476,0.304761904761905,0,0,0,1.30465176293541,2.08013270000811
38,3,2,0,0,1,4,8.5,100,90,0,0,0,4,6,0.5625,0,0.359375,0,0,0,0.248667390442254,1.39923779999663
38,3,2,0,0,1,42,20,100,170,0,0,0,4,6,0.261363636363636,0.125,0.420454545454545,0,0,0,1.00146715062697,3.25725759999477
38,3,2,0,0,1,62,10,100,135,0,0,0,4,6,0.198033707865169,0.0807584269662921,0.356741573033708,0,0,0,0.746390457746514,24.0421857000038
38,3,2,0,0,1,2,7.5,100,25,0,0,0,4,6,0.435897435897436,0,0.474358974358974,0,0,0,1.14627373530418,1.6298603000032
38,3,2,0,0,1,1,5,100,0,0,0,0,4,6,0.431578947368421,0.231578947368421,0.273684210526316,0,0,0,0.999207787572097,1.91262519999873
39,1,2,0,0,1,27,5.25,100,120,0,0,0,1,6,0.242798353909465,0.0946502057613169,0.146776406035665,0,0,0,4.49710088814842,12.4653296000324
39,1,2,0,0,1,14,16.75,100,145,0,0,0,1,6,0.320634920634921,0.0857142857142857,0.053968253968254,0,0,0,12.9778705496616,5.57302680006251
39,1,2,0,0,1,24,19,100,150,0,0,0,1,6,0.170124481327801,0.186721991701245,0.244813278008299,0,0,0,14.9688443055511,4.34794529993087
39,1,2,0,0,1,50,2.5,100,10,0,0,0,1,6,0.273648648648649,0.135135135135135,0.165540540540541,0,0,0,2.28740758833054,5.25992520002183
39,1,2,0,0,1,9,2,100,19,0,0,0,1,6,0.452380952380952,0.242857142857143,0.0714285714285714,0,0,0,1.52093618661048,3.83495910000056
39,1,2,0,0,1,58,14,100,20,0,0,0,1,6,0.309815950920245,0.0950920245398773,0.177914110429448,0,0,0,10.9054029657981,5.77024520002306
39,1,2,0,0,1,78,8.25,100,5,0,0,0,1,6,0.179190751445087,0.173410404624277,0.323699421965318,0,0,0,7.97939147126529,3.21831040002871
39,1,2,0,0,1,22,20,100,165,0,0,0,1,6,0.177777777777778,0.148148148148148,0.281481481481481,0,0,0,14.7396624957031,4.83807129994966
39,1,2,0,0,1,61,15,100,225,0,0,0,1,6,0.085427135678392,0.150753768844221,0.321608040201005,0,0,0,9.95708246327455,3.64883050008211
39,1,2,0,0,1,65,1.75,100,10,0,0,0,1,6,0.196875,0.071875,0.228125,0,0,0,1.08693411464525,5.65800679998938
39,1,2,0,0,1,34,12,100,85,0,0,0,1,6,0.182648401826484,0.132420091324201,0.146118721461187,0,0,0,9.15996797379558,3.97994610003661
39,1,2,0,0,1,8,16,100,20,0,0,0,1,6,0.325367647058824,0.0588235294117647,0.28125,0,0,0,13.9200227154166,9.38530139997602
39,1,2,0,0,1,43,3,100,0,0,0,0,1,6,0.348148148148148,0.151851851851852,0.140740740740741,0,0,0,2.99072829077237,4.83221330004744
39,1,2,0,0,1,81,14,100,5,0,0,0,1,6,0.205741626794258,0.0287081339712919,0.0909090909090909,0,0,0,13.514785478187,3.81629809993319
39,1,2,0,0,1,20,15.75,100,30,0,0,0,2,6,0.161849710982659,0.046242774566474,0.335260115606936,0,0,0,13.9773757863123,3.21600049990229
39,1,2,0,0,1,72,6.5,100,60,0,0,0,2,6,0.257510729613734,0.163090128755365,0.11587982832618,0,0,0,4.01802830470264,4.21204759995453
39,1,2,0,0,1,83,17,100,200,0,0,0,2,6,0.163333333333333,0.246666666666667,0.226666666666667,0,0,0,11.0157378026139,5.33041170006618
39,1,2,0,0,1,17,3.25,100,205,0,0,0,2,6,0.110927152317881,0.135761589403974,0.223509933774834,0,0,0,1.03233009499069,10.3865101000993
39,1,2,0,0,1,1,5,100,0,0,0,0,2,6,0.140939597315436,0.241610738255034,0.214765100671141,0,0,0,4.98964846810879,2.81851090001874
39,1,2,0,0,1,13,19.5,100,7,0,0,0,2,6,0.504464285714286,0.0669642857142857,0.0401785714285714,0,0,0,18.0023062635766,4.05916329997126
39,1,2,0,0,1,31,8.5,100,22,0,0,0,2,6,0.394230769230769,0.110576923076923,0.149038461538462,0,0,0,6.99657108223967,3.79215510003269
39,1,2,0,0,1,10,19.5,100,125,0,0,0,2,6,0.503597122302158,0.172661870503597,0.18705035971223,0,0,0,16.0055455218546,2.64238780003507
39,1,2,0,0,1,49,16,100,20,0,0,0,2,6,0.0763888888888889,0.194444444444444,0.375,0,0,0,14.9896484681088,2.72542709996924
39,1,2,0,0,1,7,16.75,100,75,0,0,0,2,6,0.458333333333333,0.130208333333333,0.182291666666667,0,0,0,12.9839877999365,3.53462140006013
39,1,2,0,0,1,64,19.5,100,45,0,0,0,2,6,0.078740157480315,0.137795275590551,0.28740157480315,0,0,0,16.5249302405539,4.56126570003107
39,1,2,0,0,1,35,13,100,30,0,0,0,2,6,0.13768115942029,0.13768115942029,0.16304347826087,0,0,0,11.4933793254074,4.92266769998241
39,1,2,0,0,1,36,14,100,40,0,0,0,2,6,0.305676855895196,0.157205240174672,0.235807860262009,0,0,0,11.0349008102548,4.14433909999207
39,1,2,0,0,1,63,5.5,100,40,0,0,0,2,6,0.198347107438017,0.264462809917355,0.322314049586777,0,0,0,3.06198278092228,2.35147569992114
39,1,2,0,0,1,68,2.5,100,25,0,0,0,4,6,0.240343347639485,0.206008583690987,0.124463519313305,0,0,0,0.753988497004318,4.21234450000338
39,1,2,0,0,1,56,12,100,210,0,0,0,4,6,0.134328358208955,0.253731343283582,0.201492537313433,0,0,0,7.36957982434917,2.56177209992893
39,1,2,0,0,1,28,6,100,7,0,0,0,4,6,0.186234817813765,0.202429149797571,0.129554655870445,0,0,0,4.5049330185193,4.44347420008853
39,1,2,0,0,1,33,11,100,190,0,0,0,4,6,0.268041237113402,0.195876288659794,0.0979381443298969,0,0,0,7.99682193448745,3.56265860004351
39,1,2,0,0,1,3,15,100,14,0,0,0,4,6,0.290816326530612,0.193877551020408,0.336734693877551,0,0,0,14.0041046464963,3.59253570006695
39,1,2,0,0,1,16,16,100,95,0,0,0,4,6,0.279005524861878,0.256906077348066,0.312154696132597,0,0,0,13.5024641385287,6.36533120006789
39,1,2,0,0,1,39,17,100,15,0,0,0,4,6,0.296296296296296,0.148148148148148,0.22962962962963,0,0,0,14.5034913086442,2.58980140008498
39,1,2,0,0,1,21,6,100,55,0,0,0,4,6,0.214196762141968,0.206724782067248,0.323785803237858,0,0,0,4.00407278444222,13.7094876000192
39,1,2,0,0,1,70,3.5,100,3,0,0,0,4,6,0.269736842105263,0.322368421052632,0.309210526315789,0,0,0,3.00342891776033,2.8622113999445
39,1,2,0,0,1,73,5,100,14,0,0,0,4,6,0.315789473684211,0.236842105263158,0.37719298245614,0,0,0,4.01139881452826,2.22465220000595
39,1,2,0,0,1,30,8,100,90,0,0,0,4,6,0.335664335664336,0.272727272727273,0.160839160839161,0,0,0,5.74671373454959,2.70933689991944
39,1,2,0,0,1,26,4,100,50,0,0,0,4,6,0.264044943820225,0.191011235955056,0.280898876404494,0,0,0,1.02999816656766,3.30316160002258
39,1,2,0,0,1,19,17.5,100,40,0,0,0,4,6,0.446043165467626,0.215827338129496,0.237410071942446,0,0,0,13.9768217107616,2.63954779994674
39,1,2,0,0,1,55,16.5,100,155,0,0,0,4,6,0.2625,0.2125,0.220833333333333,0,0,0,12.0081769673574,4.32842430006713
39,1,2,0,0,1,41,19,100,245,0,0,0,3,6,0.336734693877551,0.170068027210884,0.357142857142857,0,0,0,12.9959692365817,5.23649979999755
39,1,2,0,0,1,52,18.5,100,85,0,0,0,3,6,0.35,0.139285714285714,0.353571428571429,0,0,0,14.5159893655263,5.00187119992916
39,1,2,0,0,1,42,20,100,170,0,0,0,3,6,0.181286549707602,0.0906432748538012,0.271929824561404,0,0,0,15.9779675914675,6.02774629998021
39,1,2,0,0,1,40,18,100,110,0,0,0,3,6,0.440677966101695,0.189830508474576,0.254237288135593,0,0,0,14.0189172591212,5.24812280002516
39,1,2,0,0,1,5,20,100,15,0,0,0,3,6,0.282208588957055,0.184049079754601,0.141104294478528,0,0,0,18.4955048025589,3.06120929995086
39,1,2,0,0,1,51,1,100,3,0,0,0,3,6,0.208053691275168,0.0201342281879195,0.174496644295302,0,0,0,0.496578289852842,2.8096252999967
39,1,2,0,0,1,80,8,100,125,0,0,0,3,6,0.244019138755981,0.179425837320574,0.241626794258373,0,0,0,4.06550421922496,7.29920110001694
39,1,2,0,0,1,45,13.5,100,65,0,0,0,3,6,0.282608695652174,0.159420289855072,0.246376811594203,0,0,0,11.0299981665677,2.62266999995336
39,1,2,0,0,1,23,7.75,100,120,0,0,0,3,6,0.292576419213974,0.279475982532751,0.192139737991266,0,0,0,4.08827504732205,4.14097930002026
39,1,2,0,0,1,2,7.5,100,25,0,0,0,3,6,0.269720101781171,0.178117048346056,0.157760814249364,0,0,0,5.99695851276626,6.87751679995563
39,1,2,0,0,1,47,16,100,5,0,0,0,3,6,0.277777777777778,0.122222222222222,0.144444444444444,0,0,0,15,1.83003119996283
39,1,2,0,0,1,69,1.5,100,20,0,0,0,3,6,0.176470588235294,0.0352941176470588,0.164705882352941,0,0,0,0.487646092842798,1.73780620004982
39,1,2,0,0,1,84,11,100,110,0,0,0,3,6,0.25,0.234567901234568,0.151234567901235,0,0,0,8.96741015562254,5.73074280004948
39,1,2,0,0,1,38,15.5,100,215,0,0,0,3,6,0.343137254901961,0.0686274509803922,0.387254901960784,0,0,0,10.0140224392692,3.72802220005542
39,1,2,0,0,1,77,12,100,25,0,0,0,6,6,0.219753086419753,0.177777777777778,0.187654320987654,0,0,0,9.98585291723473,7.07983950001653
39,1,2,0,0,1,67,8.5,100,105,0,0,0,6,6,0.130434782608696,0.440217391304348,0.217391304347826,0,0,0,5.43972812379198,3.39586120005697
39,1,2,0,0,1,79,10,100,140,0,0,0,6,6,0.208695652173913,0.2,0.343478260869565,0,0,0,6.99709174942781,4.1621447999496
39,1,2,0,0,1,15,17.25,100,55,0,0,0,6,6,0.294117647058824,0.235294117647059,0.288235294117647,0,0,0,15.7764988588871,3.1654899000423
39,1,2,0,0,1,11,18.25,100,55,0,0,0,6,6,0.30952380952381,0.206349206349206,0.174603174603175,0,0,0,16.0245360045153,4.52930499997456
39,1,2,0,0,1,29,7,100,55,0,0,0,6,6,0.242990654205607,0.355140186915888,0.149532710280374,0,0,0,4.0433006734636,2.11074399994686
39,1,2,0,0,1,74,7,100,120,0,0,0,6,6,0.27906976744186,0.12015503875969,0.186046511627907,0,0,0,4.60386423026696,4.63401200005319
39,1,2,0,0,1,60,15,100,31,0,0,0,6,6,0.136,0.232,0.384,0,0,0,13.9519294135231,2.41302389989141
39,1,2,0,0,1,46,2,100,70,0,0,0,6,6,0.137362637362637,0.214285714285714,0.335164835164835,0,0,0,0.484378649371646,3.37076590000652
39,1,2,0,0,1,37,14.5,100,175,0,0,0,6,6,0.315508021390374,0.176470588235294,0.267379679144385,0,0,0,11.4900474403781,3.45438370003831
39,1,2,0,0,1,82,9.5,100,25,0,0,0,6,6,0.204081632653061,0.374149659863946,0.170068027210884,0,0,0,7.94266783606628,2.77203950006515
39,1,2,0,0,1,48,7,100,70,0,0,0,6,6,0.158273381294964,0.129496402877698,0.392086330935252,0,0,0,4.55327032181521,4.95574889995623
39,1,2,0,0,1,59,2,100,110,0,0,0,6,6,0.185714285714286,0.264285714285714,0.342857142857143,0,0,0,0.498567726576727,2.66044450004119
39,1,2,0,0,1,54,9.25,100,4,0,0,0,6,6,0.318181818181818,0.136363636363636,0.0545454545454545,0,0,0,8.99853284937303,2.16514080006164
39,1,2,0,0,1,6,19,100,175,0,0,0,5,6,0.220183486238532,0.256880733944954,0.376146788990826,0,0,0,14.9589283264614,2.15269719995558
39,1,2,0,0,1,62,10,100,135,0,0,0,5,6,0.218934911242604,0.14792899408284,0.343195266272189,0,0,0,6.49834750378973,3.13974909996614
39,1,2,0,0,1,12,12,100,1,0,0,0,5,6,0.213592233009709,0.116504854368932,0.203883495145631,0,0,0,10.9947192593505,2.03717470006086
39,1,2,0,0,1,66,10,100,80,0,0,0,5,6,0.258764607679466,0.156928213689482,0.414023372287145,0,0,0,7.06094645647832,10.3154220000142
39,1,2,0,0,1,44,5,100,65,0,0,0,5,6,0.134408602150538,0.198924731182796,0.32258064516129,0,0,0,2.00349600976258,3.43344739999156
39,1,2,0,0,1,4,8.5,100,90,0,0,0,5,6,0.320185614849188,0.185614849187935,0.317865429234339,0,0,0,5.06995540093447,7.51486380002461
39,1,2,0,0,1,71,6,100,45,0,0,0,5,6,0.121495327102804,0.261682242990654,0.383177570093458,0,0,0,3.58743330522288,2.11436760006472
39,1,2,0,0,1,75,6,100,45,0,0,0,5,6,0.158536585365854,0.317073170731707,0.402439024390244,0,0,0,3.07177504041541,3.05931840010453
39,1,2,0,0,1,18,18.75,100,250,0,0,0,5,6,0.241379310344828,0.327586206896552,0.232758620689655,0,0,0,12.9970980693721,2.25975530000869
39,1,2,0,0,1,25,9,100,160,0,0,0,5,6,0.134020618556701,0.371134020618557,0.247422680412371,0,0,0,4.48934581201502,1.95096429996192
39,1,2,0,0,1,53,14,100,60,0,0,0,5,6,0.253401360544218,0.181972789115646,0.27891156462585,0,0,0,11.9501192040605,10.1237351000309
39,1,2,0,0,1,57,10,100,95,0,0,0,5,6,0.201716738197425,0.278969957081545,0.369098712446352,0,0,0,6.94524033871781,4.21522080001887
39,1,2,0,0,1,76,4,100,70,0,0,0,5,6,0.0773809523809524,0.321428571428571,0.386904761904762,0,0,0,1.01344733272578,3.12710990000051
39,1,2,0,0,1,32,9.5,100,170,0,0,0,5,6,0.258503401360544,0.193877551020408,0.268707482993197,0,0,0,6.00643201429085,5.22138470003847
39,2,1,0,1,1,13,19.5,5,7,0,0,0,2,2,0.0530821917808219,0.0839041095890411,0.238013698630137,0,0,0,1.00663697220339,10.0667310000863
39,2,1,0,1,1,27,5.25,50,120,0,0,0,2,2,0.08,0.195555555555556,0.168888888888889,0,0,0,2.02080823170083,4.08346710004844
39,2,1,0,1,1,45,13.5,55,65,0,0,0,2,2,0.0285714285714286,0.1,0.204761904761905,0,0,0,6.01551279297471,3.82826559990644
39,2,1,0,1,1,44,5,40,65,0,0,0,2,2,0.0181818181818182,0.145454545454545,0.324242424242424,0,0,0,1.4834272681475,5.82953210012056
39,2,1,0,1,1,34,12,15,85,0,0,0,2,2,0.0423728813559322,0.11864406779661,0.468926553672316,0,0,0,1.22501542304937,6.23343060002662
39,2,1,0,1,1,61,15,75,225,0,0,0,2,2,0.0617059891107078,0.134301270417423,0.0671506352087114,0,0,0,8.00562188967623,9.50827300013043
39,2,1,0,1,1,10,19.5,10,125,0,0,0,2,2,0.0286885245901639,0.14344262295082,0.618852459016393,0,0,0,1.02077396481731,4.39709139987826
39,2,1,0,1,1,32,9.5,30,170,0,0,0,2,2,0.116564417177914,0.0858895705521472,0.380368098159509,0,0,0,2.02100507773903,3.05113469995558
39,2,1,0,1,1,42,20,30,170,0,0,0,2,2,0.0582362728785358,0.15973377703827,0.214642262895175,0,0,0,5.02040441001331,10.3445669999346
39,2,1,0,1,1,9,2,30,19,0,0,0,2,2,0.106382978723404,0.0851063829787234,0.453900709219858,0,0,0,0.272261270767117,2.68506940011866
39,2,1,0,1,1,15,17.25,25,55,0,0,0,2,2,0.0901287553648069,0.150214592274678,0.296137339055794,0,0,0,3.49217395720428,4.21233240002766
39,2,1,0,1,1,53,14,90,60,0,0,0,2,2,0.0260869565217391,0.11304347826087,0.373913043478261,0,0,0,10.9992077875721,2.24756839987822
39,2,1,0,1,1,17,3.25,85,205,0,0,0,2,2,0.0461538461538462,0.0923076923076923,0.3,0,0,0,1.01344733272578,2.49822529987432
39,2,1,0,1,1,40,18,15,110,0,0,0,2,2,0.0401785714285714,0.0848214285714286,0.375,0,0,0,2.25712941530401,4.05976390000433
39,2,1,0,1,1,43,3,30,0,0,0,0,6,2,0.398058252427184,0.252427184466019,0.0145631067961165,0,0,0,0.96851144040258,3.76406150008552
39,2,1,0,1,1,76,4,35,70,0,0,0,6,2,0.313131313131313,0.297979797979798,0.0303030303030303,0,0,0,0.836248971042352,3.6223500999622
39,2,1,0,1,1,29,7,20,55,0,0,0,6,2,0.171003717472119,0.16728624535316,0.0185873605947955,0,0,0,1.07514123330803,4.80312029994093
39,2,1,0,1,1,28,6,25,7,0,0,0,6,2,0.115207373271889,0.175115207373272,0.0599078341013825,0,0,0,0.996958512766266,3.95210019988008
39,2,1,0,1,1,5,20,85,15,0,0,0,6,2,0.444695259593679,0.306997742663657,0.00677200902934537,0,0,0,14.5143558846769,7.70812699990347
39,2,1,0,1,1,41,19,65,245,0,0,0,6,2,0.325670498084291,0.333333333333333,0.0727969348659004,0,0,0,10.0138999729416,4.68566149985418
39,2,1,0,1,1,63,5.5,70,40,0,0,0,6,2,0.209424083769634,0.235602094240838,0.0340314136125654,0,0,0,3.2619726158657,6.68971229996532
39,2,1,0,1,1,3,15,85,14,0,0,0,6,2,0.364779874213836,0.223270440251572,0.0440251572327044,0,0,0,10.4996835127409,5.63627990009263
39,2,1,0,1,1,54,9.25,40,4,0,0,0,6,2,0.476351351351351,0.236486486486486,0.0472972972972973,0,0,0,2.98350307637278,5.26978159998544
39,2,1,0,1,1,68,2.5,65,25,0,0,0,6,2,0.207964601769911,0.141592920353982,0.0442477876106195,0,0,0,0.505338045458377,4.10185580002144
39,2,1,0,1,1,4,8.5,20,90,0,0,0,6,2,0.228882833787466,0.128065395095368,0.0735694822888283,0,0,0,1.50829855802707,6.44663499994203
39,2,1,0,1,1,36,14,15,40,0,0,0,6,2,0.44299674267101,0.149837133550489,0.0195439739413681,0,0,0,1.4951770537348,5.44612370012328
39,2,1,0,1,1,16,16,65,95,0,0,0,6,2,0.394594594594595,0.275675675675676,0.0486486486486487,0,0,0,6.99709174942781,3.41746899997815
39,2,1,0,1,1,84,11,50,110,0,0,0,6,2,0.33,0.3,0.04,0,0,0,4.04814643394257,3.66094249999151
39,2,1,0,1,1,58,14,45,20,0,0,0,4,2,0.355789473684211,0.353684210526316,0.0294736842105263,0,0,0,5.73511433261343,8.2401930000633
39,2,1,0,1,1,6,19,20,175,0,0,0,4,2,0.381909547738693,0.193467336683417,0.0351758793969849,0,0,0,2.98994562570087,6.9663929999806
39,2,1,0,1,1,60,15,35,31,0,0,0,4,2,0.307017543859649,0.114035087719298,0.149122807017544,0,0,0,4.01043666878389,2.22565729985945
39,2,1,0,1,1,71,6,25,45,0,0,0,4,2,0.327380952380952,0.214285714285714,0.0238095238095238,0,0,0,1.01344733272578,3.120390499942
39,2,1,0,1,1,1,5,50,0,0,0,0,4,2,0.19047619047619,0.142857142857143,0.0666666666666667,0,0,0,2.48822461902236,3.82622669986449
39,2,1,0,1,1,81,14,55,5,0,0,0,4,2,0.269230769230769,0.258241758241758,0.021978021978022,0,0,0,6.9968327318932,3.36716759996489
39,2,1,0,1,1,67,8.5,50,105,0,0,0,4,2,0.372093023255814,0.13953488372093,0.0465116279069767,0,0,0,2.99052963886356,2.4723700999748
39,2,1,0,1,1,24,19,70,150,0,0,0,4,2,0.277638190954774,0.371859296482412,0.0188442211055276,0,0,0,11.9984155015077,13.5860909000039
39,2,1,0,1,1,50,2.5,90,10,0,0,0,4,2,0.587423312883436,0.167177914110429,0.0199386503067485,0,0,0,2.00349600976258,11.1965024999809
39,2,1,0,1,1,11,18.25,70,55,0,0,0,4,2,0.669527896995708,0.111587982832618,0.01931330472103,0,0,0,11.1128307005917,8.09338620002382
39,2,1,0,1,1,37,14.5,5,175,0,0,0,4,2,0.649438202247191,0.10561797752809,0.0157303370786517,0,0,0,0.49745690225577,7.75958200008608
39,2,1,0,1,1,26,4,45,50,0,0,0,4,2,0.310734463276836,0.152542372881356,0.101694915254237,0,0,0,0.999207787572097,3.2773337000981
39,2,1,0,1,1,73,5,70,14,0,0,0,4,2,0.240157480314961,0.318897637795276,0.0078740157480315,0,0,0,2.49539489021195,4.56234699999914
39,2,1,0,1,1,8,16,15,20,0,0,0,4,2,0.284313725490196,0.200980392156863,0.0343137254901961,0,0,0,1.75401589594037,7.1209339001216
39,2,1,0,1,1,82,9.5,20,25,0,0,0,1,2,0.0699029126213592,0.10873786407767,0.104854368932039,0,0,0,1.51828893117299,8.909182399977
39,2,1,0,1,1,70,3.5,40,3,0,0,0,1,2,0.194312796208531,0.196682464454976,0.28436018957346,0,0,0,1.01344733272578,7.35333559988067
39,2,1,0,1,1,22,20,90,165,0,0,0,1,2,0.0663716814159292,0.194690265486726,0.402654867256637,0,0,0,14.9897484827359,4.10317520005628
39,2,1,0,1,1,79,10,10,140,0,0,0,1,2,0.0305676855895196,0.157205240174672,0.266375545851528,0,0,0,0.49745690225577,4.13710619998164
39,2,1,0,1,1,66,10,90,80,0,0,0,1,2,0.0478723404255319,0.351063829787234,0.24468085106383,0,0,0,6.99057138937775,3.46306440001354
39,2,1,0,1,1,69,1.5,95,20,0,0,0,1,2,0.022680412371134,0.315463917525773,0.249484536082474,0,0,0,1.01573780261388,8.40698790014721
39,2,1,0,1,1,77,12,75,25,0,0,0,1,2,0.0215827338129496,0.223021582733813,0.143884892086331,0,0,0,7.00313227639973,4.95647060009651
39,2,1,0,1,1,21,6,95,55,0,0,0,1,2,0.0638297872340425,0.249240121580547,0.197568389057751,0,0,0,4.98978139284709,5.81249239994213
39,2,1,0,1,1,72,6.5,90,60,0,0,0,1,2,0.0315533980582524,0.25,0.199029126213592,0,0,0,5.0102186071529,7.19671399984509
39,2,1,0,1,1,12,12,35,1,0,0,0,1,2,0.0277777777777778,0.263888888888889,0.0208333333333333,0,0,0,4.01262752307277,2.73228429979645
39,2,1,0,1,1,46,2,55,70,0,0,0,1,2,0.117886178861789,0.373983739837398,0.191056910569106,0,0,0,0.501930103899152,4.43589909980074
39,2,1,0,1,1,51,1,40,3,0,0,0,1,2,0.152173913043478,0.41304347826087,0.217391304347826,0,0,0,0.30020458947028,2.62164789997041
39,2,1,0,1,1,39,17,35,15,0,0,0,1,2,0.299559471365639,0.237885462555066,0.3215859030837,0,0,0,5.0102186071529,4.11224370007403
39,2,1,0,1,1,52,18.5,10,85,0,0,0,1,2,0.101910828025478,0.178343949044586,0.165605095541401,0,0,0,0.990270552169193,2.96457760012709
39,2,1,0,1,1,47,16,100,5,0,0,0,3,2,0.438502673796791,0.197860962566845,0.128342245989305,0,0,0,14.9899745000615,3.4472724001389
39,2,1,0,1,1,56,12,90,210,0,0,0,3,2,0.695278969957081,0.0901287553648069,0.148068669527897,0,0,0,7.00358603016323,8.0908435001038
39,2,1,0,1,1,35,13,70,30,0,0,0,3,2,0.60125260960334,0.0626304801670146,0.100208768267223,0,0,0,7.9971444205681,8.31390660000034
39,2,1,0,1,1,48,7,45,70,0,0,0,3,2,0.229166666666667,0.0520833333333333,0.192708333333333,0,0,0,2.48984342918207,3.52176499995403
39,2,1,0,1,1,25,9,60,160,0,0,0,3,2,0.58452380952381,0.0440476190476191,0.108333333333333,0,0,0,4.0175761599787,14.3150442999322
39,2,1,0,1,1,31,8.5,50,22,0,0,0,3,2,0.3,0.138461538461538,0.3,0,0,0,3.49491269556993,2.48724600020796
39,2,1,0,1,1,75,6,85,45,0,0,0,3,2,0.174289245982695,0.0494437577255871,0.150803461063041,0,0,0,4.0427057573151,13.8011876000091
39,2,1,0,1,1,80,8,45,125,0,0,0,3,2,0.325396825396825,0.0317460317460317,0.222222222222222,0,0,0,2.48356480721841,2.43213959992863
39,2,1,0,1,1,64,19.5,65,45,0,0,0,3,2,0.334470989761092,0.0750853242320819,0.26962457337884,0,0,0,10,5.20239380002022
39,2,1,0,1,1,19,17.5,25,40,0,0,0,3,2,0.46374829001368,0.0930232558139535,0.160054719562244,0,0,0,3.00972117933742,12.503185500158
39,2,1,0,1,1,38,15.5,40,215,0,0,0,3,2,0.405594405594406,0.0769230769230769,0.0862470862470862,0,0,0,3.02290862175008,7.47627389989793
39,2,1,0,1,1,55,16.5,25,155,0,0,0,3,2,0.456647398843931,0.069364161849711,0.300578034682081,0,0,0,2.49218672160093,3.20456179999746
39,2,1,0,1,1,62,10,95,135,0,0,0,3,2,0.198473282442748,0.083969465648855,0.312977099236641,0,0,0,7.99682193448745,2.51438140007667
39,2,1,0,1,1,14,16.75,45,145,0,0,0,3,2,0.457516339869281,0.137254901960784,0.228758169934641,0,0,0,5.98860118547174,2.87899579992518
39,2,1,0,1,1,33,11,65,190,0,0,0,5,2,0.205521472392638,0.153374233128834,0.457055214723926,0,0,0,4.51909510157234,5.76399979996495
39,2,1,0,1,1,57,10,50,95,0,0,0,5,2,0,0.0471698113207547,0.490566037735849,0,0,0,3.03620320754046,2.09239949984476
39,2,1,0,1,1,59,2,80,110,0,0,0,5,2,0.0913705583756345,0.365482233502538,0.32994923857868,0,0,0,0.49745690225577,3.62173590017483
39,2,1,0,1,1,18,18.75,80,250,0,0,0,5,2,0.348387096774194,0.0419354838709677,0.296774193548387,0,0,0,11.9936052321287,5.4851694998797
39,2,1,0,1,1,2,7.5,75,25,0,0,0,5,2,0.401149425287356,0.0413793103448276,0.164367816091954,0,0,0,5.01018590766591,14.8272679999936
39,2,1,0,1,1,74,7,40,120,0,0,0,5,2,0.394849785407725,0.0128755364806867,0.188841201716738,0,0,0,1.49672586849045,8.09749620012008
39,2,1,0,1,1,20,15.75,35,30,0,0,0,5,2,0.317073170731707,0.016260162601626,0.300813008130081,0,0,0,4.00828115495899,2.38730460009538
39,2,1,0,1,1,7,16.75,65,75,0,0,0,5,2,0.286792452830189,0.0452830188679245,0.467924528301887,0,0,0,6.50307210895932,4.74703409988433
39,2,1,0,1,1,78,8.25,20,5,0,0,0,5,2,0.516506922257721,0.0457933972310969,0.124600638977636,0,0,0,1.2538509602905,15.9633766999468
39,2,1,0,1,1,49,16,50,20,0,0,0,5,2,0.227272727272727,0.038961038961039,0.37012987012987,0,0,0,7.00313227639973,2.90071850013919
39,2,1,0,1,1,30,8,75,90,0,0,0,5,2,0.344444444444444,0.0481481481481481,0.207407407407407,0,0,0,3.50359132668101,4.8339526001364
39,2,1,0,1,1,65,1.75,80,10,0,0,0,5,2,0.666110183639399,0.0233722871452421,0.130217028380634,0,0,0,0.749822116018834,10.3111119999085
39,2,1,0,1,1,23,7.75,60,120,0,0,0,5,2,0.42534504391468,0.0439146800501882,0.215809284818068,0,0,0,3.4846947152154,13.6080188001506
39,2,1,0,1,1,83,17,80,200,0,0,0,5,2,0.611392405063291,0.0405063291139241,0.10253164556962,0,0,0,9.01726007846744,13.4957215001341
40,1,1,0,1,1,68,2.5,65,25,0,0,0,1,2,0.0936329588014981,0.155805243445693,0.111610486891386,0,0,0,7.00358603016323,22.5784194999142
40,1,1,0,1,1,59,2,80,110,0,0,0,1,2,0.359872611464968,0.127388535031847,0.10828025477707,0,0,0,1.02767665810933,5.55846939992625
40,1,1,0,1,1,84,11,50,110,0,0,0,1,2,0.245786516853933,0.438202247191011,0.0828651685393258,0,0,0,4.85580659147345,12.1954898999538
40,1,1,0,1,1,74,7,40,120,0,0,0,1,2,0.352941176470588,0.281045751633987,0.117647058823529,0,0,0,2.49218672160093,2.87166740000248
40,1,1,0,1,1,43,3,30,0,0,0,0,1,2,0.289473684210526,0.298245614035088,0.0701754385964912,0,0,0,0.766611888354578,4.12604300002567
40,1,1,0,1,1,51,1,40,3,0,0,0,1,2,0.148148148148148,0.201646090534979,0.283950617283951,0,0,0,0.116530648832672,4.37125059997197
40,1,1,0,1,1,70,3.5,40,3,0,0,0,1,2,0.253048780487805,0.204268292682927,0.128048780487805,0,0,0,1.13488588723006,5.79951189993881
40,1,1,0,1,1,83,17,80,200,0,0,0,1,2,0.433884297520661,0.297520661157025,0.0867768595041322,0,0,0,5.91201012406452,4.35797260003164
40,1,1,0,1,1,52,18.5,10,85,0,0,0,1,2,0.216666666666667,0.416666666666667,0.161111111111111,0,0,0,0.143682093480152,3.33058910002001
40,1,1,0,1,1,4,8.5,20,90,0,0,0,1,2,0.133333333333333,0.381818181818182,0.115151515151515,0,0,0,0.955101270768992,3.0754600999644
40,1,1,0,1,1,47,16,100,5,0,0,0,1,2,0.311526479750779,0.246105919003115,0.0934579439252336,0,0,0,9.89732829413636,5.6801329998998
40,1,1,0,1,1,30,8,75,90,0,0,0,1,2,0.25748502994012,0.341317365269461,0.215568862275449,0,0,0,5.32847896194485,3.12128399999347
40,1,1,0,1,1,54,9.25,40,4,0,0,0,1,2,0.429487179487179,0.288461538461538,0.153846153846154,0,0,0,2.99072829077237,2.92569800000638
40,1,1,0,1,1,64,19.5,65,45,0,0,0,1,2,0.235074626865672,0.563432835820896,0.205223880597015,0,0,0,7.98370902295031,4.79986170004122
40,1,1,0,1,1,9,2,30,19,0,0,0,6,2,0.299760191846523,0.381294964028777,0.196642685851319,0,0,0,0.203416516447277,7.26921300007962
40,1,1,0,1,1,61,15,75,225,0,0,0,6,2,0.370114942528736,0.351724137931034,0.195402298850575,0,0,0,7.87431707428985,7.57648500008509
40,1,1,0,1,1,6,19,20,175,0,0,0,6,2,0.535714285714286,0.482142857142857,0,0,0,0,1.90667685028366,4.05429709993768
40,1,1,0,1,1,14,16.75,45,145,0,0,0,6,2,0.27536231884058,0.420289855072464,0.0942028985507246,0,0,0,4.85533859193568,2.6254908000119
40,1,1,0,1,1,23,7.75,60,120,0,0,0,6,2,0.496774193548387,0.290322580645161,0.167741935483871,0,0,0,2.68283799560241,2.91345079999883
40,1,1,0,1,1,36,14,15,40,0,0,0,6,2,0.433628318584071,0.424778761061947,0.123893805309735,0,0,0,0.225258077833356,2.21011530002579
40,1,1,0,1,1,19,17.5,25,40,0,0,0,6,2,0.469879518072289,0.36144578313253,0.0963855421686747,0,0,0,1.97387258896639,1.710548400064
40,1,1,0,1,1,57,10,50,95,0,0,0,6,2,0.335664335664336,0.447552447552448,0.181818181818182,0,0,0,3.87611837210009,2.70558009995148
40,1,1,0,1,1,10,19.5,10,125,0,0,0,6,2,0.31304347826087,0.452173913043478,0.0782608695652174,0,0,0,0.188895619447571,2.24646619998384
40,1,1,0,1,1,24,19,70,150,0,0,0,6,2,0.511210762331839,0.394618834080717,0.0403587443946188,0,0,0,6.0141007068759,4.04130250005983
40,1,1,0,1,1,79,10,10,140,0,0,0,6,2,0.288288288288288,0.243243243243243,0.306306306306306,0,0,0,1.025365500544,2.172056099982
40,1,1,0,1,1,33,11,65,190,0,0,0,6,2,0.451612903225806,0.32258064516129,0.112903225806452,0,0,0,5.0202744464999,2.39768259995617
40,1,1,0,1,1,41,19,65,245,0,0,0,6,2,0.409836065573771,0.311475409836066,0.163934426229508,0,0,0,3.95533565289434,4.40037309995387
40,1,1,0,1,1,28,6,25,7,0,0,0,6,2,0.300411522633745,0.563786008230453,0.0946502057613169,0,0,0,1.95304598654105,4.37707439996302
40,1,1,0,1,1,27,5.25,50,120,0,0,0,2,2,0.329081632653061,0.339285714285714,0.176020408163265,0,0,0,2.04832764699134,6.86119119997602
40,1,1,0,1,1,50,2.5,90,10,0,0,0,2,2,0.128939828080229,0.275071633237822,0.40974212034384,0,0,0,0.505338045458377,6.14270540000871
40,1,1,0,1,1,56,12,90,210,0,0,0,2,2,0.289237668161435,0.385650224215247,0.165919282511211,0,0,0,5.9687388094791,7.7525957999751
40,1,1,0,1,1,80,8,45,125,0,0,0,2,2,0.382352941176471,0.42156862745098,0.215686274509804,0,0,0,3.99881005035359,2.02609130006749
40,1,1,0,1,1,21,6,95,55,0,0,0,2,2,0.485436893203884,0.320388349514563,0.116504854368932,0,0,0,3.9435956458465,2.0468776000198
40,1,1,0,1,1,72,6.5,90,60,0,0,0,2,2,0.465753424657534,0.328767123287671,0.0273972602739726,0,0,0,3.92878823582789,1.55295039992779
40,1,1,0,1,1,49,16,50,20,0,0,0,2,2,0.465986394557823,0.19047619047619,0.125850340136054,0,0,0,3.05424068129893,5.22880069992971
40,1,1,0,1,1,53,14,90,60,0,0,0,2,2,0.681818181818182,0.212121212121212,0,0,0,0,6.00325440429245,1.42301409994252
40,1,1,0,1,1,75,6,85,45,0,0,0,2,2,0.467213114754098,0.344262295081967,0.139344262295082,0,0,0,2.0575943037999,2.36247339996044
40,1,1,0,1,1,44,5,40,65,0,0,0,2,2,0.490566037735849,0.490566037735849,0.0377358490566038,0,0,0,0.215477419020441,2.10296829999425
40,1,1,0,1,1,81,14,55,5,0,0,0,2,2,0.566666666666667,0.3,0,0,0,0,3.05321824018109,1.83557029999793
40,1,1,0,1,1,38,15.5,40,215,0,0,0,2,2,0.170454545454545,0.178030303030303,0.106060606060606,0,0,0,3.20057424854472,9.12395100004505
40,1,1,0,1,1,45,13.5,55,65,0,0,0,2,2,0.435158501440922,0.253602305475504,0.00576368876080692,0,0,0,4.03214513455646,6.10274610004853
40,1,1,0,1,1,20,15.75,35,30,0,0,0,2,2,0.620689655172414,0.324137931034483,0,0,0,0,2.20946279042838,2.73729750001803
40,1,1,0,1,1,1,5,50,0,0,0,0,4,2,0.401041666666667,0.302083333333333,0.28125,0,0,0,1.94800905312299,3.5246054000454
40,1,1,0,1,1,16,16,65,95,0,0,0,4,2,0.506493506493506,0.493506493506494,0.12987012987013,0,0,0,5.83980037816603,1.60721749998629
40,1,1,0,1,1,34,12,15,85,0,0,0,4,2,0.351190476190476,0.130952380952381,0.44047619047619,0,0,0,2.04832764699134,3.12518249999266
40,1,1,0,1,1,37,14.5,5,175,0,0,0,4,2,0.412698412698413,0.174603174603175,0.333333333333333,0,0,0,0.201122155013081,1.37422180001158
40,1,1,0,1,1,67,8.5,50,105,0,0,0,4,2,0.629032258064516,0.201612903225806,0.120967741935484,0,0,0,0.658155719734935,2.39165460004006
40,1,1,0,1,1,82,9.5,20,25,0,0,0,4,2,0.444444444444444,0.158730158730159,0.301587301587302,0,0,0,0.666154089341717,1.37907180003822
40,1,1,0,1,1,3,15,85,14,0,0,0,4,2,0.296,0.232,0.152,0,0,0,4.01357282208318,2.4145581999328
40,1,1,0,1,1,8,16,15,20,0,0,0,4,2,0.5,0.375,0.075,0,0,0,0.275358352021112,1.67119939997792
40,1,1,0,1,1,48,7,45,70,0,0,0,4,2,0.326996197718631,0.406844106463878,0.129277566539924,0,0,0,2.97747240516943,4.71382790000644
40,1,1,0,1,1,26,4,45,50,0,0,0,4,2,0.332129963898917,0.411552346570397,0.0902527075812274,0,0,0,0.233517147519031,4.93606760003604
40,1,1,0,1,1,17,3.25,85,205,0,0,0,4,2,0.476190476190476,0.396825396825397,0,0,0,0,2.17419650903216,1.37495850003324
40,1,1,0,1,1,13,19.5,5,7,0,0,0,4,2,0.563636363636364,0.218181818181818,0,0,0,0,0.114436171198925,2.15715250000358
40,1,1,0,1,1,69,1.5,95,20,0,0,0,4,2,0.530612244897959,0.306122448979592,0,0,0,0,0.509954457159594,1.1492820000276
40,1,1,0,1,1,58,14,45,20,0,0,0,4,2,0.545454545454545,0.272727272727273,0,0,0,0,4.63545769193229,1.42140170000494
40,1,1,0,1,1,22,20,90,165,0,0,0,5,2,0.413533834586466,0.300751879699248,0.233082706766917,0,0,0,8.97693537459637,2.55080770002678
40,1,1,0,1,1,77,12,75,25,0,0,0,5,2,0.439024390243902,0.341463414634146,0.207317073170732,0,0,0,6.67884168026005,1.70033470005728
40,1,1,0,1,1,15,17.25,25,55,0,0,0,5,2,0.649606299212598,0.204724409448819,0.078740157480315,0,0,0,2.55153033998384,4.55746260005981
40,1,1,0,1,1,78,8.25,20,5,0,0,0,5,2,0.519480519480519,0.454545454545455,0.038961038961039,0,0,0,0.853218200818745,1.6150957000209
40,1,1,0,1,1,62,10,95,135,0,0,0,5,2,0.634146341463415,0.268292682926829,0.0365853658536585,0,0,0,5.01041929957347,1.69887409999501
40,1,1,0,1,1,32,9.5,30,170,0,0,0,5,2,0.489655172413793,0.181034482758621,0.222413793103448,0,0,0,1.11115510876845,9.98763109999709
40,1,1,0,1,1,31,8.5,50,22,0,0,0,5,2,0.529411764705882,0.247058823529412,0.0235294117647059,0,0,0,1.77171065565809,1.74791160004679
40,1,1,0,1,1,63,5.5,70,40,0,0,0,5,2,0.424657534246575,0.342465753424658,0.157534246575342,0,0,0,1.06570201295072,2.76155819999985
40,1,1,0,1,1,76,4,35,70,0,0,0,5,2,0.314285714285714,0.385714285714286,0.123809523809524,0,0,0,1.0056357419093,3.82199189998209
40,1,1,0,1,1,11,18.25,70,55,0,0,0,5,2,0.323886639676113,0.404858299595142,0.109311740890688,0,0,0,1.91571771099333,4.44507259991951
40,1,1,0,1,1,5,20,85,15,0,0,0,5,2,0.433098591549296,0.309859154929577,0.130281690140845,0,0,0,8.02505466730399,5.05566189996898
40,1,1,0,1,1,12,12,35,1,0,0,0,5,2,0.570833333333333,0.333333333333333,0.075,0,0,0,2.02567223471724,4.32691609999165
40,1,1,0,1,1,18,18.75,80,250,0,0,0,5,2,0.576271186440678,0.389830508474576,0.0508474576271186,0,0,0,8.02350228326039,1.31821169995237
40,1,1,0,1,1,40,18,15,110,0,0,0,5,2,0.447154471544715,0.349593495934959,0.032520325203252,0,0,0,0.173580546315822,2.38215920003131
40,1,1,0,1,1,39,17,35,15,0,0,0,3,2,0.0273972602739726,0.547945205479452,0.356164383561644,0,0,0,2.91336069280484,1.54543099994771
40,1,1,0,1,1,55,16.5,25,155,0,0,0,3,2,0.459259259259259,0.311111111111111,0.177777777777778,0,0,0,0.915440063959469,2.58053389994893
40,1,1,0,1,1,42,20,30,170,0,0,0,3,2,0.594377510040161,0.285140562248996,0.0843373493975904,0,0,0,2.08018112245859,4.48391970002558
40,1,1,0,1,1,35,13,70,30,0,0,0,3,2,0.433734939759036,0.481927710843373,0,0,0,0,4.74467159384929,1.70915090001654
40,1,1,0,1,1,65,1.75,80,10,0,0,0,3,2,0.287581699346405,0.470588235294118,0.124183006535948,0,0,0,0.0856387494879982,2.87923650001176
40,1,1,0,1,1,60,15,35,31,0,0,0,3,2,0.306306306306306,0.273273273273273,0.153153153153153,0,0,0,1.1677825965854,5.86965910007711
40,1,1,0,1,1,29,7,20,55,0,0,0,3,2,0.40625,0.317708333333333,0.0885416666666667,0,0,0,1.1284606042619,3.52777889999561
40,1,1,0,1,1,66,10,90,80,0,0,0,3,2,0.535211267605634,0.28169014084507,0.169014084507042,0,0,0,5.02066940050083,2.69759320002049
40,1,1,0,1,1,46,2,55,70,0,0,0,3,2,0.352272727272727,0.357954545454545,0.278409090909091,0,0,0,2.21176043454902,3.26407789997756
40,1,1,0,1,1,71,6,25,45,0,0,0,3,2,0.373134328358209,0.582089552238806,0,0,0,0,0.314477328947099,1.44327520008665
40,1,1,0,1,1,2,7.5,75,25,0,0,0,3,2,0.351063829787234,0.319148936170213,0,0,0,0,2.93886311934136,1.90376440004911
40,1,1,0,1,1,7,16.75,65,75,0,0,0,3,2,0.607438016528926,0.256198347107438,0.0785123966942149,0,0,0,3.99239568156557,4.35994480003137
40,1,1,0,1,1,25,9,60,160,0,0,0,3,2,0.518518518518518,0.308641975308642,0.111111111111111,0,0,0,3.22969313654047,3.03051219996996
40,1,1,0,1,1,73,5,70,14,0,0,0,3,2,0.36,0.586666666666667,0.04,0,0,0,2.066673987337,1.5721681000432
40,2,1,0,0,1,18,18.75,100,250,0,0,0,4,6,0.231805929919137,0.105121293800539,0.121293800539084,0,0,0,10.0434052209773,12.687474100152
40,2,1,0,0,1,72,6.5,100,60,0,0,0,4,6,0.451807228915663,0.204819277108434,0.114457831325301,0,0,0,2.93860009679467,3.093334000092
40,2,1,0,0,1,74,7,100,120,0,0,0,4,6,0.3125,0.25,0.3125,0,0,0,3.46242874519861,1.65378559986129
40,2,1,0,0,1,71,6,100,45,0,0,0,4,6,0.46,0.22,0.13,0,0,0,1.9984155015077,2.00234010000713
40,2,1,0,0,1,29,7,100,55,0,0,0,4,6,0.292307692307692,0.261538461538462,0.215384615384615,0,0,0,2.41972071183619,1.40609079995193
40,2,1,0,0,1,53,14,100,60,0,0,0,4,6,0.466666666666667,0.207407407407407,0.237037037037037,0,0,0,6.96422626905947,4.83210180001333
40,2,1,0,0,1,45,13.5,100,65,0,0,0,4,6,0.6,0.327272727272727,0,0,0,0,5.90042710873137,1.24013010016643
40,2,1,0,0,1,56,12,100,210,0,0,0,4,6,0.494845360824742,0.154639175257732,0,0,0,0,5.86641492373688,1.94490080000833
40,2,1,0,0,1,10,19.5,100,125,0,0,0,4,6,0.644067796610169,0.271186440677966,0,0,0,0,6.56936922201127,1.31243439996615
40,2,1,0,0,1,82,9.5,100,25,0,0,0,4,6,0.333333333333333,0.5,0,0,0,0,3.99239568156557,1.03381779999472
40,2,1,0,0,1,49,16,100,20,0,0,0,4,6,0.384615384615385,0.435897435897436,0,0,0,0,8.04070427857611,0.971773100085557
40,2,1,0,0,1,13,19.5,100,7,0,0,0,4,6,0.454545454545455,0.454545454545455,0,0,0,0,9.782560752897,0.875088300090283
40,2,1,0,0,1,63,5.5,100,40,0,0,0,4,6,0.479338842975207,0.363636363636364,0.0991735537190083,0,0,0,2.40061413807095,2.34459379990585
40,2,1,0,0,1,58,14,100,20,0,0,0,4,6,0.414141414141414,0.323232323232323,0.202020202020202,0,0,0,6.94575931870107,1.97500069998205
40,2,1,0,0,1,55,16.5,100,155,0,0,0,2,6,0.607218683651805,0.229299363057325,0.0870488322717622,0,0,0,7.95167235300866,8.16819210001267
40,2,1,0,0,1,43,3,100,0,0,0,0,2,6,0.641791044776119,0.0298507462686567,0.238805970149254,0,0,0,0.98942455448023,1.45176719990559
40,2,1,0,0,1,79,10,100,140,0,0,0,2,6,0.263157894736842,0.216374269005848,0.269005847953216,0,0,0,4.91732675523459,3.18210289999843
40,2,1,0,0,1,62,10,100,135,0,0,0,2,6,0.352,0.4,0.128,0,0,0,5.01025151726407,4.49530049995519
40,2,1,0,0,1,60,15,100,31,0,0,0,2,6,0.315789473684211,0.473684210526316,0.192982456140351,0,0,0,7.15719566630782,1.28148930007592
40,2,1,0,0,1,65,1.75,100,10,0,0,0,2,6,0.383333333333333,0.233333333333333,0.166666666666667,0,0,0,0.371535232753775,1.32924580015242
40,2,1,0,0,1,69,1.5,100,20,0,0,0,2,6,0.379746835443038,0.253164556962025,0.265822784810127,0,0,0,0.362148585429097,1.64445180003531
40,2,1,0,0,1,75,6,100,45,0,0,0,2,6,0.466666666666667,0.516666666666667,0.0666666666666667,0,0,0,3.04289105162242,1.32698159990832
40,2,1,0,0,1,33,11,100,190,0,0,0,2,6,0.545454545454545,0.297979797979798,0.126262626262626,0,0,0,5.86279622426948,3.62477990007028
40,2,1,0,0,1,76,4,100,70,0,0,0,2,6,0.333333333333333,0.388888888888889,0.266666666666667,0,0,0,2.03467606450616,1.82376659987494
40,2,1,0,0,1,31,8.5,100,22,0,0,0,2,6,0.272727272727273,0.225206611570248,0.0826446280991736,0,0,0,4.41719577336522,8.38820170005783
40,2,1,0,0,1,28,6,100,7,0,0,0,2,6,0.307692307692308,0.461538461538462,0.0769230769230769,0,0,0,2.7619857180023,0.984520600177348
40,2,1,0,0,1,50,2.5,100,10,0,0,0,2,6,0.302816901408451,0.302816901408451,0.183098591549296,0,0,0,1.11033556313632,2.69387200009078
40,2,1,0,0,1,8,16,100,20,0,0,0,2,6,0.435897435897436,0.487179487179487,0.0512820512820513,0,0,0,7.92423201551686,0.985721200006083
40,2,1,0,0,1,80,8,100,125,0,0,0,3,6,0.35,0.366666666666667,0.15,0,0,0,4.061788288583,1.32202030019835
40,2,1,0,0,1,9,2,100,19,0,0,0,3,6,0.666666666666667,0.0555555555555556,0.0277777777777778,0,0,0,0.977158168994102,0.928565500071272
40,2,1,0,0,1,20,15.75,100,30,0,0,0,3,6,0.506276150627615,0.146443514644351,0.0794979079497908,0,0,0,5.85511685800184,4.30548400012776
40,2,1,0,0,1,5,20,100,15,0,0,0,3,6,0.266666666666667,0.422222222222222,0.133333333333333,0,0,0,10,1.07770680007525
40,2,1,0,0,1,64,19.5,100,45,0,0,0,3,6,0.26530612244898,0.387755102040816,0.224489795918367,0,0,0,8.09862916463683,1.15384939988144
40,2,1,0,0,1,61,15,100,225,0,0,0,3,6,0.438709677419355,0.293548387096774,0.0483870967741935,0,0,0,7.93371415600508,5.49902589991689
40,2,1,0,0,1,51,1,100,3,0,0,0,3,6,0.175,0.375,0.3,0,0,0,0.983671013621496,0.995762600097805
40,2,1,0,0,1,37,14.5,100,175,0,0,0,3,6,0.64,0.26,0,0,0,0,6.83810926717362,1.159329299815
40,2,1,0,0,1,47,16,100,5,0,0,0,3,6,0.205479452054795,0.397260273972603,0,0,0,0,8.04133118135337,1.54133159993216
40,2,1,0,0,1,68,2.5,100,25,0,0,0,3,6,0.615384615384615,0,0,0,0,0,0.807726683322475,0.986774299992248
40,2,1,0,0,1,40,18,100,110,0,0,0,3,6,0.468085106382979,0.361702127659574,0,0,0,0,6.10844849141683,1.11976539995521
40,2,1,0,0,1,35,13,100,30,0,0,0,3,6,0.606837606837607,0.162393162393162,0,0,0,0,4.16899533623039,2.27958500012755
40,2,1,0,0,1,84,11,100,110,0,0,0,3,6,0.318181818181818,0.5,0,0,0,0,5.83181740444229,1.07252140017226
40,2,1,0,0,1,1,5,100,0,0,0,0,3,6,0.392857142857143,0.464285714285714,0,0,0,0,2.34474612259648,1.26559050008655
40,2,1,0,0,1,19,17.5,100,40,0,0,0,5,6,0.333333333333333,0.375,0.2,0,0,0,6.92822495958459,2.33132080012001
40,2,1,0,0,1,38,15.5,100,215,0,0,0,5,6,0.361702127659574,0.319148936170213,0.191489361702128,0,0,0,7.41117074881305,1.89567840006202
40,2,1,0,0,1,23,7.75,100,120,0,0,0,5,6,0.540229885057471,0.218390804597701,0.149425287356322,0,0,0,3.55312505170742,1.78117159986869
40,2,1,0,0,1,7,16.75,100,75,0,0,0,5,6,0.384615384615385,0.492307692307692,0,0,0,0,7.93396392100808,1.42737419996411
40,2,1,0,0,1,6,19,100,175,0,0,0,5,6,0.5,0.306451612903226,0,0,0,0,9.26537796722292,1.36565890000202
40,2,1,0,0,1,78,8.25,100,5,0,0,0,5,6,0.520833333333333,0.333333333333333,0,0,0,0,3.93029413330506,1.12750420020893
40,2,1,0,0,1,14,16.75,100,145,0,0,0,5,6,0.113636363636364,0.681818181818182,0,0,0,0,8.08905097554823,1.06013139989227
40,2,1,0,0,1,2,7.5,100,25,0,0,0,5,6,0.48936170212766,0.382978723404255,0,0,0,0,4.81522680651752,1.10572640015744
40,2,1,0,0,1,39,17,100,15,0,0,0,5,6,0.534296028880866,0.350180505415162,0.0649819494584837,0,0,0,5.41569861317453,4.95017099985853
40,2,1,0,0,1,4,8.5,100,90,0,0,0,5,6,0.641509433962264,0.283018867924528,0,0,0,0,4.62475842668354,1.20764390006661
40,2,1,0,0,1,42,20,100,170,0,0,0,5,6,0.296875,0.53125,0.0546875,0,0,0,10.0146013453224,2.46853869990446
40,2,1,0,0,1,36,14,100,40,0,0,0,5,6,0.175,0.625,0,0,0,0,6.57393163897424,0.9894304999616
40,2,1,0,0,1,32,9.5,100,170,0,0,0,5,6,0.382022471910112,0.123595505617978,0.0112359550561798,0,0,0,5.12048146992094,1.81753130001016
40,2,1,0,0,1,12,12,100,1,0,0,0,5,6,0.222222222222222,0.555555555555556,0,0,0,0,6.11672132949082,0.94793859985657
40,2,1,0,0,1,25,9,100,160,0,0,0,1,6,0.353846153846154,0.338461538461538,0.2,0,0,0,4.63076439498495,1.41604010015726
40,2,1,0,0,1,34,12,100,85,0,0,0,1,6,0.293103448275862,0.362068965517241,0.137931034482759,0,0,0,6.00728485849273,1.29445960000157
40,2,1,0,0,1,81,14,100,5,0,0,0,1,6,0.585365853658537,0.0731707317073171,0,0,0,0,7.05477769313656,1.00623450009152
40,2,1,0,0,1,48,7,100,70,0,0,0,1,6,0.376470588235294,0.364705882352941,0.0235294117647059,0,0,0,3.27835015565126,1.74022320006043
40,2,1,0,0,1,21,6,100,55,0,0,0,1,6,0.580645161290323,0.161290322580645,0,0,0,0,2.99575016900305,0.84451590012759
40,2,1,0,0,1,70,3.5,100,3,0,0,0,1,6,0.609195402298851,0.310344827586207,0.0344827586206897,0,0,0,0.932076544506671,1.78455949993804
40,2,1,0,0,1,66,10,100,80,0,0,0,1,6,0.526315789473684,0.394736842105263,0.0526315789473684,0,0,0,4.98974848273593,0.957033199956641
40,2,1,0,0,1,73,5,100,14,0,0,0,1,6,0.269230769230769,0.538461538461538,0,0,0,0,2.35082175452225,0.770738799823448
40,2,1,0,0,1,44,5,100,65,0,0,0,1,6,0.241379310344828,0.655172413793103,0.103448275862069,0,0,0,2.63831985606994,0.813540400005877
40,2,1,0,0,1,26,4,100,50,0,0,0,1,6,0.689655172413793,0.0344827586206897,0,0,0,0,1.91427358299004,0.818098600022495
40,2,1,0,0,1,17,3.25,100,205,0,0,0,1,6,0.344827586206897,0.551724137931034,0.103448275862069,0,0,0,1.19034700253234,0.815231200074777
40,2,1,0,0,1,46,2,100,70,0,0,0,1,6,0.5,0.307692307692308,0,0,0,0,1.05597731128753,0.764607100049034
40,2,1,0,0,1,16,16,100,95,0,0,0,1,6,0.452380952380952,0.404761904761905,0.0476190476190476,0,0,0,7.92403346273884,1.02561570005491
40,2,1,0,0,1,83,17,100,200,0,0,0,1,6,0.75,0.15,0.15,0,0,0,5.21246504444323,0.668730299919844
40,2,1,0,0,1,27,5.25,100,120,0,0,0,6,6,0.531914893617021,0.326241134751773,0.0283687943262411,0,0,0,2.27398478441946,2.67677619983442
40,2,1,0,0,1,41,19,100,245,0,0,0,6,6,0.367647058823529,0.382352941176471,0.235294117647059,0,0,0,9.37536190401282,1.45785830006935
40,2,1,0,0,1,11,18.25,100,55,0,0,0,6,6,0.714285714285714,0,0,0,0,0,8.47870461533617,0.804057599976659
40,2,1,0,0,1,67,8.5,100,105,0,0,0,6,6,0.702702702702703,0.0810810810810811,0,0,0,0,8.35383135913595,0.953496000031009
40,2,1,0,0,1,57,10,100,95,0,0,0,6,6,0.142857142857143,0.535714285714286,0,0,0,0,4.96934438916111,1.26187809999101
40,2,1,0,0,1,24,19,100,150,0,0,0,6,6,0.446808510638298,0.404255319148936,0,0,0,0,8.71198050996766,1.11075260001235
40,2,1,0,0,1,30,8,100,90,0,0,0,6,6,0.535714285714286,0.142857142857143,0,0,0,0,4.00728067270584,0.793485099915415
40,2,1,0,0,1,77,12,100,25,0,0,0,6,6,0.416666666666667,0,0,0,0,0,6.0206806844615,0.731572500197217
40,2,1,0,0,1,15,17.25,100,55,0,0,0,6,6,0.2,0,0,0,0,0,7.52118948789599,0.503175800200552
40,2,1,0,0,1,54,9.25,100,4,0,0,0,6,6,0.4375,0,0,0,0,0,4.87951853007906,0.596038599964231
40,2,1,0,0,1,52,18.5,100,85,0,0,0,6,6,0.818181818181818,0,0,0,0,0,8.8347949385196,1.06337639992125
40,2,1,0,0,1,59,2,100,110,0,0,0,6,6,0.6,0,0,0,0,0,0.903344706017332,0.663296299986541
40,2,1,0,0,1,22,20,100,165,0,0,0,6,6,0.652173913043478,0,0,0,0,0,9.85886574856885,0.716057000216097
40,2,1,0,0,1,3,15,100,14,0,0,0,6,6,0.512820512820513,0.239316239316239,0.0726495726495727,0,0,0,7.81527470499372,4.22131170006469
